{
"autoplayBgm":false,"autoplayBgs":false,"battleback1Name":"","battleback2Name":"","bgm":{"name":"","pan":0,"pitch":100,"volume":90},"bgs":{"name":"","pan":0,"pitch":100,"volume":90},"disableDashing":false,"displayName":"","encounterList":[],"encounterStep":30,"height":13,"note":"","parallaxLoopX":false,"parallaxLoopY":false,"parallaxName":"","parallaxShow":true,"parallaxSx":0,"parallaxSy":0,"scrollType":0,"specifyBattleback":false,"tilesetId":1,"width":17,
"data":[0,0,0,0,0,0,0,0,0,0,0,0,0,0,0,0,0,0,0,0,0,0,0,0,0,0,0,0,0,0,0,0,0,0,0,0,0,0,0,0,0,0,0,0,0,0,0,0,0,0,0,0,0,0,0,0,0,0,0,0,0,0,0,0,0,0,0,0,0,0,0,0,0,0,0,0,0,0,0,0,0,0,0,0,0,0,0,0,0,0,0,0,0,0,0,0,0,0,0,0,0,0,0,0,0,0,0,0,0,0,0,0,0,0,0,0,0,0,0,0,0,0,0,0,0,0,0,0,0,0,0,0,0,0,0,0,0,0,0,0,0,0,0,0,0,0,0,0,0,0,0,0,0,0,0,0,0,0,0,0,0,0,0,0,0,0,0,0,0,0,0,0,0,0,0,0,0,0,0,0,0,0,0,0,0,0,0,0,0,0,0,0,0,0,0,0,0,0,0,0,0,0,0,0,0,0,0,0,0,0,0,0,0,0,0,0,0,0,0,0,0,0,0,0,0,0,0,0,0,0,0,0,0,0,0,0,0,0,0,0,0,0,0,0,0,0,0,0,0,0,0,0,0,0,0,0,0,0,0,0,0,0,0,0,0,0,0,0,0,0,0,0,0,0,0,0,0,0,0,0,0,0,0,0,0,0,0,0,0,0,0,0,0,0,0,0,0,0,0,0,0,0,0,0,0,0,0,0,0,0,0,0,0,0,0,0,0,0,0,0,0,0,0,0,0,0,0,0,0,0,0,0,0,0,0,0,0,0,0,0,0,0,0,0,0,0,0,0,0,0,0,0,0,0,0,0,0,0,0,0,0,0,0,0,0,0,0,0,0,0,0,0,0,0,0,0,0,0,0,0,0,0,0,0,0,0,0,0,0,0,0,0,0,0,0,0,0,0,0,0,0,0,0,0,0,0,0,0,0,0,0,0,0,0,0,0,0,0,0,0,0,0,0,0,0,0,0,0,0,0,0,0,0,0,0,0,0,0,0,0,0,0,0,0,0,0,0,0,0,0,0,0,0,0,0,0,0,0,0,0,0,0,0,0,0,0,0,0,0,0,0,0,0,0,0,0,0,0,0,0,0,0,0,0,0,0,0,0,0,0,0,0,0,0,0,0,0,0,0,0,0,0,0,0,0,0,0,0,0,0,0,0,0,0,0,0,0,0,0,0,0,0,0,0,0,0,0,0,0,0,0,0,0,0,0,0,0,0,0,0,0,0,0,0,0,0,0,0,0,0,0,0,0,0,0,0,0,0,0,0,0,0,0,0,0,0,0,0,0,0,0,0,0,0,0,0,0,0,0,0,0,0,0,0,0,0,0,0,0,0,0,0,0,0,0,0,0,0,0,0,0,0,0,0,0,0,0,0,0,0,0,0,0,0,0,0,0,0,0,0,0,0,0,0,0,0,0,0,0,0,0,0,0,0,0,0,0,0,0,0,0,0,0,0,0,0,0,0,0,0,0,0,0,0,0,0,0,0,0,0,0,0,0,0,0,0,0,0,0,0,0,0,0,0,0,0,0,0,0,0,0,0,0,0,0,0,0,0,0,0,0,0,0,0,0,0,0,0,0,0,0,0,0,0,0,0,0,0,0,0,0,0,0,0,0,0,0,0,0,0,0,0,0,0,0,0,0,0,0,0,0,0,0,0,0,0,0,0,0,0,0,0,0,0,0,0,0,0,0,0,0,0,0,0,0,0,0,0,0,0,0,0,0,0,0,0,0,0,0,0,0,0,0,0,0,0,0,0,0,0,0,0,0,0,0,0,0,0,0,0,0,0,0,0,0,0,0,0,0,0,0,0,0,0,0,0,0,0,0,0,0,0,0,0,0,0,0,0,0,0,0,0,0,0,0,0,0,0,0,0,0,0,0,0,0,0,0,0,0,0,0,0,0,0,0,0,0,0,0,0,0,0,0,0,0,0,0,0,0,0,0,0,0,0,0,0,0,0,0,0,0,0,0,0,0,0,0,0,0,0,0,0,0,0,0,0,0,0,0,0,0,0,0,0,0,0,0,0,0,0,0,0,0,0,0,0,0,0,0,0,0,0,0,0,0,0,0,0,0,0,0,0,0,0,0,0,0,0,0,0,0,0,0,0,0,0,0,0,0,0,0,0,0,0,0,0,0,0,0,0,0,0,0,0,0,0,0,0,0,0,0,0,0,0,0,0,0,0,0,0,0,0,0,0,0,0,0,0,0,0,0,0,0,0,0,0,0,0,0,0,0,0,0,0,0,0,0,0,0,0,0,0,0,0,0,0,0,0,0,0,0,0,0,0,0,0,0,0,0,0,0,0,0,0,0,0,0,0,0,0,0,0,0,0,0,0,0,0,0,0,0,0,0,0,0,0,0,0,0,0,0,0,0,0,0,0,0,0,0,0,0,0,0,0,0,0,0,0,0,0,0,0,0,0,0,0,0,0,0,0,0,0,0,0,0,0,0,0,0,0,0,0,0,0,0,0,0,0,0,0,0,0,0,0,0,0,0,0,0,0,0,0,0,0,0,0,0,0,0,0,0,0,0,0,0,0,0,0,0,0,0,0,0,0,0,0,0,0,0,0,0,0,0,0,0,0,0,0,0,0,0,0,0,0,0,0,0,0,0,0,0,0,0,0,0,0,0,0,0,0,0,0,0,0,0,0,0,0,0,0,0,0,0,0,0,0,0,0,0,0,0,0,0,0,0,0,0,0,0,0,0,0,0,0,0,0,0,0,0,0,0,0,0,0,0,0,0,0,0,0,0,0,0,0,0,0,0,0,0,0,0,0,0,0,0,0,0,0,0,0,0,0,0,0,0,0,0,0,0,0,0,0,0,0,0,0,0,0,0,0,0,0,0,0,0,0,0,0,0,0,0,0,0,0,0,0,0,0,0,0,0,0,0,0,0,0,0,0,0,0,0,0,0,0,0,0,0,0,0,0,0,0,0,0,0,0,0,0,0,0,0,0,0,0,0,0,0,0,0,0,0,0,0,0,0,0],
"events":[
null,
{"id":1,"name":"自动更新","note":"","pages":[{"conditions":{"actorId":1,"actorValid":false,"itemId":1,"itemValid":false,"selfSwitchCh":"A","selfSwitchValid":false,"switch1Id":1,"switch1Valid":false,"switch2Id":1,"switch2Valid":false,"variableId":1,"variableValid":false,"variableValue":0},"directionFix":false,"image":{"characterIndex":0,"characterName":"","direction":2,"pattern":0,"tileId":0},"list":[{"code":108,"indent":0,"parameters":["防范"]},{"code":123,"indent":0,"parameters":["D",1]},{"code":108,"indent":0,"parameters":["统计成功次数"]},{"code":355,"indent":0,"parameters":["chahuiUtil.autoUpdateSuccessCount()"]},{"code":117,"indent":0,"parameters":[72]},{"code":355,"indent":0,"parameters":["var version = $gameVariables.value(2);"]},{"code":655,"indent":0,"parameters":["if(!Utils.isOptionValid(\"test\")) {"]},{"code":655,"indent":0,"parameters":["chahuiUtil.autoUpdate(version,true);"]},{"code":655,"indent":0,"parameters":["}"]},{"code":112,"indent":0,"parameters":[]},{"code":111,"indent":1,"parameters":[2,"D",0]},{"code":113,"indent":2,"parameters":[]},{"code":0,"indent":2,"parameters":[]},{"code":412,"indent":1,"parameters":[]},{"code":230,"indent":1,"parameters":[10]},{"code":108,"indent":1,"parameters":["刷新更新进度"]},{"code":355,"indent":1,"parameters":["var totalFiles = $gameVariables.value(8);"]},{"code":655,"indent":1,"parameters":["var downloads = $gameVariables.value(85);"]},{"code":655,"indent":1,"parameters":["if (totalFiles <= 0) totalFiles = 100;"]},{"code":655,"indent":1,"parameters":["var ratio = downloads / totalFiles;"]},{"code":655,"indent":1,"parameters":["ratio = Math.floor( ratio * 100 );"]},{"code":655,"indent":1,"parameters":["if (!$gameSelfSwitches.value([$gameMap.mapId(), this._eventId, 'Z'])) {"]},{"code":655,"indent":1,"parameters":["$gameVariables.setValue(82, ratio);"]},{"code":655,"indent":1,"parameters":["}"]},{"code":0,"indent":1,"parameters":[]},{"code":413,"indent":0,"parameters":[]},{"code":111,"indent":0,"parameters":[12,"$gameSelfSwitches.value([$gameMap.mapId(), this._eventId, 'Z'])"]},{"code":108,"indent":1,"parameters":["对压缩包进行解压处理"]},{"code":355,"indent":1,"parameters":["  let textArray = window.systemFeatureText && window.systemFeatureText.installPatch;"]},{"code":655,"indent":1,"parameters":["  if (!textArray) textArray = \"Patch requires extraction—installing now...\";"]},{"code":655,"indent":1,"parameters":["  let text = Array.isArray(textArray) ? textArray.join(\"\\n\") : (textArray ?? \"\");"]},{"code":655,"indent":1,"parameters":["  text = \"\\\\fs[24]\\\\c[10]\" + text;"]},{"code":655,"indent":1,"parameters":["  $gameSystem._drill_GFTH_styleId = 5;"]},{"code":655,"indent":1,"parameters":["  $gameTemp.drill_GFTH_pushNewText(text);"]},{"code":355,"indent":1,"parameters":["QJ.MPMZ.Shoot({"]},{"code":655,"indent":1,"parameters":["   img:\"null1\","]},{"code":655,"indent":1,"parameters":["   existData: [ ],"]},{"code":655,"indent":1,"parameters":["   existData: ["]},{"code":655,"indent":1,"parameters":["      { t: ['Time', 120],a: ['S','chahuiUtil.extractAndInstallPatch()'] }"]},{"code":655,"indent":1,"parameters":["   ]"]},{"code":655,"indent":1,"parameters":["});\t"]},{"code":214,"indent":1,"parameters":[]},{"code":115,"indent":1,"parameters":[]},{"code":0,"indent":1,"parameters":[]},{"code":412,"indent":0,"parameters":[]},{"code":122,"indent":0,"parameters":[2,2,0,0,0]},{"code":230,"indent":0,"parameters":[300]},{"code":354,"indent":0,"parameters":[]},{"code":0,"indent":0,"parameters":[]}],"moveFrequency":3,"moveRoute":{"list":[{"code":0,"parameters":[]}],"repeat":true,"skippable":false,"wait":false},"moveSpeed":3,"moveType":0,"priorityType":1,"stepAnime":false,"through":false,"trigger":4,"walkAnime":true},{"conditions":{"actorId":1,"actorValid":false,"itemId":1,"itemValid":false,"selfSwitchCh":"A","selfSwitchValid":true,"switch1Id":1,"switch1Valid":false,"switch2Id":1,"switch2Valid":false,"variableId":1,"variableValid":false,"variableValue":0},"directionFix":false,"image":{"characterIndex":0,"characterName":"","direction":2,"pattern":0,"tileId":0},"list":[{"code":356,"indent":0,"parameters":[">对话框变形器 : 切换形状 : 变形样式[2]"]},{"code":111,"indent":0,"parameters":[12,"ConfigManager.language > 1"]},{"code":356,"indent":1,"parameters":[">对话框变形器 : 设置对话框X位置 : 400"]},{"code":0,"indent":1,"parameters":[]},{"code":411,"indent":0,"parameters":[]},{"code":356,"indent":1,"parameters":[">对话框变形器 : 设置对话框X位置 : 450"]},{"code":0,"indent":1,"parameters":[]},{"code":412,"indent":0,"parameters":[]},{"code":356,"indent":0,"parameters":[">对话框变形器 : 设置对话框Y位置 : 650"]},{"code":356,"indent":0,"parameters":[">对话框变形器 : 设置对话框宽度 : 1280"]},{"code":355,"indent":0,"parameters":["$gameSystem._drill_COI_map_mouse = false;"]},{"code":655,"indent":0,"parameters":["var text = $dataSystem.updateLog;"]},{"code":655,"indent":0,"parameters":["text = text"]},{"code":655,"indent":0,"parameters":["  .replace(/^\\\\fs\\[16\\]/, \"\\\\fs[24]\")"]},{"code":655,"indent":0,"parameters":["  .replace(/\\\\c\\[110\\]/g, \"\")"]},{"code":655,"indent":0,"parameters":["  .replace(/\\n/g, \"\\n\\\\>\");"]},{"code":655,"indent":0,"parameters":["$gameStrings.setValue(15, text)"]},{"code":101,"indent":0,"parameters":["",0,0,2]},{"code":401,"indent":0,"parameters":["\\str[15]"]},{"code":401,"indent":0,"parameters":["\\w[999]"]},{"code":0,"indent":0,"parameters":[]}],"moveFrequency":3,"moveRoute":{"list":[{"code":0,"parameters":[]}],"repeat":true,"skippable":false,"wait":false},"moveSpeed":3,"moveType":0,"priorityType":0,"stepAnime":false,"through":false,"trigger":0,"walkAnime":true}],"x":0,"y":12},
null
]
}