{
  "autoUpdateReminder": {
        "0": [
            "O processo de atualização começará automaticamente quando você acordar no dia seguinte.",
            "Certifique-se de que sua conexão com a internet esteja estável durante todo o processo!",
            "\\w[120]"
        ],
        "1": [
            "Falha ao abrir o log de atualização!",
            "Pode ter ocorrido uma falha na conexão com a internet!",
            "\\w[120]"
        ]
  },
  "maidBunnyBoss": {
        "0": [
            "Não há realmente nada de especial à frente!",
            "Então não precisa conferir, pyon!"
        ],
        "1": [
            "N-não tem nada aqui, de verdade! N-não chegue mais perto!",
            "J-juro que não tem absolutamente nada escondido aqui, pyon!"
        ]
  },
  "imoutoAhoge": {
        "0": [
            "Arranquei sem querer o ahoge da Imouto."
        ],
        "1": [
            "Ela não pareceu notar nada de estranho, ",
            "e ele cresceu de volta rapidamente.",
            "...Será que isso pode ser algum tipo de recurso renovável?"
        ],
        "2": [
            "\\nl< >\"...O que foi, Onii-chan?",
            "Você está com uma cara bem séria.\""
        ],
        "3": [
            "Como parece complicado, ",
            "é melhor eu não pensar muito sobre isso."
        ],
        "4": [
            "Melhor não tocar nisso de novo..."
        ],
        "5": [
            "\\nl< >\"...Minha cabeça está meio coçando. \\w[30]",
            "Você fez alguma coisa, Onii-chan?\""
        ],
        "6": [
            "“E-eu não fiz nada… Juro mesmo!”"
        ]
  },
  "cookingSystem": {
        "0": [
            "\\ii[\\v[\\v[85]]]já está pronto. E agora, o que eu faço?"
        ],
        "1": [
            "Trocar",
            "Remover"
        ],
        "2": [
            "Ainda escolhendo os ingredientes!"
        ]
  },
  "inventoryExpansion": {
        "0": [
            "Parece que usar isso \\ii[312]",
            "pode expandir a capacidade da bolsa..."
        ],
        "1": [
            "Expandir espaços para armas",
            "Expandir espaços para equipamentos",
            "Deixa pra lá"
        ],
        "2": [
            "A quantidade de \\ii[312]",
            "parece insuficiente..."
        ]
  },
  "loadingEasterEgg": {
        "0": [
            "\\nl< >\"Carne de hambúrguer é a comida mais deliciosa.\"  \\w[180] \\^"
        ],
        "1": [
            "\\nl< >\"O onii-chan com certeza trará ",
            "uma montanha de carne para sua irmãzinha...\"   \\w[360] \\^"
        ],
        "2": [
            "Minha irmã parece estar falando alguma coisa..."
        ],
        "3": [
            "\\nl< >\"Mas pimentas verdes são o verdadeiro inimigo.   \\w[120]",
            "Onii-chan, você precisa comer tudinho…       \\w[120]",
            "Vá e derrote o inimigo verde~!\"               \\w[120]\\^"
        ],
        "4": [
            "\\nl< >\"Ah, você acordou…     \\w[60]",
            "Onii-chan, você dormiu bem?\""
        ],
        "5": [
            "\"Não muito… A propósito, ",
            "tenho ouvido uns sons estranhos ",
            "já faz um tempinho…\""
        ],
        "6": [
            "\\nl< >\"Eh hehe, foi por causa    \\w[60]",
            "special sleep service for you, Onii-chan!\""
        ],
        "7": [
            "\\nl< >\"Minha irmã é tão fofa...               \\w[120]",
            "Ela é a minha garota favorita em todo o mundo...  \\w[210]",
            "Minha irmã é————                              \\w[150]\\^"
        ],
        "8": [
            "Minha irmã parece estar falando alguma coisa..."
        ],
        "9": [
            "\\nl< >\"Ah, onii-chan! Boa noite—!\""
        ],
        "10": [
            "\\nl< >\"Hum... Você ouviu o que falei?\""
        ],
        "11": [
            "\\nl< >\"Onii-chan, seu rosto enquanto você dormia ",
            "estava tão engraçado agora a pouco~\""
        ],
        "12": [
            "\\nl< >\"É raro ver você cochilando~\""
        ]
  },
  "rubberDuck": {
        "0": [
            "Um patinho de borracha solitário ",
            "flutua sob a água..."
        ],
        "1": [
            "Pegar",
            "Deixar no lugar"
        ],
        "2": [
            "Será que alguém jogou aqui?",
            "Parece meio triste, né…"
        ],
        "3": [
            "Parando pra pensar…",
            "Eu fui levado pela correnteza abaixo também..."
        ],
        "4": [
            "Se eu levá-lo para casa...",
            "Seerá que minha irmã ficará feliz?"
        ],
        "5": [
            "Mas está meio sujo,",
            "talvez eu deva deixá-lo aí..."
        ]
  },
  "drowning": {
        "0": [
            "Ahhh... essa foi por pouco... ",
            "Eu escorreguei na beira do rio e quase me afoguei!"
        ]
  },
  "erohon": {
        "0": [
            "(Deve haver pessoas ou monstros por perto...",
            "melhor eu não pegar esse livro.)"
        ]
  },
  "ninja": {
        "0": [
            "Não acredito que tem uma sala secreta em um lugar como este.",
            "Quem poderia ter construído…?"
        ],
        "1": [
            "Oopa…!?",
            "Tem até uma garota desmaiada aqui…"
        ],
        "2": [
            "Pensando bem, eu ouvi uns barulhos estrondosos esquisitos…",
            "Foi o estômago dela que fez esses barulhos…?"
        ],
        "3": [
            "Ugh…",
            "Que fome…"
        ],
        "4": [
            "…………",
            "Ela está tão faminta que quase ficou inconsciente…?"
        ],
        "5": [
            "Tm uma fogueira aqui, perfeito.",
            "Vou cozinhar algo para ela comer!"
        ],
        "6": [
            "Devo usar somente \\ii[\\v[90]]     ",
            "e preparar algo simples?"
        ],
        "7": [
            "Vamos nessa!",
            "Deixa pra lá."
        ],
        "8": [
            "Hmm… Talvez eu deva trocar por",
            "ingredientes melhores…"
        ],
        "9": [
            "Ei~ Eu fiz um pouco de comida quente para você!",
            "Você acha que consegue comer?"
        ],
        "10": [
            "Sniff Sniff… sniff Sniff…",
            "Esse cheiro… É comida?"
        ],
        "11": [
            "The smell of food!!"
        ],
        "12": [
            "\\{Alright, I’m digging in!!"
        ],
        "13": [
            "You… you little…",
            "I made that, you know…"
        ],
        "14": [
            "(She finished it in just a few bites…",
            "She really must’ve been starving…)"
        ],
        "15": [
            "Munch munch… You totally saved me!",
            "I haven’t eaten in days… munch munch…"
        ],
        "16": [
            "I thought I was gonna turn into some hungry ghost",
            "haunting this dungeon… Grrrr…"
        ],
        "17": [
            "Hey… just eat a bit slower… By the way,",
            "why are you here alone in a place like this?"
        ],
        "18": [
            "Ah! So—!",
            "I was seriously working on my mission, okay!"
        ],
        "19": [
            "I wanted to search for the hidden treasure in this area,",
            "so I dug out a secret room in a secluded spot!"
        ],
        "20": [
            "But then… munch munch.",
            "After I got in, the entrance got blocked by a tombstone!"
        ],
        "21": [
            "Ugh, I totally didn’t expect that,",
            "so my rations ran out super fast… and then…"
        ],
        "22": [
            "A ninja running into a mess like this…",
            "I can’t face the organization now…"
        ],
        "23": [
            "Huh… huh? But why’d you even",
            "dig a secret room in the first place…"
        ],
        "24": [
            "Because that treasure doesn’t always show up,",
            "so I had to be ready for a long stay… munch munch."
        ],
        "25": [
            "Plus, I can’t let anyone else know about this,",
            "this is a super secret mission directly from the boss!"
        ],
        "26": [
            "If anyone else finds out…",
            "what do you think’ll happen…"
        ],
        "27": [
            "Of course, I’d have to quietly take care of them…",
            "otherwise, I’d be a failed ninja… munch munch."
        ],
        "28": [
            "…Wait, what?!",
            "I totally just leaked intel!"
        ],
        "29": [
            "Um… I promise I won’t say anything…",
            "so, uh…"
        ],
        "30": [
            "…Huh!?"
        ],
        "31": [
            "I can’t believe I messed up this badly again…",
            "Ugh… even if you did save me…"
        ],
        "32": [
            "W-wait a sec!",
            "You’re gonna kill me just for that!?"
        ],
        "33": [
            "That’s what being a ninja is all about…",
            "You gotta fight to survive…"
        ],
        "34": [
            "I mean, I don’t really wanna hurt you, either,",
            "but I still owe you a meal…"
        ],
        "35": [
            "I-if that’s how it is—",
            "\\^"
        ],
        "36": [
            "Then there’s only one answer—",
            "You have to become a ninja, too!"
        ],
        "37": [
            "If you join our group,",
            "there’s no reason for us to fight each other!"
        ],
        "38": [
            "W-wait a second!",
            "I don’t really have a choice here, do I!?"
        ],
        "39": [
            "It’s fine,",
            "I’ll be gentle…"
        ],
        "40": [
            "…Wah!?",
            "Stay away from me!!"
        ],
        "41": [
            "You really do have a knack for this ninja stuff…!",
            "You learned it all with just a bit of practice!"
        ],
        "42": [
            "Now,",
            "you’re one of us, too!"
        ],
        "43": [
            "But I’ll have to wait until my mission’s done",
            "before I can introduce you to the boss!"
        ],
        "44": [
            "At this point,",
            "nothing really matters anymore…"
        ]
  }
}
