{
"autoplayBgm":false,"autoplayBgs":false,"battleback1Name":"genkan","battleback2Name":"gray bar","bgm":{"name":"","pan":0,"pitch":100,"volume":90},"bgs":{"name":"","pan":0,"pitch":100,"volume":90},"disableDashing":false,"displayName":"","encounterList":[],"encounterStep":30,"height":9,"note":"<宅>","parallaxLoopX":false,"parallaxLoopY":false,"parallaxName":"","parallaxShow":true,"parallaxSx":0,"parallaxSy":0,"scrollType":0,"specifyBattleback":true,"tilesetId":1,"width":9,
"data":[0,0,0,0,0,0,0,0,0,0,0,0,0,0,0,0,0,0,0,0,0,0,0,0,0,0,0,0,0,0,0,0,0,0,0,0,0,0,0,0,0,0,0,0,0,0,0,0,0,0,0,0,0,0,0,0,0,0,0,0,0,0,0,0,0,0,0,0,0,0,0,0,0,0,0,0,0,0,0,0,0,0,0,0,0,0,0,0,0,0,0,0,0,0,0,0,0,0,0,0,0,0,0,0,0,0,0,0,0,0,0,0,0,0,0,0,0,0,0,0,0,0,0,0,0,0,0,0,0,0,0,0,0,0,0,0,0,0,0,0,0,0,0,0,0,0,0,0,0,0,0,0,0,0,0,0,0,0,0,0,0,0,0,0,0,0,0,0,0,0,0,0,0,0,0,0,0,0,0,0,0,0,0,0,0,0,0,0,0,0,0,0,0,0,0,0,0,0,0,0,0,0,0,0,0,0,0,0,0,0,0,0,0,0,0,0,0,0,0,0,0,0,0,0,0,0,0,0,0,0,0,0,0,0,0,0,0,0,0,0,0,0,0,0,0,0,0,0,0,0,0,0,0,0,0,0,0,0,0,0,0,0,0,0,0,0,0,0,0,0,0,0,0,0,0,0,0,0,0,0,0,0,0,0,0,0,0,0,0,0,0,0,0,0,0,0,0,0,0,0,0,0,0,0,0,0,0,0,0,0,0,0,0,0,0,0,0,0,0,0,0,0,0,0,0,0,0,0,0,0,0,0,0,0,0,0,0,0,0,0,0,0,0,0,0,0,0,0,0,0,0,0,0,0,0,0,0,0,0,0,0,0,0,0,0,0,0,0,0,0,0,0,0,0,0,0,0,0,0,0,0,0,0,0,0,0,0,0,0,0,0,0,0,0,0,0,0,0,0,0,0,0,0,0,0,0,0,0,0,0,0,0,0,0,0,0,0,0,0,0,0,0,0,0,0,0,0,0,0,0,0,0,0,0,0,0,0,0,0,0,0,0,0,0,0,0,0,0,0,0,0,0,0,0,0,0,0,0,0,0,0,0,0,0,0,0,0,0,0,0,0,0,0,0,0,0,0,0,0,0,0,0,0,0,0,0],
"events":[
null,
{"id":1,"name":"场景初始化","note":"<resetSelfSwitch>","pages":[{"conditions":{"actorId":1,"actorValid":false,"itemId":1,"itemValid":false,"selfSwitchCh":"A","selfSwitchValid":false,"switch1Id":1,"switch1Valid":false,"switch2Id":1,"switch2Valid":false,"variableId":1,"variableValid":false,"variableValue":0},"directionFix":false,"image":{"tileId":0,"characterName":"help","direction":2,"pattern":0,"characterIndex":3},"list":[{"code":108,"indent":0,"parameters":["加载多语言地图对话模板"]},{"code":355,"indent":0,"parameters":["const mapId = $gameMap.mapId();"]},{"code":655,"indent":0,"parameters":["const key = 'MapEventDialogue' + mapId; "]},{"code":655,"indent":0,"parameters":["if (!window[key]) { "]},{"code":655,"indent":0,"parameters":["chahuiUtil.loadMapEventDialogue();"]},{"code":655,"indent":0,"parameters":["}"]},{"code":355,"indent":0,"parameters":["const maxPictures = 120; "]},{"code":655,"indent":0,"parameters":["for (let pictureId = 100; pictureId <= maxPictures; pictureId++) {"]},{"code":655,"indent":0,"parameters":["     $gameScreen.erasePicture(pictureId);"]},{"code":655,"indent":0,"parameters":["}"]},{"code":108,"indent":0,"parameters":["预防性质的成就检测"]},{"code":111,"indent":0,"parameters":[0,493,1]},{"code":355,"indent":1,"parameters":["for (var i = 23; i <= 27; i++) {"]},{"code":655,"indent":1,"parameters":["    var item = $dataItems[i];"]},{"code":655,"indent":1,"parameters":["    if ($gameParty.numItems(item) >= 1) {"]},{"code":655,"indent":1,"parameters":["        $gameSelfSwitches.setValue([4, 44, 'A'], true);"]},{"code":655,"indent":1,"parameters":["        break;"]},{"code":655,"indent":1,"parameters":["    }"]},{"code":655,"indent":1,"parameters":["}"]},{"code":0,"indent":1,"parameters":[]},{"code":412,"indent":0,"parameters":[]},{"code":108,"indent":0,"parameters":["防报错措施"]},{"code":117,"indent":0,"parameters":[8]},{"code":117,"indent":0,"parameters":[20]},{"code":313,"indent":0,"parameters":[0,2,1,35]},{"code":313,"indent":0,"parameters":[0,2,1,36]},{"code":111,"indent":0,"parameters":[12,"chahuiUtil.checkScriptExecutability()"]},{"code":355,"indent":1,"parameters":["let code = $gameStrings.value(20);"]},{"code":655,"indent":1,"parameters":["eval(code);"]},{"code":655,"indent":1,"parameters":["$gameStrings.setValue(20, \"\");"]},{"code":119,"indent":1,"parameters":["end"]},{"code":0,"indent":1,"parameters":[]},{"code":412,"indent":0,"parameters":[]},{"code":111,"indent":0,"parameters":[1,13,0,0,3]},{"code":355,"indent":1,"parameters":["let ID = $gameVariables.value(13);"]},{"code":655,"indent":1,"parameters":["$gameMap.event(ID).start()"]},{"code":122,"indent":1,"parameters":[13,13,0,0,0]},{"code":0,"indent":1,"parameters":[]},{"code":411,"indent":0,"parameters":[]},{"code":355,"indent":1,"parameters":["$gameMap.event(3).start()"]},{"code":122,"indent":1,"parameters":[13,13,0,0,0]},{"code":0,"indent":1,"parameters":[]},{"code":412,"indent":0,"parameters":[]},{"code":118,"indent":0,"parameters":["end"]},{"code":123,"indent":0,"parameters":["A",0]},{"code":0,"indent":0,"parameters":[]}],"moveFrequency":3,"moveRoute":{"list":[{"code":0,"parameters":[]}],"repeat":true,"skippable":false,"wait":false},"moveSpeed":3,"moveType":0,"priorityType":1,"stepAnime":false,"through":false,"trigger":4,"walkAnime":true},{"conditions":{"actorId":1,"actorValid":false,"itemId":1,"itemValid":false,"selfSwitchCh":"A","selfSwitchValid":true,"switch1Id":1,"switch1Valid":false,"switch2Id":1,"switch2Valid":false,"variableId":1,"variableValid":false,"variableValue":0},"directionFix":false,"image":{"characterIndex":0,"characterName":"","direction":2,"pattern":0,"tileId":0},"list":[{"code":0,"indent":0,"parameters":[]}],"moveFrequency":3,"moveRoute":{"list":[{"code":0,"parameters":[]}],"repeat":true,"skippable":false,"wait":false},"moveSpeed":3,"moveType":0,"priorityType":0,"stepAnime":false,"through":false,"trigger":0,"walkAnime":true}],"x":0,"y":8},
{"id":2,"name":"清晨出门","note":"","pages":[{"conditions":{"actorId":1,"actorValid":false,"itemId":1,"itemValid":false,"selfSwitchCh":"A","selfSwitchValid":false,"switch1Id":1,"switch1Valid":false,"switch2Id":1,"switch2Valid":false,"variableId":1,"variableValid":false,"variableValue":0},"directionFix":false,"image":{"tileId":0,"characterName":"help","direction":4,"pattern":1,"characterIndex":1},"list":[{"code":108,"indent":0,"parameters":["根据时间/天气决定背景图"]},{"code":355,"indent":0,"parameters":["let img = \"entrance_S_E_DO_RL\";"]},{"code":655,"indent":0,"parameters":["if ($gameSystem.hour() <= 16) {"]},{"code":655,"indent":0,"parameters":["   let weather = $gameVariables.value(60);"]},{"code":655,"indent":0,"parameters":["   if (weather == 0)  img = \"entrance_S_D_DO\";"]},{"code":655,"indent":0,"parameters":["   if (weather == 1)  img = \"entrance_C_D_DO\";"]},{"code":655,"indent":0,"parameters":["   if (weather >= 2)  img = \"entrance_R_D_DO\";"]},{"code":655,"indent":0,"parameters":["}"]},{"code":655,"indent":0,"parameters":["$gameScreen.showPicture(1, img, 0, 0, 0, 100, 100, 255, 0);"]},{"code":117,"indent":0,"parameters":[5]},{"code":222,"indent":0,"parameters":[]},{"code":230,"indent":0,"parameters":[60]},{"code":355,"indent":0,"parameters":["let id = Math.randomInt(3);"]},{"code":655,"indent":0,"parameters":["this.showMapEventDialogue(id);"]},{"code":108,"indent":0,"parameters":["主线剧情分歧"]},{"code":111,"indent":0,"parameters":[12,"$gameSystem.day() <= 2"]},{"code":355,"indent":1,"parameters":["let id = this._eventId;"]},{"code":655,"indent":1,"parameters":["$gameMap.event(id).steupCEQJ(3)"]},{"code":115,"indent":1,"parameters":[]},{"code":0,"indent":1,"parameters":[]},{"code":412,"indent":0,"parameters":[]},{"code":108,"indent":0,"parameters":["妹妹早起分歧"]},{"code":111,"indent":0,"parameters":[0,124,0]},{"code":355,"indent":1,"parameters":["let id = this._eventId;"]},{"code":655,"indent":1,"parameters":["$gameMap.event(id).steupCEQJ(2)"]},{"code":115,"indent":1,"parameters":[]},{"code":0,"indent":1,"parameters":[]},{"code":411,"indent":0,"parameters":[]},{"code":242,"indent":1,"parameters":[2]},{"code":246,"indent":1,"parameters":[2]},{"code":221,"indent":1,"parameters":[]},{"code":122,"indent":1,"parameters":[13,13,0,0,3]},{"code":201,"indent":1,"parameters":[0,36,5,3,0,2]},{"code":0,"indent":1,"parameters":[]},{"code":412,"indent":0,"parameters":[]},{"code":0,"indent":0,"parameters":[]}],"moveFrequency":3,"moveRoute":{"list":[{"code":0,"parameters":[]}],"repeat":true,"skippable":false,"wait":false},"moveSpeed":3,"moveType":0,"priorityType":1,"stepAnime":false,"through":false,"trigger":0,"walkAnime":true},{"conditions":{"actorId":1,"actorValid":false,"itemId":1,"itemValid":false,"selfSwitchCh":"B","selfSwitchValid":true,"switch1Id":1,"switch1Valid":false,"switch2Id":1,"switch2Valid":false,"variableId":1,"variableValid":false,"variableValue":0},"directionFix":false,"image":{"characterIndex":0,"characterName":"","direction":2,"pattern":0,"tileId":0},"list":[{"code":231,"indent":0,"parameters":[9,"mio_tachie_smile",1,0,572,950,100,100,255,0]},{"code":356,"indent":0,"parameters":[">显现动作 : 图片[9] : 移动显现 : 时间[60] : 方向角度[180] : 移动距离[180]"]},{"code":230,"indent":0,"parameters":[60]},{"code":111,"indent":0,"parameters":[1,20,0,70,1]},{"code":356,"indent":1,"parameters":["SV_PLAY_VOICE genkan_event_sis_40"]},{"code":0,"indent":1,"parameters":[]},{"code":411,"indent":0,"parameters":[]},{"code":356,"indent":1,"parameters":["SV_PLAY_VOICE genkan_event_sis_39"]},{"code":0,"indent":1,"parameters":[]},{"code":412,"indent":0,"parameters":[]},{"code":355,"indent":0,"parameters":["this.showMapEventDialogue(3);"]},{"code":355,"indent":0,"parameters":["$gameScreen.changePictureName(9, \"mio_tachie_smile2\");"]},{"code":111,"indent":0,"parameters":[1,60,0,2,1]},{"code":356,"indent":1,"parameters":["SV_PLAY_VOICE genkan_event_sis_42"]},{"code":355,"indent":1,"parameters":["this.showMapEventDialogue(4);"]},{"code":0,"indent":1,"parameters":[]},{"code":411,"indent":0,"parameters":[]},{"code":356,"indent":1,"parameters":["SV_PLAY_VOICE genkan_event_sis_41"]},{"code":355,"indent":1,"parameters":["this.showMapEventDialogue(5);"]},{"code":0,"indent":1,"parameters":[]},{"code":412,"indent":0,"parameters":[]},{"code":111,"indent":0,"parameters":[2,"A",1]},{"code":123,"indent":1,"parameters":["A",0]},{"code":355,"indent":1,"parameters":["this.showMapEventDialogue(6);"]},{"code":355,"indent":1,"parameters":["this.showMapEventDialogue(7);"]},{"code":355,"indent":1,"parameters":["this.showMapEventDialogue(8);"]},{"code":0,"indent":1,"parameters":[]},{"code":411,"indent":0,"parameters":[]},{"code":355,"indent":1,"parameters":["this.showMapEventDialogue(9);"]},{"code":0,"indent":1,"parameters":[]},{"code":412,"indent":0,"parameters":[]},{"code":355,"indent":0,"parameters":["this.showMapEventDialogue(10);"]},{"code":242,"indent":0,"parameters":[2]},{"code":246,"indent":0,"parameters":[2]},{"code":221,"indent":0,"parameters":[]},{"code":122,"indent":0,"parameters":[13,13,0,0,3]},{"code":201,"indent":0,"parameters":[0,36,5,3,0,2]},{"code":0,"indent":0,"parameters":[]}],"moveFrequency":3,"moveRoute":{"list":[{"code":0,"parameters":[]}],"repeat":true,"skippable":false,"wait":false},"moveSpeed":3,"moveType":0,"priorityType":0,"stepAnime":false,"through":false,"trigger":0,"walkAnime":true},{"conditions":{"actorId":1,"actorValid":false,"itemId":1,"itemValid":false,"selfSwitchCh":"C","selfSwitchValid":true,"switch1Id":1,"switch1Valid":false,"switch2Id":1,"switch2Valid":false,"variableId":1,"variableValid":false,"variableValue":0},"directionFix":false,"image":{"tileId":0,"characterName":"help","direction":2,"pattern":2,"characterIndex":1},"list":[{"code":231,"indent":0,"parameters":[9,"mio_tachie_smile2",1,0,572,950,100,100,255,0]},{"code":356,"indent":0,"parameters":[">显现动作 : 图片[9] : 移动显现 : 时间[60] : 方向角度[180] : 移动距离[180]"]},{"code":230,"indent":0,"parameters":[35]},{"code":356,"indent":0,"parameters":["SV_PLAY_VOICE genkan_event_sis_18"]},{"code":355,"indent":0,"parameters":["this.showMapEventDialogue(11);"]},{"code":355,"indent":0,"parameters":["this.showMapEventDialogue(12);"]},{"code":231,"indent":0,"parameters":[9,"mio_tachie_naku",1,0,572,950,100,100,255,0]},{"code":356,"indent":0,"parameters":["SV_PLAY_VOICE genkan_event_sis_19"]},{"code":355,"indent":0,"parameters":["this.showMapEventDialogue(13);"]},{"code":355,"indent":0,"parameters":["this.showMapEventDialogue(14);"]},{"code":355,"indent":0,"parameters":["this.showMapEventDialogue(15);"]},{"code":231,"indent":0,"parameters":[9,"mio_tachie_shinnpai",1,0,572,950,100,100,255,0]},{"code":356,"indent":0,"parameters":["SV_PLAY_VOICE genkan_event_sis_20"]},{"code":355,"indent":0,"parameters":["this.showMapEventDialogue(16);"]},{"code":108,"indent":0,"parameters":["黑屏"]},{"code":355,"indent":0,"parameters":["$gameScreen.startFadeOut(180);"]},{"code":230,"indent":0,"parameters":[180]},{"code":355,"indent":0,"parameters":["this.showMapEventDialogue(17);"]},{"code":355,"indent":0,"parameters":["this.showMapEventDialogue(18);"]},{"code":355,"indent":0,"parameters":["this.showMapEventDialogue(19);"]},{"code":355,"indent":0,"parameters":["this.showMapEventDialogue(20);"]},{"code":242,"indent":0,"parameters":[2]},{"code":122,"indent":0,"parameters":[13,13,0,0,1]},{"code":201,"indent":0,"parameters":[0,36,6,6,0,0]},{"code":0,"indent":0,"parameters":[]}],"moveFrequency":3,"moveRoute":{"list":[{"code":0,"parameters":[]}],"repeat":true,"skippable":false,"wait":false},"moveSpeed":3,"moveType":0,"priorityType":1,"stepAnime":false,"through":false,"trigger":0,"walkAnime":true}],"x":1,"y":8},
{"id":3,"name":"从深渊归来","note":"","pages":[{"conditions":{"actorId":1,"actorValid":false,"itemId":1,"itemValid":false,"selfSwitchCh":"A","selfSwitchValid":false,"switch1Id":1,"switch1Valid":false,"switch2Id":1,"switch2Valid":false,"variableId":1,"variableValid":false,"variableValue":0},"directionFix":false,"image":{"tileId":0,"characterName":"help","direction":2,"pattern":1,"characterIndex":0},"list":[{"code":108,"indent":0,"parameters":["根据时间/天气决定背景图"]},{"code":355,"indent":0,"parameters":["let img = \"entrance_S_E_DO_RL\";"]},{"code":655,"indent":0,"parameters":["if ($gameSystem.hour() <= 16) {"]},{"code":655,"indent":0,"parameters":["   let weather = $gameVariables.value(60);"]},{"code":655,"indent":0,"parameters":["   if (weather == 0)  img = \"entrance_S_D_DO\";"]},{"code":655,"indent":0,"parameters":["   if (weather == 1)  img = \"entrance_C_D_DO\";"]},{"code":655,"indent":0,"parameters":["   if (weather >= 2)  img = \"entrance_R_D_DO\";"]},{"code":655,"indent":0,"parameters":["}"]},{"code":655,"indent":0,"parameters":["$gameScreen.showPicture(1, img, 0, 0, 0, 100, 100, 255, 0);"]},{"code":111,"indent":0,"parameters":[0,5,0]},{"code":117,"indent":1,"parameters":[58]},{"code":121,"indent":1,"parameters":[5,5,1]},{"code":0,"indent":1,"parameters":[]},{"code":412,"indent":0,"parameters":[]},{"code":241,"indent":0,"parameters":[{"name":"日常_放課後","volume":60,"pitch":100,"pan":0}]},{"code":117,"indent":0,"parameters":[5]},{"code":222,"indent":0,"parameters":[]},{"code":230,"indent":0,"parameters":[60]},{"code":232,"indent":0,"parameters":[92,0,0,0,0,0,100,100,0,0,60,true]},{"code":235,"indent":0,"parameters":[92]},{"code":356,"indent":0,"parameters":["SaveNow"]},{"code":355,"indent":0,"parameters":["this.showMapEventDialogue(0);"]},{"code":108,"indent":0,"parameters":["提前回家"]},{"code":111,"indent":0,"parameters":[12,"$gameSystem.hour() <= 16"]},{"code":355,"indent":1,"parameters":["let id = this._eventId;"]},{"code":655,"indent":1,"parameters":["$gameMap.event(id).steupCEQJ(2)"]},{"code":115,"indent":1,"parameters":[]},{"code":0,"indent":1,"parameters":[]},{"code":412,"indent":0,"parameters":[]},{"code":111,"indent":0,"parameters":[4,1,6,60]},{"code":355,"indent":1,"parameters":["let id = this._eventId;"]},{"code":655,"indent":1,"parameters":["$gameMap.event(id).steupCEQJ(4)"]},{"code":115,"indent":1,"parameters":[]},{"code":0,"indent":1,"parameters":[]},{"code":412,"indent":0,"parameters":[]},{"code":108,"indent":0,"parameters":["第一次带回游戏主机"]},{"code":111,"indent":0,"parameters":[12,"$gameParty.hasItem($dataItems[15]) && !$gameSwitches.value(500)"]},{"code":355,"indent":1,"parameters":["let id = this._eventId;"]},{"code":655,"indent":1,"parameters":["$gameMap.event(id).steupCEQJ(3)"]},{"code":115,"indent":1,"parameters":[]},{"code":0,"indent":1,"parameters":[]},{"code":412,"indent":0,"parameters":[]},{"code":355,"indent":0,"parameters":["$gameMap.event(9).start()"]},{"code":0,"indent":0,"parameters":[]}],"moveFrequency":3,"moveRoute":{"list":[{"code":0,"parameters":[]}],"repeat":true,"skippable":false,"wait":false},"moveSpeed":3,"moveType":0,"priorityType":1,"stepAnime":false,"through":false,"trigger":0,"walkAnime":true},{"conditions":{"actorId":1,"actorValid":false,"itemId":1,"itemValid":false,"selfSwitchCh":"A","selfSwitchValid":true,"switch1Id":1,"switch1Valid":false,"switch2Id":1,"switch2Valid":false,"variableId":1,"variableValid":false,"variableValue":0},"directionFix":false,"image":{"tileId":0,"characterName":"help","direction":2,"pattern":1,"characterIndex":0},"list":[{"code":108,"indent":0,"parameters":["获得风扇事件"]},{"code":111,"indent":0,"parameters":[12,"$gameParty.hasItem($dataItems[19]) && !$gameSwitches.value(489)"]},{"code":0,"indent":1,"parameters":[]},{"code":412,"indent":0,"parameters":[]},{"code":108,"indent":0,"parameters":["早归触发游戏机事件"]},{"code":111,"indent":0,"parameters":[12,"$gameParty.hasItem($dataItems[15]) && !$gameSwitches.value(500)"]},{"code":355,"indent":1,"parameters":["let id = this._eventId;"]},{"code":655,"indent":1,"parameters":["$gameMap.event(id).steupCEQJ(3)"]},{"code":115,"indent":1,"parameters":[]},{"code":0,"indent":1,"parameters":[]},{"code":412,"indent":0,"parameters":[]},{"code":108,"indent":0,"parameters":["早归事件"]},{"code":231,"indent":0,"parameters":[9,"mio_tachie_OAO",0,0,200,150,100,100,255,0]},{"code":356,"indent":0,"parameters":[">显现动作 : 图片[9] : 移动显现 : 时间[60] : 方向角度[180] : 移动距离[200]"]},{"code":230,"indent":0,"parameters":[70]},{"code":356,"indent":0,"parameters":["SV_PLAY_VOICE genkan_event_sis_24"]},{"code":355,"indent":0,"parameters":["this.showMapEventDialogue(1);"]},{"code":355,"indent":0,"parameters":["this.count = Math.randomInt(4);"]},{"code":355,"indent":0,"parameters":["this.showMapEventDialogue(2);"]},{"code":111,"indent":0,"parameters":[12,"this.count === 3"]},{"code":231,"indent":1,"parameters":[9,"mio_tachie_=ω=",0,0,200,150,100,100,255,0]},{"code":356,"indent":1,"parameters":["SV_PLAY_VOICE genkan_event_sis_28"]},{"code":355,"indent":1,"parameters":["this.showMapEventDialogue(3);"]},{"code":355,"indent":1,"parameters":["this.showMapEventDialogue(4);"]},{"code":231,"indent":1,"parameters":[9,"mio_tachie_IAI",0,0,200,150,100,100,255,0]},{"code":356,"indent":1,"parameters":["SV_PLAY_VOICE genkan_event_sis_29"]},{"code":355,"indent":1,"parameters":["this.showMapEventDialogue(5);"]},{"code":355,"indent":1,"parameters":["this.showMapEventDialogue(6);"]},{"code":119,"indent":1,"parameters":["3"]},{"code":0,"indent":1,"parameters":[]},{"code":411,"indent":0,"parameters":[]},{"code":111,"indent":1,"parameters":[12,"this.count === 2"]},{"code":231,"indent":2,"parameters":[9,"mio_tachie_happy",0,0,200,150,100,100,255,0]},{"code":356,"indent":2,"parameters":["SV_PLAY_VOICE genkan_event_sis_27"]},{"code":355,"indent":2,"parameters":["this.showMapEventDialogue(7);"]},{"code":0,"indent":2,"parameters":[]},{"code":411,"indent":1,"parameters":[]},{"code":111,"indent":2,"parameters":[12,"this.count === 1"]},{"code":231,"indent":3,"parameters":[9,"mio_tachie_shinnpai",0,0,200,150,100,100,255,0]},{"code":356,"indent":3,"parameters":["SV_PLAY_VOICE genkan_event_sis_26"]},{"code":355,"indent":3,"parameters":["this.showMapEventDialogue(8);"]},{"code":0,"indent":3,"parameters":[]},{"code":411,"indent":2,"parameters":[]},{"code":231,"indent":3,"parameters":[9,"mio_tachie_smile",0,0,200,150,100,100,255,0]},{"code":356,"indent":3,"parameters":["SV_PLAY_VOICE genkan_event_sis_25"]},{"code":355,"indent":3,"parameters":["this.showMapEventDialogue(9);"]},{"code":0,"indent":3,"parameters":[]},{"code":412,"indent":2,"parameters":[]},{"code":0,"indent":2,"parameters":[]},{"code":412,"indent":1,"parameters":[]},{"code":0,"indent":1,"parameters":[]},{"code":412,"indent":0,"parameters":[]},{"code":355,"indent":0,"parameters":["this.showMapEventDialogue(10);"]},{"code":242,"indent":0,"parameters":[2]},{"code":221,"indent":0,"parameters":[]},{"code":250,"indent":0,"parameters":[{"name":"明るくて可愛いチェレスタのジングル","volume":90,"pitch":100,"pan":0}]},{"code":112,"indent":0,"parameters":[]},{"code":111,"indent":1,"parameters":[12,"$gameSystem.hour() >= 17"]},{"code":113,"indent":2,"parameters":[]},{"code":0,"indent":2,"parameters":[]},{"code":411,"indent":1,"parameters":[]},{"code":355,"indent":2,"parameters":["$gameSystem.add_hour(1)"]},{"code":108,"indent":2,"parameters":["计算体力恢复"]},{"code":311,"indent":2,"parameters":[0,1,0,0,12,false]},{"code":117,"indent":2,"parameters":[8]},{"code":230,"indent":2,"parameters":[30]},{"code":0,"indent":2,"parameters":[]},{"code":412,"indent":1,"parameters":[]},{"code":0,"indent":1,"parameters":[]},{"code":413,"indent":0,"parameters":[]},{"code":230,"indent":0,"parameters":[60]},{"code":111,"indent":0,"parameters":[12,"this.count === 3"]},{"code":118,"indent":1,"parameters":["3"]},{"code":355,"indent":1,"parameters":["this.showMapEventDialogue(11);"]},{"code":231,"indent":1,"parameters":[9,"mio_tachie_happy",0,0,200,150,100,100,255,0]},{"code":356,"indent":1,"parameters":["SV_PLAY_VOICE genkan_event_sis_30"]},{"code":355,"indent":1,"parameters":["this.showMapEventDialogue(12);"]},{"code":242,"indent":1,"parameters":[2]},{"code":221,"indent":1,"parameters":[]},{"code":250,"indent":1,"parameters":[{"name":"明るくて可愛いチェレスタのジングル","volume":90,"pitch":100,"pan":0}]},{"code":112,"indent":1,"parameters":[]},{"code":111,"indent":2,"parameters":[12,"$gameSystem.hour() >= 17"]},{"code":113,"indent":3,"parameters":[]},{"code":0,"indent":3,"parameters":[]},{"code":411,"indent":2,"parameters":[]},{"code":355,"indent":3,"parameters":["$gameSystem.add_hour(1)"]},{"code":108,"indent":3,"parameters":["计算体力恢复"]},{"code":311,"indent":3,"parameters":[0,1,0,0,12,false]},{"code":117,"indent":3,"parameters":[8]},{"code":230,"indent":3,"parameters":[30]},{"code":0,"indent":3,"parameters":[]},{"code":412,"indent":2,"parameters":[]},{"code":0,"indent":2,"parameters":[]},{"code":413,"indent":1,"parameters":[]},{"code":230,"indent":1,"parameters":[60]},{"code":355,"indent":1,"parameters":["this.showMapEventDialogue(13);"]},{"code":119,"indent":1,"parameters":["结束"]},{"code":0,"indent":1,"parameters":[]},{"code":411,"indent":0,"parameters":[]},{"code":111,"indent":1,"parameters":[12,"this.count === 2"]},{"code":355,"indent":2,"parameters":["this.showMapEventDialogue(14);"]},{"code":0,"indent":2,"parameters":[]},{"code":411,"indent":1,"parameters":[]},{"code":111,"indent":2,"parameters":[12,"this.count === 1"]},{"code":355,"indent":3,"parameters":["this.showMapEventDialogue(15);"]},{"code":0,"indent":3,"parameters":[]},{"code":411,"indent":2,"parameters":[]},{"code":355,"indent":3,"parameters":["this.showMapEventDialogue(16);"]},{"code":0,"indent":3,"parameters":[]},{"code":412,"indent":2,"parameters":[]},{"code":0,"indent":2,"parameters":[]},{"code":412,"indent":1,"parameters":[]},{"code":0,"indent":1,"parameters":[]},{"code":412,"indent":0,"parameters":[]},{"code":122,"indent":0,"parameters":[13,13,0,0,7]},{"code":201,"indent":0,"parameters":[0,54,6,5,0,2]},{"code":0,"indent":0,"parameters":[]}],"moveFrequency":3,"moveRoute":{"list":[{"code":0,"parameters":[]}],"repeat":true,"skippable":false,"wait":false},"moveSpeed":3,"moveType":0,"priorityType":1,"stepAnime":false,"through":false,"trigger":0,"walkAnime":true},{"conditions":{"actorId":1,"actorValid":false,"itemId":1,"itemValid":false,"selfSwitchCh":"A","selfSwitchValid":true,"switch1Id":1,"switch1Valid":false,"switch2Id":1,"switch2Valid":false,"variableId":1,"variableValid":false,"variableValue":0},"directionFix":false,"image":{"tileId":0,"characterName":"help","direction":2,"pattern":2,"characterIndex":1},"list":[{"code":111,"indent":0,"parameters":[12,"$gameSystem.hour() <= 16"]},{"code":231,"indent":1,"parameters":[9,"mio_tachie_OAO",0,0,200,150,100,100,255,0]},{"code":356,"indent":1,"parameters":[">显现动作 : 图片[9] : 移动显现 : 时间[60] : 方向角度[180] : 移动距离[200]"]},{"code":230,"indent":1,"parameters":[60]},{"code":356,"indent":1,"parameters":["SV_PLAY_VOICE genkan_event_sis_24"]},{"code":355,"indent":1,"parameters":["this.showMapEventDialogue(17);"]},{"code":0,"indent":1,"parameters":[]},{"code":411,"indent":0,"parameters":[]},{"code":231,"indent":1,"parameters":[9,"mio_tachie_smile",1,0,572,950,100,100,255,0]},{"code":356,"indent":1,"parameters":[">显现动作 : 图片[9] : 移动显现 : 时间[60] : 方向角度[180] : 移动距离[180]"]},{"code":230,"indent":1,"parameters":[35]},{"code":356,"indent":1,"parameters":["SV_PLAY_VOICE genkan_event_sis_01"]},{"code":355,"indent":1,"parameters":["this.showMapEventDialogue(18);"]},{"code":0,"indent":1,"parameters":[]},{"code":412,"indent":0,"parameters":[]},{"code":355,"indent":0,"parameters":["this.showMapEventDialogue(19);"]},{"code":231,"indent":0,"parameters":[9,"mio_tachie_OAO",1,0,572,950,100,100,255,0]},{"code":356,"indent":0,"parameters":["SV_PLAY_VOICE genkan_event_sis_16"]},{"code":355,"indent":0,"parameters":["this.showMapEventDialogue(20);"]},{"code":231,"indent":0,"parameters":[9,"mio_tachie_=ω=",1,0,572,950,100,100,255,0]},{"code":356,"indent":0,"parameters":["SV_PLAY_VOICE genkan_event_sis_17"]},{"code":355,"indent":0,"parameters":["this.showMapEventDialogue(21);"]},{"code":355,"indent":0,"parameters":["this.showMapEventDialogue(22);"]},{"code":242,"indent":0,"parameters":[2]},{"code":122,"indent":0,"parameters":[13,13,0,0,34]},{"code":201,"indent":0,"parameters":[0,4,6,8,0,2]},{"code":0,"indent":0,"parameters":[]}],"moveFrequency":3,"moveRoute":{"list":[{"code":0,"parameters":[]}],"repeat":true,"skippable":false,"wait":false},"moveSpeed":3,"moveType":0,"priorityType":1,"stepAnime":false,"through":false,"trigger":0,"walkAnime":true},{"conditions":{"actorId":1,"actorValid":false,"itemId":1,"itemValid":false,"selfSwitchCh":"A","selfSwitchValid":true,"switch1Id":1,"switch1Valid":false,"switch2Id":1,"switch2Valid":false,"variableId":1,"variableValid":false,"variableValue":0},"directionFix":false,"image":{"tileId":0,"characterName":"help","direction":2,"pattern":2,"characterIndex":1},"list":[{"code":108,"indent":0,"parameters":["哥哥浑身恶臭事件"]},{"code":231,"indent":0,"parameters":[9,"mio_tachie_smile",0,0,200,150,100,100,255,0]},{"code":356,"indent":0,"parameters":[">显现动作 : 图片[9] : 移动显现 : 时间[60] : 方向角度[180] : 移动距离[180]"]},{"code":230,"indent":0,"parameters":[35]},{"code":356,"indent":0,"parameters":["SV_PLAY_VOICE genkan_event_sis_06"]},{"code":355,"indent":0,"parameters":["this.showMapEventDialogue(23);"]},{"code":356,"indent":0,"parameters":["particle play gloom_sp screen"]},{"code":250,"indent":0,"parameters":[{"name":"Darkness1","volume":70,"pitch":90,"pan":0}]},{"code":242,"indent":0,"parameters":[3]},{"code":245,"indent":0,"parameters":[{"name":"PerituneMaterial_NoWay_loop","volume":90,"pitch":100,"pan":0}]},{"code":355,"indent":0,"parameters":["AudioManager.fadeInBgs(7)"]},{"code":230,"indent":0,"parameters":[40]},{"code":355,"indent":0,"parameters":["$gameScreen.changePictureName(9, \"mio_tachie_kimo\");"]},{"code":355,"indent":0,"parameters":["$gameNumberArray.setValue(41,[9]);"]},{"code":122,"indent":0,"parameters":[204,204,0,4,"\"小跳\""]},{"code":117,"indent":0,"parameters":[35]},{"code":356,"indent":0,"parameters":["SV_PLAY_VOICE genkan_event_sis_07"]},{"code":355,"indent":0,"parameters":["this.showMapEventDialogue(24);"]},{"code":355,"indent":0,"parameters":["this.showMapEventDialogue(25);"]},{"code":122,"indent":0,"parameters":[204,204,0,4,"\"左右震动\""]},{"code":117,"indent":0,"parameters":[35]},{"code":356,"indent":0,"parameters":[">图片快捷操作 : 图片[9] : 增减速移动到 : 相对位置[-550,0] : 时间[330]"]},{"code":356,"indent":0,"parameters":["SV_PLAY_VOICE genkan_event_sis_08"]},{"code":355,"indent":0,"parameters":["this.showMapEventDialogue(26);"]},{"code":356,"indent":0,"parameters":[">图片快捷操作 : 图片[9] : 增减速移动到 : 相对位置[-550,0] : 时间[30]"]},{"code":250,"indent":0,"parameters":[{"name":"Fall","volume":90,"pitch":130,"pan":0}]},{"code":230,"indent":0,"parameters":[60]},{"code":250,"indent":0,"parameters":[{"name":"Explosion2","volume":90,"pitch":70,"pan":0}]},{"code":355,"indent":0,"parameters":["let eid = String(this._eventId);"]},{"code":655,"indent":0,"parameters":["let index = 27;"]},{"code":655,"indent":0,"parameters":["let textArray = window.MapEventDialogue24[eid][String(index)];"]},{"code":655,"indent":0,"parameters":["var template = \"\\\\{\\\\dDCCE[文本[%TEXT%]:预设[11]]\\\\}\";"]},{"code":655,"indent":0,"parameters":["textArray = textArray.map(t => template.replace(\"%TEXT%\", t));"]},{"code":655,"indent":0,"parameters":["textArray[0] += \"\\\\w[240]\\\\^\";"]},{"code":655,"indent":0,"parameters":["chahuiUtil.multilingualCompatibleDisplayText.call(this, textArray);"]},{"code":221,"indent":0,"parameters":[]},{"code":355,"indent":0,"parameters":["this.showMapEventDialogue(28);"]},{"code":355,"indent":0,"parameters":["this.showMapEventDialogue(29);"]},{"code":355,"indent":0,"parameters":["let code = \"$gameMap.event(8).steupCEQJ(3)\";"]},{"code":655,"indent":0,"parameters":["$gameStrings.setValue(20,code);"]},{"code":201,"indent":0,"parameters":[0,6,5,5,0,2]},{"code":0,"indent":0,"parameters":[]}],"moveFrequency":3,"moveRoute":{"list":[{"code":0,"parameters":[]}],"repeat":true,"skippable":false,"wait":false},"moveSpeed":3,"moveType":0,"priorityType":1,"stepAnime":false,"through":false,"trigger":0,"walkAnime":true}],"x":2,"y":8},
null,
{"id":5,"name":"深渊死亡回归","note":"","pages":[{"conditions":{"actorId":1,"actorValid":false,"itemId":1,"itemValid":false,"selfSwitchCh":"A","selfSwitchValid":false,"switch1Id":1,"switch1Valid":false,"switch2Id":1,"switch2Valid":false,"variableId":1,"variableValid":false,"variableValue":0},"directionFix":false,"image":{"tileId":0,"characterName":"help","direction":2,"pattern":2,"characterIndex":1},"list":[{"code":108,"indent":0,"parameters":["重置开关和增加死亡计数"]},{"code":355,"indent":0,"parameters":["$gameParty.leader()._deadCount = $gameParty.leader()._deadCount || 0;"]},{"code":655,"indent":0,"parameters":["$gameParty.leader()._deadCount += 1;"]},{"code":108,"indent":0,"parameters":["报错防范"]},{"code":117,"indent":0,"parameters":[21]},{"code":355,"indent":0,"parameters":["var actor = $gameParty.leader();"]},{"code":655,"indent":0,"parameters":["var states = actor.states();"]},{"code":655,"indent":0,"parameters":["for (var i = 0; i < states.length; i++) {"]},{"code":655,"indent":0,"parameters":["    actor.removeState(states[i].id);"]},{"code":655,"indent":0,"parameters":["}"]},{"code":655,"indent":0,"parameters":["actor.setHp(1);"]},{"code":241,"indent":0,"parameters":[{"name":"日常_放課後","volume":60,"pitch":100,"pan":0}]},{"code":231,"indent":0,"parameters":[1,"entrance_S_E_DO_RL",0,0,0,0,100,100,255,0]},{"code":117,"indent":0,"parameters":[5]},{"code":222,"indent":0,"parameters":[]},{"code":230,"indent":0,"parameters":[120]},{"code":356,"indent":0,"parameters":["DS_方向設定 90"]},{"code":225,"indent":0,"parameters":[6,8,30,false]},{"code":224,"indent":0,"parameters":[[0,0,0,185],30,false]},{"code":250,"indent":0,"parameters":[{"name":"ドシャァ！地面に倒れる、落ちる","volume":90,"pitch":100,"pan":0}]},{"code":230,"indent":0,"parameters":[90]},{"code":108,"indent":0,"parameters":["重置不受伤约定"]},{"code":355,"indent":0,"parameters":["$gameSelfVariables.setValue([$gameMap.mapId(), 13, 'days'], 0);"]},{"code":655,"indent":0,"parameters":["$gameSwitches.setValue(490, false)"]},{"code":355,"indent":0,"parameters":["this.showMapEventDialogue(0);"]},{"code":355,"indent":0,"parameters":["this.showMapEventDialogue(1);"]},{"code":355,"indent":0,"parameters":["this.showMapEventDialogue(2);"]},{"code":231,"indent":0,"parameters":[9,"mio_tachie_smile",0,0,200,150,100,100,255,0]},{"code":356,"indent":0,"parameters":[">显现动作 : 图片[9] : 移动显现 : 时间[60] : 方向角度[180] : 移动距离[180]"]},{"code":230,"indent":0,"parameters":[60]},{"code":356,"indent":0,"parameters":["SV_PLAY_VOICE genkan_event_sis_14"]},{"code":355,"indent":0,"parameters":["this.showMapEventDialogue(3);"]},{"code":355,"indent":0,"parameters":["$gameScreen.changePictureName(9, \"mio_tachie_ase\");"]},{"code":356,"indent":0,"parameters":["SV_PLAY_VOICE genkan_event_sis_15"]},{"code":230,"indent":0,"parameters":[10]},{"code":356,"indent":0,"parameters":[">持续动作 : 图片[9] : 上下震动 : 持续时间[40] : 周期[20] : 震动幅度[3]"]},{"code":355,"indent":0,"parameters":["this.showMapEventDialogue(4);"]},{"code":356,"indent":0,"parameters":["SV_PLAY_VOICE genkan_event_sis_09"]},{"code":355,"indent":0,"parameters":["this.showMapEventDialogue(5);"]},{"code":355,"indent":0,"parameters":["this.showMapEventDialogue(6);"]},{"code":111,"indent":0,"parameters":[0,499,0]},{"code":108,"indent":1,"parameters":["重复流程"]},{"code":355,"indent":1,"parameters":["let id = this._eventId;"]},{"code":655,"indent":1,"parameters":["$gameMap.event(id).steupCEQJ(2)"]},{"code":115,"indent":1,"parameters":[]},{"code":0,"indent":1,"parameters":[]},{"code":412,"indent":0,"parameters":[]},{"code":355,"indent":0,"parameters":["$gameScreen.changePictureName(9, \"mio_tachie_shy1\");"]},{"code":356,"indent":0,"parameters":["SV_PLAY_VOICE genkan_event_sis_10"]},{"code":355,"indent":0,"parameters":["this.showMapEventDialogue(7);"]},{"code":356,"indent":0,"parameters":["SV_PLAY_VOICE genkan_event_sis_11"]},{"code":355,"indent":0,"parameters":["this.showMapEventDialogue(8);"]},{"code":221,"indent":0,"parameters":[]},{"code":230,"indent":0,"parameters":[60]},{"code":250,"indent":0,"parameters":[{"name":"Heal2","volume":90,"pitch":100,"pan":0}]},{"code":355,"indent":0,"parameters":["let base = 15 + Math.randomInt(11);"]},{"code":655,"indent":0,"parameters":["let heal = $gameVariables.value(15) * base + 15;"]},{"code":655,"indent":0,"parameters":["$gameActors.actor(1).gainHp(heal);"]},{"code":231,"indent":0,"parameters":[9,"mio_tachie_nocoat_nununu",0,0,200,1600,100,100,255,0]},{"code":222,"indent":0,"parameters":[]},{"code":230,"indent":0,"parameters":[60]},{"code":355,"indent":0,"parameters":["let value = $gameVariables.value(15);"]},{"code":655,"indent":0,"parameters":["let eid = 11;"]},{"code":655,"indent":0,"parameters":["if (value >= 4)  eid = 9;"]},{"code":655,"indent":0,"parameters":["if (value >= 2)  eid = 10;"]},{"code":655,"indent":0,"parameters":["this.showMapEventDialogue(eid);"]},{"code":355,"indent":0,"parameters":["var picture = $gameScreen.picture(9);"]},{"code":655,"indent":0,"parameters":["var data = {\t\t\t\t\t\t\t\t\"type\":\"smoothMove\","]},{"code":655,"indent":0,"parameters":["\"valueX\":0,"]},{"code":655,"indent":0,"parameters":["\"valueY\":-1450,"]},{"code":655,"indent":0,"parameters":["\"time\":60,"]},{"code":655,"indent":0,"parameters":["\"cur_time\":0,\"cur_speedX\":0,\"cur_speedY\":0,}"]},{"code":655,"indent":0,"parameters":["if (picture) { picture._drill_PSh_commandChangeTank.push(data);"]},{"code":655,"indent":0,"parameters":["}"]},{"code":230,"indent":0,"parameters":[60]},{"code":356,"indent":0,"parameters":["SV_PLAY_VOICE genkan_event_sis_12"]},{"code":355,"indent":0,"parameters":["this.showMapEventDialogue(12);"]},{"code":355,"indent":0,"parameters":["this.showMapEventDialogue(13);"]},{"code":355,"indent":0,"parameters":["this.showMapEventDialogue(14);"]},{"code":355,"indent":0,"parameters":["$gameScreen.changePictureName(9, \"mio_tachie_nocoat_smile\");"]},{"code":356,"indent":0,"parameters":["SV_PLAY_VOICE genkan_event_sis_13"]},{"code":355,"indent":0,"parameters":["this.showMapEventDialogue(15);"]},{"code":355,"indent":0,"parameters":["this.showMapEventDialogue(16);"]},{"code":122,"indent":0,"parameters":[14,14,0,0,15]},{"code":117,"indent":0,"parameters":[3]},{"code":121,"indent":0,"parameters":[5,5,1]},{"code":122,"indent":0,"parameters":[13,13,0,0,22]},{"code":201,"indent":0,"parameters":[0,11,5,6,0,2]},{"code":0,"indent":0,"parameters":[]}],"moveFrequency":3,"moveRoute":{"list":[{"code":0,"parameters":[]}],"repeat":true,"skippable":false,"wait":false},"moveSpeed":3,"moveType":0,"priorityType":1,"stepAnime":false,"through":false,"trigger":0,"walkAnime":true},{"conditions":{"actorId":1,"actorValid":false,"itemId":1,"itemValid":false,"selfSwitchCh":"A","selfSwitchValid":true,"switch1Id":1,"switch1Valid":false,"switch2Id":1,"switch2Valid":false,"variableId":1,"variableValid":false,"variableValue":0},"directionFix":false,"image":{"tileId":0,"characterName":"help","direction":2,"pattern":1,"characterIndex":0},"list":[{"code":108,"indent":0,"parameters":["第二次开始的死亡回归重复流程"]},{"code":355,"indent":0,"parameters":["$gameScreen.changePictureName(9, \"mio_tachie_shy1\");"]},{"code":356,"indent":0,"parameters":["SV_PLAY_VOICE genkan_event_sis_21"]},{"code":355,"indent":0,"parameters":["this.showMapEventDialogue(17);"]},{"code":356,"indent":0,"parameters":["SV_PLAY_VOICE genkan_event_sis_22"]},{"code":355,"indent":0,"parameters":["this.showMapEventDialogue(18);"]},{"code":221,"indent":0,"parameters":[]},{"code":230,"indent":0,"parameters":[60]},{"code":250,"indent":0,"parameters":[{"name":"Heal2","volume":90,"pitch":100,"pan":0}]},{"code":355,"indent":0,"parameters":["let base = 15 + Math.randomInt(11);"]},{"code":655,"indent":0,"parameters":["let heal = $gameVariables.value(15) * base + 15;"]},{"code":655,"indent":0,"parameters":["$gameActors.actor(1).gainHp(heal);"]},{"code":231,"indent":0,"parameters":[9,"mio_tachie_nocoat_nununu",0,0,200,1600,100,100,255,0]},{"code":222,"indent":0,"parameters":[]},{"code":230,"indent":0,"parameters":[60]},{"code":355,"indent":0,"parameters":["let value = $gameVariables.value(15);"]},{"code":655,"indent":0,"parameters":["let eid = 11;"]},{"code":655,"indent":0,"parameters":["if (value >= 4)  eid = 9;"]},{"code":655,"indent":0,"parameters":["if (value >= 2)  eid = 10;"]},{"code":655,"indent":0,"parameters":["this.showMapEventDialogue(eid);"]},{"code":355,"indent":0,"parameters":["var picture = $gameScreen.picture(9);"]},{"code":655,"indent":0,"parameters":["var data = {\t\t\t\t\t\t\t\t\"type\":\"smoothMove\","]},{"code":655,"indent":0,"parameters":["\"valueX\":0,"]},{"code":655,"indent":0,"parameters":["\"valueY\":-1450,"]},{"code":655,"indent":0,"parameters":["\"time\":60,"]},{"code":655,"indent":0,"parameters":["\"cur_time\":0,\"cur_speedX\":0,\"cur_speedY\":0,}"]},{"code":655,"indent":0,"parameters":["if (picture) { picture._drill_PSh_commandChangeTank.push(data);"]},{"code":655,"indent":0,"parameters":["}"]},{"code":230,"indent":0,"parameters":[45]},{"code":356,"indent":0,"parameters":["SV_PLAY_VOICE genkan_event_sis_23"]},{"code":355,"indent":0,"parameters":["this.showMapEventDialogue(19);"]},{"code":355,"indent":0,"parameters":["this.showMapEventDialogue(20);"]},{"code":122,"indent":0,"parameters":[14,14,0,0,10]},{"code":117,"indent":0,"parameters":[3]},{"code":122,"indent":0,"parameters":[13,13,0,0,18]},{"code":201,"indent":0,"parameters":[0,11,5,6,0,2]},{"code":0,"indent":0,"parameters":[]}],"moveFrequency":3,"moveRoute":{"list":[{"code":0,"parameters":[]}],"repeat":true,"skippable":false,"wait":false},"moveSpeed":3,"moveType":0,"priorityType":1,"stepAnime":false,"through":false,"trigger":0,"walkAnime":true}],"x":4,"y":8},
{"id":6,"name":"兜底方案","note":"","pages":[{"conditions":{"actorId":1,"actorValid":false,"itemId":1,"itemValid":false,"selfSwitchCh":"A","selfSwitchValid":false,"switch1Id":1,"switch1Valid":false,"switch2Id":1,"switch2Valid":false,"variableId":1,"variableValid":false,"variableValue":0},"directionFix":false,"image":{"characterIndex":0,"characterName":"","direction":2,"pattern":0,"tileId":0},"list":[{"code":355,"indent":0,"parameters":["let id = 3;"]},{"code":655,"indent":0,"parameters":["$gameMap.event(id).steupCEQJ(1)"]},{"code":115,"indent":0,"parameters":[]},{"code":0,"indent":0,"parameters":[]}],"moveFrequency":3,"moveRoute":{"list":[{"code":0,"parameters":[]}],"repeat":true,"skippable":false,"wait":false},"moveSpeed":3,"moveType":0,"priorityType":0,"stepAnime":false,"through":false,"trigger":0,"walkAnime":true}],"x":8,"y":5},
null,
null,
{"id":9,"name":"常规回家后事件","note":"","pages":[{"conditions":{"actorId":1,"actorValid":false,"itemId":1,"itemValid":false,"selfSwitchCh":"B","selfSwitchValid":false,"switch1Id":1,"switch1Valid":false,"switch2Id":1,"switch2Valid":false,"variableId":1,"variableValid":false,"variableValue":0},"directionFix":false,"image":{"tileId":0,"characterName":"help","direction":2,"pattern":1,"characterIndex":3},"list":[{"code":111,"indent":0,"parameters":[12,"this.fromImoutoPromise"]},{"code":119,"indent":1,"parameters":["ImoutoPromise"]},{"code":0,"indent":1,"parameters":[]},{"code":412,"indent":0,"parameters":[]},{"code":111,"indent":0,"parameters":[8,197]},{"code":101,"indent":1,"parameters":["",0,0,2]},{"code":401,"indent":1,"parameters":["………………"]},{"code":401,"indent":1,"parameters":["………………"]},{"code":355,"indent":1,"parameters":["this.showMapEventDialogue(0);"]},{"code":355,"indent":1,"parameters":["this.showMapEventDialogue(1);"]},{"code":101,"indent":1,"parameters":["",0,0,2]},{"code":401,"indent":1,"parameters":["………………"]},{"code":401,"indent":1,"parameters":["………………"]},{"code":355,"indent":1,"parameters":["this.showMapEventDialogue(2);"]},{"code":355,"indent":1,"parameters":["this.showMapEventDialogue(3);"]},{"code":0,"indent":1,"parameters":[]},{"code":412,"indent":0,"parameters":[]},{"code":356,"indent":0,"parameters":[">外发光效果 : 固定对话框外发光 : 颜色[11] : 厚度[2] : 偏移[3,3]"]},{"code":231,"indent":0,"parameters":[9,"mio_tachie_smile",1,0,572,950,100,100,255,0]},{"code":356,"indent":0,"parameters":[">显现动作 : 图片[9] : 移动显现 : 时间[60] : 方向角度[180] : 移动距离[180]"]},{"code":230,"indent":0,"parameters":[60]},{"code":356,"indent":0,"parameters":["SV_PLAY_VOICE genkan_event_sis_01"]},{"code":355,"indent":0,"parameters":["this.showMapEventDialogue(4);"]},{"code":108,"indent":0,"parameters":["特典T恤"]},{"code":111,"indent":0,"parameters":[12,"$gameParty.hasItem($dataArmors[150]) && !$gameSelfSwitches.value([$gameMap.mapId(), 14, 'A'])"]},{"code":355,"indent":1,"parameters":["$gameMap.event(14).steupCEQJ(1)"]},{"code":115,"indent":1,"parameters":[]},{"code":0,"indent":1,"parameters":[]},{"code":412,"indent":0,"parameters":[]},{"code":111,"indent":0,"parameters":[4,1,6,45]},{"code":355,"indent":1,"parameters":["ImageManager.reservePicture(\"mio_tachie_noKao\"); "]},{"code":230,"indent":1,"parameters":[4]},{"code":355,"indent":1,"parameters":["$gameMap.event(13).steupCEQJ(1)"]},{"code":115,"indent":1,"parameters":[]},{"code":118,"indent":1,"parameters":["ImoutoPromise"]},{"code":0,"indent":1,"parameters":[]},{"code":412,"indent":0,"parameters":[]},{"code":355,"indent":0,"parameters":["$gameScreen.changePictureName(9, \"mio_tachie_IAI\");"]},{"code":655,"indent":0,"parameters":["$gameScreen.erasePicture(10);"]},{"code":655,"indent":0,"parameters":["$gameScreen.erasePicture(11);"]},{"code":356,"indent":0,"parameters":[">持续动作 : 图片[9] : 上下震动 : 持续时间[50] : 周期[25] : 震动幅度[3]"]},{"code":356,"indent":0,"parameters":["SV_PLAY_VOICE genkan_event_sis_02"]},{"code":355,"indent":0,"parameters":["this.showMapEventDialogue(5);"]},{"code":355,"indent":0,"parameters":["this.showMapEventDialogue(6);"]},{"code":119,"indent":0,"parameters":["1"]},{"code":108,"indent":0,"parameters":["修正选项组图标"]},{"code":355,"indent":0,"parameters":["$gameSystem._drill_DCB_curStyle = 25;"]},{"code":655,"indent":0,"parameters":["let style = [\"eventButtons_sis_crafting\",\"eventButtons_toilet\"];"]},{"code":655,"indent":0,"parameters":["DrillUp.g_DCB_data[24].btn_src = style;"]},{"code":108,"indent":0,"parameters":["选项赋予名称"]},{"code":355,"indent":0,"parameters":["QJ.MPMZ.tl._imoutoUtilGenerateOptionText.call(this,8)"]},{"code":355,"indent":0,"parameters":["this.showMapEventDialogue(7);"]},{"code":102,"indent":0,"parameters":[["\\str[6]","\\c[15]\\str[7]"],-1,-1,2,0]},{"code":402,"indent":0,"parameters":[0,"\\str[6]"]},{"code":355,"indent":1,"parameters":["this.showMapEventDialogue(9);"]},{"code":355,"indent":1,"parameters":["this.showMapEventDialogue(10);"]},{"code":355,"indent":1,"parameters":["$gameScreen.changePictureName(9, \"mio_tachie_happy\");"]},{"code":355,"indent":1,"parameters":["$gameScreen.picture(9).drill_PCE_playSustainingShakeRotate( 120,60,1);"]},{"code":356,"indent":1,"parameters":["SV_PLAY_VOICE genkan_event_sis_03"]},{"code":355,"indent":1,"parameters":["this.showMapEventDialogue(11);"]},{"code":355,"indent":1,"parameters":["this.showMapEventDialogue(12);"]},{"code":122,"indent":1,"parameters":[13,13,0,0,1]},{"code":201,"indent":1,"parameters":[0,11,5,5,0,2]},{"code":0,"indent":1,"parameters":[]},{"code":402,"indent":0,"parameters":[1,"\\c[15]\\str[7]"]},{"code":355,"indent":1,"parameters":["this.showMapEventDialogue(13);"]},{"code":355,"indent":1,"parameters":["this.showMapEventDialogue(14);"]},{"code":355,"indent":1,"parameters":["$gameScreen.changePictureName(9, \"mio_tachie_OAO\");"]},{"code":356,"indent":1,"parameters":["SV_PLAY_VOICE genkan_event_sis_05"]},{"code":355,"indent":1,"parameters":["this.showMapEventDialogue(15);"]},{"code":221,"indent":1,"parameters":[]},{"code":230,"indent":1,"parameters":[60]},{"code":122,"indent":1,"parameters":[13,13,0,0,3]},{"code":201,"indent":1,"parameters":[0,20,3,6,0,2]},{"code":0,"indent":1,"parameters":[]},{"code":404,"indent":0,"parameters":[]},{"code":0,"indent":0,"parameters":[]}],"moveFrequency":3,"moveRoute":{"list":[{"code":0,"parameters":[]}],"repeat":true,"skippable":false,"wait":false},"moveSpeed":3,"moveType":0,"priorityType":1,"stepAnime":false,"through":false,"trigger":0,"walkAnime":true}],"x":2,"y":7},
null,
null,
null,
{"id":13,"name":"妹妹的表彰","note":"","pages":[{"conditions":{"actorId":1,"actorValid":false,"itemId":1,"itemValid":false,"selfSwitchCh":"A","selfSwitchValid":false,"switch1Id":1,"switch1Valid":false,"switch2Id":1,"switch2Valid":false,"variableId":1,"variableValid":false,"variableValue":0},"directionFix":false,"image":{"tileId":0,"characterName":"help","direction":2,"pattern":2,"characterIndex":1},"list":[{"code":231,"indent":0,"parameters":[9,"mio_tachie_noKao",0,0,200,150,100,100,255,0]},{"code":231,"indent":0,"parameters":[11,"mio_tachie_ahoge",0,0,500,150,100,100,255,0]},{"code":355,"indent":0,"parameters":["$gameSelfVariables.add(this, 'days', 1);"]},{"code":111,"indent":0,"parameters":[12,"$gameSelfVariables.get(this, 'days') === 1"]},{"code":231,"indent":1,"parameters":[10,"mio_tachie_kao_smile",0,0,200,150,100,100,255,0]},{"code":356,"indent":1,"parameters":["SV_PLAY_VOICE genkan_sishyoushou_sis01"]},{"code":355,"indent":1,"parameters":["this.showMapEventDialogue(0);"]},{"code":0,"indent":1,"parameters":[]},{"code":411,"indent":0,"parameters":[]},{"code":111,"indent":1,"parameters":[12,"$gameSelfVariables.get(this, 'days') <= 10"]},{"code":231,"indent":2,"parameters":[10,"mio_tachie_kao_happy",0,0,200,150,100,100,255,0]},{"code":356,"indent":2,"parameters":["SV_PLAY_VOICE genkan_sishyoushou_sis06"]},{"code":355,"indent":2,"parameters":["this.showMapEventDialogue(1);"]},{"code":0,"indent":2,"parameters":[]},{"code":411,"indent":1,"parameters":[]},{"code":111,"indent":2,"parameters":[12,"$gameSelfVariables.get(this, 'days') <= 20"]},{"code":231,"indent":3,"parameters":[10,"mio_tachie_kao_happy",0,0,200,150,100,100,255,0]},{"code":355,"indent":3,"parameters":["this.showMapEventDialogue(2);"]},{"code":0,"indent":3,"parameters":[]},{"code":411,"indent":2,"parameters":[]},{"code":111,"indent":3,"parameters":[12,"$gameSelfVariables.get(this, 'days') < 30"]},{"code":231,"indent":4,"parameters":[10,"mio_tachie_kao_shy2",0,0,200,150,100,100,255,0]},{"code":356,"indent":4,"parameters":["SV_PLAY_VOICE genkan_sishyoushou_sis07"]},{"code":355,"indent":4,"parameters":["this.showMapEventDialogue(3);"]},{"code":0,"indent":4,"parameters":[]},{"code":411,"indent":3,"parameters":[]},{"code":111,"indent":4,"parameters":[12,"$gameSelfVariables.get(this, 'days') === 30"]},{"code":231,"indent":5,"parameters":[10,"mio_tachie_kao_shy2",0,0,200,150,100,100,255,0]},{"code":356,"indent":5,"parameters":["SV_PLAY_VOICE genkan_sishyoushou_sis08"]},{"code":355,"indent":5,"parameters":["this.showMapEventDialogue(4);"]},{"code":356,"indent":5,"parameters":["SV_PLAY_VOICE genkan_sishyoushou_sis09"]},{"code":355,"indent":5,"parameters":["this.showMapEventDialogue(5);"]},{"code":0,"indent":5,"parameters":[]},{"code":412,"indent":4,"parameters":[]},{"code":0,"indent":4,"parameters":[]},{"code":412,"indent":3,"parameters":[]},{"code":0,"indent":3,"parameters":[]},{"code":412,"indent":2,"parameters":[]},{"code":0,"indent":2,"parameters":[]},{"code":412,"indent":1,"parameters":[]},{"code":0,"indent":1,"parameters":[]},{"code":412,"indent":0,"parameters":[]},{"code":108,"indent":0,"parameters":["妹妹盖章动画"]},{"code":355,"indent":0,"parameters":["let id = this._eventId;"]},{"code":655,"indent":0,"parameters":["$gameMap.event(id).steupCEQJ(2)"]},{"code":230,"indent":0,"parameters":[155]},{"code":111,"indent":0,"parameters":[12,"$gameSelfVariables.get(this, 'days') === 1"]},{"code":231,"indent":1,"parameters":[10,"mio_tachie_kao_bimyou2",0,0,200,150,100,100,255,0]},{"code":356,"indent":1,"parameters":[">持续动作 : 批量图片[9,10,11] : 上下震动 : 持续时间[20] : 周期[10] : 震动幅度[1]"]},{"code":356,"indent":1,"parameters":["SV_PLAY_VOICE genkan_sishyoushou_sis02"]},{"code":355,"indent":1,"parameters":["this.showMapEventDialogue(6);"]},{"code":355,"indent":1,"parameters":["this.showMapEventDialogue(7);"]},{"code":355,"indent":1,"parameters":["this.showMapEventDialogue(8);"]},{"code":231,"indent":1,"parameters":[10,"mio_tachie_kao_ase",0,0,200,150,100,100,255,0]},{"code":356,"indent":1,"parameters":[">持续动作 : 批量图片[9,10,11] : 上下震动 : 持续时间[20] : 周期[10] : 震动幅度[1]"]},{"code":356,"indent":1,"parameters":["SV_PLAY_VOICE genkan_sishyoushou_sis03"]},{"code":355,"indent":1,"parameters":["this.showMapEventDialogue(9);"]},{"code":231,"indent":1,"parameters":[10,"mio_tachie_kao_shy2",0,0,200,150,100,100,255,0]},{"code":356,"indent":1,"parameters":["SV_PLAY_VOICE genkan_sishyoushou_sis04"]},{"code":355,"indent":1,"parameters":["this.showMapEventDialogue(10);"]},{"code":231,"indent":1,"parameters":[10,"mio_tachie_kao_shy3",0,0,200,150,100,100,255,0]},{"code":356,"indent":1,"parameters":[">持续动作 : 批量图片[9,10,11] : 上下震动 : 持续时间[20] : 周期[10] : 震动幅度[1]"]},{"code":356,"indent":1,"parameters":["SV_PLAY_VOICE genkan_sishyoushou_sis05"]},{"code":355,"indent":1,"parameters":["this.showMapEventDialogue(11);"]},{"code":355,"indent":1,"parameters":["this.showMapEventDialogue(12);"]},{"code":0,"indent":1,"parameters":[]},{"code":411,"indent":0,"parameters":[]},{"code":111,"indent":1,"parameters":[12,"$gameSelfVariables.get(this, 'days') <= 10"]},{"code":111,"indent":2,"parameters":[12,"Math.random() > 0.5"]},{"code":231,"indent":3,"parameters":[10,"mio_tachie_kao_shy2",0,0,200,150,100,100,255,0]},{"code":355,"indent":3,"parameters":["this.showMapEventDialogue(13);"]},{"code":0,"indent":3,"parameters":[]},{"code":412,"indent":2,"parameters":[]},{"code":0,"indent":2,"parameters":[]},{"code":411,"indent":1,"parameters":[]},{"code":111,"indent":2,"parameters":[12,"$gameSelfVariables.get(this, 'days') <= 20"]},{"code":231,"indent":3,"parameters":[10,"mio_tachie_kao_shy2",0,0,200,150,100,100,255,0]},{"code":355,"indent":3,"parameters":["this.showMapEventDialogue(13);"]},{"code":0,"indent":3,"parameters":[]},{"code":411,"indent":2,"parameters":[]},{"code":111,"indent":3,"parameters":[12,"$gameSelfVariables.get(this, 'days') < 30"]},{"code":231,"indent":4,"parameters":[10,"mio_tachie_kao_shy2",0,0,200,150,100,100,255,0]},{"code":355,"indent":4,"parameters":["this.showMapEventDialogue(13);"]},{"code":0,"indent":4,"parameters":[]},{"code":411,"indent":3,"parameters":[]},{"code":111,"indent":4,"parameters":[12,"$gameSelfVariables.get(this, 'days') === 30"]},{"code":313,"indent":5,"parameters":[0,1,1,45]},{"code":355,"indent":5,"parameters":["$gameSelfVariables.set(this, 'days', 0);"]},{"code":231,"indent":5,"parameters":[10,"mio_tachie_kao_ida",0,0,200,150,100,100,255,0]},{"code":356,"indent":5,"parameters":[">持续动作 : 批量图片[9,10,11] : 上下震动 : 持续时间[20] : 周期[10] : 震动幅度[1]"]},{"code":356,"indent":5,"parameters":["SV_PLAY_VOICE genkan_sishyoushou_sis10"]},{"code":355,"indent":5,"parameters":["this.showMapEventDialogue(14);"]},{"code":250,"indent":5,"parameters":[{"name":"キラーン（ひらめき・アイテム発見・獲得）","volume":90,"pitch":100,"pan":0}]},{"code":126,"indent":5,"parameters":[199,0,0,1]},{"code":230,"indent":5,"parameters":[60]},{"code":231,"indent":5,"parameters":[10,"mio_tachie_kao_=ω=",0,0,200,150,100,100,255,0]},{"code":356,"indent":5,"parameters":["SV_PLAY_VOICE genkan_sishyoushou_sis11"]},{"code":355,"indent":5,"parameters":["this.showMapEventDialogue(15);"]},{"code":231,"indent":5,"parameters":[10,"mio_tachie_kao_smile2",0,0,200,150,100,100,255,0]},{"code":356,"indent":5,"parameters":["SV_PLAY_VOICE genkan_sishyoushou_sis12"]},{"code":355,"indent":5,"parameters":["this.showMapEventDialogue(16);"]},{"code":356,"indent":5,"parameters":["SV_PLAY_VOICE genkan_sishyoushou_sis13"]},{"code":355,"indent":5,"parameters":["this.showMapEventDialogue(17);"]},{"code":231,"indent":5,"parameters":[10,"mio_tachie_kao_shy3",0,0,200,150,100,100,255,0]},{"code":356,"indent":5,"parameters":[">持续动作 : 批量图片[9,10,11] : 上下震动 : 持续时间[20] : 周期[10] : 震动幅度[1]"]},{"code":356,"indent":5,"parameters":["SV_PLAY_VOICE genkan_sishyoushou_sis14"]},{"code":355,"indent":5,"parameters":["this.showMapEventDialogue(18);"]},{"code":231,"indent":5,"parameters":[10,"mio_tachie_kao_shy2",0,0,200,150,100,100,255,0]},{"code":356,"indent":5,"parameters":["SV_PLAY_VOICE genkan_sishyoushou_sis15"]},{"code":355,"indent":5,"parameters":["this.showMapEventDialogue(19);"]},{"code":356,"indent":5,"parameters":["SV_PLAY_VOICE genkan_sishyoushou_sis16"]},{"code":355,"indent":5,"parameters":["this.showMapEventDialogue(20);"]},{"code":250,"indent":5,"parameters":[{"name":"アイテム入手イベント達成SE","volume":90,"pitch":100,"pan":0}]},{"code":355,"indent":5,"parameters":["this.showMapEventDialogue(21);"]},{"code":355,"indent":5,"parameters":["$gameSelfVariables.add(this, 'coupon', 1);"]},{"code":0,"indent":5,"parameters":[]},{"code":412,"indent":4,"parameters":[]},{"code":0,"indent":4,"parameters":[]},{"code":412,"indent":3,"parameters":[]},{"code":0,"indent":3,"parameters":[]},{"code":412,"indent":2,"parameters":[]},{"code":0,"indent":2,"parameters":[]},{"code":412,"indent":1,"parameters":[]},{"code":0,"indent":1,"parameters":[]},{"code":412,"indent":0,"parameters":[]},{"code":355,"indent":0,"parameters":["let id = 9;"]},{"code":655,"indent":0,"parameters":["$gameMap.event(id).steupCEQJ(1,{fromImoutoPromise:true})"]},{"code":0,"indent":0,"parameters":[]}],"moveFrequency":3,"moveRoute":{"list":[{"code":0,"parameters":[]}],"repeat":true,"skippable":false,"wait":false},"moveSpeed":3,"moveType":0,"priorityType":1,"stepAnime":false,"through":false,"trigger":0,"walkAnime":true},{"conditions":{"actorId":1,"actorValid":false,"itemId":1,"itemValid":false,"selfSwitchCh":"A","selfSwitchValid":true,"switch1Id":1,"switch1Valid":false,"switch2Id":1,"switch2Valid":false,"variableId":1,"variableValid":false,"variableValue":0},"directionFix":false,"image":{"characterIndex":0,"characterName":"","direction":2,"pattern":0,"tileId":0},"list":[{"code":108,"indent":0,"parameters":["图层组合"]},{"code":355,"indent":0,"parameters":["$gameNumberArray.setValue(41,[30,31,32,33,36,37])"]},{"code":355,"indent":0,"parameters":["$gameVariables.setValue(85, 1780);"]},{"code":655,"indent":0,"parameters":["$gameVariables.setValue(86, 125);"]},{"code":230,"indent":0,"parameters":[1]},{"code":355,"indent":0,"parameters":["var IMG = 'back';"]},{"code":655,"indent":0,"parameters":["var path = \"imoto_seal\";"]},{"code":655,"indent":0,"parameters":["$gameScreen.showPictureFromPath(30, path, IMG, 1, $gameVariables.value(85), $gameVariables.value(86), 200, 200, 0, 0)"]},{"code":355,"indent":0,"parameters":["var IMG = 'mouth' + Math.randomInt(5);"]},{"code":655,"indent":0,"parameters":["var path = \"imoto_seal\";"]},{"code":655,"indent":0,"parameters":["$gameScreen.showPictureFromPath(31, path, IMG, 1, $gameVariables.value(85), $gameVariables.value(86), 200, 200, 0, 0)"]},{"code":355,"indent":0,"parameters":["var IMG = 'eyebrow' + Math.randomInt(3);"]},{"code":655,"indent":0,"parameters":["var path = \"imoto_seal\";"]},{"code":655,"indent":0,"parameters":["$gameScreen.showPictureFromPath(32, path, IMG, 1, $gameVariables.value(85), $gameVariables.value(86), 200, 200, 0, 0)"]},{"code":355,"indent":0,"parameters":["var IMG = 'eye' + Math.randomInt(4);"]},{"code":655,"indent":0,"parameters":["var path = \"imoto_seal\";"]},{"code":655,"indent":0,"parameters":["$gameScreen.showPictureFromPath(33, path, IMG, 1, $gameVariables.value(85), $gameVariables.value(86), 200, 200, 0, 0)"]},{"code":355,"indent":0,"parameters":["if (Math.random() > 0.4) {"]},{"code":655,"indent":0,"parameters":["var IMG = 'flush';"]},{"code":655,"indent":0,"parameters":["var path = \"imoto_seal\";"]},{"code":655,"indent":0,"parameters":["$gameScreen.showPictureFromPath(34, path, IMG, 1, $gameVariables.value(85), $gameVariables.value(86), 200, 200, 0, 0);"]},{"code":655,"indent":0,"parameters":["$gameNumberArray.value(41).push(34)"]},{"code":655,"indent":0,"parameters":["}"]},{"code":355,"indent":0,"parameters":["let value = $gameSelfVariables.get(this, 'days');"]},{"code":655,"indent":0,"parameters":["if (value >= 10 && value <= 99) {"]},{"code":655,"indent":0,"parameters":["    let ones = value % 10;  "]},{"code":655,"indent":0,"parameters":["    let tens = Math.floor(value / 10); "]},{"code":655,"indent":0,"parameters":["var IMG1 = 'first_' + tens;"]},{"code":655,"indent":0,"parameters":["var IMG2 = 'second_' + ones;"]},{"code":655,"indent":0,"parameters":["$gameScreen.showPictureFromPath(36, \"imoto_seal\", IMG1, 1, $gameVariables.value(85), $gameVariables.value(86), 200, 200, 0, 0);"]},{"code":655,"indent":0,"parameters":["$gameScreen.showPictureFromPath(37, \"imoto_seal\", IMG2, 1, $gameVariables.value(85), $gameVariables.value(86), 200, 200, 0, 0);"]},{"code":655,"indent":0,"parameters":["} else {"]},{"code":655,"indent":0,"parameters":["var IMG = 'first_' + value;"]},{"code":655,"indent":0,"parameters":["$gameScreen.showPictureFromPath(36, \"imoto_seal\", IMG, 1, $gameVariables.value(85), $gameVariables.value(86), 200, 200, 0, 0)"]},{"code":655,"indent":0,"parameters":["}"]},{"code":230,"indent":0,"parameters":[30]},{"code":355,"indent":0,"parameters":["var pic_ids = $gameNumberArray.value(41);"]},{"code":655,"indent":0,"parameters":["pic_ids.forEach(function(pic_id) {"]},{"code":655,"indent":0,"parameters":["    var picture = $gameScreen.picture(pic_id);"]},{"code":655,"indent":0,"parameters":["  if (picture) { "]},{"code":655,"indent":0,"parameters":["picture.drill_PLAZ_setLayer( \"最顶层\" );}});"]},{"code":355,"indent":0,"parameters":["var pic_ids = $gameNumberArray.value(41);"]},{"code":655,"indent":0,"parameters":["pic_ids.forEach(function(pic_id) {"]},{"code":655,"indent":0,"parameters":["    var picture = $gameScreen.picture(pic_id);"]},{"code":655,"indent":0,"parameters":["var data = {"]},{"code":655,"indent":0,"parameters":["\"type\":\"opacity\","]},{"code":655,"indent":0,"parameters":["\"value\":255,"]},{"code":655,"indent":0,"parameters":["\"time\":20,}"]},{"code":655,"indent":0,"parameters":["  if (picture) { "]},{"code":655,"indent":0,"parameters":["picture._drill_PSh_commandChangeTank.push(data);}});"]},{"code":355,"indent":0,"parameters":["var pic_ids = $gameNumberArray.value(41);"]},{"code":655,"indent":0,"parameters":["pic_ids.forEach(function(pic_id) {"]},{"code":655,"indent":0,"parameters":["    var picture = $gameScreen.picture(pic_id);"]},{"code":655,"indent":0,"parameters":["var data = {"]},{"code":655,"indent":0,"parameters":["\"type\":\"scaleX\","]},{"code":655,"indent":0,"parameters":["\"value\":-180,"]},{"code":655,"indent":0,"parameters":["\"time\":20}"]},{"code":655,"indent":0,"parameters":["  if (picture) { "]},{"code":655,"indent":0,"parameters":["picture._drill_PSh_commandChangeTank.push(data);}});"]},{"code":355,"indent":0,"parameters":["var pic_ids = $gameNumberArray.value(41);"]},{"code":655,"indent":0,"parameters":["pic_ids.forEach(function(pic_id) {"]},{"code":655,"indent":0,"parameters":["    var picture = $gameScreen.picture(pic_id);"]},{"code":655,"indent":0,"parameters":["var data = {"]},{"code":655,"indent":0,"parameters":["\"type\":\"scaleY\","]},{"code":655,"indent":0,"parameters":["\"value\":-180,"]},{"code":655,"indent":0,"parameters":["\"time\":20}"]},{"code":655,"indent":0,"parameters":["  if (picture) { "]},{"code":655,"indent":0,"parameters":["picture._drill_PSh_commandChangeTank.push(data);}});"]},{"code":230,"indent":0,"parameters":[15]},{"code":250,"indent":0,"parameters":[{"name":"pon10","volume":90,"pitch":100,"pan":0}]},{"code":230,"indent":0,"parameters":[45]},{"code":250,"indent":0,"parameters":[{"name":"040myuu_YumeSE_FukidashiHeart02","volume":90,"pitch":100,"pan":0}]},{"code":355,"indent":0,"parameters":["var IMG = 'Finish';"]},{"code":655,"indent":0,"parameters":["var path = \"imoto_seal\";"]},{"code":655,"indent":0,"parameters":["$gameScreen.showPictureFromPath(38, path, IMG, 0, 1640, 90, 100, 100, 255, 0);"]},{"code":655,"indent":0,"parameters":["$gameScreen.picture(38).drill_PLAZ_setLayer( \"最顶层\" )"]},{"code":0,"indent":0,"parameters":[]}],"moveFrequency":3,"moveRoute":{"list":[{"code":0,"parameters":[]}],"repeat":true,"skippable":false,"wait":false},"moveSpeed":3,"moveType":0,"priorityType":0,"stepAnime":false,"through":false,"trigger":0,"walkAnime":true}],"x":0,"y":3},
{"id":14,"name":"特典T恤","note":"","pages":[{"conditions":{"actorId":1,"actorValid":false,"itemId":1,"itemValid":false,"selfSwitchCh":"A","selfSwitchValid":false,"switch1Id":1,"switch1Valid":false,"switch2Id":1,"switch2Valid":false,"variableId":1,"variableValid":false,"variableValue":0},"directionFix":false,"image":{"tileId":0,"characterName":"help","direction":2,"pattern":2,"characterIndex":1},"list":[{"code":111,"indent":0,"parameters":[12,"Utils.isOptionValid(\"test\")"]},{"code":231,"indent":1,"parameters":[1,"entrance_S_E_DO_RL",0,0,0,0,100,100,255,0]},{"code":117,"indent":1,"parameters":[5]},{"code":0,"indent":1,"parameters":[]},{"code":412,"indent":0,"parameters":[]},{"code":123,"indent":0,"parameters":["A",0]},{"code":355,"indent":0,"parameters":["ImageManager.reservePicture(\"mio_tachie_noKao\"); "]},{"code":230,"indent":0,"parameters":[15]},{"code":231,"indent":0,"parameters":[9,"mio_tachie_noKao",0,0,200,150,100,100,255,0]},{"code":231,"indent":0,"parameters":[10,"mio_tachie_kao_OAO",0,0,200,150,100,100,255,0]},{"code":231,"indent":0,"parameters":[11,"mio_tachie_ahoge",0,0,500,150,100,100,255,0]},{"code":230,"indent":0,"parameters":[15]},{"code":356,"indent":0,"parameters":["SV_PLAY_VOICE genkan_event_sis_31"]},{"code":355,"indent":0,"parameters":["this.showMapEventDialogue(0);"]},{"code":355,"indent":0,"parameters":["this.showMapEventDialogue(1);"]},{"code":231,"indent":0,"parameters":[10,"mio_tachie_kao_happy",0,0,200,150,100,100,255,0]},{"code":356,"indent":0,"parameters":[">图片快捷变换操作 : 批量图片[9,10,11] : 移动到-增减速移动 : 相对位置[600,0] : 时间[30]"]},{"code":230,"indent":0,"parameters":[25]},{"code":225,"indent":0,"parameters":[2,9,25,false]},{"code":250,"indent":0,"parameters":[{"name":"衣擦れ　腕と体・腕をぶつける音","volume":90,"pitch":100,"pan":0}]},{"code":230,"indent":0,"parameters":[5]},{"code":355,"indent":0,"parameters":["ImageManager.reservePicture(\"entrance_S_E\"); "]},{"code":655,"indent":0,"parameters":["$gameSystem._drill_GFTH_styleId = 4;"]},{"code":655,"indent":0,"parameters":["$gameTemp.drill_GFTH_pushNewText( \"\\\\ia[150]\" );"]},{"code":655,"indent":0,"parameters":["$gameParty.gainItem($dataItems[198], 1);"]},{"code":128,"indent":0,"parameters":[150,1,0,1,false]},{"code":356,"indent":0,"parameters":["SV_PLAY_VOICE genkan_event_sis_32"]},{"code":355,"indent":0,"parameters":["this.showMapEventDialogue(2);"]},{"code":355,"indent":0,"parameters":["this.showMapEventDialogue(3);"]},{"code":356,"indent":0,"parameters":["SV_PLAY_VOICE genkan_event_sis_33"]},{"code":122,"indent":0,"parameters":[204,204,0,4,"\"左右震动\""]},{"code":117,"indent":0,"parameters":[35]},{"code":355,"indent":0,"parameters":["this.showMapEventDialogue(4);"]},{"code":355,"indent":0,"parameters":["$gameNumberArray.setValue(41,[10,11,12,13,14,15,16,19,20])"]},{"code":231,"indent":0,"parameters":[10,"mio_tachie_hair",0,0,800,150,100,100,255,0]},{"code":231,"indent":0,"parameters":[11,"mio_tachie_nudepose0",0,0,800,150,100,100,255,0]},{"code":231,"indent":0,"parameters":[12,"mio_tachie_whitepanties",0,0,800,150,100,100,255,0]},{"code":231,"indent":0,"parameters":[13,"mio_tachie_pajamas2",0,0,800,1600,100,100,255,0]},{"code":231,"indent":0,"parameters":[14,"mio_tachie_pajamas1",0,0,800,150,100,100,255,0]},{"code":231,"indent":0,"parameters":[15,"mio_tachie_coat0",0,0,800,150,100,100,255,0]},{"code":231,"indent":0,"parameters":[16,"mio_tachie_kao_=ω=",0,0,800,150,100,100,255,0]},{"code":231,"indent":0,"parameters":[19,"mio_tachie_bowknot",0,0,800,150,100,100,255,0]},{"code":231,"indent":0,"parameters":[20,"mio_tachie_ahoge",0,0,1100,150,100,100,255,0]},{"code":235,"indent":0,"parameters":[9]},{"code":230,"indent":0,"parameters":[5]},{"code":122,"indent":0,"parameters":[204,204,0,4,"\"上下震动\""]},{"code":117,"indent":0,"parameters":[35]},{"code":230,"indent":0,"parameters":[20]},{"code":250,"indent":0,"parameters":[{"name":"Equip2","volume":90,"pitch":100,"pan":0}]},{"code":231,"indent":0,"parameters":[11,"mio_tachie_nudepose1_0",0,0,800,150,100,100,255,0]},{"code":356,"indent":0,"parameters":[">消失动作 : 批量图片[13,14,15] : 移动消失 : 时间[30] : 方向角度[90] : 移动距离[400]"]},{"code":356,"indent":0,"parameters":["SV_PLAY_VOICE genkan_event_sis_34"]},{"code":355,"indent":0,"parameters":["this.showMapEventDialogue(5);"]},{"code":355,"indent":0,"parameters":["this.showMapEventDialogue(6);"]},{"code":250,"indent":0,"parameters":[{"name":"Open4","volume":90,"pitch":100,"pan":0}]},{"code":235,"indent":0,"parameters":[13]},{"code":235,"indent":0,"parameters":[14]},{"code":235,"indent":0,"parameters":[15]},{"code":231,"indent":0,"parameters":[2,"entrance_S_E",0,0,0,0,100,100,0,0]},{"code":232,"indent":0,"parameters":[2,0,0,0,0,0,100,100,255,0,20,true]},{"code":355,"indent":0,"parameters":["var pic_ids = $gameNumberArray.value(41);"]},{"code":655,"indent":0,"parameters":["pic_ids.forEach(function(pic_id) {"]},{"code":655,"indent":0,"parameters":["    var picture = $gameScreen.picture(pic_id);"]},{"code":655,"indent":0,"parameters":["    if (picture) { "]},{"code":655,"indent":0,"parameters":["picture.drill_PFOE_playHidingMoveDisappear( 45,90,600 );"]},{"code":655,"indent":0,"parameters":["}});"]},{"code":355,"indent":0,"parameters":["this.showMapEventDialogue(7);"]},{"code":355,"indent":0,"parameters":["$gameNumberArray.setValue(41,[10,11,13,16,19,20])"]},{"code":231,"indent":0,"parameters":[10,"mio_tachie_hair",0,0,1000,1600,100,100,255,0]},{"code":355,"indent":0,"parameters":["var nail = $gameVariables.value(60);"]},{"code":655,"indent":0,"parameters":["if (![0, 1, 2].includes(nail)) {"]},{"code":655,"indent":0,"parameters":["    nail = 0;   //防修改器报错措施"]},{"code":655,"indent":0,"parameters":["}"]},{"code":655,"indent":0,"parameters":["var pictureName = \"mio_tachie_nudepose1_\" + nail;"]},{"code":655,"indent":0,"parameters":["var x = 1000;"]},{"code":655,"indent":0,"parameters":["var y = 1600;"]},{"code":655,"indent":0,"parameters":["$gameScreen.showPicture(11, pictureName, 0, x, y, 100, 100, 255, 0);"]},{"code":231,"indent":0,"parameters":[13,"mio_tachie_T-shirt1",0,0,1000,1600,100,100,255,0]},{"code":231,"indent":0,"parameters":[16,"mio_tachie_kao_happy",0,0,1000,1600,100,100,255,0]},{"code":231,"indent":0,"parameters":[19,"mio_tachie_bowknot",0,0,1000,1600,100,100,255,0]},{"code":231,"indent":0,"parameters":[20,"mio_tachie_ahoge",0,0,1300,1600,100,100,255,0]},{"code":230,"indent":0,"parameters":[30]},{"code":355,"indent":0,"parameters":["var pic_ids = $gameNumberArray.value(41);"]},{"code":655,"indent":0,"parameters":["pic_ids.forEach(function(pic_id) {"]},{"code":655,"indent":0,"parameters":["    var picture = $gameScreen.picture(pic_id);"]},{"code":655,"indent":0,"parameters":["var data = {"]},{"code":655,"indent":0,"parameters":["\"type\":\"smoothMove\","]},{"code":655,"indent":0,"parameters":["\"valueX\":0,  \"valueY\":-1450,"]},{"code":655,"indent":0,"parameters":["\"time\":30,  \"cur_speedX\":0,  \"cur_speedY\":0,}"]},{"code":655,"indent":0,"parameters":["  if (picture) { "]},{"code":655,"indent":0,"parameters":["picture._drill_PSh_commandChangeTank.push(data);}});"]},{"code":230,"indent":0,"parameters":[20]},{"code":250,"indent":0,"parameters":[{"name":"037myuu_YumeSE_FukidashiHatena01","volume":90,"pitch":100,"pan":0}]},{"code":230,"indent":0,"parameters":[40]},{"code":356,"indent":0,"parameters":["SV_PLAY_VOICE genkan_event_sis_35"]},{"code":355,"indent":0,"parameters":["this.showMapEventDialogue(8);"]},{"code":355,"indent":0,"parameters":["this.showMapEventDialogue(9);"]},{"code":355,"indent":0,"parameters":["this.showMapEventDialogue(10);"]},{"code":231,"indent":0,"parameters":[16,"mio_tachie_kao_=ω=",0,0,1000,150,100,100,255,0]},{"code":356,"indent":0,"parameters":["SV_PLAY_VOICE genkan_event_sis_36"]},{"code":355,"indent":0,"parameters":["this.showMapEventDialogue(11);"]},{"code":355,"indent":0,"parameters":["this.showMapEventDialogue(12);"]},{"code":355,"indent":0,"parameters":["this.showMapEventDialogue(13);"]},{"code":122,"indent":0,"parameters":[204,204,0,4,"\"上下震动\""]},{"code":117,"indent":0,"parameters":[35]},{"code":356,"indent":0,"parameters":["SV_PLAY_VOICE genkan_event_sis_37"]},{"code":355,"indent":0,"parameters":["this.showMapEventDialogue(14);"]},{"code":122,"indent":0,"parameters":[13,13,0,0,1]},{"code":201,"indent":0,"parameters":[0,11,5,5,0,2]},{"code":0,"indent":0,"parameters":[]}],"moveFrequency":3,"moveRoute":{"list":[{"code":0,"parameters":[]}],"repeat":true,"skippable":false,"wait":false},"moveSpeed":3,"moveType":0,"priorityType":1,"stepAnime":false,"through":false,"trigger":0,"walkAnime":true}],"x":5,"y":0},
{"id":15,"name":"炎热天气早归","note":"","pages":[{"conditions":{"actorId":1,"actorValid":false,"itemId":1,"itemValid":false,"selfSwitchCh":"A","selfSwitchValid":false,"switch1Id":1,"switch1Valid":false,"switch2Id":1,"switch2Valid":false,"variableId":1,"variableValid":false,"variableValue":0},"directionFix":false,"image":{"tileId":0,"characterName":"help","direction":2,"pattern":1,"characterIndex":0},"list":[{"code":108,"indent":0,"parameters":["事件分歧判定"]},{"code":356,"indent":0,"parameters":["PB_BGS_CHANGE_LINE 3"]},{"code":245,"indent":0,"parameters":[{"name":"ミンミンゼミが鳴く雑木林","volume":30,"pitch":100,"pan":0}]},{"code":355,"indent":0,"parameters":["$gameScreen.startDisplacementFilter(6, 6, 1)"]},{"code":231,"indent":0,"parameters":[1,"entrance_S_D_hot",0,0,0,0,100,100,255,0]},{"code":117,"indent":0,"parameters":[6]},{"code":117,"indent":0,"parameters":[58]},{"code":121,"indent":0,"parameters":[5,5,1]},{"code":117,"indent":0,"parameters":[5]},{"code":222,"indent":0,"parameters":[]},{"code":230,"indent":0,"parameters":[60]},{"code":232,"indent":0,"parameters":[92,0,0,0,0,0,100,100,0,0,60,true]},{"code":235,"indent":0,"parameters":[92]},{"code":356,"indent":0,"parameters":[">对话框皮肤 : 只对话框 : 修改样式 : 样式[3]"]},{"code":356,"indent":0,"parameters":[">对话框变形器 : 还原默认形状样式"]},{"code":355,"indent":0,"parameters":["this.showMapEventDialogue(0);"]},{"code":355,"indent":0,"parameters":["this.showMapEventDialogue(1);"]},{"code":111,"indent":0,"parameters":[12,"Utils.isOptionValid(\"test\")"]},{"code":355,"indent":1,"parameters":["let id = this._eventId;"]},{"code":655,"indent":1,"parameters":["$gameMap.event(id).steupCEQJ(5)"]},{"code":115,"indent":1,"parameters":[]},{"code":0,"indent":1,"parameters":[]},{"code":412,"indent":0,"parameters":[]},{"code":111,"indent":0,"parameters":[8,19]},{"code":111,"indent":1,"parameters":[0,489,0]},{"code":111,"indent":2,"parameters":[12,"Math.random() > 0.5"]},{"code":111,"indent":3,"parameters":[1,18,0,2,1]},{"code":355,"indent":4,"parameters":["$gameActors.actor(2).changeEquipById(2, null);"]},{"code":0,"indent":4,"parameters":[]},{"code":412,"indent":3,"parameters":[]},{"code":355,"indent":3,"parameters":["let id = this._eventId;"]},{"code":655,"indent":3,"parameters":["$gameMap.event(id).steupCEQJ(5)"]},{"code":115,"indent":3,"parameters":[]},{"code":0,"indent":3,"parameters":[]},{"code":412,"indent":2,"parameters":[]},{"code":0,"indent":2,"parameters":[]},{"code":412,"indent":1,"parameters":[]},{"code":355,"indent":1,"parameters":["let id = this._eventId;"]},{"code":655,"indent":1,"parameters":["$gameMap.event(id).steupCEQJ(4)"]},{"code":0,"indent":1,"parameters":[]},{"code":411,"indent":0,"parameters":[]},{"code":111,"indent":1,"parameters":[12,"$gameParty.hasItem($dataItems[198]) || $gameSelfSwitches.setValue([24, 14, 'A'])"]},{"code":355,"indent":2,"parameters":["let id = this._eventId;"]},{"code":655,"indent":2,"parameters":["$gameMap.event(id).steupCEQJ(3)"]},{"code":0,"indent":2,"parameters":[]},{"code":411,"indent":1,"parameters":[]},{"code":355,"indent":2,"parameters":["let id = this._eventId;"]},{"code":655,"indent":2,"parameters":["$gameMap.event(id).steupCEQJ(2)"]},{"code":0,"indent":2,"parameters":[]},{"code":412,"indent":1,"parameters":[]},{"code":0,"indent":1,"parameters":[]},{"code":412,"indent":0,"parameters":[]},{"code":0,"indent":0,"parameters":[]}],"moveFrequency":3,"moveRoute":{"list":[{"code":0,"parameters":[]}],"repeat":true,"skippable":false,"wait":false},"moveSpeed":3,"moveType":0,"priorityType":1,"stepAnime":false,"through":false,"trigger":0,"walkAnime":true},{"conditions":{"actorId":1,"actorValid":false,"itemId":1,"itemValid":false,"selfSwitchCh":"A","selfSwitchValid":true,"switch1Id":1,"switch1Valid":false,"switch2Id":1,"switch2Valid":false,"variableId":1,"variableValid":false,"variableValue":0},"directionFix":false,"image":{"characterIndex":0,"characterName":"","direction":2,"pattern":0,"tileId":0},"list":[{"code":108,"indent":0,"parameters":["无风扇、无T恤"]},{"code":355,"indent":0,"parameters":["this.showMapEventDialogue(2);"]},{"code":355,"indent":0,"parameters":["this.showMapEventDialogue(3);"]},{"code":122,"indent":0,"parameters":[13,13,0,0,8]},{"code":201,"indent":0,"parameters":[0,54,6,6,0,2]},{"code":0,"indent":0,"parameters":[]}],"moveFrequency":3,"moveRoute":{"list":[{"code":0,"parameters":[]}],"repeat":true,"skippable":false,"wait":false},"moveSpeed":3,"moveType":0,"priorityType":0,"stepAnime":false,"through":false,"trigger":0,"walkAnime":true},{"conditions":{"actorId":1,"actorValid":false,"itemId":1,"itemValid":false,"selfSwitchCh":"A","selfSwitchValid":true,"switch1Id":1,"switch1Valid":false,"switch2Id":1,"switch2Valid":false,"variableId":1,"variableValid":false,"variableValue":0},"directionFix":false,"image":{"characterIndex":0,"characterName":"","direction":2,"pattern":0,"tileId":0},"list":[{"code":108,"indent":0,"parameters":["无风扇、穿着T恤"]},{"code":313,"indent":0,"parameters":[0,2,0,23]},{"code":117,"indent":0,"parameters":[26]},{"code":231,"indent":0,"parameters":[16,"mio_tachie_kao_naku",0,0,200,1600,100,100,0,0]},{"code":230,"indent":0,"parameters":[4]},{"code":355,"indent":0,"parameters":["for (var i = 10; i <= 20; i++) {"]},{"code":655,"indent":0,"parameters":["  if($gameScreen.picture( i )) {"]},{"code":655,"indent":0,"parameters":["  $gameScreen.picture(i)._x = 200;"]},{"code":655,"indent":0,"parameters":["  $gameScreen.picture(i)._y = 150;"]},{"code":655,"indent":0,"parameters":["  $gameScreen.picture(i)._opacity = 0;"]},{"code":655,"indent":0,"parameters":["  }"]},{"code":655,"indent":0,"parameters":["}"]},{"code":655,"indent":0,"parameters":["$gameScreen.picture(20)._x = 500;"]},{"code":230,"indent":0,"parameters":[4]},{"code":355,"indent":0,"parameters":["var pic_ids = $gameNumberArray.value(41);"]},{"code":655,"indent":0,"parameters":["pic_ids.forEach(function(pic_id) {"]},{"code":655,"indent":0,"parameters":["    var picture = $gameScreen.picture(pic_id);"]},{"code":655,"indent":0,"parameters":["  if (picture) {"]},{"code":655,"indent":0,"parameters":["picture.drill_PFIE_playShowingMoveAppear( 60,180,180 );"]},{"code":655,"indent":0,"parameters":["     }"]},{"code":655,"indent":0,"parameters":["});"]},{"code":230,"indent":0,"parameters":[60]},{"code":356,"indent":0,"parameters":["SV_PLAY_VOICE hotWeatherEvent_19"]},{"code":355,"indent":0,"parameters":["this.showMapEventDialogue(4);"]},{"code":355,"indent":0,"parameters":["this.showMapEventDialogue(5);"]},{"code":250,"indent":0,"parameters":[{"name":"シューという火が消える時のSE","volume":90,"pitch":100,"pan":0}]},{"code":231,"indent":0,"parameters":[11,"mio_tachie_nudepose0",0,0,200,150,100,100,255,0]},{"code":231,"indent":0,"parameters":[13,"mio_tachie_T-shirt2",0,0,200,150,100,100,255,0]},{"code":231,"indent":0,"parameters":[16,"mio_tachie_kao_nununu3",0,0,200,150,100,100,255,0]},{"code":355,"indent":0,"parameters":["var pic_ids = $gameNumberArray.value(41);"]},{"code":655,"indent":0,"parameters":["pic_ids.forEach(function(pic_id) {"]},{"code":655,"indent":0,"parameters":["    var picture = $gameScreen.picture(pic_id);"]},{"code":655,"indent":0,"parameters":["var data = {"]},{"code":655,"indent":0,"parameters":["\"type\":\"smoothMove\","]},{"code":655,"indent":0,"parameters":["\"valueX\":-150,"]},{"code":655,"indent":0,"parameters":["\"valueY\":0,"]},{"code":655,"indent":0,"parameters":["\"time\":20,"]},{"code":655,"indent":0,"parameters":["\"cur_time\":0,\"cur_speedX\":0,\"cur_speedY\":0 }"]},{"code":655,"indent":0,"parameters":["    if (picture) { "]},{"code":655,"indent":0,"parameters":["picture._drill_PSh_commandChangeTank.push(data);"]},{"code":655,"indent":0,"parameters":["}})"]},{"code":356,"indent":0,"parameters":["SV_PLAY_VOICE hotWeatherEvent_20"]},{"code":355,"indent":0,"parameters":["this.showMapEventDialogue(6);"]},{"code":231,"indent":0,"parameters":[16,"mio_tachie_kao_kimo",0,0,50,150,100,100,255,0]},{"code":122,"indent":0,"parameters":[204,204,0,4,"\"上下震动\""]},{"code":117,"indent":0,"parameters":[35]},{"code":356,"indent":0,"parameters":["SV_PLAY_VOICE hotWeatherEvent_21"]},{"code":355,"indent":0,"parameters":["this.showMapEventDialogue(7);"]},{"code":101,"indent":0,"parameters":["",0,0,2]},{"code":401,"indent":0,"parameters":["………………………………"]},{"code":401,"indent":0,"parameters":["………………………………"]},{"code":355,"indent":0,"parameters":["this.showMapEventDialogue(8);"]},{"code":122,"indent":0,"parameters":[13,13,0,0,8]},{"code":201,"indent":0,"parameters":[0,54,6,6,0,2]},{"code":0,"indent":0,"parameters":[]}],"moveFrequency":3,"moveRoute":{"list":[{"code":0,"parameters":[]}],"repeat":true,"skippable":false,"wait":false},"moveSpeed":3,"moveType":0,"priorityType":0,"stepAnime":false,"through":false,"trigger":0,"walkAnime":true},{"conditions":{"actorId":1,"actorValid":false,"itemId":1,"itemValid":false,"selfSwitchCh":"A","selfSwitchValid":true,"switch1Id":1,"switch1Valid":false,"switch2Id":1,"switch2Valid":false,"variableId":1,"variableValid":false,"variableValue":0},"directionFix":false,"image":{"characterIndex":0,"characterName":"","direction":2,"pattern":0,"tileId":0},"list":[{"code":108,"indent":0,"parameters":["有风扇、穿着T恤、正常迎接"]},{"code":313,"indent":0,"parameters":[0,2,0,23]},{"code":117,"indent":0,"parameters":[26]},{"code":231,"indent":0,"parameters":[16,"mio_tachie_kao_=ω=",0,0,200,1600,100,100,0,0]},{"code":230,"indent":0,"parameters":[4]},{"code":355,"indent":0,"parameters":["for (var i = 10; i <= 20; i++) {"]},{"code":655,"indent":0,"parameters":["  if($gameScreen.picture( i )) {"]},{"code":655,"indent":0,"parameters":["  $gameScreen.picture(i)._x = 200;"]},{"code":655,"indent":0,"parameters":["  $gameScreen.picture(i)._y = 150;"]},{"code":655,"indent":0,"parameters":["  $gameScreen.picture(i)._opacity = 0;"]},{"code":655,"indent":0,"parameters":["  }"]},{"code":655,"indent":0,"parameters":["}"]},{"code":655,"indent":0,"parameters":["$gameScreen.picture(20)._x = 500;"]},{"code":230,"indent":0,"parameters":[4]},{"code":355,"indent":0,"parameters":["var pic_ids = $gameNumberArray.value(41);"]},{"code":655,"indent":0,"parameters":["pic_ids.forEach(function(pic_id) {"]},{"code":655,"indent":0,"parameters":["    var picture = $gameScreen.picture(pic_id);"]},{"code":655,"indent":0,"parameters":["  if (picture) {"]},{"code":655,"indent":0,"parameters":["picture.drill_PFIE_playShowingMoveAppear( 60,180,180 );"]},{"code":655,"indent":0,"parameters":["     }"]},{"code":655,"indent":0,"parameters":["});"]},{"code":230,"indent":0,"parameters":[60]},{"code":356,"indent":0,"parameters":["SV_PLAY_VOICE hotWeatherEvent_01"]},{"code":355,"indent":0,"parameters":["this.showMapEventDialogue(9);"]},{"code":355,"indent":0,"parameters":["this.showMapEventDialogue(10);"]},{"code":111,"indent":0,"parameters":[0,489,1]},{"code":355,"indent":1,"parameters":["this.showMapEventDialogue(11);"]},{"code":231,"indent":1,"parameters":[16,"mio_tachie_kao_happy",0,0,200,150,100,100,255,0]},{"code":122,"indent":1,"parameters":[204,204,0,4,"\"上下震动\""]},{"code":117,"indent":1,"parameters":[35]},{"code":356,"indent":1,"parameters":["SV_PLAY_VOICE hotWeatherEvent_25"]},{"code":355,"indent":1,"parameters":["this.showMapEventDialogue(12);"]},{"code":122,"indent":1,"parameters":[13,13,0,0,49]},{"code":201,"indent":1,"parameters":[0,4,7,6,0,2]},{"code":115,"indent":1,"parameters":[]},{"code":0,"indent":1,"parameters":[]},{"code":412,"indent":0,"parameters":[]},{"code":231,"indent":0,"parameters":[16,"mio_tachie_kao_happy",0,0,200,150,100,100,255,0]},{"code":122,"indent":0,"parameters":[204,204,0,4,"\"上下震动\""]},{"code":117,"indent":0,"parameters":[35]},{"code":356,"indent":0,"parameters":["SV_PLAY_VOICE hotWeatherEvent_02"]},{"code":355,"indent":0,"parameters":["this.showMapEventDialogue(13);"]},{"code":355,"indent":0,"parameters":["this.showMapEventDialogue(14);"]},{"code":355,"indent":0,"parameters":["this.showMapEventDialogue(15);"]},{"code":122,"indent":0,"parameters":[13,13,0,0,8]},{"code":201,"indent":0,"parameters":[0,54,6,6,0,2]},{"code":0,"indent":0,"parameters":[]}],"moveFrequency":3,"moveRoute":{"list":[{"code":0,"parameters":[]}],"repeat":true,"skippable":false,"wait":false},"moveSpeed":3,"moveType":0,"priorityType":0,"stepAnime":false,"through":false,"trigger":0,"walkAnime":true},{"conditions":{"actorId":1,"actorValid":false,"itemId":1,"itemValid":false,"selfSwitchCh":"A","selfSwitchValid":true,"switch1Id":1,"switch1Valid":false,"switch2Id":1,"switch2Valid":false,"variableId":1,"variableValid":false,"variableValue":0},"directionFix":false,"image":{"characterIndex":0,"characterName":"","direction":2,"pattern":0,"tileId":0},"list":[{"code":108,"indent":0,"parameters":["有风扇、穿着T恤、妹妹没有迎接、出现偷窥事件分歧"]},{"code":111,"indent":0,"parameters":[12,"this.peekReturn"]},{"code":108,"indent":1,"parameters":["妹妹重置胖次"]},{"code":355,"indent":1,"parameters":["var array = [154, 155, 156, 157];"]},{"code":655,"indent":1,"parameters":["var ID = $gameActors.actor(2)._equips[1]._itemId;"]},{"code":655,"indent":1,"parameters":["var newPanties = array[Math.floor(Math.random() * array.length)];"]},{"code":655,"indent":1,"parameters":["var panties = $dataArmors[ID];"]},{"code":655,"indent":1,"parameters":["$gameActors.actor(2).changeEquipById(2, newPanties);"]},{"code":655,"indent":1,"parameters":["$gameParty.loseItem(panties, 1);"]},{"code":356,"indent":1,"parameters":["PB_BGS_CHANGE_LINE 3"]},{"code":245,"indent":1,"parameters":[{"name":"ミンミンゼミが鳴く雑木林","volume":30,"pitch":100,"pan":0}]},{"code":355,"indent":1,"parameters":["$gameScreen.startDisplacementFilter(6, 6, 1)"]},{"code":231,"indent":1,"parameters":[1,"entrance_S_D_hot",0,0,0,0,100,100,255,0]},{"code":117,"indent":1,"parameters":[5]},{"code":222,"indent":1,"parameters":[]},{"code":355,"indent":1,"parameters":["this.showMapEventDialogue(32);"]},{"code":101,"indent":1,"parameters":["",0,0,2]},{"code":401,"indent":1,"parameters":["………………"]},{"code":401,"indent":1,"parameters":["………………"]},{"code":355,"indent":1,"parameters":["this.showMapEventDialogue(33);"]},{"code":355,"indent":1,"parameters":["this.showMapEventDialogue(34);"]},{"code":119,"indent":1,"parameters":["peekReturn"]},{"code":0,"indent":1,"parameters":[]},{"code":412,"indent":0,"parameters":[]},{"code":230,"indent":0,"parameters":[60]},{"code":101,"indent":0,"parameters":["",0,0,2]},{"code":401,"indent":0,"parameters":["………………"]},{"code":401,"indent":0,"parameters":["………………"]},{"code":108,"indent":0,"parameters":["修改选项"]},{"code":355,"indent":0,"parameters":["$gameSystem._drill_DCB_curStyle = 25;"]},{"code":655,"indent":0,"parameters":["let style = [\"eventButtons_sennyuu\", \"eventButtons_talk2\"];"]},{"code":655,"indent":0,"parameters":["DrillUp.g_DCB_data[24].btn_src = style;"]},{"code":655,"indent":0,"parameters":["QJ.MPMZ.tl._imoutoUtilGenerateOptionText.call(this,18)"]},{"code":355,"indent":0,"parameters":["this.showMapEventDialogue(16);"]},{"code":355,"indent":0,"parameters":["this.showMapEventDialogue(17);"]},{"code":102,"indent":0,"parameters":[["\\str[6]","\\c[15]\\str[7]"],1,0,2,0]},{"code":402,"indent":0,"parameters":[0,"\\str[6]"]},{"code":355,"indent":1,"parameters":["this.showMapEventDialogue(19);"]},{"code":108,"indent":1,"parameters":["事件标记"]},{"code":355,"indent":1,"parameters":["$gameSelfSwitches.setValue([54, 8, 'B'], true);"]},{"code":250,"indent":1,"parameters":[{"name":"悪そうなキャラが近づいてくる効果音","volume":100,"pitch":100,"pan":0}]},{"code":230,"indent":1,"parameters":[20]},{"code":122,"indent":1,"parameters":[13,13,0,0,8]},{"code":201,"indent":1,"parameters":[0,54,6,6,0,2]},{"code":115,"indent":1,"parameters":[]},{"code":0,"indent":1,"parameters":[]},{"code":402,"indent":0,"parameters":[1,"\\c[15]\\str[7]"]},{"code":355,"indent":1,"parameters":["this.showMapEventDialogue(20);"]},{"code":111,"indent":1,"parameters":[1,18,0,0,1]},{"code":118,"indent":2,"parameters":["peekReturn"]},{"code":250,"indent":2,"parameters":[{"name":"猫がバタバタと階段を駆け下りる音","volume":90,"pitch":100,"pan":0}]},{"code":230,"indent":2,"parameters":[30]},{"code":355,"indent":2,"parameters":["this.showMapEventDialogue(21);"]},{"code":355,"indent":2,"parameters":["this.showMapEventDialogue(22);"]},{"code":313,"indent":2,"parameters":[0,2,0,23]},{"code":117,"indent":2,"parameters":[26]},{"code":231,"indent":2,"parameters":[16,"mio_tachie_kao_shy2",0,0,200,1600,100,100,0,0]},{"code":230,"indent":2,"parameters":[4]},{"code":355,"indent":2,"parameters":["for (var i = 10; i <= 20; i++) {"]},{"code":655,"indent":2,"parameters":["  if($gameScreen.picture( i )) {"]},{"code":655,"indent":2,"parameters":["  $gameScreen.picture(i)._x = 200;"]},{"code":655,"indent":2,"parameters":["  $gameScreen.picture(i)._y = 150;"]},{"code":655,"indent":2,"parameters":["  $gameScreen.picture(i)._opacity = 0;"]},{"code":655,"indent":2,"parameters":["  }"]},{"code":655,"indent":2,"parameters":["}"]},{"code":655,"indent":2,"parameters":["$gameScreen.picture(20)._x = 500;"]},{"code":230,"indent":2,"parameters":[4]},{"code":355,"indent":2,"parameters":["var pic_ids = $gameNumberArray.value(41);"]},{"code":655,"indent":2,"parameters":["pic_ids.forEach(function(pic_id) {"]},{"code":655,"indent":2,"parameters":["    var picture = $gameScreen.picture(pic_id);"]},{"code":655,"indent":2,"parameters":["  if (picture) {"]},{"code":655,"indent":2,"parameters":["picture.drill_PFIE_playShowingMoveAppear( 60,180,180 );"]},{"code":655,"indent":2,"parameters":["     }"]},{"code":655,"indent":2,"parameters":["});"]},{"code":230,"indent":2,"parameters":[60]},{"code":356,"indent":2,"parameters":["SV_PLAY_VOICE hotWeatherEvent_26"]},{"code":355,"indent":2,"parameters":["this.showMapEventDialogue(23);"]},{"code":355,"indent":2,"parameters":["this.showMapEventDialogue(24);"]},{"code":355,"indent":2,"parameters":["this.showMapEventDialogue(25);"]},{"code":231,"indent":2,"parameters":[16,"mio_tachie_kao_shy3",0,0,200,150,100,100,255,0]},{"code":122,"indent":2,"parameters":[204,204,0,4,"\"上下震动\""]},{"code":117,"indent":2,"parameters":[35]},{"code":356,"indent":2,"parameters":["SV_PLAY_VOICE hotWeatherEvent_27"]},{"code":355,"indent":2,"parameters":["this.showMapEventDialogue(26);"]},{"code":355,"indent":2,"parameters":["this.showMapEventDialogue(27);"]},{"code":356,"indent":2,"parameters":["SV_PLAY_VOICE hotWeatherEvent_28"]},{"code":355,"indent":2,"parameters":["this.showMapEventDialogue(28);"]},{"code":231,"indent":2,"parameters":[16,"mio_tachie_kao_shy2",0,0,200,150,100,100,255,0]},{"code":355,"indent":2,"parameters":["this.showMapEventDialogue(29);"]},{"code":231,"indent":2,"parameters":[16,"mio_tachie_kao_nununu3",0,0,200,150,100,100,255,0]},{"code":356,"indent":2,"parameters":["SV_PLAY_VOICE hotWeatherEvent_29"]},{"code":355,"indent":2,"parameters":["this.showMapEventDialogue(30);"]},{"code":355,"indent":2,"parameters":["var pic_ids = $gameNumberArray.value(41);"]},{"code":655,"indent":2,"parameters":["pic_ids.forEach(function(pic_id) {"]},{"code":655,"indent":2,"parameters":["    var picture = $gameScreen.picture(pic_id);"]},{"code":655,"indent":2,"parameters":["    if (picture) { "]},{"code":655,"indent":2,"parameters":["picture.drill_PFOE_playHidingMoveDisappear( 30,180,360 );"]},{"code":655,"indent":2,"parameters":["}});"]},{"code":230,"indent":2,"parameters":[15]},{"code":250,"indent":2,"parameters":[{"name":"部屋に駆け込んでくる","volume":70,"pitch":100,"pan":0}]},{"code":230,"indent":2,"parameters":[60]},{"code":355,"indent":2,"parameters":["this.showMapEventDialogue(31);"]},{"code":0,"indent":2,"parameters":[]},{"code":411,"indent":1,"parameters":[]},{"code":250,"indent":2,"parameters":[{"name":"家の階段を駆け上る","volume":100,"pitch":100,"pan":0}]},{"code":230,"indent":2,"parameters":[60]},{"code":355,"indent":2,"parameters":["this.showMapEventDialogue(21);"]},{"code":0,"indent":2,"parameters":[]},{"code":412,"indent":1,"parameters":[]},{"code":122,"indent":1,"parameters":[13,13,0,0,8]},{"code":201,"indent":1,"parameters":[0,54,6,6,0,2]},{"code":0,"indent":1,"parameters":[]},{"code":404,"indent":0,"parameters":[]},{"code":0,"indent":0,"parameters":[]}],"moveFrequency":3,"moveRoute":{"list":[{"code":0,"parameters":[]}],"repeat":true,"skippable":false,"wait":false},"moveSpeed":3,"moveType":0,"priorityType":0,"stepAnime":false,"through":false,"trigger":0,"walkAnime":true}],"x":7,"y":8},
null
]
}