{
  "5": [
    {
      "revelationText": "背後背後側面側面側面背後背後！",
      "textPosX": 18.3,
      "textPosY": 41.7,
      "author": ""
    },
    {
      "revelationText": "牛乳",
      "textPosX": 13.7,
      "textPosY": 34.1,
      "author": ""
    },
    {
      "revelationText": "背後背？",
      "textPosX": 13.4,
      "textPosY": 22.6,
      "author": ""
    },
    {
      "revelationText": "右です",
      "textPosX": 14.4,
      "textPosY": 25.1,
      "author": ""
    },
    {
      "revelationText": "防御",
      "textPosX": 7.9,
      "textPosY": 17,
      "author": ""
    },
    {
      "revelationText": "または",
      "textPosX": 34.9,
      "textPosY": 40.4,
      "author": ""
    },
    {
      "revelationText": "ですだなぜなら間違いないない雑魚",
      "textPosX": 15.1,
      "textPosY": 32.9,
      "author": ""
    },
    {
      "revelationText": "右下",
      "textPosX": 19.1,
      "textPosY": 22.9,
      "author": ""
    },
    {
      "revelationText": "上限上限",
      "textPosX": 11.3,
      "textPosY": 17.1,
      "author": ""
    },
    {
      "revelationText": "正面状態耐性",
      "textPosX": 11.3,
      "textPosY": 17.1,
      "author": ""
    },
    {
      "revelationText": "なぜならなぜならなぜならなぜな",
      "textPosX": 18.7,
      "textPosY": 18.1,
      "author": ""
    },
    {
      "revelationText": "です",
      "textPosX": 33.4,
      "textPosY": 22,
      "author": ""
    },
    {
      "revelationText": "属性属性敵集団するする属性属性",
      "textPosX": 12.8,
      "textPosY": 36.6,
      "author": ""
    },
    {
      "revelationText": "頑張れお茶会",
      "textPosX": 12.9,
      "textPosY": 36.3,
      "author": ""
    },
    {
      "revelationText": "前前前",
      "textPosX": 14.2,
      "textPosY": 17.1,
      "author": ""
    },
    {
      "revelationText": "めまい毒地面凍結有効上限仲間詐欺師",
      "textPosX": 8.8,
      "textPosY": 24.5,
      "author": ""
    },
    {
      "revelationText": "するするするするする知らない知らない",
      "textPosX": 16.9,
      "textPosY": 26.3,
      "author": ""
    },
    {
      "revelationText": "できるお兄ちゃん注意気をつけろ",
      "textPosX": 34,
      "textPosY": 41,
      "author": ""
    },
    {
      "revelationText": "凍結だけどだからなぜなら間違い",
      "textPosX": 34,
      "textPosY": 41,
      "author": ""
    },
    {
      "revelationText": "ね？かね見る右かのだです前左ではない",
      "textPosX": 34,
      "textPosY": 41,
      "author": ""
    },
    {
      "revelationText": "敵集団見る君罠飲み物肉麻痺タロット",
      "textPosX": 34,
      "textPosY": 41,
      "author": ""
    },
    {
      "revelationText": "強敵に気をつけろ。頑張れ！",
      "textPosX": 40,
      "textPosY": 23.8,
      "author": ""
    },
    {
      "revelationText": "だけどだけどだけどだけど側面背後",
      "textPosX": 26.6,
      "textPosY": 22.4,
      "author": ""
    },
    {
      "revelationText": "ですですですで",
      "textPosX": 13.3,
      "textPosY": 16.6,
      "author": ""
    },
    {
      "revelationText": "のだ",
      "textPosX": 9.8,
      "textPosY": 18.7,
      "author": ""
    },
    {
      "revelationText": "敵",
      "textPosX": 41.4,
      "textPosY": 23.7,
      "author": ""
    },
    {
      "revelationText": "爆弾爆弾",
      "textPosX": 9.3,
      "textPosY": 21.6,
      "author": ""
    },
    {
      "revelationText": "ですだのかねなぜならだから",
      "textPosX": 18.3,
      "textPosY": 21.1,
      "author": ""
    },
    {
      "revelationText": "お兄ちゃんと妹の愛",
      "textPosX": 9.3,
      "textPosY": 21.8,
      "author": ""
    },
    {
      "revelationText": "です知らないすべて上限炎上炎上",
      "textPosX": 9.2,
      "textPosY": 19,
      "author": ""
    },
    {
      "revelationText": "前方に強敵あり",
      "textPosX": 41.7,
      "textPosY": 24.3,
      "author": ""
    },
    {
      "revelationText": "進み続けろ！",
      "textPosX": 42.5,
      "textPosY": 26.3,
      "author": ""
    }
  ],
  "9": [
    {
      "revelationText": "ここは終点ではない",
      "textPosX": 18.7,
      "textPosY": 9.7,
      "author": ""
    },
    {
      "revelationText": "忍耐が必要だ",
      "textPosX": 13.5,
      "textPosY": 8.6,
      "author": ""
    }
  ],
  "10": [
    {
      "revelationText": "お金強敵防御移動ダッシュ敵集団",
      "textPosX": 16.5,
      "textPosY": 24.5,
      "author": ""
    },
    {
      "revelationText": "牛乳",
      "textPosX": 20.6,
      "textPosY": 9.8,
      "author": ""
    },
    {
      "revelationText": "凍結凍結",
      "textPosX": 17.1,
      "textPosY": 33.6,
      "author": ""
    },
    {
      "revelationText": "だろう背後",
      "textPosX": 26.5,
      "textPosY": 8.3,
      "author": ""
    },
    {
      "revelationText": "全部取る",
      "textPosX": 18.5,
      "textPosY": 11.5,
      "author": ""
    },
    {
      "revelationText": "。。。。。。。。。。。。。。。",
      "textPosX": 16.4,
      "textPosY": 24.7,
      "author": ""
    },
    {
      "revelationText": "間違い君肉右そこ",
      "textPosX": 22.8,
      "textPosY": 16.1,
      "author": ""
    },
    {
      "revelationText": "できる安全安全",
      "textPosX": 26.1,
      "textPosY": 24.6,
      "author": ""
    },
    {
      "revelationText": "のか右",
      "textPosX": 21.7,
      "textPosY": 16.1,
      "author": ""
    },
    {
      "revelationText": "毒の肉と川の中の食材",
      "textPosX": 12.9,
      "textPosY": 5.2,
      "author": ""
    },
    {
      "revelationText": "牛乳罠罠下下中央中央中央中央中央",
      "textPosX": 13.8,
      "textPosY": 21.3,
      "author": ""
    },
    {
      "revelationText": "部屋",
      "textPosX": 10.1,
      "textPosY": 20.4,
      "author": ""
    },
    {
      "revelationText": "魔法魔法魔法魔法",
      "textPosX": 19.2,
      "textPosY": 9.5,
      "author": ""
    },
    {
      "revelationText": "頑張れ",
      "textPosX": 7.3,
      "textPosY": 8.1,
      "author": ""
    },
    {
      "revelationText": "ないない",
      "textPosX": 24.4,
      "textPosY": 8.2,
      "author": ""
    },
    {
      "revelationText": "なぜならなぜならなぜならなぜなら",
      "textPosX": 16.2,
      "textPosY": 24.5,
      "author": ""
    },
    {
      "revelationText": "かのだですだろうなぜならだから",
      "textPosX": 26.1,
      "textPosY": 9.2,
      "author": ""
    },
    {
      "revelationText": "強敵に注意",
      "textPosX": 22.8,
      "textPosY": 9.7,
      "author": ""
    },
    {
      "revelationText": "炎上",
      "textPosX": 16.1,
      "textPosY": 17.1,
      "author": ""
    },
    {
      "revelationText": "なぜなら詐欺師アイテム敵集団ル",
      "textPosX": 18.7,
      "textPosY": 10.8,
      "author": ""
    },
    {
      "revelationText": "お兄ちゃん頑張れ",
      "textPosX": 14.9,
      "textPosY": 18.4,
      "author": ""
    },
    {
      "revelationText": "考える部屋",
      "textPosX": 26.1,
      "textPosY": 7.9,
      "author": ""
    },
    {
      "revelationText": "。。。。。。。。。。。。。。。",
      "textPosX": 16.3,
      "textPosY": 24.5,
      "author": ""
    },
    {
      "revelationText": "注意できるお兄ちゃん寝る",
      "textPosX": 30.8,
      "textPosY": 24.6,
      "author": ""
    },
    {
      "revelationText": "爆弾だ！！！",
      "textPosX": 24.4,
      "textPosY": 20.9,
      "author": ""
    },
    {
      "revelationText": "危険帰る",
      "textPosX": 26.7,
      "textPosY": 10.2,
      "author": ""
    },
    {
      "revelationText": "爆弾爆弾爆弾爆弾爆弾爆弾爆弾",
      "textPosX": 6,
      "textPosY": 8.2,
      "author": ""
    },
    {
      "revelationText": "前方に強敵あり",
      "textPosX": 26.8,
      "textPosY": 10.2,
      "author": ""
    },
    {
      "revelationText": "もっと強くなれ！",
      "textPosX": 24.3,
      "textPosY": 8.2,
      "author": ""
    }
  ],
  "13": [
    {
      "revelationText": "正面",
      "textPosX": 9.7,
      "textPosY": 16,
      "author": ""
    },
    {
      "revelationText": "右取る敵上限耐性魔法有効",
      "textPosX": 10.1,
      "textPosY": 33.1,
      "author": ""
    },
    {
      "revelationText": "だからのしかしすべてではない",
      "textPosX": 9.9,
      "textPosY": 19,
      "author": ""
    },
    {
      "revelationText": "下限正面背後側面側面側面側面",
      "textPosX": 10.1,
      "textPosY": 16.7,
      "author": ""
    },
    {
      "revelationText": "川の中",
      "textPosX": 11,
      "textPosY": 19.9,
      "author": ""
    },
    {
      "revelationText": "妹爆弾川の中アイテムできる",
      "textPosX": 11.9,
      "textPosY": 19.2,
      "author": ""
    },
    {
      "revelationText": "愛妹",
      "textPosX": 11.4,
      "textPosY": 27.2,
      "author": ""
    },
    {
      "revelationText": "だけど",
      "textPosX": 12.3,
      "textPosY": 5.6,
      "author": ""
    },
    {
      "revelationText": "魔法耐性",
      "textPosX": 11,
      "textPosY": 28.3,
      "author": ""
    },
    {
      "revelationText": "です背後背後側面",
      "textPosX": 10.2,
      "textPosY": 15.6,
      "author": ""
    },
    {
      "revelationText": "正面",
      "textPosX": 9.7,
      "textPosY": 16.9,
      "author": ""
    },
    {
      "revelationText": "炎上凍結牛乳肉飲み物食材",
      "textPosX": 11.2,
      "textPosY": 21.7,
      "author": ""
    },
    {
      "revelationText": "爆弾",
      "textPosX": 11.6,
      "textPosY": 22.1,
      "author": ""
    },
    {
      "revelationText": "間違い知らないスキル",
      "textPosX": 14,
      "textPosY": 23.9,
      "author": ""
    },
    {
      "revelationText": "川",
      "textPosX": 9.1,
      "textPosY": 23.4,
      "author": ""
    },
    {
      "revelationText": "ですののの知らない取る下下下中立",
      "textPosX": 10.5,
      "textPosY": 18.5,
      "author": ""
    },
    {
      "revelationText": "ですなぜなら前君君罠属性タロッ",
      "textPosX": 10.1,
      "textPosY": 33.1,
      "author": ""
    },
    {
      "revelationText": "中央",
      "textPosX": 11.8,
      "textPosY": 21.7,
      "author": ""
    },
    {
      "revelationText": "川の中",
      "textPosX": 11.5,
      "textPosY": 21.4,
      "author": ""
    },
    {
      "revelationText": "君君ダッシュ敵集団属性使う必要",
      "textPosX": 11.8,
      "textPosY": 18.2,
      "author": ""
    },
    {
      "revelationText": "右下ついについに",
      "textPosX": 12.9,
      "textPosY": 6.6,
      "author": ""
    },
    {
      "revelationText": "炎上凍結爆弾属性取る見る君罠ね",
      "textPosX": 10.1,
      "textPosY": 33.1,
      "author": ""
    },
    {
      "revelationText": "ですなぜならだけどかのだけど",
      "textPosX": 10.1,
      "textPosY": 30.1,
      "author": ""
    },
    {
      "revelationText": "正面正面正面正面正面正面正面正面",
      "textPosX": 11.4,
      "textPosY": 23.5,
      "author": ""
    },
    {
      "revelationText": "安全",
      "textPosX": 10.3,
      "textPosY": 21.1,
      "author": ""
    },
    {
      "revelationText": "のか",
      "textPosX": 10.8,
      "textPosY": 21.5,
      "author": ""
    },
    {
      "revelationText": "肉",
      "textPosX": 10.5,
      "textPosY": 32.5,
      "author": ""
    },
    {
      "revelationText": "爆弾耐性",
      "textPosX": 11.3,
      "textPosY": 27.1,
      "author": ""
    },
    {
      "revelationText": "川の中に爆弾使う",
      "textPosX": 9.6,
      "textPosY": 19.2,
      "author": ""
    },
    {
      "revelationText": "前方に道あり",
      "textPosX": 15.3,
      "textPosY": 23.5,
      "author": ""
    }
  ],
  "14": [
    {
      "revelationText": "正面正面正面正面",
      "textPosX": 7.3,
      "textPosY": 9.7,
      "author": ""
    },
    {
      "revelationText": "見る",
      "textPosX": 7.5,
      "textPosY": 10.3,
      "author": ""
    },
    {
      "revelationText": "それは無駄だ",
      "textPosX": 8.6,
      "textPosY": 9.9,
      "author": ""
    }
  ],
  "15": [
    {
      "revelationText": "だからだけどすべて",
      "textPosX": 13.2,
      "textPosY": 18.2,
      "author": ""
    },
    {
      "revelationText": "おかえり",
      "textPosX": 14.7,
      "textPosY": 13.2,
      "author": ""
    },
    {
      "revelationText": "これだ→",
      "textPosX": 16.8,
      "textPosY": 10.4,
      "author": ""
    }
  ],
  "16": [
    {
      "revelationText": "これは幻覚だ",
      "textPosX": 9.6,
      "textPosY": 9.2,
      "author": ""
    },
    {
      "revelationText": "進み続けろ！",
      "textPosX": 10.8,
      "textPosY": 17.6,
      "author": ""
    },
    {
      "revelationText": "それは無駄だ",
      "textPosX": 11.5,
      "textPosY": 21.9,
      "author": ""
    }
  ],
  "17": [
    {
      "revelationText": "君ならできる！",
      "textPosX": 8.9,
      "textPosY": 12.6,
      "author": ""
    }
  ],
  "18": [
    {
      "revelationText": "未来の剣聖",
      "textPosX": 7.2,
      "textPosY": 46.5,
      "author": ""
    },
    {
      "revelationText": "前前知らない",
      "textPosX": 13.1,
      "textPosY": 26.9,
      "author": ""
    },
    {
      "revelationText": "しかしここタロットアイテムアイテム",
      "textPosX": 19.2,
      "textPosY": 7.2,
      "author": ""
    },
    {
      "revelationText": "めまいめまいめまい",
      "textPosX": 20.6,
      "textPosY": 6.9,
      "author": ""
    },
    {
      "revelationText": "気をつけろ",
      "textPosX": 8.1,
      "textPosY": 44.3,
      "author": ""
    },
    {
      "revelationText": "お金お金お金お金お金お金",
      "textPosX": 11.4,
      "textPosY": 31.9,
      "author": ""
    },
    {
      "revelationText": "ルーン",
      "textPosX": 10.4,
      "textPosY": 40.1,
      "author": ""
    },
    {
      "revelationText": "過去力！……過去過去過去過去悪",
      "textPosX": 11.7,
      "textPosY": 27,
      "author": ""
    },
    {
      "revelationText": "君",
      "textPosX": 18.7,
      "textPosY": 9.9,
      "author": ""
    },
    {
      "revelationText": "必要必要必要必要",
      "textPosX": 14.9,
      "textPosY": 20.3,
      "author": ""
    },
    {
      "revelationText": "です前前ダッシュダッシュ雑魚雑",
      "textPosX": 8.1,
      "textPosY": 46.1,
      "author": ""
    },
    {
      "revelationText": "強敵右、危険。頑張れ…！",
      "textPosX": 10.2,
      "textPosY": 40.9,
      "author": ""
    },
    {
      "revelationText": "炎上炎上",
      "textPosX": 11.9,
      "textPosY": 25.7,
      "author": ""
    },
    {
      "revelationText": "凍結",
      "textPosX": 21.7,
      "textPosY": 6,
      "author": ""
    },
    {
      "revelationText": "背後側面正面凍結炎上",
      "textPosX": 8.1,
      "textPosY": 45.6,
      "author": ""
    },
    {
      "revelationText": "ですだだ",
      "textPosX": 25.7,
      "textPosY": 9,
      "author": ""
    },
    {
      "revelationText": "ここ",
      "textPosX": 9.7,
      "textPosY": 38,
      "author": ""
    },
    {
      "revelationText": "君知らない",
      "textPosX": 9.9,
      "textPosY": 34,
      "author": ""
    },
    {
      "revelationText": "見る右右",
      "textPosX": 22.7,
      "textPosY": 7.1,
      "author": ""
    },
    {
      "revelationText": "お金",
      "textPosX": 24.4,
      "textPosY": 5,
      "author": ""
    },
    {
      "revelationText": "正面",
      "textPosX": 18.9,
      "textPosY": 38.8,
      "author": ""
    },
    {
      "revelationText": "ですだのか",
      "textPosX": 12.3,
      "textPosY": 32.5,
      "author": ""
    },
    {
      "revelationText": "今か",
      "textPosX": 8.1,
      "textPosY": 43,
      "author": ""
    },
    {
      "revelationText": "見る",
      "textPosX": 26.6,
      "textPosY": 6.7,
      "author": ""
    },
    {
      "revelationText": "お茶会に攻撃だ",
      "textPosX": 22.5,
      "textPosY": 3.6,
      "author": ""
    },
    {
      "revelationText": "ですですだのか",
      "textPosX": 20.3,
      "textPosY": 6.7,
      "author": ""
    },
    {
      "revelationText": "下",
      "textPosX": 21.8,
      "textPosY": 2.7,
      "author": ""
    },
    {
      "revelationText": "ののの",
      "textPosX": 9.1,
      "textPosY": 36.1,
      "author": ""
    },
    {
      "revelationText": "です",
      "textPosX": 12.3,
      "textPosY": 31.7,
      "author": ""
    },
    {
      "revelationText": "無効無効無効無効無効無効無効",
      "textPosX": 8.1,
      "textPosY": 44.5,
      "author": ""
    },
    {
      "revelationText": "正面凍結側面",
      "textPosX": 11.8,
      "textPosY": 30.9,
      "author": ""
    },
    {
      "revelationText": "お茶会お茶会お茶会",
      "textPosX": 8.1,
      "textPosY": 45.1,
      "author": ""
    },
    {
      "revelationText": "牛乳爆弾上限仲間背後背後側",
      "textPosX": 13.9,
      "textPosY": 34.2,
      "author": ""
    },
    {
      "revelationText": "ですですですですですですですです",
      "textPosX": 10.5,
      "textPosY": 37.2,
      "author": ""
    },
    {
      "revelationText": "すべてではない",
      "textPosX": 27.8,
      "textPosY": 7.2,
      "author": ""
    },
    {
      "revelationText": "ですですですですですですですで",
      "textPosX": 17.3,
      "textPosY": 26.7,
      "author": ""
    },
    {
      "revelationText": "側面",
      "textPosX": 12.5,
      "textPosY": 29.2,
      "author": ""
    },
    {
      "revelationText": "ルーン属性魔法上限有効炎上正面",
      "textPosX": 28.9,
      "textPosY": 5.1,
      "author": ""
    },
    {
      "revelationText": "間違い",
      "textPosX": 25.6,
      "textPosY": 5.5,
      "author": ""
    },
    {
      "revelationText": "右耐性",
      "textPosX": 25.3,
      "textPosY": 6.7,
      "author": ""
    },
    {
      "revelationText": "だからだから",
      "textPosX": 10.9,
      "textPosY": 39.9,
      "author": ""
    },
    {
      "revelationText": "です前中立属性属性上限上限",
      "textPosX": 13.6,
      "textPosY": 37.9,
      "author": ""
    },
    {
      "revelationText": "ですだからだけどではないしかし",
      "textPosX": 31.7,
      "textPosY": 35.1,
      "author": ""
    },
    {
      "revelationText": "右",
      "textPosX": 13,
      "textPosY": 24.5,
      "author": ""
    },
    {
      "revelationText": "…",
      "textPosX": 8.1,
      "textPosY": 46.1,
      "author": ""
    },
    {
      "revelationText": "正面正面",
      "textPosX": 20.5,
      "textPosY": 4.2,
      "author": ""
    },
    {
      "revelationText": "お茶会",
      "textPosX": 9.2,
      "textPosY": 44.6,
      "author": ""
    },
    {
      "revelationText": "攻下限上限",
      "textPosX": 8.1,
      "textPosY": 43.2,
      "author": ""
    },
    {
      "revelationText": "なぜならなぜなら",
      "textPosX": 23.3,
      "textPosY": 4.2,
      "author": ""
    },
    {
      "revelationText": "仲間取る取る右右だけどだけどだけど",
      "textPosX": 29.4,
      "textPosY": 10.2,
      "author": ""
    },
    {
      "revelationText": "炎上上限",
      "textPosX": 23.3,
      "textPosY": 4.6,
      "author": ""
    },
    {
      "revelationText": "左左左スキル",
      "textPosX": 8.8,
      "textPosY": 42.6,
      "author": ""
    },
    {
      "revelationText": "前前前前前前前前前前前前前前前",
      "textPosX": 20.1,
      "textPosY": 5,
      "author": ""
    },
    {
      "revelationText": "前前前前前前前前前前前前前前前",
      "textPosX": 20.1,
      "textPosY": 5,
      "author": ""
    },
    {
      "revelationText": "肉肉肉肉肉肉肉肉肉肉肉肉肉肉肉",
      "textPosX": 19.3,
      "textPosY": 5.6,
      "author": ""
    },
    {
      "revelationText": "でで…",
      "textPosX": 14,
      "textPosY": 24.3,
      "author": ""
    },
    {
      "revelationText": "！側面側面背後背後",
      "textPosX": 12.3,
      "textPosY": 28,
      "author": ""
    },
    {
      "revelationText": "正しい",
      "textPosX": 21,
      "textPosY": 8.7,
      "author": ""
    },
    {
      "revelationText": "間違い取る罠魔法知らない下または",
      "textPosX": 21.9,
      "textPosY": 7.9,
      "author": ""
    },
    {
      "revelationText": "ですですですですですですですと",
      "textPosX": 22,
      "textPosY": 6.6,
      "author": ""
    },
    {
      "revelationText": "耐性",
      "textPosX": 20.4,
      "textPosY": 5,
      "author": ""
    },
    {
      "revelationText": "お茶会未来",
      "textPosX": 16.9,
      "textPosY": 33.4,
      "author": ""
    },
    {
      "revelationText": "右右ダッシュタロット川の中攻撃",
      "textPosX": 13.4,
      "textPosY": 33.5,
      "author": ""
    },
    {
      "revelationText": "属性地面妹",
      "textPosX": 12.1,
      "textPosY": 35.3,
      "author": ""
    },
    {
      "revelationText": "仲間",
      "textPosX": 31.8,
      "textPosY": 35.8,
      "author": ""
    },
    {
      "revelationText": "川の中",
      "textPosX": 18.2,
      "textPosY": 17.6,
      "author": ""
    },
    {
      "revelationText": "ですですですですですですですで",
      "textPosX": 11.9,
      "textPosY": 30.8,
      "author": ""
    },
    {
      "revelationText": "だから",
      "textPosX": 12.3,
      "textPosY": 32.5,
      "author": ""
    },
    {
      "revelationText": "右",
      "textPosX": 8.7,
      "textPosY": 43.4,
      "author": ""
    },
    {
      "revelationText": "前左見るスキルスキルスキル君私",
      "textPosX": 12.1,
      "textPosY": 33.7,
      "author": ""
    },
    {
      "revelationText": "炎上",
      "textPosX": 8.1,
      "textPosY": 44.3,
      "author": ""
    },
    {
      "revelationText": "なぜならする罠タロット牛乳凍結",
      "textPosX": 12.8,
      "textPosY": 29.7,
      "author": ""
    },
    {
      "revelationText": "です",
      "textPosX": 15.2,
      "textPosY": 17,
      "author": ""
    },
    {
      "revelationText": "魔法牛乳前知らない知ら",
      "textPosX": 11.1,
      "textPosY": 36.2,
      "author": ""
    },
    {
      "revelationText": "使う使う属",
      "textPosX": 14.9,
      "textPosY": 17.5,
      "author": ""
    },
    {
      "revelationText": "する",
      "textPosX": 12.6,
      "textPosY": 33.4,
      "author": ""
    },
    {
      "revelationText": "タロット属性属性属性耐性耐性",
      "textPosX": 13.1,
      "textPosY": 39.1,
      "author": ""
    },
    {
      "revelationText": "だのか",
      "textPosX": 12.5,
      "textPosY": 34.5,
      "author": ""
    },
    {
      "revelationText": "です",
      "textPosX": 14.5,
      "textPosY": 17.6,
      "author": ""
    },
    {
      "revelationText": "魔法魔法有効中央…",
      "textPosX": 20,
      "textPosY": 8.3,
      "author": ""
    },
    {
      "revelationText": "スキル",
      "textPosX": 18.1,
      "textPosY": 15.5,
      "author": ""
    },
    {
      "revelationText": "です使う耐性タロット食材川の中",
      "textPosX": 20.1,
      "textPosY": 4.5,
      "author": ""
    },
    {
      "revelationText": "正面です",
      "textPosX": 15.3,
      "textPosY": 22.3,
      "author": ""
    },
    {
      "revelationText": "側面",
      "textPosX": 22.5,
      "textPosY": 6.9,
      "author": ""
    },
    {
      "revelationText": "ない",
      "textPosX": 22.5,
      "textPosY": 7,
      "author": ""
    },
    {
      "revelationText": "正面",
      "textPosX": 22.2,
      "textPosY": 10.5,
      "author": ""
    },
    {
      "revelationText": "です",
      "textPosX": 21.8,
      "textPosY": 8.4,
      "author": ""
    },
    {
      "revelationText": "右",
      "textPosX": 22.1,
      "textPosY": 6.4,
      "author": ""
    },
    {
      "revelationText": "ですだのかね",
      "textPosX": 16.3,
      "textPosY": 32.1,
      "author": ""
    },
    {
      "revelationText": "右右",
      "textPosX": 12.8,
      "textPosY": 20.1,
      "author": ""
    },
    {
      "revelationText": "ではないしかしここ……",
      "textPosX": 8.1,
      "textPosY": 45.2,
      "author": ""
    },
    {
      "revelationText": "正面正面正面正面正面正面正面正面",
      "textPosX": 18.4,
      "textPosY": 33.1,
      "author": ""
    },
    {
      "revelationText": "タロット罠ルーン",
      "textPosX": 24.2,
      "textPosY": 5.9,
      "author": ""
    },
    {
      "revelationText": "道夢悲しい",
      "textPosX": 14.2,
      "textPosY": 17.6,
      "author": ""
    },
    {
      "revelationText": "正面側面",
      "textPosX": 22.1,
      "textPosY": 5.2,
      "author": ""
    },
    {
      "revelationText": "です",
      "textPosX": 9.6,
      "textPosY": 43.6,
      "author": ""
    },
    {
      "revelationText": "炎上？",
      "textPosX": 12.9,
      "textPosY": 29,
      "author": ""
    },
    {
      "revelationText": "右見考える考える気をつけろ寝る",
      "textPosX": 18.9,
      "textPosY": 26.7,
      "author": ""
    },
    {
      "revelationText": "罠私私",
      "textPosX": 25.6,
      "textPosY": 12,
      "author": ""
    },
    {
      "revelationText": "肉牛乳爆弾",
      "textPosX": 25.4,
      "textPosY": 6.4,
      "author": ""
    },
    {
      "revelationText": "左左左左左",
      "textPosX": 16,
      "textPosY": 18.2,
      "author": ""
    },
    {
      "revelationText": "左、肉有効",
      "textPosX": 20.6,
      "textPosY": 4.7,
      "author": ""
    },
    {
      "revelationText": "休む休む",
      "textPosX": 10.4,
      "textPosY": 44.3,
      "author": ""
    },
    {
      "revelationText": "そこにルーンある",
      "textPosX": 24.4,
      "textPosY": 8.7,
      "author": ""
    },
    {
      "revelationText": "頑張れお兄ちゃん",
      "textPosX": 8.8,
      "textPosY": 38.9,
      "author": ""
    },
    {
      "revelationText": "安全",
      "textPosX": 19.4,
      "textPosY": 6.2,
      "author": ""
    },
    {
      "revelationText": "するスキルダッシュ雑魚タロット",
      "textPosX": 23.3,
      "textPosY": 2.4,
      "author": ""
    },
    {
      "revelationText": "だから",
      "textPosX": 21.4,
      "textPosY": 2.5,
      "author": ""
    },
    {
      "revelationText": "正面です",
      "textPosX": 24.8,
      "textPosY": 6,
      "author": ""
    },
    {
      "revelationText": "頑張れお兄ちゃん",
      "textPosX": 22.7,
      "textPosY": 8.2,
      "author": ""
    },
    {
      "revelationText": "の",
      "textPosX": 8.1,
      "textPosY": 44.3,
      "author": ""
    },
    {
      "revelationText": "魔法攻撃使う全部",
      "textPosX": 8.1,
      "textPosY": 46.1,
      "author": ""
    },
    {
      "revelationText": "だろう",
      "textPosX": 20.6,
      "textPosY": 5.5,
      "author": ""
    },
    {
      "revelationText": "なぜならだからだけどタロット私",
      "textPosX": 21.2,
      "textPosY": 5.2,
      "author": ""
    },
    {
      "revelationText": "有効",
      "textPosX": 17.4,
      "textPosY": 16,
      "author": ""
    },
    {
      "revelationText": "なぜなら君敵集団アイテム凍結無効",
      "textPosX": 9.7,
      "textPosY": 38.3,
      "author": ""
    },
    {
      "revelationText": "属性状態",
      "textPosX": 27.2,
      "textPosY": 5.4,
      "author": ""
    },
    {
      "revelationText": "の",
      "textPosX": 22,
      "textPosY": 6.5,
      "author": ""
    },
    {
      "revelationText": "凍結凍結",
      "textPosX": 22,
      "textPosY": 7.1,
      "author": ""
    },
    {
      "revelationText": "無効",
      "textPosX": 9,
      "textPosY": 43.1,
      "author": ""
    },
    {
      "revelationText": "ここ",
      "textPosX": 23.6,
      "textPosY": 7.7,
      "author": ""
    },
    {
      "revelationText": "正面側面地面",
      "textPosX": 19.8,
      "textPosY": 6.6,
      "author": ""
    },
    {
      "revelationText": "お兄ちゃん帰る",
      "textPosX": 29.3,
      "textPosY": 35.4,
      "author": ""
    },
    {
      "revelationText": "前にダッシュ",
      "textPosX": 21.9,
      "textPosY": 9.2,
      "author": ""
    },
    {
      "revelationText": "背後属性",
      "textPosX": 21.6,
      "textPosY": 6.1,
      "author": ""
    },
    {
      "revelationText": "安全安全",
      "textPosX": 25.9,
      "textPosY": 5.7,
      "author": ""
    },
    {
      "revelationText": "………………見る見る敵集団敵集団",
      "textPosX": 13.1,
      "textPosY": 29.8,
      "author": ""
    },
    {
      "revelationText": "知らない知らない知らない敵集団",
      "textPosX": 11.2,
      "textPosY": 31.4,
      "author": ""
    },
    {
      "revelationText": "です",
      "textPosX": 24.1,
      "textPosY": 33.3,
      "author": ""
    },
    {
      "revelationText": "中立中立中央中央だけど",
      "textPosX": 14.8,
      "textPosY": 17.6,
      "author": ""
    },
    {
      "revelationText": "凍結",
      "textPosX": 9.7,
      "textPosY": 40.5,
      "author": ""
    },
    {
      "revelationText": "です",
      "textPosX": 29.4,
      "textPosY": 10.2,
      "author": ""
    },
    {
      "revelationText": "中立中立",
      "textPosX": 13.3,
      "textPosY": 23.7,
      "author": ""
    },
    {
      "revelationText": "………右右右右右右右？？？？？",
      "textPosX": 30.9,
      "textPosY": 4.2,
      "author": ""
    },
    {
      "revelationText": "肉ではない爆弾",
      "textPosX": 21.8,
      "textPosY": 4.2,
      "author": ""
    },
    {
      "revelationText": "有効",
      "textPosX": 22.3,
      "textPosY": 6.3,
      "author": ""
    },
    {
      "revelationText": "ルーンタロットめまい麻痺有効毒",
      "textPosX": 11.6,
      "textPosY": 26,
      "author": ""
    },
    {
      "revelationText": "ですですだの側面",
      "textPosX": 10.3,
      "textPosY": 43.2,
      "author": ""
    },
    {
      "revelationText": "です私仲間詐欺師詐欺師詐欺師詐欺師",
      "textPosX": 17.8,
      "textPosY": 18.6,
      "author": ""
    },
    {
      "revelationText": "正面正面正面",
      "textPosX": 23.2,
      "textPosY": 5.1,
      "author": ""
    },
    {
      "revelationText": "めまい食材中立敵左すべてここと",
      "textPosX": 8.1,
      "textPosY": 46.1,
      "author": ""
    },
    {
      "revelationText": "？",
      "textPosX": 13.6,
      "textPosY": 22.8,
      "author": ""
    },
    {
      "revelationText": "属性",
      "textPosX": 18.1,
      "textPosY": 6.7,
      "author": ""
    },
    {
      "revelationText": "私私敵",
      "textPosX": 8.1,
      "textPosY": 43.2,
      "author": ""
    },
    {
      "revelationText": "私スキル必要攻撃使う",
      "textPosX": 15.1,
      "textPosY": 33.9,
      "author": ""
    },
    {
      "revelationText": "君中立中立",
      "textPosX": 22.3,
      "textPosY": 6.7,
      "author": ""
    },
    {
      "revelationText": "肉タロットタロット",
      "textPosX": 22.3,
      "textPosY": 6.7,
      "author": ""
    },
    {
      "revelationText": "だです",
      "textPosX": 23.2,
      "textPosY": 6.3,
      "author": ""
    },
    {
      "revelationText": "部屋部屋部屋部屋",
      "textPosX": 14.1,
      "textPosY": 35.8,
      "author": ""
    },
    {
      "revelationText": "魔法中央君ダッシュ使う",
      "textPosX": 18.1,
      "textPosY": 35.2,
      "author": ""
    },
    {
      "revelationText": "です",
      "textPosX": 23.7,
      "textPosY": 6,
      "author": ""
    },
    {
      "revelationText": "頑張",
      "textPosX": 12.5,
      "textPosY": 38.5,
      "author": ""
    },
    {
      "revelationText": "タロットするダッシュ移動装備装備",
      "textPosX": 8.1,
      "textPosY": 46.2,
      "author": ""
    },
    {
      "revelationText": "………………………………………",
      "textPosX": 28.7,
      "textPosY": 9.1,
      "author": ""
    },
    {
      "revelationText": "ですです",
      "textPosX": 8.1,
      "textPosY": 46.1,
      "author": ""
    },
    {
      "revelationText": "取る",
      "textPosX": 28.2,
      "textPosY": 35.2,
      "author": ""
    },
    {
      "revelationText": "？",
      "textPosX": 8.5,
      "textPosY": 45.6,
      "author": ""
    },
    {
      "revelationText": "敵私",
      "textPosX": 8.1,
      "textPosY": 43.9,
      "author": ""
    },
    {
      "revelationText": "強敵防御有利装備耐性属性",
      "textPosX": 8.2,
      "textPosY": 44.6,
      "author": ""
    },
    {
      "revelationText": "寝る寝る寝る",
      "textPosX": 31.5,
      "textPosY": 34.8,
      "author": ""
    },
    {
      "revelationText": "正面正面",
      "textPosX": 21.5,
      "textPosY": 1.9,
      "author": ""
    },
    {
      "revelationText": "側面側面",
      "textPosX": 29,
      "textPosY": 6.8,
      "author": ""
    },
    {
      "revelationText": "下下牛乳牛乳",
      "textPosX": 13.9,
      "textPosY": 34.8,
      "author": ""
    },
    {
      "revelationText": "？",
      "textPosX": 23.9,
      "textPosY": 5.9,
      "author": ""
    },
    {
      "revelationText": "妹の未来",
      "textPosX": 8.1,
      "textPosY": 46.1,
      "author": ""
    },
    {
      "revelationText": "攻撃攻撃攻撃攻撃攻撃攻撃攻撃攻撃",
      "textPosX": 10.1,
      "textPosY": 44.2,
      "author": ""
    },
    {
      "revelationText": "です…側面",
      "textPosX": 8.5,
      "textPosY": 43,
      "author": ""
    },
    {
      "revelationText": "です頑張れ",
      "textPosX": 28,
      "textPosY": 5.4,
      "author": ""
    },
    {
      "revelationText": "背後背後",
      "textPosX": 17.9,
      "textPosY": 16.4,
      "author": ""
    },
    {
      "revelationText": "前ではない",
      "textPosX": 11.7,
      "textPosY": 32.1,
      "author": ""
    },
    {
      "revelationText": "上限",
      "textPosX": 12.7,
      "textPosY": 29.1,
      "author": ""
    },
    {
      "revelationText": "君",
      "textPosX": 13.8,
      "textPosY": 34.3,
      "author": ""
    },
    {
      "revelationText": "使う",
      "textPosX": 8.3,
      "textPosY": 43.6,
      "author": ""
    },
    {
      "revelationText": "牛乳",
      "textPosX": 13,
      "textPosY": 27.5,
      "author": ""
    },
    {
      "revelationText": "見る",
      "textPosX": 16.1,
      "textPosY": 20.7,
      "author": ""
    },
    {
      "revelationText": "前左背後",
      "textPosX": 7.1,
      "textPosY": 41.7,
      "author": ""
    },
    {
      "revelationText": "商人武器ダッシュスキルするする",
      "textPosX": 20.1,
      "textPosY": 11.3,
      "author": ""
    },
    {
      "revelationText": "ののののののののののののののの",
      "textPosX": 21.5,
      "textPosY": 12.8,
      "author": ""
    },
    {
      "revelationText": "ダッシュ休む",
      "textPosX": 10.5,
      "textPosY": 44.4,
      "author": ""
    },
    {
      "revelationText": "取る取る取る取る取る取る取る取る",
      "textPosX": 8.1,
      "textPosY": 44.8,
      "author": ""
    },
    {
      "revelationText": "肉",
      "textPosX": 10.3,
      "textPosY": 36,
      "author": ""
    },
    {
      "revelationText": "君君スキルスキルタロット必要",
      "textPosX": 30.5,
      "textPosY": 6.6,
      "author": ""
    },
    {
      "revelationText": "です左見る取る全部仲間敵敵敵敵",
      "textPosX": 9.1,
      "textPosY": 42,
      "author": ""
    },
    {
      "revelationText": "ダッシュ君敵全部全部前正しい",
      "textPosX": 17.1,
      "textPosY": 7.2,
      "author": ""
    },
    {
      "revelationText": "間違い左見る見る属性魔法凍結",
      "textPosX": 23.8,
      "textPosY": 5,
      "author": ""
    },
    {
      "revelationText": "だろうだろうだろうだろうだろう",
      "textPosX": 8.1,
      "textPosY": 46.1,
      "author": ""
    },
    {
      "revelationText": "攻撃属性上限移動属性上限",
      "textPosX": 21,
      "textPosY": 4.1,
      "author": ""
    },
    {
      "revelationText": "ののだ…",
      "textPosX": 10.6,
      "textPosY": 33,
      "author": ""
    },
    {
      "revelationText": "…",
      "textPosX": 16.5,
      "textPosY": 33.5,
      "author": ""
    },
    {
      "revelationText": "お金スキルアイテム食材無効無効",
      "textPosX": 10.2,
      "textPosY": 35.8,
      "author": ""
    },
    {
      "revelationText": "道道道道",
      "textPosX": 21.5,
      "textPosY": 9.1,
      "author": ""
    },
    {
      "revelationText": "なぜならここ仲間タロットアイテム",
      "textPosX": 15.2,
      "textPosY": 20.5,
      "author": ""
    },
    {
      "revelationText": "有利",
      "textPosX": 28.1,
      "textPosY": 11.3,
      "author": ""
    },
    {
      "revelationText": "お兄ちゃんに気をつけろ！危険",
      "textPosX": 8.4,
      "textPosY": 45.4,
      "author": ""
    },
    {
      "revelationText": "無効無効",
      "textPosX": 17.1,
      "textPosY": 4,
      "author": ""
    },
    {
      "revelationText": "しかしではない",
      "textPosX": 22.4,
      "textPosY": 5.9,
      "author": ""
    },
    {
      "revelationText": "私取る取る使う全部耐性",
      "textPosX": 8,
      "textPosY": 44.8,
      "author": ""
    },
    {
      "revelationText": "商人",
      "textPosX": 24.2,
      "textPosY": 5.3,
      "author": ""
    },
    {
      "revelationText": "なぜなら",
      "textPosX": 23,
      "textPosY": 3.4,
      "author": ""
    },
    {
      "revelationText": "中央の雑魚敵に攻撃するスキル",
      "textPosX": 8,
      "textPosY": 45,
      "author": ""
    },
    {
      "revelationText": "私の下に移動",
      "textPosX": 10.1,
      "textPosY": 37.9,
      "author": ""
    },
    {
      "revelationText": "部屋",
      "textPosX": 18.5,
      "textPosY": 38.8,
      "author": ""
    },
    {
      "revelationText": "お茶会部屋",
      "textPosX": 24.1,
      "textPosY": 8.2,
      "author": ""
    },
    {
      "revelationText": "ルーンタロット君ダッシュ炎全部",
      "textPosX": 11.7,
      "textPosY": 36.1,
      "author": ""
    },
    {
      "revelationText": "の前知らない左罠強敵肉！",
      "textPosX": 22.3,
      "textPosY": 6.2,
      "author": ""
    },
    {
      "revelationText": "なぜなら",
      "textPosX": 19.8,
      "textPosY": 9,
      "author": ""
    },
    {
      "revelationText": "するだから前ある",
      "textPosX": 10.3,
      "textPosY": 44.6,
      "author": ""
    },
    {
      "revelationText": "取る休む剣聖剣聖剣聖安全",
      "textPosX": 13.6,
      "textPosY": 42.8,
      "author": ""
    },
    {
      "revelationText": "魔法",
      "textPosX": 15.9,
      "textPosY": 41.1,
      "author": ""
    },
    {
      "revelationText": "です",
      "textPosX": 8.1,
      "textPosY": 43.5,
      "author": ""
    },
    {
      "revelationText": "魔法魔法",
      "textPosX": 30.3,
      "textPosY": 7.6,
      "author": ""
    },
    {
      "revelationText": "ダッシュ知らないだからしかしここ",
      "textPosX": 19.6,
      "textPosY": 9,
      "author": ""
    },
    {
      "revelationText": "です",
      "textPosX": 13.1,
      "textPosY": 30.8,
      "author": ""
    },
    {
      "revelationText": "頑張れ頑張れ",
      "textPosX": 21.5,
      "textPosY": 5.4,
      "author": ""
    },
    {
      "revelationText": "注意注意注意注意注意注できるできる",
      "textPosX": 24,
      "textPosY": 5.8,
      "author": ""
    },
    {
      "revelationText": "凍結",
      "textPosX": 13.7,
      "textPosY": 19.1,
      "author": ""
    },
    {
      "revelationText": "詐欺師詐欺師私属性罠ダッシュ深",
      "textPosX": 22.6,
      "textPosY": 4.6,
      "author": ""
    },
    {
      "revelationText": "側面側面背後装備装備無効",
      "textPosX": 32,
      "textPosY": 5.2,
      "author": ""
    },
    {
      "revelationText": "爆弾",
      "textPosX": 9.7,
      "textPosY": 34,
      "author": ""
    },
    {
      "revelationText": "です",
      "textPosX": 8.2,
      "textPosY": 43.1,
      "author": ""
    },
    {
      "revelationText": "アイテム必要",
      "textPosX": 6.6,
      "textPosY": 33.4,
      "author": ""
    },
    {
      "revelationText": "です",
      "textPosX": 10.8,
      "textPosY": 35.8,
      "author": ""
    },
    {
      "revelationText": "お兄ちゃんお兄ちゃんお兄ちゃん",
      "textPosX": 9.9,
      "textPosY": 38.9,
      "author": ""
    },
    {
      "revelationText": "正面",
      "textPosX": 22.3,
      "textPosY": 5.7,
      "author": ""
    },
    {
      "revelationText": "だ？",
      "textPosX": 25.2,
      "textPosY": 5.7,
      "author": ""
    },
    {
      "revelationText": "知らないではない",
      "textPosX": 18.1,
      "textPosY": 6.7,
      "author": ""
    },
    {
      "revelationText": "中立属性",
      "textPosX": 8.1,
      "textPosY": 45.1,
      "author": ""
    },
    {
      "revelationText": "する",
      "textPosX": 8.8,
      "textPosY": 43.6,
      "author": ""
    },
    {
      "revelationText": "属性",
      "textPosX": 20.5,
      "textPosY": 12,
      "author": ""
    },
    {
      "revelationText": "肉肉肉肉肉肉肉肉肉肉肉肉肉肉肉",
      "textPosX": 19.5,
      "textPosY": 5.2,
      "author": ""
    },
    {
      "revelationText": "正面正面正面正面正面正面正面正面",
      "textPosX": 13.5,
      "textPosY": 33.6,
      "author": ""
    },
    {
      "revelationText": "アイテム",
      "textPosX": 8,
      "textPosY": 46.1,
      "author": ""
    },
    {
      "revelationText": "……妹愛",
      "textPosX": 12.9,
      "textPosY": 30.4,
      "author": ""
    },
    {
      "revelationText": "だなぜならなぜならなぜなら間違い",
      "textPosX": 23.4,
      "textPosY": 7.5,
      "author": ""
    },
    {
      "revelationText": "正面",
      "textPosX": 27.6,
      "textPosY": 6.3,
      "author": ""
    },
    {
      "revelationText": "前",
      "textPosX": 17,
      "textPosY": 6.7,
      "author": ""
    },
    {
      "revelationText": "妹に愛",
      "textPosX": 7.4,
      "textPosY": 43.7,
      "author": ""
    },
    {
      "revelationText": "妹の牛乳と肉の愛",
      "textPosX": 16.2,
      "textPosY": 31.2,
      "author": ""
    },
    {
      "revelationText": "正面正面",
      "textPosX": 22.3,
      "textPosY": 1.5,
      "author": ""
    },
    {
      "revelationText": "しかししかし",
      "textPosX": 16.6,
      "textPosY": 34.7,
      "author": ""
    },
    {
      "revelationText": "お金使うかねかねお金",
      "textPosX": 21.2,
      "textPosY": 6.8,
      "author": ""
    },
    {
      "revelationText": "背後側面側面",
      "textPosX": 21.4,
      "textPosY": 6.8,
      "author": ""
    },
    {
      "revelationText": "だだだだだ…",
      "textPosX": 19.1,
      "textPosY": 6.6,
      "author": ""
    },
    {
      "revelationText": "正面正面正面",
      "textPosX": 23.3,
      "textPosY": 6,
      "author": ""
    },
    {
      "revelationText": "中央",
      "textPosX": 26.4,
      "textPosY": 33.9,
      "author": ""
    },
    {
      "revelationText": "凍結",
      "textPosX": 10.9,
      "textPosY": 39.3,
      "author": ""
    },
    {
      "revelationText": "ここ",
      "textPosX": 8.5,
      "textPosY": 47,
      "author": ""
    },
    {
      "revelationText": "正しいです",
      "textPosX": 12.2,
      "textPosY": 24.8,
      "author": ""
    },
    {
      "revelationText": "正面",
      "textPosX": 17.9,
      "textPosY": 13,
      "author": ""
    },
    {
      "revelationText": "肉！",
      "textPosX": 22.6,
      "textPosY": 5.5,
      "author": ""
    },
    {
      "revelationText": "食べる気をつけろ力お茶会お茶会",
      "textPosX": 20.2,
      "textPosY": 7.4,
      "author": ""
    },
    {
      "revelationText": "ですですですです",
      "textPosX": 21.5,
      "textPosY": 34.8,
      "author": ""
    },
    {
      "revelationText": "有効",
      "textPosX": 26.2,
      "textPosY": 6.6,
      "author": ""
    },
    {
      "revelationText": "使う使う使う使う使う使う使う使う",
      "textPosX": 8.1,
      "textPosY": 40.5,
      "author": ""
    },
    {
      "revelationText": "魔敵耐性",
      "textPosX": 14.6,
      "textPosY": 26.8,
      "author": ""
    },
    {
      "revelationText": "なぜならする取る属性タロット肉",
      "textPosX": 8.1,
      "textPosY": 44.3,
      "author": ""
    },
    {
      "revelationText": "知らない",
      "textPosX": 14.3,
      "textPosY": 34.5,
      "author": ""
    },
    {
      "revelationText": "商人",
      "textPosX": 24.1,
      "textPosY": 5.2,
      "author": ""
    },
    {
      "revelationText": "正面",
      "textPosX": 8.7,
      "textPosY": 43.8,
      "author": ""
    },
    {
      "revelationText": "そこお茶会部屋",
      "textPosX": 14.7,
      "textPosY": 17.6,
      "author": ""
    },
    {
      "revelationText": "前前前前前前",
      "textPosX": 13.2,
      "textPosY": 23.4,
      "author": ""
    },
    {
      "revelationText": "強敵です！",
      "textPosX": 12.5,
      "textPosY": 30.2,
      "author": ""
    },
    {
      "revelationText": "私取る取る使う全部耐性",
      "textPosX": 8.2,
      "textPosY": 44.5,
      "author": ""
    },
    {
      "revelationText": "です",
      "textPosX": 8.1,
      "textPosY": 43.1,
      "author": ""
    },
    {
      "revelationText": "………知らない知らないです状態",
      "textPosX": 29.3,
      "textPosY": 9.8,
      "author": ""
    },
    {
      "revelationText": "側面",
      "textPosX": 22.5,
      "textPosY": 6.9,
      "author": ""
    },
    {
      "revelationText": "凍結",
      "textPosX": 10.9,
      "textPosY": 39.1,
      "author": ""
    },
    {
      "revelationText": "お茶会",
      "textPosX": 23.9,
      "textPosY": 38.8,
      "author": ""
    },
    {
      "revelationText": "側面側面背後背後炎上炎上炎上肉",
      "textPosX": 25.7,
      "textPosY": 5.2,
      "author": ""
    },
    {
      "revelationText": "ここどこ",
      "textPosX": 8.6,
      "textPosY": 43.8,
      "author": ""
    },
    {
      "revelationText": "凍結",
      "textPosX": 31.5,
      "textPosY": 35.3,
      "author": ""
    },
    {
      "revelationText": "必要必要必要必要",
      "textPosX": 15.1,
      "textPosY": 20.5,
      "author": ""
    },
    {
      "revelationText": "…ここだ！",
      "textPosX": 18.6,
      "textPosY": 11.9,
      "author": ""
    },
    {
      "revelationText": "属性属性取る取る取る下下取る下",
      "textPosX": 26,
      "textPosY": 5.8,
      "author": ""
    },
    {
      "revelationText": "アキがいるかも",
      "textPosX": 26.2,
      "textPosY": 32.1,
      "author": ""
    },
    {
      "revelationText": "あの人は仲間だ",
      "textPosX": 16.6,
      "textPosY": 5.2,
      "author": ""
    },
    {
      "revelationText": "これは君が始めた物語…",
      "textPosX": 22.7,
      "textPosY": 2.1,
      "author": ""
    },
    {
      "revelationText": "君ならできる！",
      "textPosX": 27.7,
      "textPosY": 7.8,
      "author": ""
    },
    {
      "revelationText": "前方に希望あり",
      "textPosX": 16.7,
      "textPosY": 3.5,
      "author": ""
    },
    {
      "revelationText": "飲み物を持ち帰ろう…",
      "textPosX": 27.8,
      "textPosY": 3.6,
      "author": ""
    },
    {
      "revelationText": "暑いなら帰ろう",
      "textPosX": 10.4,
      "textPosY": 44.4,
      "author": ""
    },
    {
      "revelationText": "公共物を大切に",
      "textPosX": 10.4,
      "textPosY": 32.6,
      "author": ""
    },
    {
      "revelationText": "彼女を称えよ！",
      "textPosX": 25.8,
      "textPosY": 11.9,
      "author": ""
    },
    {
      "revelationText": "Bキーは役立つ",
      "textPosX": 6.2,
      "textPosY": 43.4,
      "author": ""
    },
    {
      "revelationText": "節制が必要だ",
      "textPosX": 20.4,
      "textPosY": 4,
      "author": ""
    },
    {
      "revelationText": "ここには隠し壁がある",
      "textPosX": 32.3,
      "textPosY": 10.8,
      "author": ""
    },
    {
      "revelationText": "帰ろう",
      "textPosX": 8.7,
      "textPosY": 46.7,
      "author": ""
    },
    {
      "revelationText": "妹はどこ？",
      "textPosX": 7.8,
      "textPosY": 47.1,
      "author": ""
    }
  ],
  "24": [
    {
      "revelationText": "正面",
      "textPosX": 4.1,
      "textPosY": 6.2,
      "author": ""
    }
  ],
  "26": [
    {
      "revelationText": "属性属性",
      "textPosX": 15.1,
      "textPosY": 16.1,
      "author": ""
    },
    {
      "revelationText": "正面",
      "textPosX": 10.8,
      "textPosY": 17.8,
      "author": ""
    },
    {
      "revelationText": "正面",
      "textPosX": 10.8,
      "textPosY": 16.7,
      "author": ""
    },
    {
      "revelationText": "道",
      "textPosX": 12.9,
      "textPosY": 15.7,
      "author": ""
    },
    {
      "revelationText": "ここ川の中に爆弾",
      "textPosX": 5,
      "textPosY": 9.7,
      "author": ""
    }
  ],
  "27": [
    {
      "revelationText": "試してみて、それから…",
      "textPosX": 29.4,
      "textPosY": 12.1,
      "author": ""
    }
  ],
  "28": [
    {
      "revelationText": "見る",
      "textPosX": 8.2,
      "textPosY": 5.3,
      "author": ""
    },
    {
      "revelationText": "お茶会お茶会お茶会お茶会",
      "textPosX": 10.3,
      "textPosY": 6.1,
      "author": ""
    },
    {
      "revelationText": "敵集団とではない",
      "textPosX": 4.8,
      "textPosY": 6.6,
      "author": ""
    },
    {
      "revelationText": "だろうなぜなら",
      "textPosX": 10.6,
      "textPosY": 26,
      "author": ""
    },
    {
      "revelationText": "部屋",
      "textPosX": 7.4,
      "textPosY": 18.6,
      "author": ""
    },
    {
      "revelationText": "知らない",
      "textPosX": 6.1,
      "textPosY": 14.7,
      "author": ""
    },
    {
      "revelationText": "だ",
      "textPosX": 10.9,
      "textPosY": 34.7,
      "author": ""
    },
    {
      "revelationText": "安全注意称賛商人今お茶会お兄ちゃん",
      "textPosX": 5,
      "textPosY": 16.7,
      "author": ""
    },
    {
      "revelationText": "なぜならだからのすべて見る君私",
      "textPosX": 32.1,
      "textPosY": 43,
      "author": ""
    },
    {
      "revelationText": "だろうのだからスキル罠属性上限",
      "textPosX": 24.6,
      "textPosY": 15,
      "author": ""
    },
    {
      "revelationText": "ですですですですですですかかか",
      "textPosX": 5.7,
      "textPosY": 20.7,
      "author": ""
    },
    {
      "revelationText": "すべてではない",
      "textPosX": 8,
      "textPosY": 10.8,
      "author": ""
    },
    {
      "revelationText": "………………………………………",
      "textPosX": 8,
      "textPosY": 10.8,
      "author": ""
    },
    {
      "revelationText": "力力力力力力力力力力力力力力力",
      "textPosX": 41.5,
      "textPosY": 46.6,
      "author": ""
    },
    {
      "revelationText": "凍結",
      "textPosX": 8.7,
      "textPosY": 10.9,
      "author": ""
    },
    {
      "revelationText": "中央使う",
      "textPosX": 32.6,
      "textPosY": 37.2,
      "author": ""
    },
    {
      "revelationText": "肉",
      "textPosX": 24.8,
      "textPosY": 35.2,
      "author": ""
    },
    {
      "revelationText": "肉肉",
      "textPosX": 30.4,
      "textPosY": 37.2,
      "author": ""
    },
    {
      "revelationText": "君君使う",
      "textPosX": 4.1,
      "textPosY": 31.8,
      "author": ""
    },
    {
      "revelationText": "肉",
      "textPosX": 8.7,
      "textPosY": 16.1,
      "author": ""
    },
    {
      "revelationText": "ではないまたは中立敵集団スキル",
      "textPosX": 39.5,
      "textPosY": 46.7,
      "author": ""
    },
    {
      "revelationText": "休む休む休む休む休む休む休む休",
      "textPosX": 10.5,
      "textPosY": 33.8,
      "author": ""
    },
    {
      "revelationText": "そこではか攻撃！！地面下限有利",
      "textPosX": 4.7,
      "textPosY": 21.7,
      "author": ""
    },
    {
      "revelationText": "部屋部屋部屋考える考える考える",
      "textPosX": 16.2,
      "textPosY": 31.1,
      "author": ""
    },
    {
      "revelationText": "！？",
      "textPosX": 9,
      "textPosY": 35.4,
      "author": ""
    },
    {
      "revelationText": "ですだろうだろう間違い見るのだ",
      "textPosX": 6.8,
      "textPosY": 24.1,
      "author": ""
    },
    {
      "revelationText": "ですだのかねとにどこそこここしかし",
      "textPosX": 27.2,
      "textPosY": 35.8,
      "author": ""
    },
    {
      "revelationText": "詐欺師仲間君スキルスキルダッシュ",
      "textPosX": 15,
      "textPosY": 35.8,
      "author": ""
    },
    {
      "revelationText": "耐性……",
      "textPosX": 11.9,
      "textPosY": 30.8,
      "author": ""
    },
    {
      "revelationText": "下しかし",
      "textPosX": 14.4,
      "textPosY": 31.7,
      "author": ""
    },
    {
      "revelationText": "アイテム商人ですすべて使う",
      "textPosX": 3.2,
      "textPosY": 18.2,
      "author": ""
    },
    {
      "revelationText": "魔法",
      "textPosX": 13.7,
      "textPosY": 7.9,
      "author": ""
    },
    {
      "revelationText": "無効",
      "textPosX": 7.9,
      "textPosY": 17.7,
      "author": ""
    },
    {
      "revelationText": "だけど",
      "textPosX": 7.9,
      "textPosY": 17.7,
      "author": ""
    },
    {
      "revelationText": "中央",
      "textPosX": 7.9,
      "textPosY": 13.1,
      "author": ""
    },
    {
      "revelationText": "下にある、",
      "textPosX": 4.4,
      "textPosY": 20.9,
      "author": ""
    },
    {
      "revelationText": "ダッシュに注意、危険",
      "textPosX": 13,
      "textPosY": 35.2,
      "author": ""
    },
    {
      "revelationText": "無効",
      "textPosX": 10.2,
      "textPosY": 32.2,
      "author": ""
    },
    {
      "revelationText": "正面",
      "textPosX": 10.2,
      "textPosY": 32.2,
      "author": ""
    },
    {
      "revelationText": "正面正面",
      "textPosX": 10.2,
      "textPosY": 32.2,
      "author": ""
    },
    {
      "revelationText": "川の中に爆弾だ。食材とか",
      "textPosX": 8.5,
      "textPosY": 14.6,
      "author": ""
    },
    {
      "revelationText": "………",
      "textPosX": 7.4,
      "textPosY": 17.3,
      "author": ""
    },
    {
      "revelationText": "私",
      "textPosX": 26,
      "textPosY": 13.5,
      "author": ""
    },
    {
      "revelationText": "！！！！！！！！！！！！！！！",
      "textPosX": 37.5,
      "textPosY": 37.7,
      "author": ""
    },
    {
      "revelationText": "攻撃",
      "textPosX": 7,
      "textPosY": 8.4,
      "author": ""
    },
    {
      "revelationText": "装備に間違いではないか",
      "textPosX": 8.2,
      "textPosY": 32.2,
      "author": ""
    },
    {
      "revelationText": "どこに敵",
      "textPosX": 10.6,
      "textPosY": 32.2,
      "author": ""
    },
    {
      "revelationText": "タロットタロット？…タロットタロット",
      "textPosX": 13.2,
      "textPosY": 7.4,
      "author": ""
    },
    {
      "revelationText": "です",
      "textPosX": 8.4,
      "textPosY": 11.9,
      "author": ""
    },
    {
      "revelationText": "ですです",
      "textPosX": 9,
      "textPosY": 13.3,
      "author": ""
    },
    {
      "revelationText": "右",
      "textPosX": 7.1,
      "textPosY": 24.5,
      "author": ""
    },
    {
      "revelationText": "見る君敵集団移動防御正面",
      "textPosX": 5.3,
      "textPosY": 19.8,
      "author": ""
    },
    {
      "revelationText": "罠上限上限",
      "textPosX": 8.1,
      "textPosY": 12.9,
      "author": ""
    },
    {
      "revelationText": "？",
      "textPosX": 7.4,
      "textPosY": 35.3,
      "author": ""
    },
    {
      "revelationText": "またはまたはまたは",
      "textPosX": 11.1,
      "textPosY": 35.6,
      "author": ""
    },
    {
      "revelationText": "ダッシュスキル飲み物",
      "textPosX": 11.9,
      "textPosY": 26.6,
      "author": ""
    },
    {
      "revelationText": "見る全部",
      "textPosX": 30.9,
      "textPosY": 35.4,
      "author": ""
    },
    {
      "revelationText": "ですですですですですですですです",
      "textPosX": 10.1,
      "textPosY": 36,
      "author": ""
    },
    {
      "revelationText": "炎上炎上炎上炎上炎上炎上……",
      "textPosX": 7.6,
      "textPosY": 38.5,
      "author": ""
    },
    {
      "revelationText": "正面",
      "textPosX": 7.1,
      "textPosY": 23.5,
      "author": ""
    },
    {
      "revelationText": "凍結凍結凍結凍結凍結凍結凍結凍結",
      "textPosX": 7.1,
      "textPosY": 38.1,
      "author": ""
    },
    {
      "revelationText": "ですの",
      "textPosX": 7.7,
      "textPosY": 21.6,
      "author": ""
    },
    {
      "revelationText": "凍結",
      "textPosX": 7.2,
      "textPosY": 8.2,
      "author": ""
    },
    {
      "revelationText": "しかしすべて知らない",
      "textPosX": 5.4,
      "textPosY": 20.2,
      "author": ""
    },
    {
      "revelationText": "試してみて、それから…",
      "textPosX": 5.1,
      "textPosY": 20.5,
      "author": ""
    },
    {
      "revelationText": "前方に道あり",
      "textPosX": 36,
      "textPosY": 34.8,
      "author": ""
    }
  ],
  "29": [
    {
      "revelationText": "の",
      "textPosX": 8.1,
      "textPosY": 11,
      "author": ""
    },
    {
      "revelationText": "…………",
      "textPosX": 3.5,
      "textPosY": 12.8,
      "author": ""
    }
  ],
  "30": [
    {
      "revelationText": "？",
      "textPosX": 11.2,
      "textPosY": 2.3,
      "author": ""
    },
    {
      "revelationText": "…………",
      "textPosX": 19.5,
      "textPosY": 10.9,
      "author": ""
    },
    {
      "revelationText": "……………",
      "textPosX": 3.3,
      "textPosY": 13.1,
      "author": ""
    },
    {
      "revelationText": "だです",
      "textPosX": 15,
      "textPosY": 12.8,
      "author": ""
    },
    {
      "revelationText": "牛乳凍結",
      "textPosX": 11.1,
      "textPosY": 4.1,
      "author": ""
    }
  ],
  "31": [
    {
      "revelationText": "？",
      "textPosX": 3.9,
      "textPosY": 9,
      "author": ""
    },
    {
      "revelationText": "…",
      "textPosX": 9.3,
      "textPosY": 7.5,
      "author": ""
    },
    {
      "revelationText": "…………",
      "textPosX": 5.5,
      "textPosY": 19.5,
      "author": ""
    },
    {
      "revelationText": "…………",
      "textPosX": 8.9,
      "textPosY": 2.9,
      "author": ""
    },
    {
      "revelationText": "耐性",
      "textPosX": 1.7,
      "textPosY": 8.7,
      "author": ""
    }
  ],
  "32": [
    {
      "revelationText": "？",
      "textPosX": 4.3,
      "textPosY": 12.2,
      "author": ""
    },
    {
      "revelationText": "見る取る取る",
      "textPosX": 3.3,
      "textPosY": 12.3,
      "author": ""
    }
  ],
  "35": [
    {
      "revelationText": "？",
      "textPosX": 11.2,
      "textPosY": 2.7,
      "author": ""
    },
    {
      "revelationText": "？",
      "textPosX": 11.4,
      "textPosY": 4.1,
      "author": ""
    },
    {
      "revelationText": "敵敵敵",
      "textPosX": 11.2,
      "textPosY": 2.7,
      "author": ""
    }
  ],
  "37": [
    {
      "revelationText": "ですだのかね",
      "textPosX": 45.4,
      "textPosY": 28.4,
      "author": ""
    },
    {
      "revelationText": "目標…………………………………",
      "textPosX": 20.2,
      "textPosY": 17.9,
      "author": ""
    },
    {
      "revelationText": "凍結",
      "textPosX": 41,
      "textPosY": 18.3,
      "author": ""
    },
    {
      "revelationText": "ではない",
      "textPosX": 33.6,
      "textPosY": 18.2,
      "author": ""
    },
    {
      "revelationText": "前見る肉",
      "textPosX": 19.7,
      "textPosY": 13.9,
      "author": ""
    },
    {
      "revelationText": "考える",
      "textPosX": 20.5,
      "textPosY": 17.9,
      "author": ""
    },
    {
      "revelationText": "愛と力と夢だ",
      "textPosX": 39.1,
      "textPosY": 17.1,
      "author": ""
    },
    {
      "revelationText": "ここにアイテムかあるのです",
      "textPosX": 28.2,
      "textPosY": 41.7,
      "author": ""
    },
    {
      "revelationText": "なぜならなぜなら",
      "textPosX": 29.7,
      "textPosY": 17.1,
      "author": ""
    },
    {
      "revelationText": "お茶会",
      "textPosX": 73.7,
      "textPosY": 62.5,
      "author": ""
    },
    {
      "revelationText": "かかかかではないでは中央ここ…",
      "textPosX": 20.1,
      "textPosY": 66.8,
      "author": ""
    },
    {
      "revelationText": "見る見る見る見る",
      "textPosX": 26,
      "textPosY": 17.7,
      "author": ""
    },
    {
      "revelationText": "有効",
      "textPosX": 31,
      "textPosY": 18.1,
      "author": ""
    },
    {
      "revelationText": "正面",
      "textPosX": 60.9,
      "textPosY": 64.4,
      "author": ""
    },
    {
      "revelationText": "めまい",
      "textPosX": 31.5,
      "textPosY": 17.7,
      "author": ""
    },
    {
      "revelationText": "凍結凍結凍結",
      "textPosX": 45,
      "textPosY": 29.3,
      "author": ""
    },
    {
      "revelationText": "ではないだから正しいなぜなら武器",
      "textPosX": 3,
      "textPosY": 8.9,
      "author": ""
    },
    {
      "revelationText": "部屋",
      "textPosX": 5.4,
      "textPosY": 11.6,
      "author": ""
    },
    {
      "revelationText": "愛愛愛",
      "textPosX": 38.4,
      "textPosY": 17.4,
      "author": ""
    },
    {
      "revelationText": "ではないではないではないではない",
      "textPosX": 58,
      "textPosY": 17.1,
      "author": ""
    },
    {
      "revelationText": "ですだ間違い？",
      "textPosX": 61.5,
      "textPosY": 68.6,
      "author": ""
    },
    {
      "revelationText": "です",
      "textPosX": 64.4,
      "textPosY": 63.8,
      "author": ""
    },
    {
      "revelationText": "肉",
      "textPosX": 12.4,
      "textPosY": 53.4,
      "author": ""
    },
    {
      "revelationText": "君",
      "textPosX": 5.1,
      "textPosY": 14.9,
      "author": ""
    },
    {
      "revelationText": "上限",
      "textPosX": 16.7,
      "textPosY": 10.3,
      "author": ""
    },
    {
      "revelationText": "お茶会お茶会お茶会お茶会",
      "textPosX": 76.8,
      "textPosY": 63.2,
      "author": ""
    },
    {
      "revelationText": "だだだだ",
      "textPosX": 11.9,
      "textPosY": 40.6,
      "author": ""
    },
    {
      "revelationText": "すべて",
      "textPosX": 62.6,
      "textPosY": 56.6,
      "author": ""
    },
    {
      "revelationText": "正面正",
      "textPosX": 20.2,
      "textPosY": 41.5,
      "author": ""
    },
    {
      "revelationText": "悲しい休む",
      "textPosX": 17.3,
      "textPosY": 54,
      "author": ""
    },
    {
      "revelationText": "牛乳敵",
      "textPosX": 18.5,
      "textPosY": 15,
      "author": ""
    },
    {
      "revelationText": "君罠魔法",
      "textPosX": 33.4,
      "textPosY": 17.2,
      "author": ""
    },
    {
      "revelationText": "なぜならすべて",
      "textPosX": 32.4,
      "textPosY": 14.2,
      "author": ""
    },
    {
      "revelationText": "麻痺？",
      "textPosX": 56.5,
      "textPosY": 17.8,
      "author": ""
    },
    {
      "revelationText": "左",
      "textPosX": 4.4,
      "textPosY": 20.9,
      "author": ""
    },
    {
      "revelationText": "左移動道",
      "textPosX": 10.2,
      "textPosY": 67.8,
      "author": ""
    },
    {
      "revelationText": "凍結凍結凍結",
      "textPosX": 45.8,
      "textPosY": 28.1,
      "author": ""
    },
    {
      "revelationText": "だろう詐欺師取るお金",
      "textPosX": 5.1,
      "textPosY": 10.4,
      "author": ""
    },
    {
      "revelationText": "君前右左仲間敵私下毒肉タロ夢",
      "textPosX": 85,
      "textPosY": 65.1,
      "author": ""
    },
    {
      "revelationText": "ダッシュ",
      "textPosX": 50.3,
      "textPosY": 16,
      "author": ""
    },
    {
      "revelationText": "使う知らない左だけどすべて",
      "textPosX": 30.9,
      "textPosY": 17.3,
      "author": ""
    },
    {
      "revelationText": "？",
      "textPosX": 3.8,
      "textPosY": 6.3,
      "author": ""
    },
    {
      "revelationText": "正面",
      "textPosX": 37.7,
      "textPosY": 65,
      "author": ""
    },
    {
      "revelationText": "凍だだだだだだだ",
      "textPosX": 31.3,
      "textPosY": 21.9,
      "author": ""
    },
    {
      "revelationText": "部屋",
      "textPosX": 20.2,
      "textPosY": 67.5,
      "author": ""
    },
    {
      "revelationText": "炎上",
      "textPosX": 22.6,
      "textPosY": 66.4,
      "author": ""
    },
    {
      "revelationText": "頑張れやった気をつけろ注意できる",
      "textPosX": 24.7,
      "textPosY": 18.1,
      "author": ""
    },
    {
      "revelationText": "かねではないしかしすべてだけど",
      "textPosX": 17.3,
      "textPosY": 11.8,
      "author": ""
    },
    {
      "revelationText": "状態状態",
      "textPosX": 90.1,
      "textPosY": 66.3,
      "author": ""
    },
    {
      "revelationText": "夢悲しいやった悲しい夢部屋休む",
      "textPosX": 56.1,
      "textPosY": 66.6,
      "author": ""
    },
    {
      "revelationText": "毒毒毒毒正面正面正面正面",
      "textPosX": 68.5,
      "textPosY": 66.1,
      "author": ""
    },
    {
      "revelationText": "ですです",
      "textPosX": 30.1,
      "textPosY": 14.2,
      "author": ""
    },
    {
      "revelationText": "だだだだだだ",
      "textPosX": 4.9,
      "textPosY": 12.8,
      "author": ""
    },
    {
      "revelationText": "お茶会気をつけろお兄ちゃん寝る",
      "textPosX": 93,
      "textPosY": 64.9,
      "author": ""
    },
    {
      "revelationText": "だけどすべてなぜならだろうだから",
      "textPosX": 58.7,
      "textPosY": 67.2,
      "author": ""
    },
    {
      "revelationText": "私私取る",
      "textPosX": 30.6,
      "textPosY": 17.9,
      "author": ""
    },
    {
      "revelationText": "下取る",
      "textPosX": 36.2,
      "textPosY": 29.3,
      "author": ""
    },
    {
      "revelationText": "…知らないする見る",
      "textPosX": 34.8,
      "textPosY": 17.6,
      "author": ""
    },
    {
      "revelationText": "ののの",
      "textPosX": 8.5,
      "textPosY": 21.8,
      "author": ""
    },
    {
      "revelationText": "左右下取る私タロット牛乳有効",
      "textPosX": 9.1,
      "textPosY": 22.1,
      "author": ""
    },
    {
      "revelationText": "無効耐性詐欺師",
      "textPosX": 28.4,
      "textPosY": 17.8,
      "author": ""
    },
    {
      "revelationText": "スキル攻撃属性タロット有利お金",
      "textPosX": 31,
      "textPosY": 36.5,
      "author": ""
    },
    {
      "revelationText": "凍結",
      "textPosX": 29,
      "textPosY": 17.8,
      "author": ""
    },
    {
      "revelationText": "全部",
      "textPosX": 85,
      "textPosY": 64.6,
      "author": ""
    },
    {
      "revelationText": "休む",
      "textPosX": 19.7,
      "textPosY": 40.6,
      "author": ""
    },
    {
      "revelationText": "頑張れ",
      "textPosX": 31,
      "textPosY": 23.8,
      "author": ""
    },
    {
      "revelationText": "前の中央に炎上の罠だ！注意",
      "textPosX": 50.3,
      "textPosY": 66.4,
      "author": ""
    },
    {
      "revelationText": "炎上",
      "textPosX": 30.6,
      "textPosY": 17.6,
      "author": ""
    },
    {
      "revelationText": "魔法",
      "textPosX": 17.5,
      "textPosY": 54.1,
      "author": ""
    },
    {
      "revelationText": "武器装備アイテムお金全部",
      "textPosX": 39.4,
      "textPosY": 29.6,
      "author": ""
    },
    {
      "revelationText": "私私",
      "textPosX": 19.4,
      "textPosY": 17.4,
      "author": ""
    },
    {
      "revelationText": "だけど",
      "textPosX": 18.2,
      "textPosY": 10.2,
      "author": ""
    },
    {
      "revelationText": "有効",
      "textPosX": 99.9,
      "textPosY": 18.8,
      "author": ""
    },
    {
      "revelationText": "右右下下",
      "textPosX": 31.3,
      "textPosY": 18.8,
      "author": ""
    },
    {
      "revelationText": "お茶会",
      "textPosX": 30.8,
      "textPosY": 30.5,
      "author": ""
    },
    {
      "revelationText": "正しい",
      "textPosX": 39.4,
      "textPosY": 29.8,
      "author": ""
    },
    {
      "revelationText": "です",
      "textPosX": 19,
      "textPosY": 16,
      "author": ""
    },
    {
      "revelationText": "です",
      "textPosX": 32.4,
      "textPosY": 14.2,
      "author": ""
    },
    {
      "revelationText": "全部",
      "textPosX": 45.3,
      "textPosY": 30.2,
      "author": ""
    },
    {
      "revelationText": "右",
      "textPosX": 51.9,
      "textPosY": 14.5,
      "author": ""
    },
    {
      "revelationText": "正面正面",
      "textPosX": 28.3,
      "textPosY": 17.2,
      "author": ""
    },
    {
      "revelationText": "タロット",
      "textPosX": 45.1,
      "textPosY": 35.1,
      "author": ""
    },
    {
      "revelationText": "川の中",
      "textPosX": 45.1,
      "textPosY": 16.2,
      "author": ""
    },
    {
      "revelationText": "下",
      "textPosX": 11.4,
      "textPosY": 46.5,
      "author": ""
    },
    {
      "revelationText": "道道道道道道道道道道道道道道道",
      "textPosX": 4.9,
      "textPosY": 6.2,
      "author": ""
    },
    {
      "revelationText": "知らない",
      "textPosX": 10.6,
      "textPosY": 39.6,
      "author": ""
    },
    {
      "revelationText": "正面",
      "textPosX": 31.5,
      "textPosY": 41.3,
      "author": ""
    },
    {
      "revelationText": "です",
      "textPosX": 39.9,
      "textPosY": 17.3,
      "author": ""
    },
    {
      "revelationText": "するだから！",
      "textPosX": 10.7,
      "textPosY": 9.2,
      "author": ""
    },
    {
      "revelationText": "ですダッシュ雑魚左左罠属性",
      "textPosX": 4.5,
      "textPosY": 7.9,
      "author": ""
    },
    {
      "revelationText": "牛乳",
      "textPosX": 47.3,
      "textPosY": 65.4,
      "author": ""
    },
    {
      "revelationText": "ない君力夢道",
      "textPosX": 30.1,
      "textPosY": 14.2,
      "author": ""
    },
    {
      "revelationText": "耐性",
      "textPosX": 62.6,
      "textPosY": 56.7,
      "author": ""
    },
    {
      "revelationText": "？",
      "textPosX": 4.3,
      "textPosY": 6.4,
      "author": ""
    },
    {
      "revelationText": "爆弾爆弾",
      "textPosX": 21.5,
      "textPosY": 17.2,
      "author": ""
    },
    {
      "revelationText": "左",
      "textPosX": 31.3,
      "textPosY": 39.8,
      "author": ""
    },
    {
      "revelationText": "正面",
      "textPosX": 31.7,
      "textPosY": 66.4,
      "author": ""
    },
    {
      "revelationText": "属性",
      "textPosX": 27.8,
      "textPosY": 65.8,
      "author": ""
    },
    {
      "revelationText": "凍結仲間",
      "textPosX": 31.3,
      "textPosY": 35.3,
      "author": ""
    },
    {
      "revelationText": "正しいある防御",
      "textPosX": 30.1,
      "textPosY": 14.2,
      "author": ""
    },
    {
      "revelationText": "牛乳ではない",
      "textPosX": 11.9,
      "textPosY": 10.1,
      "author": ""
    },
    {
      "revelationText": "だけどなぜならなぜならなぜなら",
      "textPosX": 28.1,
      "textPosY": 18,
      "author": ""
    },
    {
      "revelationText": "………",
      "textPosX": 54.6,
      "textPosY": 66.8,
      "author": ""
    },
    {
      "revelationText": "ですですですです",
      "textPosX": 33.7,
      "textPosY": 17.9,
      "author": ""
    },
    {
      "revelationText": "お茶会",
      "textPosX": 16.4,
      "textPosY": 10.3,
      "author": ""
    },
    {
      "revelationText": "気をつけて…",
      "textPosX": 29.2,
      "textPosY": 13.8,
      "author": ""
    },
    {
      "revelationText": "進み続けろ！",
      "textPosX": 31.5,
      "textPosY": 14.4,
      "author": ""
    },
    {
      "revelationText": "それは無駄だ",
      "textPosX": 56.5,
      "textPosY": 16.5,
      "author": ""
    }
  ],
  "39": [
    {
      "revelationText": "…………",
      "textPosX": 5.7,
      "textPosY": 25.5,
      "author": ""
    },
    {
      "revelationText": "正面凍結",
      "textPosX": 11.2,
      "textPosY": 32.2,
      "author": ""
    }
  ],
  "40": [
    {
      "revelationText": "だけど",
      "textPosX": 5.3,
      "textPosY": 15.8,
      "author": ""
    },
    {
      "revelationText": "ダッシュは有効だ",
      "textPosX": 5.1,
      "textPosY": 15.9,
      "author": ""
    }
  ],
  "41": [
    {
      "revelationText": "間違い",
      "textPosX": 14.3,
      "textPosY": 14.5,
      "author": ""
    },
    {
      "revelationText": "です",
      "textPosX": 18.6,
      "textPosY": 10.2,
      "author": ""
    },
    {
      "revelationText": "だです",
      "textPosX": 19.6,
      "textPosY": 11.9,
      "author": ""
    }
  ],
  "43": [
    {
      "revelationText": "君の勝ちだ！",
      "textPosX": 7.3,
      "textPosY": 10.2,
      "author": ""
    }
  ],
  "44": [
    {
      "revelationText": "？",
      "textPosX": 18.7,
      "textPosY": 10,
      "author": ""
    },
    {
      "revelationText": "前方は安全地帯",
      "textPosX": 10.7,
      "textPosY": 12.3,
      "author": ""
    }
  ],
  "45": [
    {
      "revelationText": "正面",
      "textPosX": 19.7,
      "textPosY": 8.1,
      "author": ""
    },
    {
      "revelationText": "引き返せ",
      "textPosX": 13.1,
      "textPosY": 24.6,
      "author": ""
    }
  ],
  "46": [
    {
      "revelationText": "です",
      "textPosX": 52.8,
      "textPosY": 10,
      "author": ""
    },
    {
      "revelationText": "背後",
      "textPosX": 6.6,
      "textPosY": 43.6,
      "author": ""
    },
    {
      "revelationText": "ですですだだから前",
      "textPosX": 24.3,
      "textPosY": 34.2,
      "author": ""
    },
    {
      "revelationText": "正面",
      "textPosX": 23.9,
      "textPosY": 32,
      "author": ""
    },
    {
      "revelationText": "できる注意注意注意お茶会お茶会",
      "textPosX": 6,
      "textPosY": 40.3,
      "author": ""
    },
    {
      "revelationText": "ない知らない知らない私敵敵",
      "textPosX": 54.3,
      "textPosY": 11.2,
      "author": ""
    },
    {
      "revelationText": "…",
      "textPosX": 24.3,
      "textPosY": 38,
      "author": ""
    },
    {
      "revelationText": "だのか",
      "textPosX": 34.5,
      "textPosY": 18.3,
      "author": ""
    },
    {
      "revelationText": "爆弾",
      "textPosX": 54.6,
      "textPosY": 11.3,
      "author": ""
    },
    {
      "revelationText": "進み続けろ！",
      "textPosX": 33.9,
      "textPosY": 18.6,
      "author": ""
    },
    {
      "revelationText": "自分の予測を信じろ！",
      "textPosX": 21.4,
      "textPosY": 16.6,
      "author": ""
    },
    {
      "revelationText": "絶望したなら試してみろ…",
      "textPosX": 54,
      "textPosY": 12.2,
      "author": ""
    },
    {
      "revelationText": "このメッセージを信じるな",
      "textPosX": 51.9,
      "textPosY": 11.7,
      "author": ""
    }
  ],
  "47": [
    {
      "revelationText": "私だ",
      "textPosX": 60.1,
      "textPosY": 20.6,
      "author": ""
    },
    {
      "revelationText": "見る見る見る見る見る見る見る",
      "textPosX": 40.6,
      "textPosY": 15.5,
      "author": ""
    },
    {
      "revelationText": "休む",
      "textPosX": 11.9,
      "textPosY": 29.4,
      "author": ""
    },
    {
      "revelationText": "肉",
      "textPosX": 41.4,
      "textPosY": 14.6,
      "author": ""
    },
    {
      "revelationText": "有効",
      "textPosX": 39.2,
      "textPosY": 9.3,
      "author": ""
    },
    {
      "revelationText": "しかし",
      "textPosX": 64.8,
      "textPosY": 20.1,
      "author": ""
    },
    {
      "revelationText": "川に気をつけろ",
      "textPosX": 71,
      "textPosY": 20.1,
      "author": ""
    },
    {
      "revelationText": "！！！！！！！！！！！！！！！",
      "textPosX": 72.6,
      "textPosY": 23.1,
      "author": ""
    },
    {
      "revelationText": "ついについに",
      "textPosX": 24.1,
      "textPosY": 23.4,
      "author": ""
    },
    {
      "revelationText": "？",
      "textPosX": 62.1,
      "textPosY": 15.5,
      "author": ""
    },
    {
      "revelationText": "正面",
      "textPosX": 25.5,
      "textPosY": 14.2,
      "author": ""
    },
    {
      "revelationText": "肉お金牛乳武器食材",
      "textPosX": 62.1,
      "textPosY": 15.2,
      "author": ""
    },
    {
      "revelationText": "君スキルダッシュダッシュ",
      "textPosX": 23.7,
      "textPosY": 23.3,
      "author": ""
    },
    {
      "revelationText": "次はジャンプが有効だ！",
      "textPosX": 63.2,
      "textPosY": 23,
      "author": ""
    },
    {
      "revelationText": "前方に道あり",
      "textPosX": 45.4,
      "textPosY": 16.2,
      "author": ""
    },
    {
      "revelationText": "太陽を称えよ！",
      "textPosX": 25.5,
      "textPosY": 14.4,
      "author": ""
    }
  ],
  "48": [
    {
      "revelationText": "しかししかし",
      "textPosX": 36,
      "textPosY": 9.7,
      "author": ""
    },
    {
      "revelationText": "中央取る見る左だけどしかしここ",
      "textPosX": 13.3,
      "textPosY": 69.2,
      "author": ""
    },
    {
      "revelationText": "お茶会",
      "textPosX": 11,
      "textPosY": 60.8,
      "author": ""
    },
    {
      "revelationText": "敵敵敵敵敵敵敵敵敵敵敵敵敵敵敵",
      "textPosX": 17.3,
      "textPosY": 58.3,
      "author": ""
    },
    {
      "revelationText": "です",
      "textPosX": 13.9,
      "textPosY": 22.8,
      "author": ""
    },
    {
      "revelationText": "見る属性右",
      "textPosX": 9.8,
      "textPosY": 26.3,
      "author": ""
    },
    {
      "revelationText": "側面",
      "textPosX": 8.3,
      "textPosY": 23.5,
      "author": ""
    },
    {
      "revelationText": "だからだけど詐欺師詐欺師取る下",
      "textPosX": 11.2,
      "textPosY": 60.8,
      "author": ""
    },
    {
      "revelationText": "敵",
      "textPosX": 9.3,
      "textPosY": 60.4,
      "author": ""
    },
    {
      "revelationText": "背後背後側面側面",
      "textPosX": 31.1,
      "textPosY": 18.4,
      "author": ""
    },
    {
      "revelationText": "魔法魔法魔法",
      "textPosX": 9,
      "textPosY": 53,
      "author": ""
    },
    {
      "revelationText": "敵敵敵敵敵敵敵敵",
      "textPosX": 31.8,
      "textPosY": 30.4,
      "author": ""
    },
    {
      "revelationText": "？",
      "textPosX": 9.3,
      "textPosY": 56.6,
      "author": ""
    },
    {
      "revelationText": "牛乳",
      "textPosX": 10.5,
      "textPosY": 59.6,
      "author": ""
    },
    {
      "revelationText": "私耐性…",
      "textPosX": 13.9,
      "textPosY": 22.3,
      "author": ""
    },
    {
      "revelationText": "武器装備攻撃下限有利目標",
      "textPosX": 9.5,
      "textPosY": 56.6,
      "author": ""
    },
    {
      "revelationText": "ですだ",
      "textPosX": 35.3,
      "textPosY": 37.4,
      "author": ""
    },
    {
      "revelationText": "ダッシ",
      "textPosX": 11.3,
      "textPosY": 62.3,
      "author": ""
    },
    {
      "revelationText": "お茶会お茶会お茶会お茶会お茶",
      "textPosX": 5.1,
      "textPosY": 24.3,
      "author": ""
    },
    {
      "revelationText": "です",
      "textPosX": 5.2,
      "textPosY": 24.5,
      "author": ""
    },
    {
      "revelationText": "？",
      "textPosX": 35.7,
      "textPosY": 11.9,
      "author": ""
    },
    {
      "revelationText": "ですだ",
      "textPosX": 21.9,
      "textPosY": 22.6,
      "author": ""
    },
    {
      "revelationText": "お兄ちゃんお兄ちゃん",
      "textPosX": 33.1,
      "textPosY": 70,
      "author": ""
    },
    {
      "revelationText": "…",
      "textPosX": 20.6,
      "textPosY": 32.5,
      "author": ""
    },
    {
      "revelationText": "正面",
      "textPosX": 14.1,
      "textPosY": 55.8,
      "author": ""
    },
    {
      "revelationText": "やったやったやったやったやった",
      "textPosX": 9.7,
      "textPosY": 56.9,
      "author": ""
    },
    {
      "revelationText": "川の中強敵仲間！",
      "textPosX": 36.2,
      "textPosY": 30.6,
      "author": ""
    },
    {
      "revelationText": "ですののかかか",
      "textPosX": 36.1,
      "textPosY": 29.7,
      "author": ""
    },
    {
      "revelationText": "お兄ちゃん",
      "textPosX": 5.3,
      "textPosY": 25.1,
      "author": ""
    },
    {
      "revelationText": "だけど移動移動詐欺師使う",
      "textPosX": 34.6,
      "textPosY": 6.3,
      "author": ""
    },
    {
      "revelationText": "正面",
      "textPosX": 15.6,
      "textPosY": 69,
      "author": ""
    },
    {
      "revelationText": "見る",
      "textPosX": 5.4,
      "textPosY": 24.4,
      "author": ""
    },
    {
      "revelationText": "なぜなら知らないです",
      "textPosX": 36.3,
      "textPosY": 13.4,
      "author": ""
    },
    {
      "revelationText": "敵集団に攻撃",
      "textPosX": 5.2,
      "textPosY": 24.4,
      "author": ""
    },
    {
      "revelationText": "寝る",
      "textPosX": 33.8,
      "textPosY": 4.8,
      "author": ""
    },
    {
      "revelationText": "考える考える考える考える",
      "textPosX": 20.8,
      "textPosY": 20.8,
      "author": ""
    },
    {
      "revelationText": "これは幻覚だ",
      "textPosX": 9.6,
      "textPosY": 56.7,
      "author": ""
    },
    {
      "revelationText": "彼(彼女)は仲間だ",
      "textPosX": 36.2,
      "textPosY": 29.3,
      "author": ""
    },
    {
      "revelationText": "それは無駄だ",
      "textPosX": 37.5,
      "textPosY": 2.7,
      "author": ""
    }
  ],
  "49": [
    {
      "revelationText": "部屋詐欺師",
      "textPosX": 13.3,
      "textPosY": 9.9,
      "author": ""
    },
    {
      "revelationText": "背後側面",
      "textPosX": 42.7,
      "textPosY": 10.2,
      "author": ""
    },
    {
      "revelationText": "アイテム",
      "textPosX": 14.7,
      "textPosY": 26.5,
      "author": ""
    },
    {
      "revelationText": "です",
      "textPosX": 15.6,
      "textPosY": 23,
      "author": ""
    },
    {
      "revelationText": "ここまたはではないではないしかし",
      "textPosX": 12.2,
      "textPosY": 9.3,
      "author": ""
    },
    {
      "revelationText": "なぜなら",
      "textPosX": 7.5,
      "textPosY": 22.1,
      "author": ""
    },
    {
      "revelationText": "です知らない側面背後",
      "textPosX": 19.2,
      "textPosY": 22.3,
      "author": ""
    },
    {
      "revelationText": "ですだのかすべて右見る魔法魔法",
      "textPosX": 11.4,
      "textPosY": 9.4,
      "author": ""
    },
    {
      "revelationText": "だから前",
      "textPosX": 2.1,
      "textPosY": 23.1,
      "author": ""
    },
    {
      "revelationText": "正面",
      "textPosX": 27.7,
      "textPosY": 10.2,
      "author": ""
    },
    {
      "revelationText": "アイテム",
      "textPosX": 20.5,
      "textPosY": 11.1,
      "author": ""
    },
    {
      "revelationText": "深淵",
      "textPosX": 22.2,
      "textPosY": 23.1,
      "author": ""
    },
    {
      "revelationText": "ではない",
      "textPosX": 14.6,
      "textPosY": 26.3,
      "author": ""
    },
    {
      "revelationText": "正面",
      "textPosX": 24.9,
      "textPosY": 8.8,
      "author": ""
    },
    {
      "revelationText": "凍結",
      "textPosX": 29,
      "textPosY": 9.8,
      "author": ""
    },
    {
      "revelationText": "です",
      "textPosX": 34.6,
      "textPosY": 10.8,
      "author": ""
    },
    {
      "revelationText": "タロット見る",
      "textPosX": 21.6,
      "textPosY": 18.3,
      "author": ""
    },
    {
      "revelationText": "有効有効",
      "textPosX": 25.6,
      "textPosY": 21.2,
      "author": ""
    },
    {
      "revelationText": "すべて取る必要！",
      "textPosX": 6.3,
      "textPosY": 23.1,
      "author": ""
    },
    {
      "revelationText": "すべて",
      "textPosX": 22.2,
      "textPosY": 12.4,
      "author": ""
    },
    {
      "revelationText": "深淵",
      "textPosX": 43.4,
      "textPosY": 10.2,
      "author": ""
    },
    {
      "revelationText": "凍結",
      "textPosX": 43.4,
      "textPosY": 10.2,
      "author": ""
    },
    {
      "revelationText": "ですですですですですですですで",
      "textPosX": 13.9,
      "textPosY": 21.6,
      "author": ""
    },
    {
      "revelationText": "正面側面背後目標地面お茶会未来",
      "textPosX": 39.3,
      "textPosY": 14.8,
      "author": ""
    },
    {
      "revelationText": "正面正面正面",
      "textPosX": 11.5,
      "textPosY": 9.3,
      "author": ""
    },
    {
      "revelationText": "………",
      "textPosX": 15,
      "textPosY": 25.4,
      "author": ""
    },
    {
      "revelationText": "攻撃魔法爆弾凍結食材属性耐性",
      "textPosX": 14.8,
      "textPosY": 26.4,
      "author": ""
    },
    {
      "revelationText": "知らない知らない知らな",
      "textPosX": 3.2,
      "textPosY": 22.2,
      "author": ""
    },
    {
      "revelationText": "です",
      "textPosX": 43.6,
      "textPosY": 10.5,
      "author": ""
    },
    {
      "revelationText": "です",
      "textPosX": 43.9,
      "textPosY": 11,
      "author": ""
    },
    {
      "revelationText": "なぜなら",
      "textPosX": 24.6,
      "textPosY": 18.4,
      "author": ""
    },
    {
      "revelationText": "正面",
      "textPosX": 21.6,
      "textPosY": 18.3,
      "author": ""
    },
    {
      "revelationText": "です",
      "textPosX": 43.8,
      "textPosY": 10.6,
      "author": ""
    },
    {
      "revelationText": "誰もいないよ、試さないで~",
      "textPosX": 11.4,
      "textPosY": 9.4,
      "author": ""
    },
    {
      "revelationText": "前方に希望あり",
      "textPosX": 6.3,
      "textPosY": 4.7,
      "author": ""
    },
    {
      "revelationText": "実装されてたらいいのに",
      "textPosX": 14.7,
      "textPosY": 26.4,
      "author": ""
    },
    {
      "revelationText": "前方に道あり",
      "textPosX": 39.4,
      "textPosY": 14.5,
      "author": ""
    }
  ],
  "50": [
    {
      "revelationText": "正面",
      "textPosX": 13.8,
      "textPosY": 18.9,
      "author": ""
    },
    {
      "revelationText": "正面",
      "textPosX": 12.5,
      "textPosY": 17.3,
      "author": ""
    },
    {
      "revelationText": "正面",
      "textPosX": 5.7,
      "textPosY": 12.3,
      "author": ""
    },
    {
      "revelationText": "…",
      "textPosX": 8.3,
      "textPosY": 22.8,
      "author": ""
    },
    {
      "revelationText": "です正面",
      "textPosX": 10.7,
      "textPosY": 7.1,
      "author": ""
    },
    {
      "revelationText": "下",
      "textPosX": 11.8,
      "textPosY": 25.6,
      "author": ""
    },
    {
      "revelationText": "お金",
      "textPosX": 13.4,
      "textPosY": 19.5,
      "author": ""
    },
    {
      "revelationText": "凍結必要、移動攻撃",
      "textPosX": 13.4,
      "textPosY": 8.5,
      "author": ""
    },
    {
      "revelationText": "無効無効無効正面正面正面正面ルーン",
      "textPosX": 14.4,
      "textPosY": 28.7,
      "author": ""
    },
    {
      "revelationText": "正面",
      "textPosX": 7.4,
      "textPosY": 12.6,
      "author": ""
    },
    {
      "revelationText": "下牛乳牛乳",
      "textPosX": 12.1,
      "textPosY": 25.3,
      "author": ""
    },
    {
      "revelationText": "装備装備装備装備側面側面側面",
      "textPosX": 11.5,
      "textPosY": 20.7,
      "author": ""
    },
    {
      "revelationText": "右右右右右右右右右右右右右右",
      "textPosX": 11.9,
      "textPosY": 19.1,
      "author": ""
    },
    {
      "revelationText": "中央全部",
      "textPosX": 16.8,
      "textPosY": 16.5,
      "author": ""
    },
    {
      "revelationText": "ですだ",
      "textPosX": 13.4,
      "textPosY": 28.4,
      "author": ""
    },
    {
      "revelationText": "ここ敵",
      "textPosX": 15,
      "textPosY": 7.6,
      "author": ""
    },
    {
      "revelationText": "すべて右移動下限そこそこですで",
      "textPosX": 11,
      "textPosY": 22.4,
      "author": ""
    },
    {
      "revelationText": "だけど",
      "textPosX": 11.8,
      "textPosY": 18.1,
      "author": ""
    },
    {
      "revelationText": "ですです",
      "textPosX": 11.1,
      "textPosY": 6.4,
      "author": ""
    },
    {
      "revelationText": "だけどすべてしかしここそこ",
      "textPosX": 13.3,
      "textPosY": 28.5,
      "author": ""
    },
    {
      "revelationText": "ですだの気をつけろ中央ではない",
      "textPosX": 10.9,
      "textPosY": 18,
      "author": ""
    },
    {
      "revelationText": "下に強敵だ！気をつけろ",
      "textPosX": 10.8,
      "textPosY": 7.3,
      "author": ""
    },
    {
      "revelationText": "凍結凍結凍結凍結凍結凍結凍結凍結",
      "textPosX": 16.6,
      "textPosY": 19.2,
      "author": ""
    },
    {
      "revelationText": "側面背後",
      "textPosX": 11.6,
      "textPosY": 25.5,
      "author": ""
    },
    {
      "revelationText": "強敵？下攻撃考えると見る",
      "textPosX": 10,
      "textPosY": 18,
      "author": ""
    },
    {
      "revelationText": "下",
      "textPosX": 14.7,
      "textPosY": 44.7,
      "author": ""
    },
    {
      "revelationText": "上限",
      "textPosX": 13,
      "textPosY": 23.6,
      "author": ""
    },
    {
      "revelationText": "下",
      "textPosX": 11.9,
      "textPosY": 25.3,
      "author": ""
    },
    {
      "revelationText": "下牛乳牛乳",
      "textPosX": 11.9,
      "textPosY": 25.3,
      "author": ""
    },
    {
      "revelationText": "強敵？下攻撃考えると見る",
      "textPosX": 10,
      "textPosY": 18.2,
      "author": ""
    },
    {
      "revelationText": "麻痺麻痺麻痺",
      "textPosX": 11.1,
      "textPosY": 8.8,
      "author": ""
    },
    {
      "revelationText": "強敵",
      "textPosX": 8.1,
      "textPosY": 22.8,
      "author": ""
    },
    {
      "revelationText": "正面",
      "textPosX": 13.4,
      "textPosY": 19.3,
      "author": ""
    },
    {
      "revelationText": "魔法",
      "textPosX": 14.8,
      "textPosY": 44.3,
      "author": ""
    },
    {
      "revelationText": "君はやったぞ！",
      "textPosX": 10.5,
      "textPosY": 38.9,
      "author": ""
    },
    {
      "revelationText": "ジャンプは役立つ",
      "textPosX": 11,
      "textPosY": 8.3,
      "author": ""
    },
    {
      "revelationText": "毒は有効だ",
      "textPosX": 13.4,
      "textPosY": 7,
      "author": ""
    }
  ],
  "52": [
    {
      "revelationText": "夢お兄ちゃん妹寝る騎士安全深淵",
      "textPosX": 11.6,
      "textPosY": 8,
      "author": ""
    }
  ],
  "53": [
    {
      "revelationText": "牛乳ではない飲み物だ",
      "textPosX": 20.5,
      "textPosY": 14,
      "author": ""
    },
    {
      "revelationText": "川の中に肉だ！",
      "textPosX": 24.4,
      "textPosY": 9.1,
      "author": ""
    },
    {
      "revelationText": "だ",
      "textPosX": 20.5,
      "textPosY": 9.8,
      "author": ""
    },
    {
      "revelationText": "正面使うする",
      "textPosX": 20.4,
      "textPosY": 11.9,
      "author": ""
    },
    {
      "revelationText": "力",
      "textPosX": 24.2,
      "textPosY": 9.5,
      "author": ""
    },
    {
      "revelationText": "ですなぜならなぜならなぜならなぜなら",
      "textPosX": 20.3,
      "textPosY": 9.8,
      "author": ""
    },
    {
      "revelationText": "君君君君お茶会",
      "textPosX": 24.8,
      "textPosY": 31.3,
      "author": ""
    },
    {
      "revelationText": "。。！！？ルーンルーンルーン武器",
      "textPosX": 6.9,
      "textPosY": 20.1,
      "author": ""
    },
    {
      "revelationText": "肉",
      "textPosX": 24.3,
      "textPosY": 9.8,
      "author": ""
    },
    {
      "revelationText": "しかしではないではないしかしと",
      "textPosX": 21.2,
      "textPosY": 17,
      "author": ""
    },
    {
      "revelationText": "背後",
      "textPosX": 18.6,
      "textPosY": 11.7,
      "author": ""
    },
    {
      "revelationText": "罠です",
      "textPosX": 20.9,
      "textPosY": 28.2,
      "author": ""
    },
    {
      "revelationText": "背後使うだ",
      "textPosX": 20.5,
      "textPosY": 11.7,
      "author": ""
    },
    {
      "revelationText": "試してみて、それから…",
      "textPosX": 15.6,
      "textPosY": 15,
      "author": ""
    },
    {
      "revelationText": "試してみて、それから…",
      "textPosX": 26,
      "textPosY": 14.8,
      "author": ""
    },
    {
      "revelationText": "前方に宝あり",
      "textPosX": 23.5,
      "textPosY": 6.5,
      "author": ""
    },
    {
      "revelationText": "待つ必要がある",
      "textPosX": 20.3,
      "textPosY": 9,
      "author": ""
    },
    {
      "revelationText": "前方に未知あり",
      "textPosX": 22.9,
      "textPosY": 15.8,
      "author": ""
    },
    {
      "revelationText": "これは幻覚だ…",
      "textPosX": 41.9,
      "textPosY": 11.9,
      "author": ""
    }
  ]
}