{
  "2": {
    "0": [
      "어스름한 방에는 숨이 막힐 듯한 무거움이 감돌고 있었다."
    ],
    "1": [
      "「콜록\\w[30], 콜록콜록……\\w[30]」"
    ],
    "2": [
      "남자는 힘없이 침대에 누워 있었다.",
      "그의 몸을 덮은 얇은 천은 희미한 숨결에 맞춰 떨리고 있었고,",
      "금방이라도 멈출 것 같았다.",
      " "
    ],
    "3": [
      "아직 철부지 소년이었던 나조차도,",
      "눈앞의 깡마른 몸과 창백한 얼굴을 보니,",
      "본능적으로 깨달았다. 이것은 생명이 다해가는 모습이라고.",
      "삶이 타들어가려 할 때."
    ],
    "4": [
      "「앞으로, 너는 힘든 일들을 겪게 될 거다……」"
    ],
    "5": [
      "그의 목소리는 갈라지고 힘없이,",
      "한마디 한마디가 남은 생명을 쥐어짜듯이,",
      "목구멍에서 겨우 흘러나왔다."
    ],
    "6": [
     "「사실…… 아버지가 할 말은, 아니지만…  \\w[30]",
      "그래도……약속해 다오——」"
    ],
    "7": [
      "「…………？」"
    ],
    "8": [
      "나는 멍하니 그 자리에 서서,",
      "갑작스러운 유언에 사고가 멍해져 있었다.",
      "내 마음은 완전히 텅 비어있다."
    ],
    "9": [
      "아아……중요한 말인데도——",
      "그런데도 나는, 그 사람의 창백한 얼굴을 망연히 바라보고 있었다.",
      "나는 아버지의 얼굴을 멍하니 바라볼 수밖에 없었다. ",
      "빛이 서서히 떠나갈 때."
    ],
    "10": [
      "「그 아이를, 부탁한다. \\w[30]",
      "여동생이라 생각하고, 대해 주거라————"
    ],
    "11": [
      "그의 목소리는 점점 작아졌고, 바람에 흩날리는 연기처럼 덧없이,",
      "아들에게 마지막 소원을 끝까지 말하지 못했다.",
      "남자는 천천히 고개를 기울여, 방 한구석으로 시선을 보냈다.",
      "방의 그늘진 구석."
    ],
    "12": [
      "그 한구석은 짙은 그림자로 덮여 있었고,",
      "뭔가 매우 중요한 것이 숨겨져 있는 듯했다."
    ],
    "13": [
      "아버지이자, 스승이기도 했던 그 사람은, 그렇게 숨을 거두었다.",
      "그 눈은 아직 뜨여 있었지만,",
      "더 이상 생명의 빛은 깃들어 있지 않았다.",
      "생명의 빛은 이미 떠나가 있다."
    ],
    "14": [
      "무의식적으로, 나의 시선도 그의 시선을 좇아,",
      "그 수수께끼 같은 한구석으로 향했다—————"
    ]
  },
  "father": [
    "남자"
  ]
}