{
  "7": {
    "1": [
      "모닥불을 찾았다.",
      "뭘 할까?"
    ],
    "2": [
      "좀 쉬자",
      "아무것도 안 한다"
    ],
    "objectName": [
      "모닥불"
    ],
    "sentouryoku": [
      "???"
    ],
    "description": [
      ""
    ]
  },
  "8": {
    "1": [
      "ASABA가 기대에 찬 눈으로 이쪽을 보고 있다——",
      "내 몸에서 뭔가 냄새가 났나……?"
    ],
    "2": [
      "ASABA가 흥미롭다는 듯 이쪽을 보고 있다——",
      "내 몸에서 뭔가 냄새가 났나……?"
    ],
    "3": [
      "ASABA가 노골적으로 싫은 표정을 짓고 있다——",
      "역시 나를 싫어하는 건가……"
    ],
    "4": [
      "ASABA에게 먹이를 줘 볼까?"
    ],
    "5": [
      "준다!",
      "그만둔다"
    ],
    "6": [
      "ASABA는 무표정으로 먹어 치웠다——",
      "별로 취향이 아니었나……"
    ],
    "7": [
      "ASABA는 딸기에 대만족——",
      "ASABA에게서 의문의 가호를 받았다!"
    ],
    "8": [
      "ASABA가 노골적으로 싫은 표정을 짓고 있다——",
      "맛없었나… 아까 그건……"
    ],
    "9": [
      "……………………?！！ \\w[45]",
      "ASABA, 고장 났다……！！"
    ],
    "10": [
      "ASABA 이미 꽉 찼다—"
    ],
    "11": [
      "………………!",
      "ASABA는 나에게 원한을 품고 있는것 같다…"
    ],
    "objectName": [
      "A↗SA↘BA↗"
    ],
    "sentouryoku": [
      "2333"
    ],
    "description": [
      "딸기를 아주 좋아하는 신비한 생물",
      "단단한 피부와 두꺼운 육체를 가지고 있어 매우 높은 방어력을 자랑하지만",
      "딸기에 정신이 팔려 공격성은 그다지 강하지 않다. 그렇기에,",
      "지나가는 모험가들이 종종 먹이를 주곤 한다…",
      " "
    ],
    "subtitle": [
      "모험가의 길에 살기"
    ],
    "bossName": [
      "베리 데버러"
    ]
  },
  "24": {
    "1": [
      "…………뿅?",
      "왜 그렇게 못생긴 거야 뿅?"
    ],
    "2": [
      "뿅……",
      "당근 냄새가 난다 뿅…"
    ],
    "objectName": [
      "\\c[114]메이드 바니"
    ],
    "sentouryoku": [
      "?77"
    ],
    "description": [
      "항상 메이드복을 입고 있는, 토끼 귀를 가진 미지의 소녀.",
      "공간 이동이 가능하며, 기묘한 구멍에서 나타날 수 있다.",
      "때때로 모험가들을 곤란하게 만들지만, 기본적으로 무해하다.",
      " "
    ]
  },
  "28": {
    "objectName": [
      "자이언트 사카밤바스피스"
    ],
    "subtitle": [
      "물 속에 살고있다"
    ],
    "bossName": [
      "리버 로드 - 멸종되지 않은거야!?"
    ],
    "sentouryoku": [
      "999"
    ],
    "description": [
      ""
    ]
  },
  "32": {
    "1": [
      "아직 강 속이다!"
    ],
    "2": [
      "이상한 가챠 머신을 발견했다…",
      "그나저나, 여동생을 닮았을지도…"
    ],
    "3": [
      "돈을 넣어본다",
      "과자를 줘본다"
    ],
    "4": [
      "돈이 부족하다…"
    ],
    "5": [
      "\\ii[\\v[90]]",
      "을(를) 줄까?"
    ],
    "6": [
      "네",
      "아니요"
    ],
    "objectName": [
      "수수께끼의 가챠가챠"
    ],
    "sentouryoku": [
      "9"
    ],
    "description": [
      "타로 소환에 응해 나타난, 동글동글한 가챠 머신.",
      "모험가가 주는 것을 게걸스럽게 삼켜버린다.",
      "만족하면 기분 좋게 회전하고,",
      "마지막으로 보상이 담긴 캡슐을 토해낸다.",
      "하지만, 너무 많이 주는 것은 주의. 기계라고는 하지만,",
      "아무래도 너무 많이 먹으면 상태가 나빠지기도 하는 것 같다…"
    ]
  },
  "41": {
    "1": [
      "야호~! 어서 오세요 냥♪",
      "편히 쉬다 가세요, 궁금한 게 있다면 언제든지 물어보세요 냥!"
    ],
    "objectName": [
      "\\c[114]역류 찻집 딜리버리!"
    ],
    "sentouryoku": [
      "?999"
    ],
    "description": [
      "두 마리 고양이 소녀들이 독립적으로 운영하는 이동식 상점.",
      "모험가의 부름에 응하여, 언제나 기세 좋게 나타난다.",
      "상품은 기본적으로 어비스에서 주운 일용품뿐이라,",
      "방심하면 터무니없는 가격으로 바가지를 쓰기도……。",
      "하지만, 그렇다고 만만히 봤다가는, 오히려 따끔한 맛을 보게 된다.",
      "P.S.：\\c[2]메이드 바니와 손님을 빼앗고 싸운 결과,",
      "\\c[2]토끼 그룹에서는 완전히 출입 금지를 당했다."
    ]
  },
  "43": {
    "objectName": [
      "걸어 다니는 버섯"
    ],
    "sentouryoku": [
      "120"
    ],
    "description": [
      "항상 정글에 나타나는 특이한 마물로,",
      "일반 버섯보다 크고, 다리로 자유롭게 움직입니다.",
      "공격적이지만, 매우 맛있어서,",
      "모험가나 요리사에게 노려지고 있습니다.",
      " ."
    ]
  },
  "51": {
    "objectName": [
      "\\c[116]초급 오크"
    ],
    "sentouryoku": [
      "320"
    ],
    "description": [
      "아직 성장 단계에 있는 오크로, 체격은 인간과 거의 비슷하지만",
      "여전히 흉포하고 강력한 전투 능력을 가지고 있다.",
      "생명체에 반응하고 탐욕스럽게 반응합니다 ",
      " "
    ]
  },
  "53": {
    "objectName": [
      "좀비"
    ],
    "sentouryoku": [
      "210"
    ],
    "description": [
      "움직일 수 있는 시체.",
      "네크로맨서의 영향으로 행동력을 얻었으며",
      "생물에 민감하게 반응하고 탐욕스럽게 생명력을 빨아들인다."
    ]
  },
  "59": {
    "objectName": [
      "원더랜드의 흰 토끼"
    ],
    "subtitle": [
      "폐허의 숲에 살고있다"
    ],
    "bossName": [
      "원더랜드의 흰 토끼"
    ],
    "sentouryoku": [
      "???"
    ],
    "description": [
      ""
    ]
  },
  "65": {
    "objectName": [
      "\\c[116]괴조"
    ],
    "sentouryoku": [
      "260"
    ],
    "description": [
      "몸집이 거대한 새.",
      "그 큰 몸으로 모험가에게 돌진해 온다.",
      "또한, 음파 공격에도 주의가 필요하다."
    ]
  },
  "66": {
    "1": [
      "고양이 슬라임은 ",
      "나를 좋아하는 것 같다…"
    ],
    "objectName": [
      "\\c[114]치즈 고양이 슬라임"
    ],
    "sentouryoku": [
      "?10"
    ],
    "description": [
      "귀여운 새끼 고양이를 실수로 삼켜 버린 탓에,",
      "변이해서 귀여워져 버린 고양이 슬라임.",
      "본래의 공격성을 잃었지만,",
      "위협을 받으면 고양이처럼 털을 곤두세운다…",
      " "
    ]
  },
  "67": {
    "1": [
      "고양이 슬라임은 ",
      "나를 좋아하는 것 같다…"
    ],
    "objectName": [
      "\\c[114]삼색 고양이 슬라임"
    ],
    "sentouryoku": [
      "?10"
    ],
    "description": [
      "귀여운 새끼 고양이를 실수로 삼켜 버린 탓에,",
      "변이해서 귀여워져 버린 고양이 슬라임.",
      "본래의 공격성을 잃었지만,",
      "위협을 받으면 고양이처럼 털을 곤두세운다…",
      " "
    ]
  },
  "68": {
    "1": [
      "고양이 슬라임은 ",
      "나를 좋아하는 것 같다…"
    ],
    "objectName": [
      "\\c[114]얼룩 무늬 고양이 슬라임"
    ],
    "sentouryoku": [
      "?10"
    ],
    "description": [
      "귀여운 새끼 고양이를 실수로 삼켜 버린 탓에,",
      "변이해서 귀여워져 버린 고양이 슬라임.",
      "본래의 공격성을 잃었지만,",
      "위협을 받으면 고양이처럼 털을 곤두세운다…",
      " "
    ]
  },
  "69": {
    "1": [
      "고양이 슬라임은 ",
      "나를 좋아하는 것 같다…"
    ],
    "objectName": [
      "\\c[114]샴 고양이 슬라임"
    ],
    "sentouryoku": [
      "?10"
    ],
    "description": [
      "귀여운 새끼 고양이를 실수로 삼켜 버린 탓에,",
      "변이해서 귀여워져 버린 고양이 슬라임.",
      "본래의 공격성을 잃었지만,",
      "위협을 받으면 고양이처럼 털을 곤두세운다…",
      " "
    ]
  },
  "70": {
    "objectName": [
      "바나나 요정"
    ],
    "sentouryoku": [
      "?10"
    ],
    "description": [
      "바나나 같은 모습을 한…… 생물?",
      "어비스의 기운에 영향을 받아 탄생한 요정 같지만,",
      "모험가에게는 특별히 해를 가하지 않는다.",
      "다만, 공격을 시도한 자가 반격당해",
      "날아갔다는 소문도 있다…"
    ]
  },
  "71": {
    "objectName": [
      "사과 요정"
    ],
    "sentouryoku": [
      "?10"
    ],
    "description": [
      "사과 같은 모습을 한…… 생물?",
      "어비스의 기운에 영향을 받아 탄생한 요정 같지만,",
      "모험가에게는 특별히 해를 가하지 않는다.",
      "다만, 공격을 시도한 자가 반격당해",
      "날아갔다는 소문도 있다…"
    ]
  },
  "72": {
    "objectName": [
      "\\c[115]타락한 마법사의 절단된 팔"
    ],
    "sentouryoku": [
      "480"
    ],
    "description": [
      "죽은 마법사의 잘린 팔.",
      "원래 주인이 어떤 최후를 맞았는지는 더 이상 알 수 없지만,",
      "사령술에 홀린 이 팔은 지금도 활발하게 움직이며,",
      "모험가들은 종종 그것이 매우 저속한 손짓으로 공격을",
      "가하는 것을 목격한다고 한다."
    ]
  },
  "73": {
    "objectName": [
      "물 괴물"
    ],
    "sentouryoku": [
      "180"
    ],
    "description": [
      "물로 구성된 연금술의 원소 생명체로, 원소 마법을 다룬다.",
      "물리 공격에도 높은 내성을 가지지만,",
      "물이 없는 환경에서는 행동할 수 없다.",
      " "
    ]
  },
  "77": {
    "objectName": [
      "\\c[115]데빌 캣"
    ],
    "sentouryoku": [
      "300"
    ],
    "description": [
      "악마의 힘에 사로잡힌 길고양이.",
      "비행 능력을 얻은 동시에, 사악한 힘도 손에 넣었다.",
      "하지만 결국은 그냥 고양이일 뿐이며,",
      "위협이라고 해봤자 기껏해야 마법탄을 뱉어내는 정도이다.",
      " "
    ]
  },
  "78": {
    "objectName": [
      "\\c[115]원령"
    ],
    "sentouryoku": [
      "400"
    ],
    "description": [
      "죽은 자의 집념이 사령술에 의해 탄생한 마법 생물.",
      "항상 무덤을 헤매고 있으며, 물리 공격에 대해 매우",
      "내성을 가지고 있다.",
      "치명적인 도깨비불을 뿜어낼 수 있다."
    ]
  },
  "80": {
    "bossName": [
      "광란의 크림슨 비스트"
    ],
    "subtitle": [
      "잊혀진 지하 묘지에 거주"
    ],
    "sentouryoku": [
      "1600"
    ],
    "description": [
      ""
    ]
  },
  "87": {
    "objectName": [
      "초식 슬라임"
    ],
    "sentouryoku": [
      "60"
    ],
    "description": [
      "어비스의 교외에서 자주 보이는, 아주 평범한 몬스터.",
      "식물을 삼키는 습성 때문에, 그 몸은 녹색으로 변했다.",
      "함부로 가까이 가면 스트레스를 느껴, 부식성 점액을",
      "세차게 뿜어내므로 주의가 필요하다.",
      "부식성 점액을 분사한다."
    ]
  },
  "88": {
    "objectName": [
      "잭 슬라임"
    ],
    "sentouryoku": [
      "999"
    ],
    "description": [
      "잭폭탄을 실수로 삼켜 버린 슬라임.",
      "바로 폭발하지는 않지만, 그 상태는 매우 불안정하다.",
      "자극을 받으면 쉽게 흥분하며, 자폭해 버린다.",
      " "
    ]
  },
  "89": {
    "objectName": [
      "\\c[116]악령 슬라임"
    ],
    "sentouryoku": [
      "340"
    ],
    "description": [
      "묘지의 영향을 받아 변이한 슬라임.",
      "좀비처럼 모험가를 적극적으로 공격하며, 그 공격은 흉포함을 더하고 있다.",
      "더욱이, 달라붙는 죽음의 독기가 공격을 통해 모험가에게 감염되어,",
      "방심하면 즉사를 초래할 위험이 있다.",
      "몸에 접촉 시 다른 사람을 감염시킬 수 있습니다.,",
      "방심 하다간 즉사할 수 있습니다..."
    ]
  },
  "90": {
    "objectName": [
      "\\c[116]급속 냉동 슬라임"
    ],
    "sentouryoku": [
      "400"
    ],
    "description": [
      "어디선가 마력을 흡수해 변이를 이룬 슬라임.",
      "수역에서만 활동하며, 마력을 이용해 자신에게 두꺼운 얼음 껍질을 두르고 있다.",
      "대량의 물을 흡수해 급속히 냉각시켜 분사함으로써,",
      "모험가를 혼란에 빠뜨리는 성가신 존재.",
      "급속히 냉각시켜 모험가들에게 폭발시킨다."
    ]
  },
  "91": {
    "objectName": [
      "\\c[116]찌릿찌릿 슬라임"
    ],
    "sentouryoku": [
      "280"
    ],
    "description": [
      "전신에서 전류를 방출하며 반짝반짝 빛나도록 변이한 슬라임.",
      "슬라임 자신도 무엇을 먹어서 이런 변이가 일어났는지는 불명.",
      "하지만, 전류를 무차별로 방출하고 있기 때문에,",
      "일반적인 방법으로는 접근하기 어려운 위험한 존재."
    ]
  },
  "92": {
    "objectName": [
      "광석 슬라임"
    ],
    "sentouryoku": [
      "350"
    ],
    "description": [
      "마력을 포함한 대량의 결정을 흡수해 굳어진 슬라임.",
      "몸에는 단단한 광석이 자라며,",
      "그 광석을 조종해 날카로운 무기로 변환할 수 있다.",
      "단단해졌다고는 해도, 결국은 슬라임이다.",
      "게다가, 쓰러뜨리면 얻을 수 있는 광석은 고가에 거래된다고 한다…."
    ]
  },
  "97": {
    "1": [
      "어머~ 이건 이건 보기 드문 손님이네~",
      "후후, 여기 좋은 게 있으니까 천천히 둘러봐♥"
    ],
    "2": [
      "야호~ 우연이네~ 또 너를 만나다니~!",
      "운명인가? 아니면 운이 좋은 걸까?"
    ],
    "3": [
      "우후후, 뭐~! 어쨌든,",
      "운이 좋을 때는 운을 빼앗기지 않게 조심해♥"
    ],
    "4": [
      "내 가게는 특별해서,",
      "다른 가게에선 살 수 없는 것들을 팔고 있어~"
    ],
    "5": [
      "음, 괜찮아? 얼굴이 빨개졌다구?\\w[45] 호오~\\w[45]",
      "내 귀여움에 반했어? 귀여워라~"
    ],
    "6": [
      "이 상품은…",
      "당신은…"
    ],
    "7": [
      "아하♥ 자・극・적・인~ 성・인・용~",
      "상품을 원하시나요?"
    ],
    "8": [
      "물론~ 있어요♥",
      "오빠… 신경 쓰이시나요?"
    ],
    "9": [
      "헤에~ 나에 대해 알고 싶어?",
      "그렇네~ 아직 자기소개를 안 했구나~"
    ],
    "10": [
      "으음, 나는~ 심연의 ",
      "깊은 곳에서 온 대악마! 아키야~"
    ],
    "11": [
      "아아! 그렇게 무서운 얼굴 하지 말아요~",
      "아하♥오늘은 너와 거래하기 위해서 온 것 뿐이라구~!"
    ],
    "12": [
      "킁킁…",
      "\\w[90]\\^"
    ],
    "13": [
      "이 냄새는 틀림없어!",
      "그거야! 그거 줘♥ 빨리~!"
    ],
    "14": [
      "좋아~",
      "나한테 줄 거지♥"
    ],
    "15": [
      "(앗, 배낭속의 연어냄새에 ",
      "낚인 건가......)"
    ],
    "16": [
      "응응~! 내가 원하는 건!",
      "이거야! 보답할 테니까♥"
    ],
    "17": [
      "저기, 나한테 조금만이라도 좋으니까…",
      "나눠주지 않을래? 부탁이야♥"
    ],
    "18": [
      "(어떡하지… 이 아이,",
      "연어를 굉장히 갖고 싶어하는 것 같다……)"
    ],
    "19": [
      "아무것도 주지 않는다"
    ],
    "20": [
      "헤에~    \\w[45]",
      "아키님께 반항할 셈이야?"
    ],
    "21": [
      "정말 어쩔 수 없는 녀석이네~ 나쁜 녀석이니까~!",
      "벌을 줄게♥"
    ],
    "22": [
      "\\>\\c[10]《순진한 인간을 저주하는 악마의 계약식",
      "\\>오늘부터 너의 인생 하드 모드!》        \\w[90]"
    ],
    "23": [
      "너는 이미 ",
      "저주받았다——"
    ],
    "24": [
      "연어를 많이 바치다니~♥, 오빠~",
      "혹시 나한테 관심 있는 거야?"
    ],
    "25": [
      "귀여워라♥ 참을 수 없네♥",
      "우후후~!"
    ],
    "26": [
      "이 귀여운 아이를 네 곁에 두고 있어~",
      "만약 나를 찾고 싶다면, 그 아이에게 전언을 부탁하면 돼~♥"
    ],
    "27": [
      "이 상품을 사고 싶어?",
      "좋아~ 팔아줄게~!"
    ],
    "28": [
      "아! 하지만 나, 돈에는 관심 없어~",
      "대악마인 나에게는 아무런 가치도 없거든~"
    ],
    "29": [
      "너, 꽤 근육이 있어 보이니까",
      "분명 할 수 있을 거야~!"
    ],
    "30": [
      "…에헤헤, 이 상품을 원한다면~!",
      "연어와 교환이야~!"
    ],
    "31": [
      "이 근처, 물가도 많고,",
      "너라면 물고기 정도는 쉽게 잡을 수 있잖아~?"
    ],
    "32": [
      "그걸로 끝이라고 생각했다면, 큰 오산이야 ~♥",
      "더 반성하지 않으면 절대 용서하지 않을 거니까!"
    ],
    "33": [
      "그리고~ 이 저주는",
      "영원히 계속될 거야~♥"
    ],
    "34": [
      "아하♥ 그런 건 여러모로 곤란하고~",
      "오빠도 싫지?♥"
    ],
    "35": [
      "에~ 저주를 풀어주길 바라냥?",
      "어떻게 할까~♥"
    ],
    "36": [
      "싫다고 하면, 어떻게 할 거냥~",
      "아아~ 그런 표정을 짓고~ 안 돼~"
    ],
    "37": [
      "오빠를 더 괴롭히고 싶어지잖아♥",
      "더 풀고 싶지 않아~♥ 아핫♥"
    ],
    "38": [
      "너무 필사적인 거 아니야? 허접 오빠♥",
      "좀 더 사과하는 성의를 보여줘♥"
    ],
    "39": [
      "(저주를 풀기 위해서는… 역시",
      "이 악마에게 생선을 바치는 게 좋을지도…)"
    ],
    "40": [
      "우와~!",
      "오빠~ 고마워~♥"
    ],
    "41": [
      "많은 연어를 줘서~♥ 츄릅♥",
      "아아~ 연어 파라다이스♥"
    ],
    "42": [
      "자~! 이제 저주는 풀렸어~!",
      "다음에도♥ 잘 부탁해♥"
    ],
    "43": [
      "어라라~ 오빠, 오랜만이네요~",
      "마침 잘 왔네~"
    ],
    "44": [
      "새 상품 하나 어때?",
      "내가 직접 만든 물 만쥬야~"
    ],
    "45": [
      "효과는 무려!",
      "몸이 민감해지기 쉬워지는 점이야!"
    ],
    "46": [
      "인간은 물론이고,",
      "마물에게도 효과적인 최고의 일품이야~"
    ],
    "47": [
      "어때? 연어 10마리면 된다구~?",
      "살래? 안 살래? 빨리~ 결정해줘♥"
    ],
    "48": [
      "살게, 샀어!",
      "역시 그만둘래…"
    ],
    "49": [
      "허접 오빠는, 벌써 뇌까지 허접이 된 거 아니야~?",
      "그렇게 물고기도 안 가지고 있다니, 정말 쓸모없어♥"
    ],
    "50": [
      "돈도 연어도 없는, 엄청 약해빠진 허접 오빠~",
      "이러니까 언제까지고 독신에 동정인 거야~ 허접~"
    ],
    "51": [
      "내키면, 사러 와줘~",
      "기대는 안 할게♥"
    ],
    "52": [
      "쳇~ 재미없냥~",
      "이렇게 멋진 걸 안 사다니♥"
    ],
    "53": [
      "매번 고맙냥~ 이걸로 많이",
      "연어를 먹을 수 있겠냥~"
    ],
    "54": [
      "쳇~ 재미없냥~",
      "이렇게 멋진 걸 안 사다니♥"
    ],
    "55": [
      "마지막으로 주의사항을 알려줄게~",
      "설마 그럴 리는 없겠지만♥"
    ],
    "56": [
      "오빠는 허접 같고~ 혹시나 해서 말야~",
      "오빠, 스스로 먹는 것도 가능해~"
    ],
    "57": [
      "효과는 물론 몸이 민감해지는 것♥",
      "절대 자신에게 사용하지 마~"
    ],
    "58": [
      "아니면 사용할 건가냥~? 오빠 아무리 봐도",
      "도M인 허접이고… 설마의 설마인가?"
    ],
    "59": [
      "농담이야♥",
      "다음에 가게를 방문해 줄 때까지 기다릴게♥"
    ],
    "60": [
      "유감~ 벌써 다 팔렸다구~?",
      "오빠는, 그렇게 굶주리고 있었구나~♥"
    ],
    "61": [
      "원하면 다음까지 기다려줘~",
      "하지만 연어 줄 거면, 언제든지 좋아♥"
    ],
    "62": [
      "어머나♥ 아직도 원하는 거야~? 욕심쟁이네~!",
      "이렇게 많이 사서, 뭔가 이상한 데 쓸 생각은 아니겠지~?"
    ],
    "63": [
      "호오오~♥ 이렇게 고급 연어가 있다니!",
      "오빠는, 이렇게 좋은 거 있으면 진작에 좀 내놓지~"
    ],
    "64": [
      "그 정도라면~",
      "한 마리 주면 팔아줄 수도 있어~♥"
    ],
    "objectName": [
      "\\c[10]아키"
    ],
    "sentouryoku": [
      "\\c[10]우후후, 아키에 대해 알고 싶어? 허접 오빠♥"
    ],
    "description": [
      "겉보기엔 그저 무해한 로리 미소녀로밖에 보이지 않지만,",
      "그 정체는 무엇에도 얽매이지 않는 대악마.",
      "인간에게는 매우 우호적이지만, 관찰하거나 놀리면서,",
      "얼굴을 붉히거나 두근거리는 반응을 즐기고 있다.",
      "취미로 가게를 운영하고 있지만, 상품도 가격도 모두 제멋대로.",
      "요컨대, 가장 좋아하는 연어를 인간에게서 최대한",
      "손에 넣고 싶을 뿐이다.",
      "인간에게서 가능한 모두..."
    ]
  },
  "98": {
    "1": [
      "알록달록한 별사탕이 가득 들어있는",
      "캔디 머신을 발견했다——"
    ],
    "2": [
      "음... 한번 돌리는데...",
      "\\w[60]\\^"
    ],
    "3": [
      "\\>음... 한번 돌리는데...",
      "\\c[6]\\v[86]\\c[0]엔！？ \\< 너무 비싸！！"
    ],
    "4": [
      "여동생이라면 이런 과자, 좋아할지도…",
      "어쩌지? 시도해볼까?"
    ],
    "5": [
      "음... 한번 돌리는데...\\w[60]\\c[6]\\v[86]\\c[0]엔",
      "어쩌지? 시험해 볼까?"
    ],
    "6": [
      "돈으로 지불한다",
      "연어로 교환한다"
    ],
    "7": [
      "하지만… 가지고 있는",
      "돈이 부족해……"
    ],
    "8": [
      "그래 그래~♥",
      "그 기세로 좀 더 연어를 갖다줘…"
    ],
    "objectName": [
      "캔디 머신"
    ],
    "sentouryoku": [
      "???"
    ],
    "description": [
      "가지각색의 별사탕이 가득 찬 캔디 머신.",
      "안의 내용물은 모두 가게 주인이 직접 만든 별사탕이라고 한다.",
      "특별한 재료를 사용했는지, 신비한 향기가 난다…",
      "궁금해서 무엇이 들어있는지 물어봐도,",
      "소녀는 의미심장한 미소만 지을 뿐이었다…",
      "호기심에 안에 무엇이 들어 있는지 물어보더라도,",
      "당신이 얻을 수 있는 것은 그 소녀에게서 의미심장한 미소뿐입니다..."
    ]
  },
  "101": {
    "objectName": [
      "\\c[116]붉은 어린 짐승"
    ],
    "sentouryoku": [
      "380"
    ],
    "description": [
      "알에서 태어난 기형의 생물. 왜곡된 성장 환경으로 인해,",
      "신체 조직이 복잡하게 뒤틀려 있다.",
      "격렬한 공격 욕구를 가지고 있으며, 피와 살점을 먹어치워",
      "새로운 모습을 얻고자 갈망하고 있다.",
      "육신을 탐하고 다시 태어나고 싶은 욕망에 의해 움직인다."
    ]
  },
  "102": {
    "1": [
      "쓰레기통을 발견했다…",
      "무엇을 할까?"
    ],
    "2": [
      "뒤져본다",
      "무기를 버린다",
      "장비를 버린다"
    ],
    "3": [
      "안에는 방금 버린 물건밖에 없다……",
      "내가 방금 버린 물건이다..."
    ],
    "4": [
      "（으음… 가방이 완전히 꽉 찼다……",
      "전부 한꺼번에 버리는 수밖에……）"
    ],
    "5": [
      "전부 버린다!",
      "그만둔다…"
    ],
    "6": [
      "……정말로 이것들을 버려도 괜찮겠습니까?",
      "\\str[8]"
    ],
    "7": [
      "\\fr${itemIcon}\\fr 등 총 ${itemLength}개의 장비"
    ],
    "objectName": [
      "쓰레기통"
    ],
    "sentouryoku": [
      "???"
    ],
    "description": [
      "어비스처럼 위험한 장소에서도,",
      "함부로 물건을 버리는 건 좋지 않다.",
      "하지만, 버린 물건은 다음 날이면 신기하게도 사라지는 것 같고,",
      "누군가 몰래 수거하는 걸지도 모른다…….",
      "단, 가연성 물질은 절대 넣지말자.",
      "함부로 다루면, 큰 반응을 일으킬 수도 있다——"
    ]
  },
  "110": {
    "objectName": [
      "허수아비"
    ],
    "sentouryoku": [
      "???"
    ],
    "description": [
      "「나는 그저 허수아비일 뿐.",
      "마음이 없으니,",
      "아픔도 느끼지 못한다.」"
    ]
  },
  "113": {
    "objectName": [
      "뿔토끼"
    ],
    "sentouryoku": [
      "50"
    ],
    "description": [
      "마력의 오염으로 변이한 산토끼. 머리의 뿔은 그 변이의 증거.",
      "하지만 아직 성장 중이기 때문에 그다지 위협적이지 않다.",
      "참고로, 고기의 맛은 여전히 일품.",
      "그리고 특별히 위험하지는 않다.",
      "또한 고기가 부드럽고 맛있습니다.."
    ]
  },
  "115": {
    "objectName": [
      "\\c[115]버닝 슬라임"
    ],
    "sentouryoku": [
      "620"
    ],
    "description": [
      "전신이 불꽃에 휩싸인 슬라임.",
      "가까이 가는 것만으로도 작열하는 열기가 전해져 온다.",
      "일반 공격은 거의 통하지 않으며, 모험가는",
      "이런 마물이 용암 같은 극한 환경에서만",
      "나타난다는 것을, 그저 행운이라고 생각할 수밖에 없다.",
      "용암 지대와 같은 극한 환경."
    ]
  },
  "119": {
    "objectName": [
      "\\c[10]죽음의 악마"
    ],
    "garble": [
      "진실"
    ],
    "sentouryoku": [
      "???"
    ],
    "description": [
      "이것은 죽음의 악마의 힘의 일부에 불과하다",
      "진정한 악마는 인간이",
      "소환하거나 견뎌낼 수도 없다",
      "하지만, 이런 미약한 힘만으로도",
      "그 눈에 비치는 모든 것을 멸망시키기엔 충분하다",
      "소환사를 포함하여. "
    ]
  },
  "possibleDrops": [
    "드롭 아이템"
  ]
}