{
  "1": {
    "name": [
      "견고한 목검"
    ],
    "subtitle": "",
    "description": [
      "용사도 처음에는 목검을 들고 시작의 마을에서 출발했다고 한다",
      "그것이 많은 모험가들의 모범이 되고 있다…",
      " "
    ],
    "ability": [
      "무기가 파손 직전이 되면 추가 피해를 준다"
    ]
  },
  "2": {
    "name": [
      "단단한 나무 막대"
    ],
    "subtitle": "",
    "description": [
      "모양이 뛰어난 나무 막대기로,",
      "어린아이는 분명 손에서 놓지 못할 것이다",
      "무기로서의 성능도 그럭저럭 괜찮다"
    ],
    "ability": [
      "무기가 파손 직전이 되면 추가 피해를 준다"
    ]
  },
  "3": {
    "name": [
      "벌목 도끼"
    ],
    "subtitle": "",
    "description": [
      "숲을 누비는 모험가나 개척자에게 든든한 동반자",
      "단, 공격 용도로는 적합하지 않으니, 전투에서는 과신하지 않도록...",
      " "
    ],
    "ability": [
      "나무에 더 큰 피해를 준다"
    ]
  },
  "4": {
    "name": [
      "주먹"
    ],
    "subtitle": "",
    "description": [
      "무기가 없다고? 그럼 주먹으로 연타할 뿐!",
      "응급 수단이라곤 해도, 투지가 담긴 주먹의 위력은 무시할 수 없다",
      "주먹으로 해결할 수 있다면, 무기 따윈 필요 없잖아?"
    ],
    "ability": [
      "최대 체력에 따라 연타 피해가 강화!"
    ]
  },
  "5": {
    "name": [
      "기사의 검"
    ],
    "subtitle": "",
    "description": [
      "아버지가 젊은 시절 사용했던 무기. 매우 잘 관리되어 있으며",
      "궁정 기사를 위해 만들어진 무기인 듯하다"
    ],
    "ability": [
      "체력이 \\c[10]30%\\c[0] 이하가 되면, 무기의 공격력이 두 배가 된다"
    ]
  },
  "6": {
    "name": [
      "용암 지팡이"
    ],
    "subtitle": "",
    "description": [
      "화산 광석으로 만들어진 마법 지팡이. 불의 원소를 쉽게 응축할 수 있다",
      "조금이라도 부주의하면 자신도 휘말릴 수 있다",
      " "
    ],
    "ability": [
      "오른쪽 클릭을 길게 눌러 마법 \\c[27]홍련 강운\\c[0]을 영창"
    ]
  },
  "7": {
    "name": [
      "서리 지팡이"
    ],
    "subtitle": "",
    "description": [
      "마력을 포함한 얼음으로 만들어진 마법 지팡이. 광범위에 서리를 뿜어낼 수 있지만",
      "실제 조작은 어렵고, 왠지 손이 엄청 차갑다!!"
    ],
    "ability": [
      "오른쪽 클릭을 길게 눌러 마법 \\c[27]빙결술\\c[0]을 영창"
    ]
  },
  "8": {
    "name": [
      "괴조의 깃털"
    ],
    "subtitle": "",
    "description": [
      "거대한 괴조에게서 얻은 깃털. 매우 가볍고",
      "쉽게 사람을 날려버릴 바람을 만들어낼 수 있다"
    ],
    "ability": [
      "선풍 베기 사용 중, 이동 속도가 점점 빨라진다",
      " "
    ]
  },
  "9": {
    "name": [
      "기사의 검"
    ],
    "subtitle": "",
    "description": [
      "궁정 기사에게 지급된 무기",
      "기사들의 수호의 길을 상징한다"
    ],
    "ability": [
      "체력이 \\c[10]30%\\c[0] 이하가 되면, 무기의 공격력이 두 배가 된다"
    ]
  },
  "10": {
    "name": [
      "은빛 대검"
    ],
    "subtitle": "",
    "description": [
      "은으로 단련된 것처럼 빛을 내는 거대한 검",
      "그 표면은 차갑게 빛나며, 압도적인 경도를 자랑하지만",
      "실제로는 미지의 금속으로 되어 있다고 한다"
    ],
    "ability": [
      "체력이 \\c[29]400\\c[0] 미만이면, 이 무기의 성능을 충분히 발휘할 수 없다"
    ]
  },
  "11": {
    "name": [
      "큰 나무망치"
    ],
    "subtitle": "",
    "description": [
      "묵직하고 무거운 큰 나무망치",
      "머리에 맞으면, 한 방에 정신이 아득해질 것임이 틀림없다!"
    ],
    "ability": [
      "공격 시 33% 확률로 기절 상태를 부여한다",
      "체력이 \\c[29]400\\c[0] 미만에서는, 이 무기의 성능을 충분히 발휘할 수 없다"
    ]
  },
  "12": {
    "name": [
      "야구 배트"
    ],
    "subtitle": "",
    "description": [
      "금속제 막대기. 스포츠 용도지만, 때리는 데도 좋다",
      "날아오는 것을 멀리 날려버리는 특성이 있다"
    ],
    "ability": [
      "잘 부서지지 않는다!",
      " "
    ]
  },
  "13": {
    "name": [
      "고약한 생선 뼈"
    ],
    "subtitle": [
      "「엄청 비린내 나, 빨리 버려!」――여동생"
    ],
    "description": [
      "먹고 남은 큰 생선 뼈에, 이미 썩어버린 살점이 붙어 있어서",
      "참을 수 없는 악취를 풍긴다"
    ],
    "ability": [
      "당신은 끊임없이 악취를 풍기고 있다",
      " "
    ]
  },
  "14": {
    "name": [
      "거대 게의 집게"
    ],
    "subtitle": "",
    "description": [
      "어떤 거대 게의 집게. 한 번 집은 먹잇감은 결코 놓치지 않는다",
      "따라서, 정말로 무엇인가를 집으면, 떼어내는 것은 지극히 어려운 일……"
    ],
    "ability": [
      "무기를 던지면 대상을 집어 지속 피해를 준다",
      "대상이 사망할 때까지 무기를 회수할 수 없다"
    ]
  },
  "15": {
    "name": [
      "설월"
    ],
    "subtitle": [
      "\"칼날을 핥다가 혀가 붙었다... 너무 차갑고 아파!\"",
      "\"\\str[121], 아무거나 햝고 다니지 마!\""
    ],
    "description": [
      "악당처럼 칼날을 핥아보니, 혀가 달라붙어서… 엄청 차갑고 아프다!",
      "「오빠, 주운 걸 아무거나 핥으면 안 돼」——여동생",
      "칼날이 얼음으로 되어 있는 마검으로, 가까이 다가가기만 해도 그 엄청난 냉기를 느낄 수 있다"
    ],
    "ability": [
      "공격했을 때, 50% 확률로 동결을 부여한다"
    ]
  },
  "16": {
    "name": [
      "누전되는 불량품"
    ],
    "subtitle": [
      "「찌릿찌릿……찌릿찌릿……！」"
    ],
    "description": [
      "광포한 에너지가 가득 찬 마검이지만, 이미 고장 났다",
      "사용자조차도 감전될 수 있으니 주의"
    ],
    "ability": [
      "공격했을 때, 50% 확률로 감전을 부여한다"
    ]
  },
  "17": {
    "name": [
      "아지랑이"
    ],
    "subtitle": [
      "「오빠, 무서워, 가져오지 마」——여동생"
    ],
    "description": [
      "햇빛을 받아 에너지를 축적한 특제 마검, 따뜻한 열을 내뿜으며",
      "흡혈귀에게 특히 효과적이라고 소문나 있다"
    ],
    "ability": [
      "공격했을 때, 40% 확률로 화상을 부여한다"
    ]
  },
  "18": {
    "name": [
      "오크 뼈 도끼"
    ],
    "subtitle": "",
    "description": [
      "전리품인 시체의 뼈로 만들어진 큰 도끼",
      "날카롭지는 않지만, 오크는 던져서 사용하는 것을 좋아한다",
      " "
    ],
    "ability": [
      "무기를 던졌을 때 추가 피해를 준다"
    ]
  },
  "19": {
    "name": [
      "Nichirin"
    ],
    "subtitle": "",
    "description": [
      "금지된 불타는 악마를 모방하여 만든 복제품",
      "신화에서 나온 검, 복제품이기에 진정한 힘을 사용할수 없다. ",
      "진짜와도 같은 지옥불."
    ],
    "ability": [
      "공격할 때 유성을 소환하여 무작위 위치를 타격할 수 있습니다"
    ]
  },
  "20": {
    "name": [
      "러스티 철검"
    ],
    "subtitle": "",
    "description": [
      "오래전부터 날카로움을 잃은 녹으로 뒤덮인 오래된 철제 검",
      "다른 관점에서 보면 부식 자체가 위험할 정도로 치명적이다..."
    ],
    "ability": [
      "공격 시 포이즌 상태를 적용 15% ",
      "출혈 대상에게는 항상 독을 가합니다"
    ]
  },
  "21": {
    "name": [
      "지옥도"
    ],
    "subtitle": [
      "\"피를 갈망하는 검...\""
    ],
    "description": [
      "이 녀석은 비명을 갈망하고 있다",
      "어떤 악명 높은 살인범의 흉기 중 하나, 선혈을 두르고 있다"
    ],
    "ability": [
      "출혈 상태의 몬스터에 대해서는, 피해가 15% 증가한다"
    ]
  },
  "22": {
    "name": [
      "단조 해머"
    ],
    "subtitle": [],
    "description": [
      "대장장이들이 금속을 만들 때 한때 사용했던 무거운 망치",
      "지금은 누군가의 손에서 온갖 이상한 용도로 사용됩니다"
    ],
    "ability": [
      "모루에 놓인 무기를 치면 수리됩니다",
      "이 망치를 장착하면 소환된 모루도 제거됩니다"
    ]
  },
  "24": {
    "name": [
      "폭풍 오크의 도끼"
    ],
    "subtitle": "",
    "description": [
      "유니크 몬스터의 무기. 일반 오크의 무기보다 날카롭고",
      "마찬가지로 회오리를 일으킬 수 있다"
    ],
    "ability": [
      "공격 시 일정 확률로 회오리를 발생시킨다",
      "When HP falls below \\c[29]400\\c[0], the weapon’s full potential is limited!"
    ]
  },
  "25": {
    "name": [
      "티드위름의 노래"
    ],
    "subtitle": "",
    "description": [
      "젖은 마법의 크리스탈로 제작된 스태프, 항상 젖은 채로 흘러내립니다",
      "물을 매개체로 사용할 때만 진정한 힘을 드러냅니다",
      "사용하기 번거롭다!"
    ],
    "ability": [
      "물 근처에 캐스팅하면 마법이 강화됩니다",
      "오른쪽 마우스 버튼을 눌러 리플 스러스트를 캐스팅합니다"
    ]
  },
  "26": {
    "name": [
      "성야"
    ],
    "subtitle": "",
    "description": [
      "은하수처럼 반짝이는 마법 보석으로 장식된 지팡이",
      "그 힘은 강력한 인력을 가진 역장을 생성하여, 어둠의 심연으로 이끈다",
      " "
    ],
    "ability": [
      "오른쪽 클릭을 길게 눌러 마법 \\c[27]블랙홀\\c[0]을 영창"
    ]
  },
  "27": {
    "name": [
      "독침"
    ],
    "subtitle": "",
    "description": [
      "걷는 버섯이 떨어뜨리는 기묘한 레이피어. 그 칼날은 날카롭지 않지만",
      "독포에 뒤덮여 있으며, 한 번 찔리면 독이 확실히 적을 좀먹는다",
      "무기로서의 경도는 낮지만, 그 독성으로 인한 실용성은 매우 높다"
    ],
    "ability": [
      "공격했을 때, 50% 확률로 중독을 부여한다"
    ]
  },
  "30": {
    "name": [
      "Kanesada"
    ],
    "subtitle": "",
    "description": [
      "사랑받는 카타나는 다음을 위해 노력하는 소녀와 동행했습니다",
      "검술의 절정—잠자는 동안에도 그녀의 손아귀를 떠나지 않는 것",
      "날카롭든 아니든, 그것은 여전히 그녀의 여정을 증명하는 증거로 남아 있다"
    ],
    "ability": [
      "모든 학습된 기술의 효과를 크게 향상시킵니다"
    ]
  },
  "35": {
    "name": [
      "클리브 솔리스"
    ],
    "subtitle": [
      "「어라? 아무것도 안 보여! 이거, 정말 검 손잡이야!?」"
    ],
    "description": [
      "빛의 가호를 받은 칼날은 항상 빛을 끌어당겨, 불가시의 마검이 된다",
      "그 날카로움은 압도적이며, 가호를 해방하면 진정한 빛을 내뿜을 수도 있다"
    ],
    "ability": [
      "공격 시, 상대의 방어 능력을 완전히 무시한다"
    ]
  },
  "36": {
    "name": [
      "참렬검 티르빙"
    ],
    "subtitle": "",
    "description": [
      "검날이 마력 결정으로 만들어진 인공 마검",
      "한 번 휘두를 때마다 실체화된 검파를 방출할 수 있다",
      "검술에 능숙한 무사에게는, 그야말로 금상첨화와 같은 존재다"
    ],
    "ability": [
      "공격 시 튀어나오는 검파로 적에게 피해를 준다"
    ]
  },
  "40": {
    "name": [
      "괴롭힘-방지 망치"
    ],
    "subtitle": [
      "\"괴롭힘 금지!!\""
    ],
    "description": [
      "사악한 모험가들을 처벌하기 위해 태어난 무기. ",
      "비록 장난감 망치일 뿐이지만, 맞아도 여전히 아프다."
    ],
    "ability": [
      "악행에 사용될 때 반동 피해를 입힙니다",
      "죄값이 낮을수록 피해가 커집니다"
    ]
  },
  "42": {
    "name": [
      "덴의 음산한 낫"
    ],
    "subtitle": [
      "「봐봐, 선풍참은 이렇게 쓰는 거야!」"
    ],
    "description": [
      "이방인이 소지하고 있던 짧은 손잡이의 낫. 끔찍한 외형과 안에 강한 의지가 깃들었다.",
      "장시간 사용하면, 머릿속에 기묘한 목소리가 울려 퍼지는 듯한 느낌이 든다…",
      " "
    ],
    "ability": [
      "공격 범위가 넓고, 던지면 자동으로 적을 추적한다.",
      "강한 의지에 의해, 특수한 전술을 습득할 수 있다!"
    ]
  },
  "51": {
    "name": [
      "수수께끼 의 아이스캔디"
    ],
    "subtitle": "",
    "description": [
      "NLCH의 간판 무스메가 정성껏 만든 식용 무기",
      "초콜릿, 크림, 딸기를 결합한 세 가지 맛의 아이스캔디",
      "상쾌하고 맛있어요! 하지만 녹기 전에 꼭 끝내세요.."
    ],
    "ability": [
      "공격할 때 먹힐 수 있습니다...",
      "장비를 갖추면 시간이 지남에 따라 녹아 사라집니다..."
    ]
  },
  "52": {
    "name": [
      "2호기"
    ],
    "subtitle": "",
    "description": [
      "수상한 가게에서 얻은 통신 기기",
      "『해라』라고 말하기만 해도, 멀리서 저격 지원이 온다",
      "하지만, 통화료는 자기 부담……"
    ],
    "ability": [
      "좌클릭으로 근거리 지원사격 소환, 1회 1000엔이 든다",
      "우클릭으로 장거리 저격 소환, 1회 500엔이 든다"
    ]
  },
  "53": {
    "name": [
      "슈퍼콘 대검"
    ],
    "subtitle": "",
    "description": [
      "찻집의 간판 아가씨들이 만든 맛있는 무기",
      "무기로서의 성능을 보장하면서, 매우 맛있다!"
    ],
    "ability": [
      "공격 시 무기가 먹힐 가능성이 있다",
      "장비를 갖추면 시간이 지남에 따라 서서히 녹는다..."
    ]
  },
  "54": {
    "name": [
      "당근 대검"
    ],
    "subtitle": "",
    "description": [
      "메이드 버니가 몰래 재배한 최고급 당근!",
      "돌의 힘이 스며들면서 별미로 변했습니다 ",
      "토끼들에겐 너무나도 참기 힘든 당근"
    ],
    "ability": [
      "공격할 때 먹힐 수 있다...",
      "던지면 경로에 있는 모든 장치를 뚫고 부딪힌다"
    ]
  },
  "55": {
    "name": [
      "냉동 당근 대검"
    ],
    "subtitle": "",
    "description": [
      "메이드 버니가 몰래 재배한 최고급 당근",
      "냉동된 후에는 바위처럼 단단해서 물어뜯을 수 없습니다",
      "소문에 따르면 이것이 하녀 토끼의 겨울 저장고였다고 합니다"
    ],
    "ability": [
      "공격 시 40%확률로 동결 상태를 적용 ",
      "던지면 경로에 있는 모든 장치를 뚫고 부딪힙니다"
    ]
  },
  "56": {
    "name": [
      "곰팡이가 핀 당근 대검"
    ],
    "subtitle": "",
    "description": [
      "메이드 버니가 몰래 재배한 최고급 당근",
      "아끼다보니 이제 곰팡이가 생기고 썩었습니다...",
      "더 이상 먹을 수 없기에—하녀 토끼가 적을 쫓아내기 위한 무기로 사용 됩니다."
    ],
    "ability": [
      "공격 시 40%확률로 포이즌 상태를 적용",
      "던지면 경로에 있는 모든 장치를 뚫고 부딪힌다"
    ]
  },
  "57": {
    "name": [
      "Carrot?"
    ],
    "subtitle": "",
    "description": [
      "흠... 이거 진짜로 당근인가?",
      " "
    ],
    "ability": [
      "던지면 경로에 있는 모든 장치를 뚫고 부딪힙니다"
    ]
  },
  "60": {
    "name": [
      "바나나?"
    ],
    "subtitle": [
      "「이건 그냥 바나나인가…」"
    ],
    "description": [
      "껍질이 벗겨진 바나나, 신중하게 손으로 잡지 않으면…"
    ],
    "ability": [
      "고속 상태에서는 바나나를 던지기 쉬워서…… 앗!?"
    ]
  },
  "61": {
    "name": [
      "거대 달팽이 청소기"
    ],
    "subtitle": "",
    "description": [
      "거대한 달팽이 껍질을 개조하여 만든 청소기",
      "바람의 방향을 바꿔서, 강력한 흡입력을 가지고 있다"
    ],
    "ability": [
      "왼쪽 클릭을 길게 눌러 물체를 끌어당긴다"
    ]
  },
  "62": {
    "name": [
      "고목의 잔해"
    ],
    "subtitle": "",
    "description": [
      "고목에서 우연히 얻은, 기분 나쁜 가지 모양의 무기",
      "단단하면서도 생명력으로 가득 차서, 지금도 계속 성장하고 있는",
      "것 같은 모습을 보여주고 있다"
    ],
    "ability": [
      "적을 쓰러뜨리면 무기의 내구도가 자동으로 수복된다",
      "최대치를 초과한 내구도 1%마다, 추가로 공격력이 1 상승한다"
    ]
  },
  "63": {
    "name": [
      "기생검"
    ],
    "subtitle": "",
    "description": [
      "나무에 흡수된 검. 오랜 시간을 거쳐",
      "금속과 나무의 생명이 융합하여, 신비로운 조화를 보여주고 있다",
      "칼날은 마치 호흡하듯이 맥동하며, 사용자에게 기묘한 온기를 전달한다"
    ],
    "ability": [
      "적을 쓰러뜨리면, 소유자의 체력을 \\c[29]${Math.floor(1.2*$gameParty.leader().paramPlus(2))}\\c[0] 회복한다"
    ]
  },
  "70": {
    "name": [
      "황야의 영광"
    ],
    "subtitle": [
      "「황금의 힘을 해방한다 \\{⬆⬆⬇⬇⬅⮕⬅⮕\\}」"
    ],
    "description": [
      "황금빛으로 빛나는 마검──그것은 세계의 관리자가 아끼는 물건 중 하나",
      "그 남자가 이 검을 들고, 어비스에서 삼일 밤낮을,",
      "눈 깜빡임 하나 없이 격전을 벌였다고 한다."
    ],
    "ability": [
      "신비로운 명령어를 입력하면 힘을 해방한다"
    ]
  },
  "80": {
    "name": [
      "버드나무 잎 검"
    ],
    "subtitle": [
      "「잎을 뜯고, 꽃을 날려, 사람을 해친다」"
    ],
    "description": [
      "버드나무 잎을 본뜬, 매우 날카로운 대검",
      " "
    ],
    "ability": [
      "공격 시, 일정 확률로 버드나무 잎 수리검을 날릴 수 있다"
    ]
  },
  "81": {
    "name": [
      "기괴한 검"
    ],
    "subtitle": [
      "「우왓, 이 점액 아직 꿈틀거려… 역겨워!!」"
    ],
    "description": [
      "생명력이 강한 점액이 대량으로 기생한 대검",
      "그 점액은 생명에 대한 갈증으로, 극히 호전적인 성질을 가지게 되었다"
    ],
    "ability": [
      "출혈 상태의 적에게 추가 피해",
      "대상이 사망했을 때 출혈 상태라면 피를 흡수한다"
    ]
  },
  "101": {
    "name": [
      "환목궁"
    ],
    "subtitle": "",
    "description": [
      "목제 장궁",
      "화살을 당겨 쏠 수 있지만, 성능은 매우 평범하다"
    ],
    "ability": [
      "오른쪽 클릭을 길게 눌러 차지하고, 관통 화살을 발사한다",
      "\\c[27]관통 화살\\c[0]은 적을 관통할 때마다 피해가 감소한다"
    ]
  },
  "102": {
    "name": [
      "사냥꾼의 활"
    ],
    "subtitle": "",
    "description": [
      "복합 소재로 만들어진 장궁. 활시위를 당기는 부담이 경감되어 있다",
      "위력은 떨어지지만, 그만큼 빠르게 연사할 수 있다"
    ],
    "ability": [
      "공격 속도 상승, 공격 피해 -20%, 내구도 소비 -20%",
      "오른쪽 클릭을 길게 눌러 차지하고, \\c[27]관통 화살\\c[0]을 발사한다"
    ]
  },
  "103": {
    "name": [
      "노을빛 구름"
    ],
    "subtitle": "",
    "description": [
      "불 원소가 가득 찬 마법의 활. 적을 불태울 뿐만 아니라",
      "폭발을 일으키는 화살을 발사할 수도 있다"
    ],
    "ability": [
      "오른쪽 클릭을 길게 눌러 차지하고, \\c[27]폭발 화살\\c[0]을 발사한다",
      "폭발 화살이 명중하면, 대폭발을 일으킨다"
    ]
  },
  "104": {
    "name": [
      "설경"
    ],
    "subtitle": "",
    "description": [
      "얼음으로 뒤덮인 마법의 활. 마찬가지로 얼음으로 된 화살을 발사할 수 있으며",
      "차지 샷으로는 광범위를 얼릴 수 있다"
    ],
    "ability": [
      "오른쪽 클릭을 길게 눌러 차지하고, \\c[27]빙봉 화살\\c[0]을 발사한다",
      "빙봉 화살이 명중하면, 대상을 빙결시킨다"
    ]
  },
  "105": {
    "name": [
      "천둥새"
    ],
    "subtitle": "",
    "description": [
      "천둥을 불러오는 황금 활. 그 천둥 같은",
      "웅웅거리는 소리에서 이 이름이 붙여졌다",
      "단, 금속제이기 때문에 감전되기 쉬우므로 주의가 필요…"
    ],
    "ability": [
      "오른쪽 클릭을 길게 눌러 차지하고, \\c[27]뇌격 화살\\c[0]을 발사한다"
    ]
  },
  "106": {
    "name": [
      "삼두 연궁 케르베로스"
    ],
    "subtitle": "",
    "description": [
      "어비스의 산물. 여러 발의 화살을 동시에 발사할 수 있는 기묘한 형태의 활",
      "하지만, 그 힘은 아직 봉인되어 있는 듯하다……",
      " "
    ],
    "ability": [
      "오른쪽 클릭을 길게 눌러 차지하고, \\c[27]관통 화살\\c[0]을 발사한다"
    ]
  },
  "107": {
    "name": [
      "피의 사냥"
    ],
    "subtitle": "",
    "description": [
      "피로 물든 장궁",
      "활을 당길 때마다, 줄에는 사용자 자신의 피가 뚝뚝 떨어진다",
      "화살이 더욱 감미로운 공물을 가져올 때까지——"
    ],
    "ability": [
      "마우스 오른쪽 버튼을 길게 눌러 충전하여, \\c[27]천혈화살\\c[0]을 쏜다",
      "화살을 쏘면 체력을 소비하고 위력이 증가하며, 격파 시 피를 흡수한다"
    ]
  }
}