{
    "2": {
        "0": [
            "Après avoir franchi la Porte des Étoiles,",
            "le fragment de pierre dans mon sac à dos s'est soudainement",
            "mis à dégager une vague de chaleur intense.",
            "",
            "Je l'ai sorti en vitesse, pour découvrir que ce truc calme et stable",
            "jusque-là commençait à se transformer—"
        ],
        "1": [
            "\"Q-Qu'est-ce que c'est que ça...\""
        ],
        "2": [
            "Je comprends rien à ce qui vient de se passer.",
            "La pierre s'est mise à briller comme pas possible sous ces drôles de pulsations..."
        ],
        "3": [
            "L'instant d'après,",
            "la pierre a soudainement commencé à fondre—"
        ],
        "4": [
            "\"Ah... aaah!? \\w[60]",
            "Non, non—ça va déborder !!\""
        ],
        "5": [
            "Alors que la pierre se liquéfiait soudainement à toute vitesse,",
            "j'ai fouillé frénétiquement dans mon sac à dos et sorti une bouteille en verre,",
            "ramassant à la va-vite le liquide rouge qui me restait sur les mains."
        ],
        "6": [
            "…………",
            "…………"
        ],
        "7": [
            "Est-ce que ce serait l'Elixir Rubrum dont mon père parlait...?",
            "Mais pourquoi réagir ici, à l'intérieur de cette porte...?"
        ]
    }
}
