{
    "3": {
        "0": [
            "…Imouto dort toujours profondément.",
            "Qu'est-ce que je devrais faire ?"
        ],
        "1": [
            "La réveiller",
            "Lui caresser la tête",
            "La laisser dormir"
        ],
        "2": [
            "L’Elixir Rubrum semble avoir amélioré",
            "l’état de ma sœur, mais je peux pas m’empêcher de",
            "m’inquiéter que ce soit que temporaire."
        ],
        "3": [
            "J’ai doucement caressé la joue d’Imouto. Ça l’a peut-être chatouillée un peu, elle a tout de suite fait une grimace comme si elle essayait de résister."
        ],
        "4": [
            "\\nl< >\"Mmm... hmm…\""
        ],
        "5": [
            "\"C’est déjà le matin. Tu crois pouvoir te lever ?\""
        ],
        "6": [
            "À cause de son état, Imouto a toujours du mal à se réveiller le matin,",
            "je devrais peut-être pas la forcer… ?"
        ],
        "7": [
            "Insister",
            "La laisser dormir"
        ],
        "8": [
            "\\nl< >\"Mnyaa...\"",
            "\\nl< >\"—Onii-chan…\"",
            "\\nl< >\"Mmm… mmhm…\""
        ],
        "9": [
            "Elle a juste marmonné un peu et a continué à dormir.",
            "Ce genre de truc, ça se presse pas.",
            "Autant la laisser dormir encore un peu…"
        ],
        "10": [
            "Je lui ai caressé la tête en douceur."
        ],
        "11": [
            "…Bon, il est temps de préparer le petit-déjeuner."
        ]
    },
    "4": {
        "0": [
            "\"Comment tu te sens ?",
            "Tu ne te forces pas trop, hein ?\""
        ],
        "1": [
            "\\nl< >\"Mnyaa... \\w[180]Je vais bien yiiiiii——\"\\w[30]\\^"
        ],
        "2": [
            "\"Fais attention !\\w[45] Sérieusement,\\w[45]",
            "t’es encore à moitié endormie, pas vrai ?\""
        ],
        "3": [
            "\"Hey~ t’es pas encore bien réveillée ?",
            "Alors Onii-chan va passer à l’action~ !\""
        ],
        "4": [
            "\\nl< >\"Mmmmmm…\""
        ],
        "5": [
            "\"C’est parti———\""
        ],
        "6": [
            "\"Tu te sens plus réveillée, là ?\""
        ],
        "7": [
            "\\nl< >\"Uweh… il y a… trop de toi, Onii-chan…\""
        ],
        "8": [
            "\"Si tu te sens pas bien, essaie d’aller te laver le visage d’abord.\""
        ],
        "9": [
            "\\nl< >\"Porte-moi jusque là… Onii-chan…\""
        ],
        "10": [
            "Oups, j’ai peut-être un peu trop poussé la blague…",
            "Imouto a l’air encore super dans le cirage."
        ],
        "11": [
            "\"Tourne tourne tourne tourne tourne tourne~ !\""
        ],
        "12": [
            "\\nl< >\"Roule roule roule roule roule roule~ !\""
        ],
        "13": [
            "\\nl< >\"Uweeeeh~~~~\"  \\w[120]"
        ],
        "14": [
            "Toute étourdie, Imouto s’est recouchée…",
            "Hein ? J’ai peut-être été un peu trop loin ?"
        ],
        "15": [
            "Vu qu’elle arrivait même plus à se lever, j’ai fini par abandonner et j’ai arrêté d’insister."
        ],
        "16": [
            "\"…Bon, il est temps de préparer le petit-déjeuner.\""
        ]
    },
    "6": {
        "0": [
            "C’est trop épicé… ça fait mal…"
        ],
        "1": [
            "\\nl< >\"Uuuu... ma bouche est trop épicée... ça fait mal... uuuu...\""
        ],
        "2": [
            "Imouto était allongée sur le lit,",
            "en train de souffrir à cause du piquant.",
            "Je dois vite faire quelque chose…"
        ],
        "3": [
            "Lui caresser la tête",
            "Lui taper les fesses",
            "Préparer une boisson"
        ],
        "4": [
            "Je lui ai doucement tapoté la tête,",
            "en espérant que ça la soulagerait un peu..."
        ],
        "5": [
            "\\nl< >\"Uuuu... maintenant j’ai mal à la tête aussi...\""
        ],
        "6": [
            "\\nl< >\"Ue e e...\""
        ],
        "7": [
            "Ça n’a pas l’air de marcher…"
        ],
        "8": [
            "Je lui ai doucement tapoté les fesses,",
            "pour voir si ça allait mieux..."
        ],
        "9": [
            "\\nl< >\"Uuuu... Onii-chan...\""
        ],
        "10": [
            "\\nl< >\"Uee... maintenant j’ai mal aux fesses aussi...\""
        ],
        "11": [
            "J’ai fouillé partout et j’ai finalement trouvé une bouteille de \\ii[\\v[85]] !"
        ],
        "12": [
            "\"Tiens, \\ii[\\v[85]], tu veux en boire… ?\""
        ],
        "13": [
            "\\nl< >\\{\"J’en veux !!\""
        ],
        "14": [
            "Imouto a descendu \\ii[\\v[85]] d’un coup..."
        ],
        "15": [
            "J’ai cherché partout, mais il restait plus rien à boire à la maison…",
            "Du coup j’ai juste préparé un verre d’eau."
        ],
        "16": [
            "Imouto a avalé le verre d’eau d’un coup..."
        ],
        "17": [
            "\\nl< >\"Uuuu... ma bouche me fait toujours mal...\""
        ],
        "18": [
            "\\nl< >\"Je commence enfin à aller un peu mieux…",
            "mais ma langue est encore engourdie.\""
        ],
        "19": [
            "\\nl< >\"Les piments, c’est vraiment l’ennemi...\""
        ],
        "20": [
            "En voyant ses lèvres un peu gonflées,",
            "des pensées bizarres me sont venues en tête——"
        ],
        "21": [
            "Contrôle oral"
        ],
        "22": [
            "\\nl< >\"Euh... non, c’est trop gênant...",
            "Onii-chan va sentir un truc bizarre !\""
        ],
        "23": [
            "Imouto a refusé le contrôle oral.",
            "C’est vrai que ma demande était un peu bizarre..."
        ],
        "24": [
            "Enfin bon, je suis soulagé qu’elle aille mieux.",
            "Je ferai gaffe à pas refaire un plat aussi épicé la prochaine fois…"
        ],
        "25": [
            "\"Mais si, c’est normal ! Je m’inquiète juste pour toi !",
            "C’est juste un contrôle basique !\""
        ],
        "26": [
            "\\nl< >\"Un… contrôle, hein ?\""
        ],
        "27": [
            "Sous mon regard insistant, Imouto a encore plus rougi,",
            "mais dans ses yeux je voyais autant de tendresse que de curiosité,",
            "et sur ses joues roses, j’ai cru voir une petite pointe d’attente."
        ],
        "28": [
            "\"Ben oui, ce serait pas top si t’avais des cloques dans la bouche !\""
        ],
        "29": [
            "\\nl< >\"D’accord… alors...",
            "Tu peux juste regarder, d’accord ? Fais rien de bizarre…\""
        ],
        "30": [
            "\\nl< >\"Ah, ahh———\""
        ],
        "31": [
            "Imouto n’a plus résisté, elle s’est mise bien en face de moi,",
            "a levé la tête tout doucement et a ouvert sa petite bouche,",
            "sa langue timide sortant doucement."
        ],
        "32": [
            "Peut-être qu’à force de manger épicé, sa langue était super rouge,",
            "elle tremblait un peu,",
            "et la salive coulait sur ses lèvres toutes douces."
        ],
        "33": [
            "Elle avait l’air à la fois gênée et un peu perdue,",
            "avec les yeux embués de larmes – je savais même pas si c’était encore la douleur ou pas."
        ],
        "34": [
            "\\nl< >\"O-Onii-chan——— t’as fini ?\"",
            "\\w[150]"
        ],
        "35": [
            "Traitement buccal !"
        ],
        "36": [
            "Face à ce spectacle doux et tentant,",
            "j’ai avalé ma salive sans m’en rendre compte, une envie impossible à réprimer me montait à la poitrine."
        ],
        "37": [
            "\"Onii-chan va t’aider à aller mieux, ok ?",
            "Ça va vite passer...\""
        ],
        "38": [
            "\\nl< >\"———Hein ?\""
        ],
        "39": [
            "C’était comme si je voulais me convaincre moi-même,",
            "je me suis penché vers le visage d’Imouto,",
            "et j’ai sorti la langue pour toucher doucement la sienne,",
            "la léchant lentement et délicatement."
        ],
        "40": [
            "Dès que nos langues se sont touchées, elle a un peu sursauté.",
            "Elle avait l’air timide et perdue,",
            "mais elle n’a pas évité ou repoussé, gardant ses grands yeux humides rivés sur moi, curieuse."
        ],
        "41": [
            "Goûter sa langue tendre et la douceur dans sa bouche,",
            "j’ai complètement oublié pourquoi j’avais commencé,",
            "la sensation de sa langue et la chaleur de sa bouche m’ont fait perdre la tête,",
            "j’en voulais plus, toujours plus profond de son souffle sucré."
        ],
        "42": [
            "Sa petite langue s’est peu à peu adaptée à mes mouvements, répondant même timidement,",
            "cette coopération douce et timide trahissait comme une légère attente et une envie de se rapprocher."
        ],
        "43": [
            "\\nl< >\"Mmm... haa, Onii-chan...\""
        ],
        "44": [
            "Je sais pas combien de temps c’est resté comme ça,",
            "mais Imouto a fini par manquer d’air,",
            "ses doigts se sont posés doucement sur ma poitrine,",
            "elle a gémi tout bas,",
            "jusqu’à ce que son visage devienne tout rouge, et j’ai fini par lâcher sa bouche à contrecœur."
        ],
        "45": [
            "\\nl< >\"Ha... ha...\""
        ],
        "46": [
            "\\nl< >\"Mmph, Onii-chan !",
            "Tu disais que c’était juste un contrôle... !\""
        ],
        "47": [
            "Même si elle râle, elle fait pas vraiment la tête,",
            "c’est plus comme si elle voulait jouer."
        ],
        "48": [
            "\"Pardon pardon, je ferai gaffe la prochaine fois...",
            "mais, ta langue va mieux, non ?\""
        ],
        "49": [
            "\\nl< >\"Hein...? Mmm, ouais...\""
        ],
        "50": [
            "\\nl< >\"Non...! C’est pas ça le problème !",
            "\\w[160]\\^"
        ],
        "51": [
            "\\nl< >\\{",
            "T’es vraiment bête, Onii-chan !\""
        ],
        "52": [
            "Imouto s’est enfuie."
        ],
        "53": [
            "Je la regarde s’enfuir toute gênée,",
            "J’ai toujours la langue qui picote à cause de la douceur et l’humidité d’avant,",
            "",
            "et au fond de moi ça tourbillonne encore, entre plaisir intense et un drôle de sentiment de tabou,",
            "ça refuse de s’estomper..."
        ]
    },
    "7": {
        "0": [
            "Hmm... Je commence à avoir un peu faim.",
            "C’est l’heure de préparer le dîner."
        ],
        "1": [
            "\"Hé, il est déjà soir.",
            "Debout, dormeuse.\""
        ],
        "2": [
            "\\nl< >\"Mmnn—\\w[60]laisse-moi dormir encore une heure...\""
        ],
        "3": [
            "Imouto est encore vautrée dans son lit, elle veut pas bouger.",
            "Bon, pas le choix…"
        ],
        "4": [
            "\"Au fait, ce soir y a steak haché tout frais—\""
        ],
        "5": [
            "\\nl< >\"Ugh... j’ai trop sommeil—\""
        ],
        "6": [
            "\\nl< >\"Mais il est où le steak haché !?",
            "Où il est !?\""
        ],
        "7": [
            "\"Désolé, c’était juste un rêve—\""
        ],
        "8": [
            "\\nl< >\"Ehh... t’es sérieux !? C’est trop méchant, Onii-chan !\""
        ]
    }
}
