{
    "6": {
        "0": [
            "Ouf... heureusement que je ne me suis pas tapé la honte",
            "devant Imouto...",
            "Mais———"
        ],
        "1": [
            "\\{\"Ugh———\" \\w[60]"
        ],
        "2": [
            "C'est encore pire que ce que je pensais...",
            "Ça fait plus d'une demi-heure que ça dure maintenant... ?"
        ],
        "3": [
            "J'ai l'impression que tout mon corps est vidé...",
            "Peut-être qu'il y avait vraiment un problème avec le dîner ?"
        ],
        "4": [
            "\\nl< >\"Onii-chan... ça va...?",
            "J'ai entendu... des bruits super bizarres...\""
        ],
        "5": [
            "\"Ahaha... j'ai peut-être mangé un truc qui passait pas...",
            "T'approche pas... c'est dangereux ici...\""
        ],
        "6": [
            "J'entends la voix inquiète d'Imouto de l'autre côté de la porte.",
            "J'aimerais sortir vite d'ici, mais même la force de tenir debout",
            "m'abandonne..."
        ],
        "7": [
            "\\{\"Uooohhhh—\" \\w[60]"
        ],
        "8": [
            "J'y arrive pas...",
            "Ça s'arrête pas..."
        ],
        "9": [
            "\\nl< >\"Onii-chan... t'es encore là ?\""
        ],
        "10": [
            "\\nl< >\"Euh... en fait...",
            "j'ai un peu besoin d'aller aux toilettes aussi...\""
        ],
        "11": [
            "\\{\"Gwoooaaahhh—\" \\w[60]"
        ],
        "12": [
            "\\{\"P-pas encore—",
            "Je peux toujours pas sortir—!\""
        ],
        "13": [
            "\\nl< >\"Hein... ça fait déjà dix minutes de plus...\\w[120]",
            "J-je dois vraiment y aller aussi...\""
        ],
        "14": [
            "\"Uwooaaahhhh—!",
            "Ça... ça s'arrête pas—!\""
        ],
        "15": [
            "\\nl< >\"Onii-chan... il est déjà...\""
        ],
        "16": [
            "\"Uwooaaaaooooqaswdectfrvtghunijopioijoh——!\""
        ],
        "17": [
            "\\nl< >\"Uwaaaahhh——!",
            "Je peux plus me retenir...!\""
        ],
        "18": [
            "\"Uwaaaaahhhhhhh——!\"",
            "\"Uwooooohhhhhhh——!\""
        ],
        "19": [
            "Cette nuit-là, d'une maison perdue,",
            "s'élevèrent les rugissements angoissés d'une bête sauvage,",
            "mêlés à des cris gênants",
            "et à des gémissements indescriptibles."
        ],
        "20": [
            "Parfois aussi graves que l'agonie d'une bête mourante,",
            "parfois aussi aigus que le cri d'une fille timide,",
            "ils se fondaient dans une symphonie chaotique et ambiguë."
        ],
        "21": [
            "Pendant ce temps, au plus profond de la nuit,",
            "même les aventuriers au bord de l'abîme",
            "frissonnaient,",
            "s'arrêtant, épée à la main,",
            "échangant des regards, se demandant un instant",
            "si quelque part dans l'ombre,",
            "une nouvelle créature abyssale venait de naître."
        ]
    }
}
