{
    "gameTitle": [
        "Une vie simple avec ma sœur discrète"
    ],
    "quantityHeld": [
        "\\fs[16]•Quantité détenue:\\c[17] ${} \\c[0]\\py[-8]"
    ],
    "autoUpdate": [
        "Mise à jour disponible: données de jeu de la version ${} détectées.",
        "Souhaitez-vous télécharger et mettre à jour maintenant?"
    ],
    "fullScreen": [
        "Plein écran"
    ],
    "masterVolume": [
        "Volume principal"
    ],
    "voiceVolume": [
        "volume de la voix"
    ],
    "BgmVolume": [
        "Volume de la musique de fond"
    ],
    "BgsVolume": [
        "Volume BGS"
    ],
    "SeVolume": [
        "SE Volume"
    ],
    "MaxPlayerMsgs": [
        "Messages max. du joueur"
    ],
    "GameFAQ": [
        "FAQ du jeu"
    ],
    "ShowWeaponDurability": [
        "Afficher la durabilité de l'arme"
    ],
    "DisableAutoUpdate": [
        "Désactiver la mise à jour automatique"
    ],
    "LockedFPS": [
        "Verrouillé à 60 FPS"
    ],
    "Language": [
        "Langue du jeu"
    ],
    "SwitchLanguage": [
        "Changement de langue du jeu détecté!",
        "Redémarrage maintenant pour appliquer les nouveaux paramètres de langue!"
    ],
    "ErrorReport": [
        "Une erreur s'est produite. Veuillez signaler le bug sur le serveur Discord NLCH.",
        "(Cliquez sur « OK » pour ouvrir le lien d'invitation)",
        "(Joindre une capture d'écran de l'erreur)"
    ],
    "UpdateComplete1": [
        "Mise à jour du jeu terminée!",
        "Le jeu redémarrera automatiquement après la fermeture de cette fenêtre.",
        "Vous pouvez charger la sauvegarde automatique pour reprendre la progression!"
    ],
    "UpdateComplete2": [
        "Mise à jour du jeu terminée!",
        "Le jeu va bientôt redémarrer pour appliquer la mise à jour!"
    ],
    "RemindToUpdate": [
        "Une erreur s'est produite et le jeu est gelé.",
        "Un nouveau patch est disponible—",
        "Veuillez utiliser la mise à jour automatique pour résoudre le problème!"
    ],
    "bagFull": [
        "Limite d'inventaire dépassée!"
    ]
}