{
  "2": {
    "0": [
      "Estoy un poco aburrido... ¿Qué deberíamos jugar?"
    ],
    "1": [
      "\\{\\nl< >\"¡Juguemos algo!\"    \\w[30]"
    ],
    "2": [
      "Encontré al Rey Demonio en el pueblo inicial,",
      "él dijo: '¡No puedo dejarte vivir!'",
      "Entonces el héroe fue derrotado de un golpe.",
      "Fin del juego."
    ],
    "3": [
      "…¿Qué clase de trama es esta?  \\w[60]\\{",
      "¡Qué juego tan malo!"
    ],
    "4": [
      "\\nl< >\"Perdimos…\""
    ],
    "5": [
      "Mi personaje murió al instante por una trampa…",
      "También perdimos contra el jefe final.",
      "Fin del juego."
    ],
    "6": [
      "\\nl< >\"\\str[121]… eres tan débil…\""
    ],
    "7": [
      "Mi \\str[120] tuvo una suerte increíble en el casino y",
      "consiguió el arma definitiva, luego entró al",
      "castillo del Rey Demonio antes de tiempo.",
      "Fin del juego."
    ],
    "8": [
      "…Tan injusto."
    ],
    "9": [
      "\\nl< >\"¡Eso fue divertivo!\""
    ],
    "10": [
      "\"¡Haaaaaaah——!!",
      "¡¡Mira mi combo invencible sin tiempo de lanzamiento!!\""
    ],
    "11": [
      "Hice un espectáculo para \\str[120] derrotando solo al jefe"
    ],
    "12": [
      "\\nl< >\"\\str[121], ¡eres tan genial!\""
    ],
    "13": [
      "Jugué una intensa partida de RPG con \\str[120]."
    ],
    "14": [
      "Me divertí jugando un RPG con \\str[120]."
    ],
    "15": [
      "…\\str[120] parece muy concentrada en el juego.",
      "¿Debería hablar con ella?"
    ],
    "16": [
      "Acercarse",
      "Olvidarlo"
    ],
    "17": [
      "Me siento un poco solo,",
      "pero quizá no debería molestarla mucho—"
    ]
  },
  "4": {
    "0": [
      "\\nl< >\"¡Grrrr...! \\w[45]",
      "¡¿Lo hiciste a propósito, verdad?!\"  \\w[150]\\^"
    ],
    "1": [
      "\\nl< >\"—¡¿Uwehhhhh?!\"  \\w[20]\\^"
    ],
    "2": [
      "\\nl< >\"¡¡\\str[121]~~!!\"  \\w[120]\\^"
    ],
    "3": [
      "…¿\\str[121]?"
    ],
    "4": [
      "Mmm…ahora no…no toques…"
    ],
    "5": [
      "\\nl< >\"Dios, no me toques cuando aún tengo el pelo mojado…\"",
      "\\w[180]\\^"
    ],
    "6": [
      "Mi pelo se desordenó de nuevo...",
      "Hmm... qué sensación tan extraña...",
      "Ehehe...",
      "Tu mano es tan cálida, \\str[121]…",
      null,
      "\\str[121]…",
      null,
      "Miau..."
    ],
    "7": [
      "\\nl< >\\{\"¡Cielos— \\str[121],",
      "te pasaste con el toqueteo!\"",
      "\\w[150]\\^"
    ]
  },
  "5": {
    "0": [
      "\\nl< >\"¡Uwaaah, \\str[121]... ",
      "ese no es un botón que debas presionar!\"  \\w[240]\\^"
    ],
    "1": [
      "\\nl< >\"¡Grrrr...! \\w[45]",
      "¡¿Lo hiciste a propósito, verdad?!\"  \\w[150]\\^"
    ],
    "2": [
      "\\nl< >\"Ahora no...!  \\w[60]",
      "Que me toques así, \\str[121], ",
      "me hace sentir rara...\"  \\w[400]\\^"
    ],
    "3": [
      "\\nl< >\"¡¿Eh?! ¡La toalla...!\"   \\w[60]\\^"
    ],
    "4": [
      "\\nl< >\"Mmm... \\str[121], estás burlándote de mí de nuevo...\"    \\w[120]\\^"
    ],
    "5": [
      "\\nl< >\"¡¿Ah?!\\w[30]\\str[121], ¿dónde me estás tocando!\"   \\w[120]\\^"
    ],
    "6": [
      "\\nl< >\"Mou~ definitivamente lo hiciste a propósito,",
      "¿verdad, \\str[121]?!\"    \\w[120]\\^"
    ],
    "7": [
      "\\nl< >\"Ahh...   \\w[45]\\^"
    ],
    "8": [
      "\\nl< >\"¡Ah, \\str[121]! ¡No te acerques más!\"   \\w[300]\\^"
    ],
    "9": [
      "\\nl< >\"Ughhh... Devuélveme mi toalla...\"   \\w[90]\\^"
    ],
    "10": [
      "\\nl< >\"\\str[121] se burla de mí otra vez...\"    \\w[120]\\^"
    ],
    "11": [
      "\\nl< >\"\\str[121]...\\w[90]Se siente tan raro...\"    \\w[60]\\^"
    ],
    "12": [
      "\\nl< >\"Hah...\\w[60]\\str[121]...  \\w[60]",
      "¿Estás satisfecho con esto?\"   \\w[60]\\^"
    ],
    "13": [
      "\\nl< >\"Hace cosquillas~\"  \\w[90]\\^"
    ],
    "14": [
      "\\nl< >\"Ahaha, \\str[121],\\w[60]¡hace mucha cosquilla~!\"   \\w[120]\\^"
    ],
    "15": [
      "\\nl< >\"¡Hmmngh…!\"   \\w[45]\\^"
    ],
    "16": [
      "\\nl< >\"\\str[121]……   \\w[150]",
      "¿Fue un accidente…? O-Ok, entiendo…\"    \\w[210]\\^"
    ],
    "17": [
      "\\nl< >\"N-No me molestes así…  \\w[150]",
      "¡Se siente extraño…!\"    \\w[150]\\^"
    ],
    "18": [
      "\\nl< >\"Eh… ¿Subí de peso…?\"    \\w[180]\\^"
    ],
    "19": [
      "\\nl< >\"¡Nnngh…! Hace cosquillas cuando tocas mis orejas. \\w[180]",
      "\\str[121], ¡ya basta!\"    \\w[210]\\^"
    ],
    "20": [
      "\\nl< >\"Umm… \\str[121], ",
      "hace mucha cosquilla ahí,   \\w[180]",
      "quizá deberías parar…\"    \\w[210]\\^"
    ],
    "21": [
      "\\nl< >\"Dios, ¡no me andes tocando por todas partes!\"  \\w[240]",
      "\\nl< >\"¡No soy tu juguete, sabes!\"    \\w[120]\\^"
    ],
    "22": [
      "\\nl< >\"Uweh-eh-eh… \\str[121], \\w[150]",
      "¡¿Te estás emocionando demasiado…?!\"    \\w[180]\\^"
    ]
  },
  "7": {
    "0": [
      "\\str[120] parece dormir tan tranquilamente..."
    ],
    "1": [
      "Acercarse sigiloso",
      "¡Ejercicio!",
      "Regresar"
    ],
    "2": [
      "Por fin es hora de mostrar",
      "la técnica de movimiento silencioso",
      "que he practicado días—"
    ],
    "3": [
      "Sigiloso, sigiloso..."
    ],
    "4": [
      "Sí, ya es tarde,",
      "debería regresar y descansar—"
    ],
    "5": [
      "Ir a dormir",
      "Esperar"
    ],
    "6": [
      "Quizá me quede un poco más..."
    ],
    "7": [
      "No puedo dormir de todos modos...   \\w[30]",
      "\\{¡Hora de un ejercicio rápido!"
    ],
    "8": [
      "\\{Para no despertar a \\str[120],",
      "debo controlar cada movimiento",
      "con precisión perfecta.",
      "¡Este es el entorno ideal para entrenar!"
    ],
    "9": [
      "¡Huff—! ¡Huff—! ¡Huff—!",
      "¡Huff—! ¡Huff—! ¡Huff—!"
    ],
    "10": [
      "Concentrado, hice varias series de",
      "lagartijas junto a \\str[120] dormida."
    ],
    "11": [
      "Concentrado, hice varias series de",
      "sentadillas junto a \\str[120] dormida."
    ],
    "12": [
      "Tras un ejercicio intenso y satisfactorio,",
      "siento mis músculos fortalecerse…"
    ],
    "13": [
      "\\nl< >\"Mmm… hmm hmm…\""
    ],
    "14": [
      "Oh oh, parece que está por despertar.",
      "Mejor no quedarme más…",
      "Hora de regresar."
    ],
    "15": [
      "¿Eh?",
      "¿Por qué \\str[120] se ve diferente a lo usual?"
    ],
    "16": [
      "\"...¿\\str[120]?\""
    ],
    "17": [
      "Es la \\str[120] de siempre.",
      "Creo que solo fue un sueño..."
    ]
  },
  "8": {
    "0": [
      "\"—Ahh, esta vez es el techo familiar.\""
    ],
    "1": [
      "Parece que estuve inconsciente un rato,",
      "pero ahora me siento renovado...",
      "Las heridas que tenía están sanando..."
    ],
    "2": [
      "\"Pero en ese sueño reciente—     \\w[60]\\^"
    ],
    "3": [
      "\\nl< >\"¡¡¡\\str[121]!!!\""
    ],
    "4": [
      "\\nl< >\"Uuuu… gracias a Dios...",
      "Pensé que nunca abrirías los ojos otra vez…\""
    ],
    "5": [
      "\\str[120] se lanzó sobre mí llorando,",
      "parece culparse por todo lo sucedido..."
    ],
    "6": [
      "\"Perdón por preocuparte… ya estoy bien, de verdad.\""
    ],
    "7": [
      "\\nl< >\"\\str[121], seguro fue por lo que cociné antes—\""
    ],
    "8": [
      "\"¡Mira, estoy perfectamente sano ahora!\""
    ],
    "9": [
      "Para calmarla, salté de la cama al instante",
      "e hice unos backflips en el lugar."
    ],
    "10": [
      "\\nl< >\"¡Cielos…! Recién despiertas,",
      "¡no hagas cosas peligrosas!\""
    ],
    "11": [
      "\"En serio, ¡es increíble! Mis heridas sanaron,",
      "¡tus sentimientos me llegaron!\""
    ],
    "12": [
      "\\nl< >\"…Si es cierto, me alegro.",
      "Quizá ahora sí pueda ayudarte.\""
    ],
    "13": [
      "\\nl< >\"Practiqué en secreto mucho tiempo.",
      "Pero… temía que no te gustara el sabor…\""
    ],
    "14": [
      "\\nl< >\"Entonces todo está bien.",
      "¡Si a \\str[121] le gusta, seguiré esforzándome!\""
    ],
    "15": [
      "¿Eh…? ¿Va a cocinar de nuevo…?",
      "Eso preocupa..."
    ]
  },
  "10": {
    "0": [
      "itadakimasu——"
    ],
    "1": [
      "Puhah—"
    ],
    "2": [
      "Ehehe..."
    ],
    "3": [
      "Mi \\str[120], recién salida del baño,",
      "se tomó una botella de leche de un trago..."
    ]
  },
  "13": {
    "0": [
      "…¿\\str[121]?",
      "¿Hm? ¿Qué pasa?"
    ],
    "1": [
      "\\nl< >\"¡Eres tan descuidado, \\str[121]!",
      "¡Otra vez mirando a escondidas!\""
    ],
    "2": [
      "\\nl< >\"...\\str[121], pervertido.\""
    ],
    "3": [
      "\\nl< >\"\\str[121], ¿dónde estás mirando?\""
    ],
    "4": [
      "\\nl< >\"Secar mi pelo cansa...",
      "\\str[121], ¡ayúdame~\""
    ],
    "5": [
      "\\nl< >\"¿Qué pasa, \\str[121]?\""
    ],
    "6": [
      "Ver a mi \\str[120] secándose el pelo me hizo pensar... \\w[60]",
      "¡Bien! ¡Ayudémosla a secarlo!"
    ],
    "7": [
      "\\nl< >\"...¿\\str[121]?\""
    ],
    "8": [
      "\"Déjame secártelo.",
      "Debe ser cansado solo, ¿no?\""
    ],
    "9": [
      "Me acerqué, sostuve el secador con una mano",
      "y levanté suavemente un mechón con la otra.",
      "A pesar de haberlo secado con toalla,",
      "la humedad aún se sentía entre mis dedos."
    ],
    "10": [
      "\"Baja la cabeza. ¡Hora de secar!\""
    ],
    "11": [
      "\\nl< >\"Mm〜\""
    ],
    "12": [
      "Encendí el secador y dirigí con cuidado",
      "el aire caliente hacia mi mano."
    ],
    "13": [
      "Con la cabeza baja, jugueteaba con sus dedos,",
      "no veía su expresión desde este ángulo,",
      "pero sentí que quería decir algo—"
    ],
    "14": [
      "¿Cuánto ha pasado desde que pasamos tiempo",
      "juntos tan en paz?",
      "Mis recuerdos empiezan a difuminarse."
    ],
    "15": [
      "\"Tu cabello es tan largo ahora.",
      "Recuerdo que no era así de niña...\""
    ],
    "16": [
      "\\nl< >\"Hmm... ¿Prefieres pelo corto, \\str[121]?\""
    ],
    "17": [
      "\"Largo... Me encanta el pelo largo.",
      "Sería un desperdicio no apreciar esta belleza.\""
    ],
    "18": [
      "Es prueba de lo bien que lo cuidaste",
      "y lo saludable que creciste desde niña."
    ],
    "19": [
      "\\nl< >\"Jeje... \\str[121] me halagó...\""
    ],
    "20": [
      "Mientras hablábamos, su pelo se secó gradualmente."
    ],
    "21": [
      "\\nl< >\"\\str[121]...",
      "¿Mañana volverás a explorar?\""
    ],
    "22": [
      "—¿Qué pasa?"
    ],
    "23": [
      "Lucía algo tímida,",
      "pero no distinguía su rostro desde este ángulo.",
      "Solo veía sus curvas bajo la toalla,",
      "difíciles de evitar."
    ],
    "24": [
      "Su pregunta me distrajo",
      "y mi mano derecha movió el secador",
      "ligeramente hacia un lado, entonces—"
    ],
    "25": [
      "¡¿………!?\""
    ],
    "26": [
      "El aire fuerte del secador deslizó",
      "la tira de su pijama del hombro."
    ],
    "27": [
      "\\nl< >\"El juego se actualizó, hay nuevo contenido cooperativo   \\w[90]",
      "Así que mañana... quiero jugar contigo, \\str[121]...\""
    ],
    "28": [
      "\\nl< >\"¿Te molestaría...?\""
    ],
    "29": [
      "Su expresión tímida era irresistiblemente adorable,",
      "no pude evitar sonreír."
    ],
    "30": [
      "\"Claro, volveré temprano. Juguemos juntos.\""
    ],
    "31": [
      "Parecía decir algo importante,",
      "pero mi atención se la llevó ese tono rosado",
      "y no escuché nada."
    ],
    "32": [
      "\"Molesto... sí, se podría decir...\""
    ],
    "33": [
      "Miré fijamente su piel expuesta,",
      "sí, \\str[121] está en problemas ahora."
    ],
    "34": [
      "\\nl< >\"Ya veo...\""
    ],
    "35": [
      "—¡!!\""
    ],
    "36": [
      "La tristeza en su voz me devolvió a la realidad.",
      "Arreglé su ropa aprisa y la tranquilicé."
    ],
    "37": [
      "\"¿Jugar juntos? ¡Suena genial!",
      "¡Mañana será!\""
    ],
    "38": [
      "\\nl< >\"¿En serio? ¡Es una promesa!\""
    ],
    "39": [
      "—¡Es una promesa!\""
    ],
    "40": [
      "Mientras sonreía feliz,",
      "su cabello acabó de secarse."
    ],
    "41": [
      "No notó el accidente,",
      "solo feliz por nuestra promesa.",
      "En ese momento, su pelo estaba seco."
    ],
    "42": [
      "\\nl< >\"¡Está todo esponjoso...!     \\w[45]",
      "¡Gracias, \\str[120]~!\""
    ],
    "43": [
      "\"¡Genial!\""
    ],
    "44": [
      "\"¡Genial!     \\w[60]\\}",
      "Ah~ estoy cansado...\""
    ],
    "45": [
      "Manejando el secador con cuidado",
      "y peinando su pelo,",
      "mi \\str[120] cooperó en silencio,",
      "disfrutando este momento de paz."
    ],
    "46": [
      "Pero por el ángulo,",
      "basta bajar la vista para ver el contorno",
      "de su generoso pecho y su escote profundo."
    ],
    "47": [
      "¿Qué hago...? ¡Quiero ver dentro!     \\w[45]",
      "Conteniendo mis pensamientos,",
      "tuve una idea repentina—¡ingeniosa!"
    ],
    "48": [
      "¡Tengo el secador!",
      "¿Puedo usar el viento para un milagro?"
    ],
    "49": [
      "¡Intentémoslo!",
      "Mejor no..."
    ],
    "50": [
      "¡Aquí va! Ajusté la dirección del secador",
      "y apunté el aire caliente a su pecho—"
    ],
    "51": [
      "¡Viento, haz un milagro!"
    ],
    "52": [
      "Pero no hubo milagro..."
    ],
    "53": [
      "La toalla resistió las ráfagas,",
      "¡sin deslizarse!"
    ],
    "54": [
      "\\nl< >\"¿Eh? \\str[121]... el secador está mal dirigido.\""
    ],
    "55": [
      "\"Ah, perdón.\""
    ],
    "56": [
      "Afortunadamente no notó nada,",
      "así que seguí secando su pelo con algo de arrepentimiento."
    ],
    "57": [
      "\\{¡Un milagro ocurrió!"
    ],
    "58": [
      "El aire abrió su collar,",
      "revelando una cereza rosada dentro."
    ],
    "59": [
      "Sin que lo notara,",
      "arreglé su tira y seguí, satisfecho."
    ],
    "60": [
      "Estoy secando su pelo—¡nada de pensamientos raros!"
    ],
    "61": [
      "Esta vista ya es suficiente.",
      "Me concentré en la tarea."
    ],
    "62": [
      "\"¡Listo, todo seco!\""
    ],
    "63": [
      "La toalla alrededor de su cuerpo",
      "voló repentinamente—"
    ],
    "64": [
      "\\nl< >\"¡¿Eh...?!\""
    ],
    "65": [
      "La pérdida de la toalla captó su atención."
    ],
    "66": [
      "\\nl< >\\{\"¡Uwaah, mi toalla cayó...!\""
    ],
    "67": [
      "\\nl< >\"...Eso fue cosa tuya, ¿no, \\str[121]?\""
    ],
    "68": [
      "\"Ah, cómo decirlo...   \\w[45]",
      "El viento hoy... estaba revoltoso.\""
    ],
    "69": [
      "Rayos, hasta yo me avergüenzo..."
    ],
    "70": [
      "A pesar de los percances,",
      "¡logré secar su pelo!"
    ]
  },
  "14": {
    "0": [
      "\\nl< >\"¡Bienvenido, \\str[121]! ¿Menos cansado?\""
    ],
    "1": [
      "\\nl< >\"Ahora me toca bañarme~\""
    ],
    "2": [
      "Eh… ¿una línea que aprendiste de la TV?"
    ],
    "3": [
      "\\nl< >\"Creo que es hora de que me bañe.\""
    ],
    "4": [
      "\\nl< >\"Bueno, también iré a bañarme.\""
    ],
    "5": [
      "Buscaré algo para pasar el tiempo—"
    ],
    "6": [
      "\\str[120] se fue a bañar y yo, aburrido,",
      "empecé a soñar despierto. \\w[40]",
      "Antes nos bañábamos juntos a menudo—",
      "era tan tierna~"
    ],
    "7": [
      "Han pasado años, debe haber cambiado",
      "en muchos aspectos…"
    ],
    "8": [
      "De pronto, curiosidad—¿cómo habrá crecido?",
      "¿Debería espiar…?"
    ],
    "9": [
      "¡Ir!",
      "No ir"
    ],
    "10": [
      "\\{¡Vamos!      \\}",
      "¡Claro que debo ir!"
    ],
    "11": [
      "¿Pero espiar a \\str[120] bañándose…",
      "no es inapropiado para un adulto…?"
    ],
    "12": [
      "\\{",
      "Es hora de rechazar",
      "estos pensamientos impuros…!"
    ],
    "13": [
      "No está bien… ya es mayor,",
      "debo respetar su privacidad…"
    ],
    "14": [
      "Se fue a bañar y sentí un vacío.",
      "No puedo dejar de preguntarme",
      "cómo ha crecido… me pone inquieto."
    ],
    "15": [
      "………………¿Un vistazo rápido?"
    ],
    "16": [
      "\\nl< >\"\\str[121]… \\str[121]!\""
    ],
    "17": [
      "Estaba acostado, distraído,",
      "cuando oí su voz débilmente. \\w[40]",
      "¿Imaginación…?"
    ],
    "18": [
      "\\nl< >\"…\\str[121], ¿podrías venir un momento?\""
    ],
    "19": [
      "¡No fue mi imaginación!"
    ],
    "20": [
      "\\{ \"¡Voy allá!\""
    ],
    "21": [
      "Ya se fue a bañar,",
      "¿qué debo hacer————"
    ],
    "22": [
      "Colarse al baño",
      "Espiar el diario",
      "No hacer nada"
    ],
    "23": [
      "¿Debería espiarla bañándose?"
    ],
    "24": [
      "¡Ir ya!",
      "Esperar…",
      "Olvidarlo"
    ],
    "25": [
      "Recién entró, quizá ahora ",
      "se está cambiando… tengo curiosidad…"
    ],
    "26": [
      "Recién entró, quizá se está cambiando…",
      "pero sería fácil que me descubra…"
    ],
    "27": [
      "Buscaré algo para pasar el tiempo—"
    ]
  },
  "15": {
    "0": [
      "Estoy un poco aburrido... ¿Qué deberíamos jugar?"
    ],
    "1": [
      "\\{\\nl< >\"¡Juguemos algo!\"\\w[30]"
    ],
    "2": [
      "...¿No me bañé hace poco?"
    ],
    "3": [
      "Mmm... supongo que es hora de bañarme."
    ],
    "4": [
      "Invitar a \\str[120]",
      "Ir solo"
    ],
    "5": [
      "Es una oportunidad,",
      "quizá invite a",
      "\\str[120] a bañarnos juntos..."
    ],
    "6": [
      "\\nl< >\"¿Te bañarás ahora,\\str[121]? Nos vemos luego~\""
    ],
    "7": [
      "\\nl< >\"Haa... haa——— \\w[180]\\^\""
    ],
    "8": [
      "\\nl< >ah, \\str[121]...\""
    ],
    "9": [
      "\\nl< >\"Tengo sueño.\\w[45].\\w[45].\\w[45]\\str[121], ¿qué pasa?\""
    ],
    "10": [
      "\\nl< >\\{\"¡\\str[121]!!!\"\\}"
    ],
    "11": [
      "\\nl< >\"¿Qué pasa, \\str[121]?\""
    ],
    "12": [
      "\\nl< >\"...¿\\str[121]?\""
    ],
    "13": [
      "\\nl< >\\{\"¡Eres un tonto, \\str[121]! \\w[60]",
      "¡No te hablaré más!\""
    ],
    "14": [
      "\\nl< >\"Uh, ¿\\str[121]?\\w[60]",
      "¿Podrías no hablarme ahora?\""
    ],
    "15": [
      "Le di una palmadita casual en la cabeza a \\str[120]."
    ],
    "16": [
      "Le di palmaditas enérgicas a \\str[120]."
    ],
    "17": [
      "El cabello de \\str[120] era tan suave,",
      "no pude evitar acariciarlo gentilmente."
    ],
    "18": [
      "¡Es un privilegio de \\str[121]!",
      "Acaricié cariñosamente su cabeza."
    ],
    "19": [
      "\\str[120] es la mejor— ¡quiero seguir acariciando!",
      "Le di palmaditas cálidas y entusiastas."
    ],
    "20": [
      "\\nl< >\"……¿Eh?  \\w[30]",
      "\\str[121], ¡tu cabeza dice 'ZAKO'~!\""
    ]
  },
  "18": {
    "0": [
      "Charlar",
      "Contacto físico",
      "Hacer algo",
      "Bañarse",
      "Sueño..."
    ],
    "1": [
      "\\nl< >\"Creo que es hora de secar mi cabello~\""
    ],
    "2": [
      "Beber algo",
      "Jugar algo"
    ],
    "3": [
      "\\nl< >\"Mi cabello no está seco. Bebamos luego.\""
    ],
    "4": [
      "\\nl< >\"Mi cabello no está seco. Juguemos luego.\""
    ],
    "5": [
      "\\nl< >\"¡Las manos de \\str[121] son muy traviesas, así que no!\""
    ],
    "6": [
      "\\nl< >\"¡Ah—!      \\w[40]",
      "¡Ya es muy tarde—!   \\w[60]",
      "¡Me perdí el episodio—!\""
    ],
    "7": [
      "\\nl< >\"Pero lo grabé de antemano—¡totalmente preparada!\""
    ],
    "8": [
      "\\nl< >\"¡Ah—!      \\w[40]",
      "¡Ya es muy tarde—!   \\w[60]",
      "¡No alcancé el programa!\""
    ],
    "9": [
      ""
    ],
    "10": [
      "\\nl< >\"¡Ah—!    \\w[40]",
      "¡Es hora del nuevo anime—!\""
    ],
    "11": [
      "\\nl< >\"¡Voy a ver anime ahora~! ¿\\str[121], vienes?\""
    ],
    "12": [
      "¿Eh? ¿Anime…? ¿El que le gusta a \\str[120]?"
    ],
    "13": [
      "Claro. Vamos a verlo juntos."
    ],
    "14": [
      "\\nl< >\\{\"¡Entonces voy primero—!\""
    ],
    "15": [
      "…Es raro verla tan emocionada. ¡Iré también!"
    ]
  },
  "19": {
    "0": [
      "\\nl< >\"Ah... \\str[121]...\""
    ],
    "1": [
      "Algo vergonzoso pasó recientemente.",
      "Debo disculparme ahora."
    ],
    "2": [
      "\\nl< >\"\\str[121], ¡perdón!\"  \\w[60]\\^"
    ],
    "3": [
      "\"Perd...  \\w[45]",
      "¿Ah, eh?\""
    ],
    "4": [
      "¿Por qué mi hermana se disculpa primero?"
    ],
    "5": [
      "\\nl< >\"Me emocioné demasiado antes,  \\w[180]",
      "y te dije cosas feas.  \\w[90]"
    ],
    "6": [
      "\\nl< >...¿Estás bien?\"   \\w[60]"
    ],
    "7": [
      "Qué niña tan dulce...",
      "Aunque hice algo terrible,",
      "piensa en mí."
    ],
    "8": [
      "\\nl< >\"Al pensarlo en frío,     \\w[120]",
      "\\str[121] ha estado bajo mucho estrés.   \\w[160]",
      "Luchas cada día,",
      "debe ser duro.\""
    ],
    "9": [
      "\\nl< >\"Así que, después de pensarlo...  \\w[360]\\^"
    ],
    "10": [
      "\\str[120] intenta decirme algo—¡Es tan dulce!",
      "\\str[121] está por llorar."
    ],
    "11": [
      "\\nl< >\\{\"¡Es la única forma de agradecerte!\"   \\w[240]\\^"
    ],
    "12": [
      "\\nl< >\"¡Toma esto—!  \\w[60]",
      "Nunca supe que te gustaban estas cosas,     \\w[60]",
      "¡\\str[121]!\""
    ],
    "13": [
      "\\{¡Obtuve un \\ia[\\v[84]]!  \\w[60]"
    ],
    "14": [
      "Son pantis——        \\w[60]",
      "aún tibias.  \\w[60]",
      "¡No me digas—!"
    ],
    "15": [
      "\\nl< >\"\\str[121] es chico,     \\w[150]",
      "Mhm, mhm… seguro está bien…\""
    ],
    "16": [
      "El sudor frío corría por mi frente...",
      "No, así no—"
    ],
    "17": [
      "\\nl< >\"Exacto.",
      "\\str[121], siempre estuviste ahí.  \\w[300]",
      "\\{¡Gracias! ¡Buenas noches—!     \\}\"\\w[120]\\^"
    ],
    "18": [
      "…………",
      "…………"
    ],
    "19": [
      "¡No—! ¡No es eso!\""
    ],
    "20": [
      "¡Eso no es lo que quiero—espera, no!\""
    ],
    "21": [
      "¡Nunca pensé nada raro—!\""
    ],
    "22": [
      "\\nl< >\"¡Nooo—! ¡Tu cara asusta,",
      "\\str[121]! ¡No te acerques!!\""
    ],
    "23": [
      "¡Déjame explicar! ¡No es lo que piensas—\""
    ],
    "24": [
      "\\nl< >\"La cara de \\str[121] se puso más aterradora—\""
    ],
    "25": [
      "¡Por favor, no me odies——\""
    ],
    "26": [
      "\\nl< >\"\\str[121] es lo peor… te odio…!\" "
    ],
    "27": [
      "\\{\"¡Guh...!\""
    ],
    "28": [
      "Mientras \\str[120] gritaba como con una cucaracha,",
      "dejé de pensar."
    ]
  },
  "20": {
    "0": [
      "\"————\"    \\w[60]\\^"
    ],
    "1": [
      "\"————\\str[121]\"    \\w[60]\\^"
    ],
    "2": [
      "Siento que alguien me llama."
    ],
    "3": [
      "\\nl< >\"\\str[121], ¿estás bien? Te ves pálido.\" "
    ],
    "4": [
      "\"¿Era la voz de \\str[120]?\" "
    ],
    "5": [
      "¿Estaba dormitando aquí?",
      "Mi mente está nublada… no recuerdo nada…"
    ],
    "6": [
      "\\nl< >\"¿Aún medio dormido? Ey—\"  \\w[90]\\^"
    ],
    "7": [
      "Abrazar a \\str[120]",
      "Despertar"
    ],
    "8": [
      "Su carita estaba frente a mí",
      "y sin querer, la abracé."
    ],
    "9": [
      "Mmm… tan suave, huele bien—",
      "un dulce aroma cítrico.",
      "Ahh… vuelvo a tener sueño..."
    ],
    "10": [
      "\\nl< >\"¡Cielos, \\str[121] se durmió de nuevo!\""
    ],
    "11": [
      "¿Imaginación? Juraría…",
      "\\str[120] se ve más madura que en mis recuerdos."
    ],
    "12": [
      "Sin querer, mi mano recorrió su cuerpo—",
      "y tocó algo suave."
    ],
    "13": [
      "\\nl< >\"¡Kyaaah! ¿¡\\str[121]!?\""
    ],
    "14": [
      "\"Mmm—sí, definitivamente más grandes—\""
    ],
    "15": [
      "\\nl< >\"¡No ha crecido nada...  \\w[60]",
      "Además, ¡¿dónde me tocas, \\str[121]!?\""
    ],
    "16": [
      "\\{\"¡Guh...!\""
    ],
    "17": [
      "Algo pesado golpeó mi cabeza,",
      "todo dio vueltas."
    ],
    "18": [
      "\\nl< >\"¿Ya despiertas?\""
    ],
    "19": [
      "\"Gracias a tu puñetazo, sí.\""
    ],
    "20": [
      "\\nl< >\"¿Entiendes lo que pasó?\""
    ],
    "21": [
      "\"Sé—toqué tu trasero",
      "y se sintió genial———\"  \\w[60]\\^"
    ],
    "22": [
      "\\nl< >\\{\"¡No es eso!",
      "¡Tonto, \\str[121]!\""
    ],
    "23": [
      "Tal vez me pasé burlándome.",
      "Pero el golpe me despertó."
    ],
    "24": [
      "Y... creo que tuve un sueño importante,",
      "pero no lo recuerdo—"
    ],
    "25": [
      "Bueno, ya volverá. Ahora debo calmar a \\str[120]."
    ],
    "26": [
      "\\nl< >\"Qué alivio. ¿Una pesadilla?",
      "Te veías angustiado.\""
    ],
    "27": [
      "Pesadilla… Siento que fue intenso.",
      "El dolor de cabeza queda como resaca,",
      "y lágrimas en mis ojos..."
    ],
    "28": [
      "Hay una incomodidad en mi cuerpo,",
      "como si realmente viviera algo,",
      "y confirma rastros de ese sueño..."
    ],
    "29": [
      "\\nl< >\"¿Soñaste con algo?\""
    ],
    "30": [
      "Sí… ¿con qué soñé exactamente?"
    ],
    "31": [
      "La última vez con papá",
      "Recuerdo de infancia",
      "Soñé con \\str[120]",
      "Soñé con bistec",
      "No recuerdo"
    ],
    "32": [
      "\\nl< >\"¿\\str[121] de pequeño?",
      "Quisiera verlo~\""
    ],
    "33": [
      "\\nl< >\"Corriendo con espada de madera,  \\w[60]",
      "gritando '¡Seré un héroe!'  \\w[90]",
      "¡Debió ser adorable!\""
    ],
    "34": [
      "No, ¿de quién es este pasado vergonzoso?",
      "Si lo viera ahora,",
      "lloraría y me escondería."
    ],
    "35": [
      "\"Ah, por cierto,",
      "hay equipo viejo de papá en el sótano.",
      "Recuerdo que fue aventurero un tiempo...\""
    ],
    "36": [
      "\"¿Papá hizo eso?\""
    ],
    "37": [
      "\"Hizo muchas tonterías de joven—   \\w[60]",
      "¡Es buena oportunidad, busquémoslo!\""
    ],
    "38": [
      "Era el cuarto de investigación de alquimia de papá,",
      "ahora abandonado..."
    ],
    "39": [
      "\"¡Uf!\""
    ],
    "40": [
      "Busqué algo útil en el sótano abandonado."
    ],
    "41": [
      "\"Hmm...\\w[30] ¿Oh?\\w[30] ¡¿Ohhh!? \\w[30]",
      "¡Ooooooh!\\w[30]",
      "¡Esto es——————!\""
    ],
    "42": [
      "\"¡El equipo viejo de papá! ¡Sí! ¡Se ve genial!\""
    ],
    "43": [
      "\\nl< >\"Ah, eh... \\w[60]",
      "Mientras estés feliz, \\str[121]...\""
    ],
    "44": [
      "\"¡Mira, hermana! Con esto,",
      "¡\\str[121] puede ir al Abismo sin problemas!\""
    ],
    "45": [
      "\\nl< >(\\str[121]…",
      "parece niño emocionado...)"
    ],
    "46": [
      "Agité el equipo polvoriento emocionado",
      "pero \\str[120] no parecía interesada."
    ],
    "47": [
      "No pensé encontrar un tesoro...",
      "¿Me olvidé de algo importante?"
    ],
    "48": [
      "Bueno, si no lo recuerdo, está bien.",
      "¡Quiero probar este equipo ya!"
    ],
    "49": [
      "Como no recordé el sueño, inventé algo."
    ],
    "50": [
      "\\nl< >\"¡Ahhh—injusto! ¡Buffet de bistec!",
      "¡Yo quiero!\""
    ],
    "51": [
      "Ah, sí—\\str[120] ama la carne.",
      "Buffet suena increíble."
    ],
    "52": [
      "\"Traeré más carne luego,",
      "y haremos una parrillada juntos, ¿vale?\""
    ],
    "53": [
      "\\nl< >\"¡Yay! \\str[121], ¡eres el mejor!\""
    ],
    "54": [
      "\\nl< >\"Filete~♪ Sirloin~♪    \\w[90]",
      "Chateaubriand~♪ T-bone y Ribeye~♪\"   \\w[90]"
    ],
    "55": [
      "\\str[120] cantaba feliz una canción rara.",
      "Bueno, mientras sea feliz...",
      "espero cumplir esa promesa pronto..."
    ],
    "56": [
      "\\nl< >\"\\str[121]… ¿estás bien?  \\w[60]",
      "¿Te olvidas cosas como viejo?\""
    ],
    "57": [
      "Sí… ¿por qué?",
      "Algo invisible me impide recordar."
    ],
    "58": [
      "Bueno… ya vendrá.",
      "Sin estrés por ahora."
    ]
  },
  "23": {
    "0": [
      "\\nl< >\"¡No! ¡No me bañaré contigo!\""
    ],
    "1": [
      "Rechazo total de \\str[120].",
      "Duele oírlo…"
    ],
    "2": [
      "\\nl< >\"¿Eh… bañarnos juntos?\\w[120]",
      "Ya no soy una niña…\""
    ],
    "3": [
      "Rechazo de \\str[120].",
      "Es normal…"
    ],
    "4": [
      "\\nl< >\"¡Yay, al baño~!\""
    ],
    "5": [
      "\\nl< >\"¡Yay, hora del baño~\""
    ],
    "6": [
      "\\nl< >\"...Bueno ♥\""
    ],
    "7": [
      "\\nl< >\"Hmm…\\w[80]Si \\str[121] quiere…\\w[90]",
      "bañémonos juntos…\""
    ],
    "8": [
      "\\nl< >\"¡No! ¡No me bañaré contigo!\""
    ],
    "9": [
      "Rechazo total de \\str[120].",
      "Duele oírlo…"
    ],
    "10": [
      "\\nl< >\"Ugh… \\str[121],",
      "actúas como niño…\"\\w[150]"
    ],
    "11": [
      "\\nl< >\"Cielos… eres insoportable…",
      "Bueno, iré…\""
    ],
    "12": [
      "Rogué hasta convencer a \\str[120]…!"
    ],
    "13": [
      "\\nl< >\\{\"¡¡No——Way——!!\\w[90]",
      "¡Si eres \\str[121],",
      "piensas en algo perverso!\"\\}"
    ],
    "14": [
      "Ughhh… Regañada…"
    ],
    "15": [
      "Rogar más",
      "Olvidarlo"
    ],
    "16": [
      "...¿No me bañé hace poco?"
    ],
    "17": [
      "Mmm... supongo que es hora de bañarme."
    ],
    "18": [
      "Invitar a \\str[120]",
      "Ir solo"
    ],
    "19": [
      "Es una oportunidad,",
      "invitar a \\str[120] a bañarnos..."
    ],
    "20": [
      "\\nl< >\"¿Te bañas ahora, \\str[121]? Hasta luego~\""
    ]
  },
  "24": {
    "0": [
      "\\nl< >\"Es hora de dormir.",
      "Debes descansar, \\str[121]...\""
    ],
    "1": [
      "\\nl< >\"Tranquilo, ¡yo también dormiré!\""
    ],
    "2": [
      "Ir a dormir",
      "Esperar"
    ],
    "3": [
      "Hmm, todavía quiero hacer algo."
    ],
    "4": [
      "\\nl< >\"Sí, hora de descansar.   \\w[120]",
      "Buenas noches, \\str[121].\""
    ],
    "5": [
      "\\nl< >\"Hoy trabajaste duro, \\str[121].         \\w[120]",
      "Buenas noches...\""
    ],
    "6": [
      "\\nl< >\"Últimamente duermes temprano...     \\w[150]",
      "Se siente un poco solo...\""
    ],
    "7": [
      "\\nl< >\"¿Estás bien, \\str[121]?    \\w[120]",
      "¿Cansado hoy?\""
    ],
    "8": [
      "\\nl< >\"Ya veo... descansa bien.       \\w[120]",
      "Buenas noches, \\str[121].\""
    ]
  },
  "25": {
    "0": [
      "Temas subidos de tono",
      "Mimar a \\str[120]",
      "Hablar de aventuras",
      "Conversar"
    ],
    "1": [
      "Charlé casualmente con \\str[120]."
    ],
    "2": [
      "\"¡Hoy tengo una nueva receta!\"",
      "\"Tu cabello creció.\"",
      "\"¿Cómo estará el clima mañana…?\"",
      "\"Este juego…\"",
      "\"He oído de él…\""
    ],
    "3": [
      "¡Déjame! \\w[30]Cepillar—\\w[30]Cuidadosamente,",
      "cepillé el pelo de \\str[120]."
    ],
    "4": [
      "\"¡Eres más linda que ayer!\"",
      "Elogié con entusiasmo a \\str[120]."
    ],
    "5": [
      "\"¡Buen chica, bueno, bueno—!\"",
      "Acaricié su cabeza repetidamente."
    ],
    "6": [
      "\"En las profundidades de la mazmorra—\"",
      "Hablé con \\str[120] sobre el Abismo."
    ],
    "7": [
      "\"Existen muchos objetos mágicos—\"",
      "Hablé con ella sobre ítems mágicos."
    ],
    "8": [
      "\"Ayer encontré—\"",
      "Compartí una historia reciente de aventuras."
    ],
    "9": [
      "\"Los aventureros celebran en la taberna…\"",
      "Hablé de su vida diaria."
    ],
    "10": [
      "\"¿Sabías? ¡Hay hongos que corren!\"",
      "Hablé de monstruos raros del Abismo."
    ],
    "11": [
      "\"En realidad, me gusta...\""
    ],
    "12": [
      "\"¡Decir cosas subidas no está mal!\""
    ],
    "13": [
      "\"El cuerpo femenino...\""
    ],
    "14": [
      "\"Esta parte...\""
    ],
    "15": [
      "Hablé con \\str[120] de temas adultos."
    ],
    "16": [
      "¿Qué ropa interior hoy?",
      "Educación sexual"
    ]
  },
  "29": {
    "0": [
      "\\nl< >\"\\str[121]… no saques temas raros ahora…\""
    ],
    "1": [
      "\\str[120] murmuró tímidamente,",
      "pero su mirada sugería algo más…"
    ],
    "2": [
      "\\nl< >\"Interesante~\""
    ],
    "3": [
      "\\str[120] escuchó con interés—¡bien!"
    ],
    "4": [
      "\\nl< >\"Ah… ya veo.\""
    ],
    "5": [
      "\\nl< >\"Eh… supongo.\""
    ],
    "6": [
      "\\str[120] parecía aburrida…",
      "¿Tema no interesante?"
    ],
    "7": [
      "\\nl< >\"Un tema profundo.\""
    ],
    "8": [
      "\\nl< >\"…\\str[121], cambiemos de tema…\""
    ],
    "9": [
      "A \\str[120] no le gustó el tema—cuidado..."
    ],
    "10": [
      "\\nl< >\"\\str[121]… para, por favor...\""
    ],
    "11": [
      "\\str[120] se molestó un poco…"
    ],
    "12": [
      "\\nl< >\"Mmm… ya veo…\""
    ],
    "13": [
      "Escuchó distraída, como aguantando algo."
    ],
    "14": [
      "\\nl< >\"—¡Onii-chaaaan~!\""
    ],
    "15": [
      "¡Animé a \\str[120]!"
    ],
    "16": [
      "\\nl< >\"Gracias por hoy, \\str[121].\""
    ],
    "17": [
      "El ánimo de \\str[120] mejoró."
    ],
    "18": [
      "\\nl< >\"Mm…\""
    ],
    "19": [
      "La reacción fue algo rara…"
    ],
    "20": [
      "\\nl< >\"\\str[121]… ya basta…\""
    ],
    "21": [
      "La reacción no fue buena…"
    ],
    "22": [
      "\\nl< >\"¡Eres molesto, \\str[121]!\""
    ],
    "23": [
      "Caí en desgracia con \\str[120]…"
    ],
    "24": [
      "\\nl< >\"¡\\str[121], tonto! ¡Ya para!\""
    ],
    "25": [
      "Rechazado fuertemente…"
    ],
    "26": [
      "\\nl< >\"…Me da vergüenza.\""
    ],
    "27": [
      "\\nl< >\"Cielos, \\str[121]… otra vez molestando.\""
    ],
    "28": [
      "\\str[120] parecía nerviosa."
    ]
  },
  "30": {
    "0": [
      "Mmm…ahora no…no toques…"
    ],
    "1": [
      "\\nl< >\"Dios, no me toques cuando aún tengo el pelo mojado…\"",
      "\\w[180]\\^"
    ],
    "2": [
      "Mi pelo se desordenó de nuevo...",
      "Hmm... qué sensación tan extraña...",
      "Ehehe...",
      "Tu mano es tan cálida, \\str[121]…",
      null,
      "\\str[121]…",
      null,
      "Miau..."
    ],
    "3": [
      "\\nl< >\\{\"¡Cielos— \\str[121],",
      "te pasaste con el toqueteo!\"",
      "\\w[150]\\^"
    ]
  },
  "34": {
    "0": [
      "\\{\"¡Mira!                   \\w[40]\\}",
      "¡Este es el último modelo de——          \\^"
    ],
    "1": [
      "\\nl< >\\{\"¡Oooooh——! ¡Es la JoyStation V!\"",
      "\\w[120]\\^"
    ],
    "2": [
      "\"¡Así es! La JoyStation V——     \\w[30]",
      "¿Eh?        \\w[30]",
      "¿Ya sabías?\""
    ],
    "3": [
      "\\nl< >\"¿De qué hablas, \\str[121]? ¡Como experta, lo sé todo!\""
    ],
    "4": [
      "¿Eh… experta?"
    ],
    "5": [
      "Intenté lucirme con el regalo,",
      "pero arruiné la sorpresa…"
    ],
    "6": [
      "\\nl< >\"¡Y tiene Shadow Soul completo, genial!\""
    ],
    "7": [
      "\\nl< >\"¡Estoy feliz!",
      "¡Eres el mejor, \\str[121]! ¡Te amo!\""
    ],
    "8": [
      "Bueno, al final fue una sorpresa—",
      "porque \\str[120] está feliz."
    ],
    "9": [
      "\\nl< >\"¡\\str[121], no te quedes ahí!",
      "¡Ven a jugar!\""
    ],
    "10": [
      "¡Sí, juguemos juntos!\""
    ],
    "11": [
      "Jugamos toda la noche, olvidando la cena."
    ],
    "12": [
      "\\c[2]\\{",
      "¡Ahora puedo jugar con \\str[120]!",
      "\\w[120]"
    ],
    "13": [
      "¿La consola sigue encendida?",
      "¿Olvidé apagarla?"
    ],
    "14": [
      "\"Ah——\""
    ],
    "15": [
      "En la penumbra, veo a \\str[120] jugando."
    ],
    "16": [
      "\\nl< >\"Ah——\""
    ],
    "17": [
      "Notó que llegaba."
    ],
    "18": [
      "\\nl< >\"¡Awaaahhhwahhhwahhhh—!\""
    ],
    "19": [
      "\\str[120] saltó a la cama",
      "y escondió la cara en la almohada, inmóvil.",
      "Fingiendo estar dormida..."
    ],
    "20": [
      "Temblaba levemente.",
      "¿Debo molestarla un poco—"
    ],
    "21": [
      "Tocar su trasero"
    ],
    "22": [
      "Ante su trasero mullido en shorts,",
      "no pude resistir tocarlo suavemente."
    ],
    "23": [
      "\\nl< >\"Durmiendo... durmiendo...\""
    ],
    "24": [
      "\\nl< >\"Guuuuhhhmmmmm...\""
    ],
    "25": [
      "\\nl< >\"No me veas— \\str[121] ¡no puede verme…\""
    ],
    "26": [
      "…Mejor parar. Se veía lastimosa.",
      "Debo detenerme."
    ],
    "27": [
      "\"Duerme bien, ¿vale?\""
    ],
    "28": [
      "Una última caricia y me fui a dormir."
    ]
  },
  "39": {
    "0": [
      "\\{\"¡Ugh...!? \"\\w[60]"
    ],
    "1": [
      "\"Mi estómago duele mucho…\""
    ],
    "2": [
      "\\nl< >\"¿\\str[121]? ¿Qué pasa?\\w[40]",
      "Escuché un ruido raro en tu estómago——\""
    ],
    "3": [
      "\\{\"¡Uwoooooaah——!? \"\\w[60]"
    ],
    "4": [
      "Calambres estomacales.",
      "¿Comí algo malo?"
    ],
    "5": [
      "Me preocupé por \\str[120],",
      "pero su expresión era normal.",
      "Comimos lo mismo..."
    ],
    "6": [
      "Alivio…",
      "solo hay un baño—",
      "si ambos caemos,",
      "sería un desastre..."
    ],
    "7": [
      "\"L-lo siento,",
      "¡\\str[121] necesita ir al baño!\""
    ],
    "8": [
      "\\nl< >\"…¿Otra vez las hemorroides?\""
    ],
    "9": [
      "\\nl< >\"¿Te duele el estómago?",
      "Pobre \\str[121]...\""
    ],
    "10": [
      "\\nl< >\"…Voy al baño.\""
    ],
    "11": [
      "\\str[120] fue al baño…",
      "Busqué algo para pasar el tiempo."
    ],
    "12": [
      "——No manejé C antes,",
      "¿no?"
    ],
    "13": [
      "Siento una mala presencia.",
      "¿Debo proteger a \\str[120]…?"
    ],
    "14": [
      "Ir",
      "Olvidar"
    ],
    "15": [
      "Es para protegerla…",
      "No es por espiar…"
    ],
    "16": [
      "…Olvidar.",
      "No es correcto."
    ],
    "17": [
      "\\nl< >\"Mmm… nghh…\""
    ],
    "18": [
      "\\str[120] lucía rara,",
      "mejillas rojas, aguantando."
    ],
    "19": [
      "\"¿Qué pasa? ¿Te sientes mal?\""
    ],
    "20": [
      "Toqué su frente. Caliente,",
      "pero no fiebre— \\w[30]\\^"
    ],
    "21": [
      "\\nl< >\"¡Ah!\\w[30]¡No es nada!\""
    ],
    "22": [
      "\\nl< >\"Yo…\\w[30] Iré al baño…!\"",
      "\\w[120]\\^"
    ],
    "23": [
      "Salió corriendo.",
      "¿Tenía prisa por el baño?"
    ],
    "24": [
      "¿Ver qué pasa?"
    ],
    "25": [
      "Ir",
      "Olvidar"
    ],
    "26": [
      "Sí, por si acaso…"
    ],
    "27": [
      "…Mejor no."
    ]
  },
  "40": {
    "0": [
      "Volviendo, vi a \\str[120] temblar bajo la manta."
    ],
    "1": [
      "¿Qué la asustó tanto…?"
    ],
    "2": [
      "\\nl< >\"Uuehh… \\str[121]…\""
    ],
    "3": [
      "\"No temas… \\str[121] está aquí.\""
    ],
    "4": [
      "La abracé y calmé un rato."
    ],
    "5": [
      "Al preguntar,",
      "había visto un insecto en el baño.",
      "Con el calor, es hora de control de plagas."
    ],
    "6": [
      "Volvimos y se escondió triste."
    ],
    "7": [
      "\\nl< >\"Insectos… son aterradores… los odio…\""
    ],
    "8": [
      "Mascullaba, aún impactada."
    ],
    "9": [
      "Esto no puede seguir…",
      "Debo eliminar los insectos."
    ]
  },
  "41": {
    "0": [
      "\\str[120] molestas por perder,",
      "enroscada en su manta inmóvil."
    ],
    "1": [
      "Oops… me pasé."
    ],
    "2": [
      "Debo animarla…"
    ],
    "3": [
      "Animarla",
      "Tocar trasero",
      "Consolarla"
    ],
    "4": [
      "Acaricié su espalda, hablando suave."
    ],
    "5": [
      "Traje su leche favorita,",
      "esperando mejoría."
    ],
    "6": [
      "Toqué su trasero bajo la manta,",
      "buscando atención."
    ],
    "7": [
      "Coloqué su peluche de conejo,",
      "haciéndolo hablar."
    ],
    "8": [
      "\\nl< >\"Basta… te perdono, \\str[121]…\""
    ],
    "9": [
      "\\nl< >\"No olvides tu promesa.\""
    ],
    "10": [
      "Aún molesta,",
      "pero asomó la cabeza."
    ],
    "11": [
      "\\nl< >\"\\str[121], eres un matón…\""
    ],
    "12": [
      "\\nl< >\"No quiero hablarte más…\""
    ],
    "13": [
      "Parecía animarse un poco."
    ],
    "14": [
      "\\nl< >\"\\str[121]… eres tan malo…\""
    ],
    "15": [
      "\\nl< >\"\\str[121]... qué malo...\""
    ],
    "16": [
      "Aún decaída."
    ],
    "17": [
      "\\nl< >\"Te odio… \\str[121]…\""
    ],
    "18": [
      "Muy decaída…"
    ],
    "19": [
      "\\nl< >\"Entonces… \\str[121]…     \\w[60]",
      "¿Una petición?\""
    ],
    "20": [
      "¡Sí, \\str[121] acepta cualquier cosa!\""
    ],
    "21": [
      "\\nl< >\"No vuelvas malherido mañana…\""
    ],
    "22": [
      "\\nl< >\"Quiero carne mañana…\""
    ],
    "23": [
      "—Es una promesa."
    ],
    "24": [
      "Más que petición,",
      "es su lado adorable.",
      "¡\\str[120] es tan dulce!"
    ]
  },
  "42": {
    "0": [
      "\\nl< >\"Soñolienta—\\w[90]",
      "Es tarde… hora de dormir, ¿sí?\""
    ],
    "1": [
      "Sí, es tarde. ¿Mejor dormir?"
    ],
    "2": [
      "Dormir",
      "Esperar"
    ],
    "3": [
      "Es tarde—dormir."
    ],
    "4": [
      "Aún quiero hacer algo más.",
      "Esperaré un poco."
    ],
    "5": [
      "\\nl< >\\}\"Mmyaa—zzZ\"\\{"
    ],
    "6": [
      "……",
      "……"
    ],
    "7": [
      "\\str[120] está por dormir.",
      "Es hora..."
    ],
    "8": [
      "Tomé a \\str[120] dormida",
      "y la llevé a su cama."
    ],
    "9": [
      "Yo también dormiré."
    ],
    "10": [
      "\\nl< >\"¡Tengo sueño! ¡Me voy—",
      "\\str[121], estorbas,",
      "¡fuera ya!\""
    ],
    "11": [
      "\"¡Pero no he terminado—!\"\\w[60]\\^"
    ],
    "12": [
      "\\nl< >\"Vete—vete—\"\\w[60]\\^"
    ]
  },
  "44": {
    "0": [
      "Hmm... quisiera beber algo..."
    ],
    "1": [
      "No hay bebidas en casa..."
    ],
    "2": [
      "Hmm... quisiera beber algo..."
    ],
    "3": [
      "Ya no quiero…"
    ],
    "4": [
      "\"¿Quieres \\ii[\\v[90]]?\""
    ],
    "5": [
      "\\nl< >\"¡Lo que sea! ¡Bebe lo que quieras!\""
    ],
    "6": [
      "\\nl< >\"¡Sí, sí, tomaré!\""
    ],
    "7": [
      "\\nl< >\"Gracias por el trabajo, \\str[121].\""
    ],
    "8": [
      "\\nl< >\"No suena rico, pero está bien.\""
    ],
    "9": [
      "\\nl< >\"No me gusta lo amargo...",
      "¿Realmente lo beberás?\""
    ],
    "10": [
      "Compré snacks también…",
      "¿Ofrecer a \\str[120]?"
    ],
    "11": [
      "Probar",
      "Olvidar"
    ],
    "12": [
      "Quizá luego."
    ],
    "13": [
      "\"¡Hoy hay snacks!",
      "Es \\ii[\\v[90]], ¿quieres?\""
    ],
    "14": [
      "\\nl< >\"Sí… los snacks son inocentes.\""
    ],
    "15": [
      "\\nl< >\"¿Eh?",
      "Este emparejamiento arruina los snacks...\""
    ],
    "16": [
      "\\nl< >\"¡Sí! ¡Comamos juntos!\""
    ],
    "17": [
      "Disfrutamos un té juntos."
    ],
    "18": [
      "\\nl< >\"\\str[121], tengo sed. Agua.\""
    ],
    "19": [
      "Sed… compré \\ii[\\v[90]] hoy."
    ],
    "20": [
      "\"¿Quieres \\ii[\\v[90]]?\""
    ],
    "21": [
      "\\nl< >\"¿De dónde salió?\""
    ],
    "22": [
      "\"De una máquina en el bosque hoy.\""
    ],
    "23": [
      "\\nl< >\"¿Qué? ¿Máquina en el bosque...?\""
    ],
    "24": [
      "\"Raro, ¿no? Pero al poner moneda,",
      "salió una bebida.",
      "Fecha de expiración nueva.\""
    ],
    "25": [
      "\"Es raro… pero funcionó,",
      "fecha de expiración nueva.\""
    ],
    "26": [
      "Rompí la máquina accidentalmente…",
      "¿Alguien vendrá por reparación?",
      "Ahora me siento mal..."
    ],
    "27": [
      "\\nl< >\"Sirve un vaso entonces.\""
    ],
    "28": [
      "Sirví \\ii[\\v[90]]",
      "para ambos."
    ],
    "29": [
      "Fría y refrescante, muy rica."
    ],
    "30": [
      "Disfrutamos un té juntos."
    ],
    "31": [
      "Próxima compra, compartir con \\str[120]! \\w[60]"
    ],
    "32": [
      "Tomé la botella de Elixir Rubrum,",
      "pero al dársela,",
      "el miedo me invadió—"
    ],
    "33": [
      "¿Y si… no funciona en ella?",
      "¿O empeora su estado…? \\w[60]",
      "La investigación de papá es correcta, pero…"
    ],
    "34": [
      "\\nl< >\"\\str[121]? ¿Qué pasa?  \\w[45] Tiemblas...\""
    ],
    "35": [
      "…Ah, nada.\""
    ],
    "36": [
      "La preocupé. \\w[45]",
      "No decidía si dárselo—"
    ],
    "37": [
      "\\nl< >\"Es la medicina que buscabas, ¿no?   \\w[90]",
      "¿Me preocupas, \\str[121]?\""
    ],
    "38": [
      "Tomó mi mano que sostenía el elixir."
    ],
    "39": [
      "\\nl< >\"Te esforzaste tanto por mí.  \\w[90]",
      "Quiero esforzarme también…\""
    ],
    "40": [
      "\\nl< >\"Déjame probar esta medicina.\""
    ],
    "41": [
      "Su voz mostraba determinación."
    ],
    "42": [
      "„Si algo se siente mal,",
      "promete escupirlo, ¿sí?\""
    ],
    "43": [
      "No había escapatoria.",
      "Mezclé el elixir rojo en leche",
      "y se lo dí."
    ],
    "44": [
      "Bebió la mezcla al instante.",
      "La observé ansioso."
    ],
    "45": [
      "\\nl< >\"Ugh...\""
    ],
    "46": [
      "Hizo una mueca de dolor."
    ],
    "47": [
      "„¿Sabe… raro!?\""
    ],
    "48": [
      "\\nl< >\"¡Es delicioso! Dulce y ácido,",
      "¡quiero otro vaso~!\""
    ],
    "49": [
      "Sorprendentemente, le gustó.",
      "Preocupaciones innecesarias..."
    ],
    "50": [
      "Al final, nada cambió.",
      "¿Realmente no tuvo efecto?"
    ]
  },
  "51": {
    "0": [
      "\\nl< >\"Regresé…\""
    ],
    "1": [
      "Las mejillas de \\str[120] enrojecidas, ",
      "un aroma dulce… ¿esto es…?"
    ],
    "2": [
      "\"¿Qué pasó? Estabas tan apurada—\""
    ],
    "3": [
      "\\nl< >\"N-no, ¡nada…!     \\w[90]",
      "La leche sabía raro y ",
      "tuve que correr al baño…!\""
    ],
    "4": [
      "\\nl< >\\}\"Uuehh……      \\w[60]",
      "Aún siento calor…\"         ",
      " \\w[180]\\^"
    ]
  },
  "53": {
    "0": [
      "\\nl< >\"\\str[121],",
      "no hables de eso ahora...\""
    ],
    "1": [
      "Con sonrisa, pregunté a \\str[120] qué ropa usa."
    ],
    "2": [
      "\\nl< >\"¿Tanto quieres saber?\""
    ],
    "3": [
      "No se resistió… ¿oportunidad?"
    ],
    "4": [
      "\\nl< >\"¿Qué pasa, \\str[121]? Pregunta rara...\""
    ],
    "5": [
      "\"Ah… nada…\""
    ],
    "6": [
      "Ante su inocencia,",
      "giré la cabeza avergonzado."
    ],
    "7": [
      "Insistí sobre la ropa."
    ],
    "8": [
      "\\nl< >\"Dios, no puedo negarme…\""
    ],
    "9": [
      "\\nl< >\\}\"No uso nada...\""
    ],
    "10": [
      "\\nl< >\\}\"Es de rayas azules y blancas…\""
    ],
    "11": [
      "\\nl< >\\}\"Es de rayas rosas y blancas…\""
    ],
    "12": [
      "\\nl< >\\}\"Es blanco liso…\""
    ],
    "13": [
      "Se acercó y susurró en mi oído.",
      "Su aliento cálido y aroma cítrico",
      "me erizó la piel."
    ],
    "14": [
      "\\nl< >\"¿Eso te hace feliz, \\str[121]~\""
    ],
    "15": [
      "\\nl< >\"¿Qué intentas al preguntar eso?\""
    ],
    "16": [
      "Me miró confundida."
    ],
    "17": [
      "Con coraje,",
      "repetí la pregunta."
    ],
    "18": [
      "\\nl< >\"Tú sabes, ¿no? ¡No lo diré otra vez!\""
    ],
    "19": [
      "\\nl< >\"¡\\str[121], eres molesto!\""
    ],
    "20": [
      "La hice enojar..."
    ]
  },
  "beginnersGuide": {
    "0": [
      "Pasa el mouse sobre \\str[120] para ver su estado",
      "Clic izquierdo en \\str[120] para interactuar"
    ],
    "1": [
      "Mantén presionado el fondo para llamar a \\str[120]"
    ],
    "2": [
      "Desliza sobre \\str[120] para interacción íntima"
    ],
    "3": [
      "Clic derecho o mantén para salir"
    ]
  },
  "AndroidBeginnersGuide": {
    "0": [
      "Toca \\str[120] para ver estado",
      "Mantén en \\str[120] para interactuar"
    ],
    "1": [
      "Mantén presionado para llamar a \\str[120]"
    ],
    "2": [
      "Desliza para interacción íntima"
    ],
    "3": [
      "Retroceso o doble toque para salir"
    ],
    "4": [
      "Guardado en \\TC[#fff94e]Documents/sister_save\\TC[#ffffff] ",
      "¡Puedes respaldar o usar archivos de otros dispositivos!",
      "Compatibles PC y Android."
    ],
    "5": [
      "Nota: ¡Solo sobrescribe archivos existentes!",
      "Sin registros coincidentes,",
      "el juego no los reconocerá."
    ]
  },
  "exitGame": {
    "0": [
      "¿Volver al menú principal?",
      "Datos no guardados se perderán."
    ],
    "1": [
      "Sí",
      "No"
    ]
  }
}