{
  "imoutoAhoge": {
    "0": [
      "실수로 여동생의 바보털을 뽑아 버렸다."
    ],
    "1": [
      "여동생이 눈치채기도 전에, 곧바로 바보털이 자라났다.",
      "……설마 무한 재생이 가능한건가?",
      " "
    ],
    "2": [
      "\\nl< >「……무슨 일이야 오빠?",
      "그렇게 진지한 얼굴을 하고.」"
    ],
    "3": [
      "머리가 아파질 것 같으니까,",
      "더 이상 생각하지 않는 것이 좋겠다."
    ],
    "4": [
      "더 이상 만지지 않는 게 좋겠다……"
    ],
    "5": [
      "\\nl< >「……머리가 좀 간지러운데,   \\w[30]",
      "오빠, 뭐 했어?」"
    ],
    "6": [
      "「아, 아무것도 안 했는데?」"
    ]
  },
  "cookingSystem": {
    "0": [
      "\\ii[\\v[\\v[85]]] 준비는 됐는데, 뭘 만들까?"
    ],
    "1": [
      "다른 걸로 할래",
      "이걸 빼자"
    ],
    "2": [
      "아직 재료를 고르는 중이다!!"
    ]
  },
  "inventoryExpansion": {
    "0": [
      "\\ii[312] 를 사용해서",
      "가방 용량을 확장할 수 있는 것 같은데…"
    ],
    "1": [
      "무기 슬롯 확장",
      "장비 슬롯 확장",
      "그만두자…"
    ],
    "2": [
      "\\ii[312] 개수가",
      "부족한 것 같아…"
    ]
  },
  "loadingEasterEgg": {
    "0": [
      "\\nl< >「햄버그는 최고의 음식.」  \\w[180] \\^"
    ],
    "1": [
      "\\nl< >「오빠는 여동생에게 산더미 만한 고기를 가져다 ",
      "주게 된다……」   \\w[360] \\^"
    ],
    "2": [
      "여동생이 뭔가 이야기하고 있는 것 같다……"
    ],
    "3": [
      "\\nl< >「하지만 피망은 적이니까       \\w[120]",
      "전부 오빠가 먹어 준다…       \\w[120]",
      "초록색 적을 물리쳐 줘~！」          \\w[120]\\^"
    ],
    "4": [
      "\\nl< >「아, 일어났다…   \\w[60]",
      "오빠, 잘 잤어?」"
    ],
    "5": [
      "「아니… 그러고 보니, ",
      "자는 동안 뭔가 이상한 소리를 들었던 것 같은데……」",
      " …\""
    ],
    "6": [
      "\\nl< >「에헤헤,   \\w[60]",
      "아까 그건 오빠를 위한 숙면 서비스야!」"
    ],
    "7": [
      "\\nl< >「여동생은 엄청 귀엽다……        \\w[120]",
      "여동생은 내가 세계에서 제일 좋아하는 아이다……    \\w[210]",
      "여동생은 나의――                         \\w[150]\\^"
    ],
    "8": [
      "여동생이 뭔가 이야기하고 있는 것 같다……"
    ],
    "9": [
      "\\nl< >「앗, 오빠! 좋은 아침————！」"
    ],
    "10": [
      "\\nl< >「저기…… 아까 한 말 전부 들었어?」"
    ],
    "11": [
      "\\nl< >「오빠 아까 잠버릇이 재밌었어~」",
      " \""
    ],
    "12": [
      "\\nl< >「웬일로 꾸벅꾸벅 졸고 있네~」"
    ]
  },
  "rubberDuck": {
    "0": [
      "덩그러니 놓인 고무 오리 하나가",
      "물 위에 떠 있다…"
    ],
    "1": [
      "주워 올리기",
      "내버려 두기"
    ],
    "2": [
      "누가 버린 걸까…",
      "좀 불쌍하네…"
    ],
    "3": [
      "그러고 보니, 나도 아까 위에서",
      "떠내려온 참이고…"
    ],
    "4": [
      "이런 걸 가져가면…",
      "여동생이 좋아할까?"
    ],
    "5": [
      "좀 더러운 것 같고,",
      "그냥 내버려 두자……"
    ]
  },
  "drowning": {
    "0": [
      "으아아아… 위험했다……",
      "강가에서 그만 떨어져서, 조금만 잘못했으면 익사할 뻔했어——"
    ]
  },
  "erohon": {
    "0": [
      "（주변에 아직 사람이나 몬스터가 있으니…",
      "이런 책은 꺼내지 않는 게 좋으려나…）"
    ]
  },
  "ninja": {
    "0": [
      "이런 곳에 인공적인 비밀 방이라니…",
      "누가 만든 거지…?"
    ],
    "1": [
      "엣……!?",
      "여자애가 쓰러져 있다……"
    ],
    "2": [
      "그러고 보니, 아까부터 이상한 소리가…",
      "배에서 나는 소리였던 건가…"
    ],
    "3": [
      "으으……",
      "배고파……"
    ],
    "4": [
      "…………",
      "의식이 흐릿해지고 있어…?"
    ],
    "5": [
      "마침 모닥불도 있으니,",
      "뭔가 만들어 주자!"
    ],
    "6": [
      "\\ii[\\v[90]] 를 사용해서,  ",
      "간단한 요리를 만들까?"
    ],
    "7": [
      "하자!",
      "그만둔다"
    ],
    "8": [
      "음… 재료를",
      "바꾸는 게 좋을지도…"
    ],
    "9": [
      "자, 따뜻한 밥이야?",
      "먹을 수 있겠어?"
    ],
    "10": [
      "킁킁……",
      "좋은 냄새……"
    ],
    "11": [
      "밥 냄새!!"
    ],
    "12": [
      "\\{잘 먹겠습니다!!"
    ],
    "13": [
      "어, 어이……",
      "그거 내가 만들었는데…"
    ],
    "14": [
      "（순식간에 다 먹다니……",
      "정말 배가 고팠던 거구나…）"
    ],
    "15": [
      "냠냠…… 살았어~!",
      "며칠이나 못 먹어서……냠냠……"
    ],
    "16": [
      "이대로 지박령이 될 뻔했어…",
      "꼬르르륵…"
    ],
    "17": [
      "뭐, 진정하고 먹어…… 근데,",
      "왜 이런 곳에 혼자 있어?"
    ],
    "18": [
      "앗, 맞다!",
      "제대로 임무 중이었어!"
    ],
    "19": [
      "이 근처에 보물이 있다는 말을 듣고,",
      "비밀 방을 판 거야!"
    ],
    "20": [
      "근데 말이야…냠냠,",
      "입구가 묘비로 막혀버렸지 뭐야!"
    ],
    "21": [
      "으으, 예상 밖이었고,",
      "비상식량도 금방 바닥나서……"
    ],
    "22": [
      "닌자인데 이런 실수를 하다니……",
      "조직에 면목이 없어…"
    ],
    "23": [
      "하, 하아? 왜 굳이",
      "비밀 방을 판 거야……"
    ],
    "24": [
      "보물은 항상 있는 게 아니고,",
      "장기전이 될 수도 있다고 생각해서…냠냠."
    ],
    "25": [
      "게다가 이 정보는 극비야,",
      "그분께 받은 극비 임무니까!"
    ],
    "26": [
      "다른 사람에게 알려지면……",
      "어떻게 될지……"
    ],
    "27": [
      "물론, 조용히 처치할 수밖에……",
      "그렇지 않으면 닌자 실격이고…냠냠."
    ],
    "28": [
      "……핫!",
      "정보를 흘려버렸어!"
    ],
    "29": [
      "저기… 나, 절대로 발설하지 않을게……",
      "그러니까……"
    ],
    "30": [
      "……에!?"
    ],
    "31": [
      "또 이런 초보적인 실수를…",
      "으으으……설령 목숨의 은인이라도……"
    ],
    "32": [
      "자, 잠깐만!",
      "그런 이유로……!"
    ],
    "33": [
      "닌자란 그런 거야……",
      "싸우지 않으면 살아남을 수 없어……"
    ],
    "34": [
      "가능하면 손대고 싶지 않아,",
      "아직 밥값도 못 했는데…"
    ],
    "35": [
      "그, 그래————",
      "\\^"
    ],
    "36": [
      "답은 하나——!",
      "당신도 닌자가 되는 거야!"
    ],
    "37": [
      "당신도 조직에 들어오면,",
      "더 이상 싸울 필요 없어!"
    ],
    "38": [
      "자, 잠깐만!",
      "그건 거절할 수 없잖아!?"
    ],
    "39": [
      "괜찮아,",
      "상냥하게 해줄 테니까……"
    ],
    "40": [
      "……히익!?",
      "이리 오지 마!!"
    ],
    "41": [
      "정말 닌자의 재능이 있네……!",
      "이렇게 짧은 시간에 몸이 다 익혔잖아!"
    ],
    "42": [
      "이걸로 당신도,",
      "우리들의 동료야!"
    ],
    "43": [
      "하지만 그분께는,",
      "내 임무가 끝나고 나서 만나게 해줄게!"
    ],
    "44": [
      "이제…",
      "어찌 되든 좋아……"
    ]
  },
  "autoUpdateReminder": {
    "0": [
      "다음날 아침에 일어나면 자동으로 업데이트 프로세스가 시작됩니다.",
      "과정 내내 인터넷 연결이 안정적인지 확인해 주세요!",
      "\\w[120]"
    ],
    "1": [
      "업데이트 로그를 볼 수 없습니다!",
      "네트워크 연결이 실패했을 수 있습니다!",
      "\\w[120]"
    ]
  },
  "메이드토끼Boos": {
    "0": [
      "앞으로 특별한 일은 없습니다!",
      "따라서 확인하러 갈 필요가 없습니다!"
    ],
    "1": [
      "여기에는 정말 아무것도 없어요! 더 이상 다가오지 마세요!",
      "I-I 맹세컨대, 여기에는 아무것도 숨겨져 있지 않습니다!"
    ],
    "2": [
      "...Usa?",
      "네? 저기서 들리는 이상한 소리는 무슨 소리인가요?"
    ],
    "3": [
      "...Usa!?",
      "여긴 어떻게 찾은거야—!"
    ],
    "4": [
      "...Usa!?",
      "으...인간!!"
    ],
    "5": [
      "Usa...이녀석—                        \\w[45]",
      "\\{너도 내 당근을 훔치러 왔구나!!       \\w[60]\\^"
    ],
    "6": [
      "Usa!? 내 당근!!         \\w[45]",
      "\\{당근 도둑..!!         \\w[60]\\^"
    ]
  },
  "노밤 낚시": {
    "0": [
      "폭탄을 이용한 낚시는 엄격히 금지되어 있습니다!",
      "위험을 감수 할수 있다면...!"
    ]
  },
  "철학자들의 단편": {
    "title": [
      "철학자의 단편"
    ],
    "설명5": [
      "붉은 짐승에게서 얻은 특별한 파편",
      "다양한 파편을 수집할 수 있는 경우",
      "${}의 상태를 개선하는 데 도움이 될 수 있습니다"
    ],
    "묘사56": [
      "메이드 버니에게서 얻은 특별한 파편",
      "다양한 파편을 수집할 수 있는 경우",
      "${}의 상태를 개선하는 데 도움이 될 수 있습니다"
    ]
  },
  "메카": {
    "0": [
      "먼지로 오랫동안 뒤덮인 이상한 기계가 여기 서 있다...",
      "터치해도 반응하지 않는다."
    ],
    "1": [
      "흠...?",
      "뭔가가 여기 있는데?"
    ],
    "2": [
      "떨어진 부품인가?",
      "아직 활성화될 수 있을 것 같다...."
    ]
  }
}