{
  "13": {
    "0": [
      "……어라?",
      "또 한 마리 귀여운 어린 양이 길을 잃었니?"
    ],
    "1": [
      "후후후, 나에게서 힘을 얻고 싶어?",
      "이건 악마의 거래야."
    ],
    "2": [
      "하지만, 아주 유감이네. 아직 「그때」는 아니야.",
      "지금은 아직, 네가 운명과 마주할 순간이 아니란다~"
    ],
    "3": [
      "지금의 너는, 아직 아무것도 모르고,",
      "아무것도 눈치채지 못한 헤매는 어린 양에 불과해~"
    ],
    "4": [
      "헤에~~ 거기에 앉아서,",
      "나의 기도를 듣고 싶어?"
    ],
    "5": [
      "유감이네♥ 나는 대악마야~",
      "그런 걸 해줄 리 없잖아~!"
    ]
  },
  "16": {
    "0": [
      "네가 흙으로 돌아갈 때까지 얼굴에 땀을 흘려야 먹을 것을 먹으리니",
      "네가 그것에서 취함을 입었음이라",
      "너는 흙이니 흙으로 돌아갈 것이니라",
      " "
    ],
    "1": [
      "내가 해 아래에서 행하는 모든 일을 보았노라",
      "보라 모두 다 헛되어 바람을 잡으려는 것이로다"
    ],
    "2": [
      "하나님을 사랑하는 자 곧 그의 뜻대로 부르심을 입은 자들에게는",
      "모든 것이 합력하여 선을 이루느니라",
      " "
    ],
    "3": [
      "모든 사람이 죄를 범하였으매",
      "하나님의 영광에 이르지 못하더니"
    ],
    "4": [
      "이 묵시는 정한 때가 있나니",
      "그 종말이 속히 이르겠고 결코 거짓되지 아니하리라",
      "비록 더딜지라도 기다리라",
      "지체되지 않고 반드시 응하리라"
    ],
    "5": [
      "내 죄악이 내 머리에 넘쳐서 무거운 짐 같으니",
      "내가 감당할 수 없나이다"
    ]
  },
  "17": {
    "0": [
      "예수 께서 그에게 물으셨다.",
      "“네 이름이 무엇이냐?”",
      "그가 대답하였다.",
      "“군대입니다. 우리의 수가 많기 때문에 붙여진 이름입니다.”"
    ],
    "1": [
      "하늘에 또 다른 이적이 보이니",
      "보라 한 큰 붉은 용이 있어",
      "머리가 일곱이요 뿔이 열이라 그 여러 머리에 일곱 면류관이 있는데",
      "그 꼬리가 하늘 별 삼분의 일을 끌어다가 땅에 던지더라"
    ],
    "2": [
      "너 아침의 아들 계명성이여",
      "어찌 그리 하늘에서 떨어졌으며",
      "너 열국을 엎은 자여 어찌 그리 땅에 찍혔는고?",
      " "
    ],
    "3": [
      "내가 보니 바다에서 한 짐승이 나오는데",
      "뿔이 열이요 머리가 일곱이라 그 뿔에는 열 왕관이 있고",
      "그 머리들에는 신성모독 하는 이름들이 있더라",
      " "
    ],
    "4": [
      "내가 죽음의 음산한 계곡을 걸어가도 두려워하지 않을 것은",
      "주께서 나와 함께하심이라.",
      "주의 지팡이와 막대기가 나를 지키시니 내가 안심하리라."
    ],
    "5": [
      "주님께서 사탄에게",
      "\"어디를 갔다가 오는 길이냐?\" 하고 물으셨다.",
      "사탄은 주님께",
      "\"땅을 이리저리 돌아다니다가 오는 길입니다\" 하고 대답하였다."
    ]
  },
  "18": {
    "0": [
      "……이것은 전송진.",
      "지금 당장 이곳을 떠날까…?"
    ],
    "1": [
      "떠난다",
      "조금 기다린다…"
    ]
  }
}