{
  "3": {
    "0": [
      "처음엔 참으려 했지만, 결국 유혹을 이기지 못하고,",
      "정신을 차렸을땐 이미 욕실에 와 있었다",
      " "
    ],
    "1": [
      "익숙한 장소인데도",
      " 몰래 들어오니깐…",
      "모든 것이 스릴 넘치고 새롭게 느껴진다…"
    ],
    "2": [
      "상황을 보며 한걸음씩...",
      "좋아, 안전하게 잠입 완료……！"
    ],
    "3": [
      "여동생이 나올 때까지, 시간이 얼마 없어…",
      "이대로 화장실을 나갈까??"
    ],
    "4": [
      "네",
      "아니요"
    ],
    "5": [
      "오늘은 여기까지 하자. 여동생한테 들키면 큰일이니까.",
      "\\str[120] would be bad."
    ],
    "6": [
      "그렇네, 여동생도 슬슬 나올 때고——"
    ],
    "7": [
      "조금 더 해볼까…"
    ],
    "8": [
      "이미 화장실에 들어와 버렸으니,",
      "소리를 내지 않도록 조심해야지……"
    ],
    "9": [
      "춤춰본다!",
      "명상한다",
      "계속 관찰한다"
    ],
    "10": [
      "음……신중해야겠어.",
      "여동생이 경계하면 곤란하니까…"
    ],
    "11": [
      "그래, 일단 진정해야지…",
      "명상이나 하자—— \\w[30]"
    ],
    "12": [
      "명상의 세계에는 나 자신만,",
      "정신이 안정되어 간다……"
    ],
    "13": [
      "……………………",
      "……………………"
    ],
    "14": [
      "어라, 너무 집중해서 그런가,",
      "욕실에서 들리는 샤워 소리가 엄청 또렷하게 들려,",
      "여동생의 목소리마저도 선명하게—— \\w[45]",
      "\\str[120]’s voice perfectly—"
    ],
    "15": [
      "왠지 오히려 흥분되는 것 같아……"
    ],
    "16": [
      "지금, 너무 긴장하고 있다…… 긴장을 풀어야지.",
      "그렇다면——\\w[60]\\{춤출 수밖에 없어!",
      " "
    ],
    "17": [
      "\\{이 화장실에서!",
      "이 위험투성이의 좁은 공간에서!",
      "몸을 움직이면서!",
      "닌자로서의 감각과 균형을 단련한다!"
    ],
    "18": [
      "\\{이 세면실에서!",
      "이 위험투성이의 좁은 공간에서!",
      "마음껏 몸을 움직인다!"
    ],
    "19": [
      "\\{……하아앗!\\w[60]하아앗!  \\w[60]"
    ],
    "20": [
      "호흡도, 고동도, 움직임의 리듬도 하나가 되어……",
      "이것은 이미 수련을 넘어선 “예술”이다.",
      "이런 위험한 곳에서 춤출 수 있는 건..",
      "최강의 닌자뿐!"
    ],
    "21": [
      "——여동생은 영원히 모를 거야.",
      "그녀의 등 뒤에서, 그림자가 춤추다 조용히 사라졌다는 것을.",
      "그리고 눈에 띄지 않게 사라졌다."
    ],
    "22": [
      "세면실 바닥에 울리는 발소리, 그것마저 내 움직임으로 지워버린다.",
      "이것은 이미 단순한 춤이 아니다……",
      "이것은 의식, 잠입의 길에 바치는 수련과 집념이다."
    ],
    "23": [
      "……여동생은 아직 아무것도 눈치채지 못했다.",
      "나는 이미, 집 안을 소리 없이 이동할 수 있게 되었다."
    ],
    "24": [
      "나는 그림자다! 바람이다! 나는—— \\w[60]",
      "……아니, 그냥 세면실에서 춤추는 바보다……"
    ],
    "25": [
      "……랄까, 좀 너무 몰입했나?",
      "좀 과하게 몰입했나?"
    ],
    "26": [
      "……왠지, 잠입 스킬이 조금 올라간 것 같은 기분이 든다.",
      "아주 조금..."
    ],
    "27": [
      "……윽! 발을 헛디뎌서, 세탁기에 부딪힐 뻔했다……！",
      "세탁기…!"
    ],
    "28": [
      "휴—— 이 두근거림……",
      "왠지, 묘한 달성감이 있네.",
      "좀 중독될 것 같아."
    ]
  },
  "11": {
    "0": [
      "세안 후 여동생의 모습은 활기차 보인다.",
      "지금 우리들은 나란히 ",
      "거울 앞에서 양치질하고 있다.",
      " "
    ],
    "1": [
      "아침에 여동생과 함께 양치하는 것은",
      "지금까지 매우 드문 광경이라,",
      "왠지 모르게 조금 안절부절못했다.",
      "어쩔 수 없이, 적당한 화제를 꺼내기로 했다——"
    ],
    "2": [
      "「아췸은, 멀 머글까…」"
    ],
    "3": [
      "\\nl< >「모르게써~」  \\w[330]\\^"
    ],
    "4": [
      "「동생아… 쉐로로 다끄면, 더 예뻐징단다……」"
    ],
    "5": [
      "\\nl< >「오빠나 자래라~」    \\w[330]\\^"
    ],
    "6": [
      "음… 전혀 모르겠다.",
      "입안이 온통 거품투성이라 정말 불편하네.",
      "말하기가 불편하다."
    ],
    "7": [
      "여동생과 함께 알 수 없는 말로 잡담하며 양치를 했다.",
      "우리 둘 다 이해할 수 없는 언어들로.."
    ]
  },
  "13": {
    "0": [
      "\\nl< >「……또 새로운 장난이야?」"
    ],
    "1": [
      "여동생은 아직 꽤나 저항하는 얼굴이지만,",
      "조금 불평했을 뿐, 전처럼",
      "바로 쫓아내지는 않았다."
    ],
    "2": [
      "알고 있다——이건 부끄러워하는 것뿐이다.",
      "이럴 때는 마지막 한방이 효과적이지!",
      "이런 순간에!"
    ],
    "3": [
      "「사실 또 숲의 악마한테 저주받은 것 같아.」",
      "숲 속의 대악마에게 또 저주를 받은 것 같아.\""
    ],
    "4": [
      "여동생 앞에서 한 번에 바지를 내리고,",
      "이미 단단하게 임전태세인 자지를 보여주었다.",
      "바위처럼 단단하고 욱신거리는 내 자지로 채찍질 했다."
    ],
    "5": [
      "\\nl< >「엣?! 오빠……!   \\w[30]",
      "왜 여기서 벗는 거야……?」"
    ],
    "6": [
      "여동생은 조금 동요해서, 눈을 가리려고 하지만,",
      "가슴을 가리느라 손이 부족했다.",
      " "
    ],
    "7": [
      "「젠장할 악마, 저주로 내 자지를 시한폭탄으로 만들다니,",
      " ",
      "빨리 어떻게든 하지 않으면 집째로 날아가 버릴 거라고……! \""
    ],
    "8": [
      "\\nl< >「……그, 근데 어떻게 해야 해?」"
    ],
    "9": [
      "「손으로 괜찮아, 손으로 계속 문질러주면 나올 테니까…」",
      " \""
    ],
    "10": [
      "\\nl< >「그럼, 오빠가 스스로 하면 되지 않아?」"
    ],
    "11": [
      "여동생의 기습 태클에 말문이 막혔다."
    ],
    "12": [
      "서툰 거짓말로 몇 번이나 속여 온 탓에,",
      "벌써 여동생에게 간파 당한건가……?!"
    ],
    "13": [
      "「귀여운 여동생의 손으로 해주면,  \\}",
      "그만큼 긴장되지 않아서……」"
    ],
    "14": [
      "점점 목소리가 작아졌다..."
    ],
    "15": [
      "\\nl< >「너무 수상해,",
      "오빠 또 장난치려고 하는 거지……」"
    ],
    "16": [
      "여동생의 의심이 깊어졌다. 이대로면,",
      "다음번엔 확실히 쫓겨난다……"
    ],
    "17": [
      "\\nl< >「잠, 잠깐?! 오빠, 그거……!」"
    ],
    "18": [
      "「여동생이 망설이는 동안,",
      "오빠는 계속 저주의 고통을 견디고 있어,",
      "여동생은 오빠가 고통받는 걸 보고만 있을 수 있어?」"
    ],
    "19": [
      "순진하고 불쌍한 표정을 지으며 여동생을 달래면서, 확 다가간 뒤,",
      "이미 흥분할 대로 흥분한 자지를 여동생의 얼굴에 밀어붙이고,",
      "그대로 몇 번이나 문질렀다."
    ],
    "20": [
      "\\nl< >「근데… 오빠 전혀 힘들어 보이지 않고……   \\w[120]",
      "싫어, 이상한 거 얼굴에 대지 마……」"
    ],
    "21": [
      "「봐봐~ 자지도 점점 커져서 폭발 직전이라고?」"
    ],
    "22": [
      "\\nl< >「응…… 으음……」"
    ],
    "23": [
      "「만약 폭발하면, 우리들의 따뜻한 집이 사라져 버릴 거라고?」"
    ],
    "24": [
      "\\nl< >「……정말, 오빠는……   \\w[60]",
      "아무렇지 않은 얼굴로 태연하게 거짓말을 하는구나……」"
    ],
    "25": [
      "여동생은 얼굴이 새빨개지고, 귀까지 빨개져서,",
      "이젠 형식적인 반항조차 하지 않는다—— 앞으로 한 걸음……!",
      "한 걸음이면 그 부끄러움이란 옷을 완전히 벗길 수 있어!"
    ],
    "26": [
      "여동생 티켓을 내민다",
      "무언가를 약속한다",
      "용돈을 준다"
    ],
    "27": [
      "\\nl< >「…응, 알았어…    \\w[60]",
      "이번만 오빠 도와줄게……」"
    ],
    "28": [
      "최후의 뇌물도 효과가 있었는지, 여동생의 대답에서는 이미,",
      "저항하는 마음은 전혀 느껴지지 않았다."
    ],
    "29": [
      "\\nl< >「…이러면 되는 거야?」"
    ],
    "30": [
      "여동생은 조심스럽게 내 자지를 잡았다.",
      "이런 일은 정말 익숙하지 않은 듯한 느낌."
    ],
    "31": [
      "그저 잡았을 뿐인데도,",
      "여동생의 부드럽고 따뜻한 감촉에 엄청나게 흥분했다."
    ],
    "32": [
      "「잡는 것만으로는 안 돼, 손을 위아래로 움직여야 해.」",
      " "
    ],
    "33": [
      "여동생이 무슨 말인지 모르겠단 얼굴을 하고 있어서,",
      "내가 직접 손을 잡고 위아래로 움직여서 보여주었다."
    ],
    "34": [
      "\\nl< >「………………??」"
    ],
    "35": [
      "\\nl< >「이, 이렇게…?」"
    ],
    "36": [
      "여동생은 천천히 위아래로 움직였지만, 움직임은 어색했다.",
      "여동생의 손으로 부터 전해지는 온기를 느끼니, 더 이상 참을 수 없었다."
    ],
    "37": [
      "\\nl< >「……언제까지 해야 해?」"
    ],
    "38": [
      "「서두르지 않아도 돼, 금방 나올 테니까——」"
    ],
    "39": [
      "점점 요령을 익힌 여동생의 손은 빨라졌고,",
      "급격한 쾌감에 견디지 못하고, 여동생에게 말 할 여유도 없이——",
      "여동생의 얼굴에—"
    ],
    "40": [
      "\\nl< >「……어?      \\w[30]\\{",
      "꺄아아아아아——!」"
    ],
    "41": [
      "예상치 못한 대분출에 여동생이 패닉에 빠졌고,",
      "반사적으로 손으로 자지를 막아 사정이 사방으로 튀는 걸 막으려 했다.",
      " "
    ],
    "42": [
      "「괜찮아, 이건 위험한 게 아니니까————",
      "\\w[20]\\^"
    ],
    "43": [
      "\\nl< >「——오빠 자지가 폭발했어?!",
      "게다가 눈이…?! 뜨겁고 끈적거려어어어……!!」"
    ],
    "44": [
      "「으아아아아아아아아——?!!\""
    ],
    "45": [
      "겁먹은 여동생이 더욱 세게 자지를 움켜쥐었고, 격통에 나도 모르게",
      "비명을 지르고 말았다.",
      "여동생과 함께 비명을 질렀다"
    ],
    "46": [
      "「꺄아아아아아악——」",
      "「으아아아아아악——」"
    ],
    "47": [
      "\\nl< >「으으, 몸이 끈적거려……   \\w[90]",
      "오빠 때문이야,",
      "이렇게 될 거라고는 못 들었어……」"
    ],
    "48": [
      "「아…아아…… 그건 확실히……」"
    ],
    "49": [
      "나는 축 늘어져서 적당히 대답할 수밖에 없었다, 바로 직전까지",
      "여동생이 기분 좋게 해줬는데, 마지막 해프닝으로 좀 마음에 상처가 남을 것 같다……",
      " "
    ],
    "50": [
      "\\nl< >「정말! 끝났으면 빨리 나가!  \\w[60]",
      "목욕해야 해!!」"
    ],
    "51": [
      "사실은… 같이 목욕하고 싶었는데…"
    ],
    "52": [
      "이대로 같이 목욕하면 더 재미있는 일이 생길 것 같지만,",
      "이미 여동생에게 세면실에서 쫓겨나 버렸다.",
      " "
    ]
  },
  "15": {
    "0": [
      "앗, 그러고 보니……그 닌자 소녀가 가르쳐줬던",
      "엉뚱한 지식 중에,",
      "「닌자 문 구조 이론」이라는 게 있었는데,",
      "욕실 문을 개조할 수 있을지도——",
      " "
    ],
    "1": [
      "예를 들어,",
      "여기서만 보이는 시야를 확보하는 작은 통로를 만들고——",
      "제대로 방음과 방수를 유지할 수 있다면…… 가능해——",
      "방음이랑 방수 작업을 하면...—",
      "\\{ 으흐흐..."
    ],
    "2": [
      "\\{콜록!\\}\\w[45]벼, 별로 이상한게 아냐.",
      "만약에, 여동생이 목욕하다 쓰러졌을 때,",
      "바로 알아챌 수 있도록!",
      "순수하게 안전을 고려하는 것뿐이야! 응, 그런 거야!"
    ],
    "3": [
      "\\{좋아, 지금 당장 작업 시작이다!",
      "완성 될 때 까지 조금식 만드는거야!"
    ],
    "4": [
      "휴……오늘은 이쯤에서 그만두자.",
      "오래 하면 여동생이 수상하게 여길 테니까.",
      "앞으로 2, 3번 정도 더 하면",
      "완성될 것 같다~~!"
    ],
    "5": [
      "어제의 닌자 문 개조는 순조롭게 진행됐고,",
      "오늘은 그 다음이다!"
    ],
    "6": [
      "큭……！위험했다, 방금 벽을 뚫을 뻔했어,",
      "하지만 여동생이 오지 않아서 다행이었어……",
      " "
    ],
    "7": [
      "오늘은 이쯤에서 끝내자. 오래 하면 여동생이 수상하게 여길 테니까.",
      "앞으로 한 번만 더 개조하면 완성될 것 같다~~！",
      " ",
      " "
    ],
    "8": [
      "좋아……오늘은 최종 단계다.",
      "지금까지 기초는 되어 있으니, 이제 마지막 층을 조심스럽게 깎아내고……",
      "반투명 단열 필름을 붙이면, 여동생도 눈치채지 못할 거야……",
      " "
    ],
    "9": [
      "……완성이다! 시야도 완벽, 은폐성도 완벽!",
      "이걸로 욕실 안 상황을 확실히 확인할 수 있다!",
      "내일부터 본격적으로 활용할 수 있을 것 같네~！",
      " "
    ],
    "10": [
      "물론, 이건 여동생의 건강 관리를 위한 거야!",
      "결코 딴마음이 있는 게 아니니까!",
      " "
    ],
    "11": [
      "땀으로 흠뻑 젖었네, 빨리 목욕하자!"
    ],
    "12": [
      "쿵쿵쿵쿵쿵쿵쿵쿵쿵쿵~~!"
    ]
  },
  "17": {
    "0": [
      "곧 여동생이 목욕을 마치고 나올 거야……",
      "빨리 나가자."
    ],
    "1": [
      "욕실 문에서 여동생의 모습이 보이지 않는다…",
      "욕조에 몸을 담그고 있는 것 같네…"
    ],
    "2": [
      "욕실 문에서 여동생의 모습이 보인다…",
      "아직 몸을 씻고 있는 것 같네…"
    ],
    "3": [
      "여동생은 아직 내가 욕실 앞에 있다는 것을 눈치채지 못했다.",
      "어떻게 할까……？ ",
      " "
    ],
    "4": [
      "돌입!",
      "엿보기",
      "그만두기"
    ],
    "5": [
      "그럼……",
      "조금만 엿볼까……"
    ],
    "6": [
      "여동생의 윤곽이 유리창에 선명하게 떠올라,",
      "여러 가지를 상상하게 된다."
    ],
    "7": [
      "계속한다",
      "돌아가자"
    ],
    "8": [
      "안전한것 같고, 계속 탐색하자!"
    ],
    "9": [
      "여동생은 이미 목욕을 마쳤다.",
      "빨리 떨어지자."
    ],
    "10": [
      "……오오오! 보인다!"
    ],
    "11": [
      "여동생이 조심스럽게 팔을 닦고 있다……"
    ],
    "12": [
      "바디워시인가?",
      "거품이 너무 많아서, 자세한 부분은 보기 어렵네…",
      " "
    ],
    "13": [
      "여동생은 아직 조심스럽게 가슴을 닦고 있다……",
      "왠지 요염하네…"
    ],
    "14": [
      "…………계속 지켜볼까?"
    ],
    "15": [
      "계속 엿본다",
      "닌자 문을 사용한다",
      "그만둔다"
    ],
    "16": [
      "……여동생이 곧 내 기척을 눈치챌 것 같다.",
      "더 이상 보는 건 그만두자."
    ],
    "17": [
      "여동생은 이미 욕조에 들어갔다.",
      "즐겁게 콧노래를 부르고 있다."
    ],
    "18": [
      "……이제 슬슬인가. 여동생이 곧 나올 거야.",
      "빨리 떨어져야 해."
    ],
    "19": [
      "이 걸작을 사용해서, 즐길 때가 왔다……！",
      " "
    ],
    "20": [
      "——이젠 확실히 사용하고 있잖아."
    ],
    "21": [
      "여동생은 아직 조심스럽게 가슴을 닦고 있다……",
      "왠지 요염하네…"
    ]
  },
  "23": {
    "0": [
      "슬그머니 다가갔다…………  \\w[30]",
      "엿본다면, 살며시 문을 열어 여동생에게 들키지 않게 해야지——",
      " "
    ],
    "1": [
      "오오오ー! 보인다!",
      "여동생이 팬티를 벗으려는 것 같다.",
      "여기서 보지가 보일까!?"
    ],
    "2": [
      "오오오ー! 보인다!",
      "여동생이 옷을 벗으려는 것 같다.",
      "팬티만 입은 모습은 좀처럼 보기 힘들지.",
      "벗는 순간이 보일까!?"
    ],
    "3": [
      "오오오ー! 보인다!",
      "여동생이 옷을 벗으려는 것 같다.",
      "여동생의 하반신이 이젠 완전히 맨몸이다. 더 가까이서 보고 싶네…!",
      " "
    ],
    "4": [
      "앗, 실수로 문을 너무 세게 밀어버렸다..!"
    ],
    "5": [
      "……좋은 것을 본 것 같은 기분이 든다.       \\w[30]",
      "이제 슬슬 물러나는 게 좋으려나."
    ],
    "6": [
      "다음은 어떻게 할까? 세면실에 계속 잠입할까?",
      "s "
    ],
    "7": [
      "잠입을 계속한다",
      "돌아간다"
    ],
    "8": [
      "이대로 계속하면, 뭔가 발견할지도…!",
      " "
    ],
    "9": [
      "오늘은 여기까지 하자. 여동생에게 들키면 큰일이니까.",
      " "
    ],
    "10": [
      "……엿보고 있는 것을 여동생에게 들켰다!",
      "곧바로 쫓겨나 버렸다."
    ]
  },
  "25": {
    "0": [
      "\\nl< >「오, 오빠!? 왜 들어왔어?」"
    ],
    "1": [
      "\\nl< >「……문 뒤에 있는 건 오빠야?」"
    ],
    "2": [
      "크윽……!",
      "역시 들켜버렸나."
    ],
    "3": [
      "\\nl< >「역시 오빠였구나, 슬금슬금 뭘 하고 있는 거야?」",
      " "
    ],
    "4": [
      "\\nl< >「……오빠?    \\w[30]",
      "문 뒤에 슬금슬금 숨어서, 뭐 하고 있는 거야?」"
    ],
    "5": [
      "결국 돌입해 버렸다…",
      "되돌릴 수는 없어……!"
    ],
    "6": [
      "들켜버렸다……",
      "여동생에게 어떻게 설명해야 하지……"
    ],
    "7": [
      "건강검진",
      "알몸을 보여줘!",
      "변명을 찾는다",
      "최후의 수단",
      "야한 짓 하고 싶어!"
    ],
    "8": [
      "아아………!",
      "이젠 이것밖에 방법이 없구나!"
    ],
    "9": [
      "「도망쳐——!!!」"
    ],
    "10": [
      "나는 서둘러 그 자리를 떠났다.",
      "물론, 그 후에 여동생한테 호되게 야단맞는 것은",
      "피할 수 없었지만."
    ],
    "11": [
      "\\{",
      "(……하는 구나!?",
      "지금…! 여기서!)"
    ],
    "12": [
      "\\nl< >「오빠!? 또 엿보러 왔어……!」"
    ],
    "13": [
      "……여동생에게 엿보고 있는 걸 들킨 것 같다!",
      "근데 기분 탓일까?",
      "왠지 보지를 일부러 보여주는 듯한——",
      " "
    ],
    "14": [
      "「진정해, 여동생이여.",
      "오빠는 결코 나쁜 짓을 하러 온 게 아니란다.」"
    ],
    "15": [
      "\\{「그저 어둠 속에서 갈수록 귀여워지는 여동생을",
      "지켜보고 있었을 뿐이야!」"
    ],
    "16": [
      "「그래, 그저 건강검진일 뿐이야!」"
    ],
    "17": [
      "\\nl< >「그 변명, 전에도 들었어!」"
    ],
    "18": [
      "「아니! 이번엔 저번이랑은 완전히 다른 이야기야!」",
      " "
    ],
    "19": [
      "\\nl< >「의, 의미불명이야…",
      "오빠, 왜 이런 짓을 하는 거야……」"
    ],
    "20": [
      "「그건 아주 중요한 일이야!",
      "만약 여동생의 몸에 무슨 문제가 있는데,",
      "오빠가 눈치채지 못하면……!」"
    ],
    "21": [
      "\\nl< >「으으으으…… 오빠는 결국 뭘 하고 싶은 거야?」"
    ],
    "22": [
      "「우선 가슴을 보여줘.」 \\w[40]\\^"
    ],
    "23": [
      "아, 이런. 본심을 말해버렸다.",
      " "
    ],
    "24": [
      "\\nl< >「……그거, 정말 관계있어?」"
    ],
    "25": [
      "\\nl< >「알았어, 오빠한테 보여주면 되는 거지…     \\w[120]",
      "\\}오빠 정말 치사하네…\\{」"
    ],
    "26": [
      "\\nl< >「이걸로 만족이지?」"
    ],
    "27": [
      "「아, 응, 아주 예쁘네.」"
    ],
    "28": [
      "설마 정말 여동생이 가슴을 보여줄 줄은",
      "몰랐다. 너무 놀라서,",
      "제대로 보지 못한 것 같다."
    ],
    "29": [
      "\\nl< >「자, 이걸로 끝!",
      "오빠, 이제 건강검진 끝났지?",
      "나 목욕할 거니까, 빨리 나가!」"
    ],
    "30": [
      "\\nl< >\\{",
      "「할 것 같아?! 정말 오빠 바보!」"
    ],
    "31": [
      "여동생한테 세면실에서 쫓겨났다.    \\w[30]",
      "……다음에도 이 변명이 통할까?"
    ],
    "32": [
      "「사실은 말이야, 오빠는,",
      "알몸을 보지 못하면 죽는 병에 걸렸어……!」"
    ],
    "33": [
      "적당한 변명이었지만,",
      "나는 자연스럽게 괴로운 표정을 지었다."
    ],
    "34": [
      "\\nl< >「어!? 오빠, 그런 병에 걸렸어!?」"
    ],
    "35": [
      "「언제부터인지는 기억 안 나지만…",
      "발작이 일어나면 온몸이 가려워지고,",
      "알몸을 보면 간신히 진정돼!」"
    ],
    "36": [
      "\\nl< >「그런 병이 정말 있어?」"
    ],
    "37": [
      "「아… 아아…!! 온몸이 가려워지기 시작했다…!」"
    ],
    "38": [
      "나는 일부러 과장되게 바닥에 쓰러져,",
      "온몸을 부자연스럽게 떨기 시작했다."
    ],
    "39": [
      "\\nl< >\\{「…………………………」"
    ],
    "40": [
      "\\nl< >「알았어,",
      "오빠가 그렇게까지 말한다면, 보여줄게…」"
    ],
    "41": [
      "순진한 여동생은 곧바로 내 이야기를 믿고,",
      "부끄러운 듯 귀여운 표정을 지었다."
    ],
    "42": [
      "\\nl< >「이걸로 만족이지?」"
    ],
    "43": [
      "여동생의 너무나도 귀여운 몸짓에,",
      "나는 그저 여동생을 빤히 바라보고,",
      "연기를 계속하는 것을 완전히 잊었다."
    ],
    "44": [
      "\\nl< >「……이제 안 가려워?」"
    ],
    "45": [
      "「응, 지금은 아주 시원해.」"
    ],
    "46": [
      "나는 재빨리 바닥에서 일어나, 싱글벙글 웃으며 여동생을 바라보았다.",
      " "
    ],
    "47": [
      "\\nl< >「으으으으……! 역시 오빠",
      "나를 놀리고 있었지!?」"
    ],
    "48": [
      "\\nl< >「오빠 바보! 빨리 나가!」",
      " "
    ],
    "49": [
      "여동생은 볼을 부풀리면서, 나를 세면실에서 쫓아냈다.",
      "음… 역시 마지막에 들켜버렸나?",
      " "
    ],
    "50": [
      "\\nl< >「어!? 내 걸 보고 싶다고……!?」"
    ],
    "51": [
      "\\nl< >「할 것 같아!? 정말 오빠 바보!」"
    ],
    "52": [
      "\\nl< >「왜 그런 말을 하는 거야!? 이상하잖아…!」",
      " "
    ],
    "53": [
      "\\nl< >\\{「정말 오빠 바보!!!」"
    ],
    "54": [
      "여동생에게 혼나며 세면실에서 쫓겨났다.",
      "역시 너무 무리한 말을 했나…"
    ]
  }
}