{
  "0": [
    "✦여동생이 좋아하는 머그컵.",
    "기묘한 토끼 그림이 그려져 있으며,",
    "아무래도 역류 찻집의 인기 상품인 듯하다."
  ],
  "1": [
    "✦아버지가 남긴 작은 랜턴,",
    "아무래도 마술 도구 중 하나인 것 같다.",
    "꽤 오래되었지만 지금도 매우 사용하기 쉽고, 따뜻한 빛을 낸다.",
    " "
  ],
  "2": [
    "✦귀여운 디자인의 소형 무드등",
    "빛이 매우 은은해서, 한밤중에 화장실 갈 때 편리하다.",
    "  "
  ],
  "3": [
    "✦「휘커스 움베르타」라는 관엽 식물.",
    "매우 건강하게 자라고 있으며,",
    "여동생이 매일 정성껏 돌보고 있다."
  ],
  "4": [
    "✦「스킨답서스」라는 관엽 식물.",
    "별로 건강하게 자라지 못해서, 여동생이 창가에 놓아두었다.",
    "근데, 스킨답서스는 햇빛을 싫어한다고 알려줘야 할까…?",
    " ",
    " "
  ],
  "5": [
    "✦여동생이 아버지 서재에서 고른 여러 권의 책.",
    "주로 철학서로, 전혀 의미를 알 수 없다.",
    " ",
    " "
  ],
  "6": [
    "✦집으로 돌아오는 길에 주운 마른 자작나무 가지.",
    "멋있다고 생각해서 여동생에게 보여줬더니,",
    "여동생이 정성껏 꽃병에 보관해 주었다.",
    " "
  ],
  "7": [
    "✦여동생이 그린 새 스케치.",
    "창문 너머로 본 새를 관찰해서 그린 것 같다.",
    " "
  ],
  "8": [
    "✦오래되고 풍력도 별로 강하지 않은 소형 선풍기.",
    "가까이 다가가야 시원한 바람을 느낄 수 있다.",
    " "
  ],
  "9": [
    "✦최신형 헤어드라이어. 풍력이 매우 강해서,",
    "얼굴에 직접 대면 피부가 바람에 날아갈 것처럼 느껴진다.",
    " ",
    " "
  ],
  "10": [
    "✦욕조 온도를 조절할 수 있다.",
    "단, 최고 온도 99도, 최저 온도 -10도",
    "라는 설정은 정말 괜찮은 건가!?"
  ],
  "11": [
    "✦여동생이 좋아하는 과일 향이 나는 샴푸.",
    "감고 나면 머리카락이 매우 부드러워지지만,",
    "금방 없어지는 것이 단점.",
    "현재 잔량: \\c[20]${$gameSelfVariables.value([6, 8, 'shampoo'])}%"
  ],
  "12": [
    "✦여동생이 방금 벗은 속옷 같다…",
    "가지런히 잘 개어놨네.",
    " "
  ],
  "13": [
    "✦전설의 게임기. 현재는 매우 희귀하며,",
    "하나만 손에 넣어도 게이머들 사이에서 전설이 될 수 있다."
  ],
  "14": [
    "✦여동생 생일에 아버지가 선물한 인형.",
    "여동생은 이 인형을 매우 소중히 여기며,",
    "항상 곁에 두고 있다."
  ],
  "15": [
    "\\fr\\fs[20]\\c[10]남겨진 마법진",
    "\\fs[22]\\i[16]???\\fr",
    "✦아버지로부터 물려받은 마법 카드가 만들어낸 이공간.",
    "시공을 완전히 격리하여, 수납한 물건이 사라지지 않는다.",
    "집 현관과 연결되어, 안전하게 귀환할 수 있게 되어 있다.",
    "이걸 아버지가 미래에 아들이 어비스에",
    "발을 들일 것을 예견하고, 특별히 준비한 것인지,",
    "지금으로서는 아무도 모른다……",
    " ",
    " ",
    " "
  ],
  "16": [
    "\\fr\\fs[28]\\c[114]대미궁",
    "\\fr\\fs[22]\\i[16]400",
    "✦유적 미궁의 입구. 심연의 기운으로 인해, 많은 마물이 솟아나고 있다.",
    "위험하지만, 모험가에게는 매력적인 기회로 가득 찬 곳이기도 하다.",
    "최하층에는 어비스의 비밀이 숨겨져 있다고 하지만,",
    "이곳은 어비스를 탐색하기 위한 선택지 중 하나에 불과하다.",
    " "
  ]
}