{
  "3": {
    "name": [],
    "subtitle": [
      ""
    ],
    "description": [
      ""
    ],
    "variants": {
      "0": {
        "subtitle": [
          "「왠지 진정이 안 된다…」"
        ],
        "description": [
          "흥분도:\\c[2]\\v[25]%\\c[0]"
        ]
      },
      "1": {
        "subtitle": [
          "「온몸이 뭔가 자극을 요구하고 있다…」"
        ],
        "description": [
          "흥분도:\\c[10]\\v[25]%\\c[0]"
        ]
      },
      "2": {
        "subtitle": [
          "「더 이상 억누를 수 없다……!」"
        ],
        "description": [
          "흥분도:\\c[18]\\v[25]%\\c[0]"
        ]
      }
    }
  },
  "4": {
    "name": [],
    "subtitle": [
      "「우오오오오……！」"
    ],
    "description": [
      "욕망뿐인 Beast가 되고 말았다! 흥분도:\\c[18]???%\\c[0]"
    ]
  },
  "5": {
    "name": [],
    "subtitle": [
      "「독에 감염되었다」"
    ],
    "description": [
      "시간 경과로 대미지를 입는다!"
    ]
  },
  "6": {
    "name": [],
    "subtitle": [
      "「출혈이 멈추지 않는다.」"
    ],
    "description": [
      "최대 HP에 따른 대미지!"
    ]
  },
  "7": {
    "name": [],
    "subtitle": [
      "「봐봐, 이 녀석 벼락에 맞았다고!」"
    ],
    "description": [
      "전신이 마비되어 움직일 수 없다!"
    ]
  },
  "8": {
    "name": [],
    "subtitle": [
      "「뜨거워 뜨거워 뜨거워ーー!」"
    ],
    "description": [
      "자신 주변에 지속 화상 대미지"
    ]
  },
  "9": {
    "name": [],
    "subtitle": [
      "「아이스캔디가 돼버려!」"
    ],
    "description": [
      "얼었다!"
    ]
  },
  "11": {
    "name": [],
    "subtitle": [
      "「어지러워!」"
    ],
    "description": [
      "행동 불능!"
    ]
  },
  "13": {
    "name": [],
    "subtitle": [
      "「후훗, 이게 나한테 거역한 대가야~♥」"
    ],
    "description": [
      "이상한 악마 점장에게 저주받았다…"
    ]
  },
  "14": {
    "name": [],
    "subtitle": [
      "「너무 덥다……」"
    ],
    "description": [
      "더위로 힘이 나지 않는다…"
    ]
  },
  "15": {
    "name": [],
    "subtitle": [
      "「마물이 보기엔 울상 짓는 불쌍한 미숙아네…」"
    ],
    "description": [
      "마물로 위장하여, 습격당하지 않는다!"
    ]
  },
  "16": {
    "name": [],
    "subtitle": [
      "「이런 간단한 게임도 못하다니, 정말 허접이네~」"
    ],
    "description": [
      "치트 사용으로 허접 인정!"
    ]
  },
  "28": {
    "name": [],
    "subtitle": [
      "게임 중인 "
    ],
    "description": [
      ""
    ],
    "variants": {
      "0": {
        "description": [
          "여동생은 게임에 집중하고 있다.",
          "별로 방해하지 않는 게 좋을지도…"
        ]
      },
      "1": {
        "description": [
          "아직도 게임을 하고 있다…",
          "좀 장난쳐볼까?"
        ]
      }
    }
  },
  "29": {
    "name": [],
    "subtitle": [
      "목욕 중인 "
    ],
    "description": [
      ""
    ],
    "variants": {
      "0": {
        "description": [
          "여동생은 목욕 중이다,",
          "희미하게 그림자가 보인다"
        ]
      },
      "1": {
        "description": [
          "여동생은 수건으로 머리를 말리고 있다",
          " "
        ]
      }
    }
  },
  "30": {
    "name": [],
    "subtitle": [
      "휴식 중인 "
    ],
    "description": [
      ""
    ],
    "variants": {
      "0": {
        "description": [
          "여동생은 왠지 기뻐 보인다,",
          "뭔가 좋은 일이 있었나?"
        ]
      },
      "1": {
        "description": [
          "점점 더 귀여워지는 여동생!",
          "머리를 쓰다듬어 주자!"
        ]
      },
      "2": {
        "description": [
          "여동생은 멍하니 앉아 있다.",
          "말을 걸어볼까?"
        ]
      },
      "3": {
        "description": [
          "여동생이 조금 외로워 보인다.",
          "위로해 줄까?"
        ]
      },
      "4": {
        "description": [
          "여동생이 몸이 안 좋아 보인다,",
          "뭔가 해줘야지…"
        ]
      },
      "5": {
        "description": [
          "여동생이 졸려 보인다,",
          "이제 잘 시간인가?"
        ]
      }
    }
  },
  "31": {
    "name": [],
    "subtitle": [
      "숙면 중인 "
    ],
    "description": [
      ""
    ],
    "variants": {
      "0": {
        "description": [
          "기절한 듯이 푹…",
          "전혀 일어나지 않는다…"
        ]
      },
      "1": {
        "description": [
          "폭풍수면 중…",
          "깨우는 건 무리일 것 같다…"
        ]
      },
      "2": {
        "description": [
          "매우 기분 좋게 자고 있다,",
          "꿈속인가…"
        ]
      },
      "3": {
        "description": [
          "속눈썹이 실룩실룩하고,",
          "꿈을 말하는 것 같다"
        ]
      },
      "4": {
        "description": [
          "반쯤 깨어있는 것 같고,",
          "무의식적으로 중얼거린다"
        ]
      },
      "5": {
        "description": [
          "여동생이 곧 일어날 것 같다!",
          "하지만 아직 멍해 있다…"
        ]
      }
    }
  },
  "32": {
    "name": [],
    "subtitle": [
      "배고픈 "
    ],
    "description": [
      ""
    ],
    "variants": {
      "0": {
        "description": [
          "여동생은 조용히 저녁 식사를 기다리고 있다",
          " "
        ]
      },
      "1": {
        "description": [
          "저녁 식사 맛이 궁금한 것 같다…",
          " "
        ]
      },
      "2": {
        "description": [
          "여동생이 도와주고 싶어 한다",
          " "
        ]
      }
    }
  },
  "33": {
    "name": [],
    "subtitle": [
      "더위 식히는 중인 "
    ],
    "description": [
      ""
    ],
    "variants": {
      "0": {
        "description": [
          "여동생은 아이스크림을 맛있게 핥고 있다,",
          "근데 좀 너무 무방비하다…"
        ]
      }
    }
  },
  "34": {
    "name": [],
    "subtitle": [
      "양치 중인 "
    ],
    "description": [
      ""
    ],
    "variants": {
      "0": {
        "description": [
          "여동생은 흐느적거리며 양치하고 있다,",
          "아직 졸려 보인다…"
        ]
      }
    }
  },
  "35": {
    "name": [],
    "subtitle": [],
    "description": [
      "✦\\c[27]（몸이 둥실둥실하다…）",
      " "
    ]
  },
  "36": {
    "name": [],
    "subtitle": [],
    "description": [
      "✦\\c[22]마음이 느슨해진다——"
    ]
  },
  "37": {
    "name": [],
    "subtitle": [],
    "description": [
      "✦너무 쓰다듬어서,",
      "여동생이 좀 화났다…"
    ]
  },
  "39": {
    "name": [],
    "subtitle": [],
    "description": [
      "✦（주스 마시고 싶다…）"
    ]
  },
  "40": {
    "name": [],
    "subtitle": [
      "괴로워 하는 "
    ],
    "description": [
      ""
    ],
    "variants": {
      "0": {
        "description": [
          "\\c[10]엄청 매운 요리를 너무 많이 먹었다…"
        ]
      }
    }
  },
  "41": {
    "name": [],
    "subtitle": [],
    "description": [
      "✦\\c[29]배가 빵빵,",
      "여동생은 행복해 보인다!"
    ]
  },
  "45": {
    "name": [],
    "subtitle": [
      "「여동생과의 소중한 약속, 꼭 지켜야지」"
    ],
    "description": [
      "중상으로 돌아가지 않도록…"
    ]
  },
  "46": {
    "name": [],
    "subtitle": [
      "「여동생과의 소중한 약속, 꼭 지켜야지」"
    ],
    "description": [
      "여동생에게 고기 요리를 만들어준다"
    ]
  },
  "55": {
    "name": [],
    "subtitle": [
      "「여기는 내 영역이야, 못된 짓 하면 안 돼!♥」"
    ],
    "description": [
      "공격 행동 금지! 근처 마물에게 공포를 느낀다!"
    ]
  },
  "57": {
    "name": [],
    "subtitle": [
      "「지금이라면 뭐든지 할 수 있을 것 같아」"
    ],
    "description": [
      "현자 모드, 모든 스탯 UP!"
    ]
  },
  "58": {
    "name": [],
    "subtitle": [
      "「배가 아프다……」"
    ],
    "description": [
      "복통이 멈추지 않아!"
    ]
  },
  "59": {
    "name": [],
    "subtitle": [],
    "description": [
      "……중요한 걸 잊고 있는 것 같은데, 언젠간 생각나겠지?"
    ]
  },
  "60": {
    "name": [],
    "subtitle": [],
    "description": [
      "몸에서 역겨운 냄새가 난다…"
    ]
  },
  "61": {
    "name": [],
    "subtitle": [
      "「엉덩이에 불이 나고 있어…」"
    ],
    "description": [
      "엉덩이가 아파서 달릴 수 없다!"
    ]
  },
  "62": {
    "name": [],
    "subtitle": [],
    "description": [
      "다음 일격에 집중, 이동 속도 저하!"
    ]
  },
  "63": {
    "name": [],
    "subtitle": [
      "「혜성의 3배속」"
    ],
    "description": [
      ""
    ]
  },
  "64": {
    "name": [],
    "subtitle": [],
    "description": [
      "섬광 스텝 쿨타임 중!"
    ]
  },
  "65": {
    "name": [],
    "subtitle": [],
    "description": [
      "뱅글뱅글 돌아서 눈도 돈다…"
    ]
  },
  "67": {
    "name": [],
    "subtitle": [],
    "description": [
      "수면에 떠 있다. 이동 속도 DOWN, 공격 불가!"
    ]
  },
  "68": {
    "name": [],
    "subtitle": [],
    "description": [
      "마법 영창 중!"
    ]
  },
  "71": {
    "name": [],
    "subtitle": [
      "「맛있는 걸 먹어서, 속이 든든~」"
    ],
    "description": [
      "초당 HP 소량 회복!"
    ]
  },
  "72": {
    "name": [],
    "subtitle": [
      "「힘이…… 솟아난다!」"
    ],
    "description": [
      "공격력\\c[10]+50%\\c[0]"
    ]
  },
  "73": {
    "name": [],
    "subtitle": [
      "「모든 것을 알게 되었다.」"
    ],
    "description": [
      "마법 공격력\\c[10]+50%\\c[0]"
    ]
  },
  "74": {
    "name": [],
    "subtitle": [
      "「따라올 수 있을까…… 이 SPEED!」"
    ],
    "description": [
      "이동 속도 UP!"
    ]
  },
  "75": {
    "name": [],
    "subtitle": [
      "「신병 강림」"
    ],
    "description": [
      "무기 거대화, 공격 범위와 위력 UP!"
    ]
  },
  "77": {
    "name": [],
    "subtitle": [
      "「재생의 불꽃」"
    ],
    "description": [
      "상태 지속 중 한 번만 부활 가능!"
    ]
  },
  "78": {
    "name": [],
    "subtitle": [
      "「운명이 움직이기 시작한다……」"
    ],
    "description": [
      "운명의 가호로, 즐거운 일이 일어나기 쉬워진다!"
    ]
  },
  "79": {
    "name": [],
    "subtitle": [
      "「운명이 움직이기 시작한다……」"
    ],
    "description": [
      "운명의 가호로, 슬픈 일이 일어나기 쉬워진다!"
    ]
  },
  "80": {
    "name": [],
    "subtitle": [
      "「혜성의 3배속」"
    ],
    "description": [
      ""
    ]
  },
  "85": {
    "name": [],
    "subtitle": [
      "「근데 솔직히 맛없어……」"
    ],
    "description": [
      "몸이 활력으로 가득 차, 최대 HP UP!"
    ]
  },
  "86": {
    "name": [],
    "subtitle": [
      "「네~ 허접 ㅅㄱ~」"
    ],
    "description": [
      "무자비하게 비웃음당했다! 방어력과 운이 대폭 다운!"
    ]
  },
  "90": {
    "name": [],
    "subtitle": [
      "「덤불을 직접 확인하지 마, 바보야!?」"
    ],
    "description": [
      "덤불 속에 있으면 안전하다고 느껴집니다... HP 자동 재생"
    ]
  },
  "98": {
    "name": [],
    "subtitle": [
      "「마치 여동생이 곁에 있는 것 같다……」"
    ],
    "description": [
      "HP 자동 회복 중!"
    ]
  },
  "99": {
    "name": [],
    "subtitle": [
      "「우리는 수호자다!」"
    ],
    "description": [
      "공격력 UP+30"
    ]
  },
  "101": {
    "name": [],
    "subtitle": [
      "\"내 사악한 눈을 들여다보아라! 안에 무언가가 있느껴진다\""
    ],
    "description": [
      "Briefly turns invisible every \\v[221] seconds!"
    ]
  },
  "104": {
    "name": [],
    "subtitle": [
      "「당신은 빛나고 있다」"
    ],
    "description": [
      "모든 스탯 UP, 일시 무적!"
    ]
  },
  "105": {
    "name": [],
    "subtitle": [
      "「함께 이 축복을 나누자」"
    ],
    "description": [
      "성배의 축복으로 획득 금액 2배!"
    ]
  },
  "106": {
    "name": [],
    "subtitle": [
      "「못, 못 들겠어……」"
    ],
    "description": [
      "힘과 체력 부족으로 무기 성능을 발휘할 수 없다!"
    ]
  },
  "107": {
    "name": [],
    "subtitle": [
      "「우리는 수호자다!」"
    ],
    "description": [
      "이동 속도 UP!"
    ]
  },
  "108": {
    "name": [],
    "subtitle": [
      "「우리는 수호자다!」"
    ],
    "description": [
      "공격력, 방어력 UP!"
    ]
  },
  "109": {
    "name": [],
    "subtitle": [
      "「우리는 수호자다!」"
    ],
    "description": [
      "방어력 UP!"
    ]
  },
  "110": {
    "name": [],
    "subtitle": [
      "「우리는 수호자다!」"
    ],
    "description": [
      "최대 HP, 방어력 UP!"
    ]
  },
  "115": {
    "name": [],
    "subtitle": [
      "「불사의 허수아비의 마음도, 이윽고 썩을 때가 온다」"
    ],
    "description": [
      "HP 회복 불가능!"
    ]
  },
  "116": {
    "name": [],
    "subtitle": [
      "「끝없는 욕망이, 드디어 너에게도 이빨을 드러낸다——」"
    ],
    "description": [
      "대미지를 입으면 소지금을 떨어뜨린다!"
    ]
  },
  "117": {
    "name": [],
    "subtitle": [
      "「이로써 세상의 영광을 얻고, 어둠과 무지를 물리치리라」"
    ],
    "description": [
      ""
    ]
  },
  "122": {
    "name": [],
    "subtitle": [
      "\"헤헤.. 나는 여기서 살아남을 거야 맹세해\""
    ],
    "description": [
      "HP를 자동으로 영구적으로 복원"
    ]
  }
}