{
  "gameTitle": [
    "존재감 없는 여동생과의 소박한 일상"
  ],
  "quantityHeld": [
    "\\fs[18]•소지 수:\\c[17] ${} \\c[0]\\py[-8]"
  ],
  "autoUpdate": [
    "동기화 가능한 버전 ${}의 게임 데이터를 찾았습니다.",
    "지금 바로 다운로드하여 업데이트하시겠습니까?"
  ],
  "fullScreen": [
    "전체 화면"
  ],
  "masterVolume": [
    "주 볼륨"
  ],
  "voiceVolume": [
    "여동생 볼륨"
  ],
  "BgmVolume": [
    "BGM 볼륨"
  ],
  "BgsVolume": [
    "BGS 볼륨"
  ],
  "SeVolume": [
    "SE 볼륨"
  ],
  "MaxPlayerMsgs": [
    "플레이어 메시지 표시 한도"
  ],
  "GameFAQ": [
    "게임 Q&A"
  ],
  "ShowWeaponDurability": [
    "무기 내구도 상시 표시"
  ],
  "DisableAutoUpdate": [
    "자동 업데이트 비활성화"
  ],
  "LockedFPS": [
    "60FPS 고정"
  ],
  "Language": [
    "게임 언어"
  ],
  "SwitchLanguage": [
    "게임 언어 설정 변경이 감지되었습니다!",
    "새로운 언어 환경에 맞추기 위해, 게임을 재시작합니다!"
  ],
  "ErrorReport": [
    "게임 오류가 발생했습니다. 역류 찻집 디스코드 서버에서 버그 보고를 부탁드립니다.",
    "(파란색 선택지를 클릭하면 디스코드 초대 링크가 열립니다)",
    "(오류 스크린샷을 첨부해 주세요)"
  ],
  "UpdateComplete1": [
    "게임 자동 업데이트가 완료되었습니다!",
    "창을 닫으면 게임이 자동으로 재시작되며, 업데이트 내용이 적용됩니다!",
    "재시작 후, 자동 저장을 불러와 현재 진행 상황으로 돌아갈 수 있습니다!"
  ],
  "UpdateComplete2": [
    "게임 자동 업데이트가 완료되었습니다!",
    "업데이트 내용에 맞추기 위해, 곧 게임이 자동으로 재시작됩니다!"
  ],
  "RemindToUpdate": [
    "게임에 오류가 발생하여, 멈췄습니다!",
    "새로운 패치가 공개되었으니,",
    "자동 업데이트로 수정해 주세요!"
  ],
  "bagFull": [
    "소지 상한 초과!!"
  ],
  "unimplementedDoor": [
    "이 문은 이쪽에서 밀어도 열리지 않는다"
  ],
  "zipUpdateComplete": [
    "패치 설치가 완료되었습니다,",
    "게임을 재시작하여 업데이트를 적용합니다!"
  ],
  "zipUpdateFail": [
    "패치 압축 해제 설치에 실패했습니다!",
    "자동 업데이트를 재시도하거나,",
    "수동으로 패치 파일을 압축 해제하여 설치해 주세요!"
  ],
  "fileDownloadedSuccessfully": [
    "${} 다운로드에 실패했습니다! 재시도 중입니다!"
  ],
  "fileDownloadFailed": [
    "${} 파일 다운로드 실패! 재시도 중입니다!"
  ],
  "installPatch": [
    "압축 해제가 필요한 패치가 감지되었습니다. 현재 설치 중입니다——이 과정에서 화면이 일시적으로 멈출 수 있으니, 잠시 기다려 주세요!"
  ],
  "totalFilesToUpdate": [
    "${}개의 업데이트 파일이 감지되었습니다——다운로드를 시작합니다!"
  ],
  "noStatusEffects": [
    "상태 영향이 전혀 없습니다!"
  ],
  "renameCharacter": [
    "이제 기억납니다 —",
    "그녀는..."
  ],
  "heroName": [
    "Onii-chan"
  ],
  "heroineName": [
    "Imouto"
  ],
  "nonHardwareAccelerated": [
    "그 게임은 현재 통합 그래픽으로 실행되고 있습니다!",
    "PC에 전용 GPU가 있는 경우 Game.exe를 설정하는 것이 좋습니다 ",
    "더 부드러운 게임 경험을 위해 그래픽 제어판에서 사용하세요."
  ],
  "isAmdCPU": [
    "당신의 CPU가 AMD 프로세서로 감지되었습니다.",
    "일부 AMD 칩은 VP9(WebM) 동영상을 재생할 때 프레임 드롭이 발생할 수 있습니다 ",
    "크롬 환경에서. 이 문제가 발생하면 게임을 강제로 실행해 보세요",
    "GPU 렌더링을 사용하거나 드라이버를 업데이트하여 문제를 완화하세요."
  ],
  "failedToLoad": [
    "이러한 종류의 문제는 다음과 같은 이유로 발생할 수 있습니다:",
    "① 추출/설치 중 인코딩 문제로 인해 게임 파일이 손상되거나 파일 이름이 깨졌습니다.",
    "② 개발자가 파일을 포함하는 것을 깜빡했습니다. 패치 업데이트가 수정될 때까지 기다려 주세요."
  ],
  "LowResMode": [
    "Low Graphics Mode"
  ],
  "lowResModeWarning": [
    "이 기능은 주로 Android 기기의 성능 최적화를 위한 것이며 PC 버전에는 거의 영향을 미치지 않을 수 있습니다.",
    "활성화되면 게임은 지도와 이미지를 더 낮은 해상도로 렌더링한 다음 확장합니다, ",
    "모바일 기기에서 GPU 부하를 줄이고 열 발생과 전력 소비를 줄입니다.",
    "참고: 이것은 실험 기능이며, 이 효과는 장치에 따라 달라질 수 있습니다..",
    "이 기능을 언제든지 비활성화하여 즉시 전체 이미지 선명도를 복원할 수 있습니다."
  ],
  "근처 몬스터 수": [
    "근처에서 발견된 몬스터"
  ],
  "근처 보물 수": [
    "근처에서 발견된 보물"
  ],
  "수중 보물 수": [
    "수중에서 발견된 보물"
  ]
}