{
  "autoUpdateReminder": {
		"0": [
			"Процесс обновления автоматически начнётся, когда вы проснётесь на следующий день.",
			"Пожалуйста, убедитесь, что интернет-соединение стабильно на всём протяжении процесса!",
			"\\w[120]"
		],
		"1": [
			"Не удалось просмотреть журнал обновлений!",
			"Возможно, произошёл сбой сетевого соединения!",
			"\\w[120]"
		]
	},
  "maidBunnyBoss": {
		"0": [
			"Впереди правда ничего особенного нет!",
			"Так что проверять там не нужно, уса!"
		],
		"1": [
			"Н-ничего тут нет, честно! Н-не подходи ближе!",
			"Я-я клянусь, здесь абсолютно ничего не спрятано, уса!"
		],
		"2": [
			"...Уса?",
			"Что это за странный звук?"
		],
		"3": [
			"...Уса!?",
			"Как ты нашёл это место—!"
		],
		"4": [
			"...Уса!?",
			"Человек...!!"
		],
		"5": [
			"Усаааа, мерзавец—                        \\w[45]",
			"\\{Ты пришёл украсть мои морковки!!       \\w[60]\\^"
		],
		"6": [
			"Уса!? Мои морковки!!         \\w[45]",
			"\\{Морковный воришка!!         \\w[60]\\^"
		]
	},
  "noBombFishing": {
		"0": [
			"Рыбалка с бомбами строго запрещена!",
			"Делайте на свой страх и риск!"
		]
	},
  "sela": {
		"1": [
			"(Похоже, она ещё долго не проснётся…",
			"Пожалуй, вернусь позже…)"
		],
		"2": [
			"…Хм?",
			"Мы уже… на станции?"
		],
		"3": [
			"А? Подожди—это не вагон поезда?",
			"Только что ведь было так тепло…"
		],
		"4": [
			"Костёр… ах…",
			"Вот почему так тепло."
		],
		"5": [
			"Но… странно… Ещё мгновение назад",
			"я смотрела на реку звёзд за окном…"
		],
		"6": [
			"Наверное, слишком засмотрелась…",
			"и в итоге проехала свою остановку."
		],
		"7": [
			"Ты спрашиваешь, что такое «поезд»…?",
			"Хе-хе… «поезд», говоришь—"
		],
		"8": [
			"Это такая грохочущая штука, что везёт всех,",
			"сияя, скользит меж звёзд, как россыпь алмазов~"
		],
		"9": [
			"А его свист—",
			"словно песня кита, знаешь?"
		],
		"10": [
			"Хе-хе, всё ещё не понимаешь?",
			"Тогда я покажу билет, может, станет понятнее~"
		],
		"11": [
			"Билет на Галактический Поезд,",
			"он тоже очень—"
		],
		"12": [
			"А? Что?..",
			"Билет… пропал…"
		],
		"13": [
			"Тот билет с чёрными узорами лозы и",
			"странным крестом посередине… его нет…"
		],
		"14": [
			"Прости… Я не смогу показать тебе галактику…",
			"Похоже, я потеряла свой билет…"
		],
		"15": [
			"Без него я больше никогда не смогу сесть в поезд…",
			"Уу… уу…"
		],
		"16": [
			"Что же теперь делать…? Наверное, просто подожду здесь…",
			"вдруг следующий поезд найдёт меня."
		],
		"17": [
			"И ещё… прости…",
			"здесь у костра так тепло…"
		],
		"18": [
			"Стоит только присесть — и сонливость накатывает…",
			"словно прилив… уносит меня…"
		],
		"19": [
			"(Она…",
			"и правда уснула!)"
		],
		"20": [
			"Здесь действительно тепло.",
			"Но… не так, как от солнца."
		],
		"21": [
			"Солнечный свет — это тепло «снаружи».",
			"А костёр — тепло «пути»."
		],
		"22": [
			"…Хм?",
			"Поезд приехал забрать меня?"
		],
		"23": [
			"А? О,",
			"это снова ты, авантюрист!"
		],
		"24": [
			"Мы ведь только что говорили…",
			"а кажется, будто прошло уже много времени…"
		],
		"25": [
			"«Помню ли я, где потеряла билет»…?",
			"Хм… не совсем… всё как в тумане…"
		],
		"26": [
			"Он не тяжёлый, как монеты в этом мире…",
			"Он лёгкий — легче пера лебедя~"
		],
		"27": [
			"Цвет его похож на «спящее озеро» внутри,",
			"а если поднять к свету — внутри видно мерцающую пыльцу звёзд~"
		],
		"28": [
			"Он мог…",
			"упасть где угодно…"
		],
		"29": [
			"Может, на поле голубого шалфея,",
			"или его унёс бесстрашный лис к себе в нору,"
		],
		"30": [
			"а может… он стал первой каплей утренней росы,",
			"висящей на чьём-то подоконнике."
		],
		"31": [
			"(Это что… загадка?",
			"Я вообще не понимаю, о чём она говорит…)"
		],
		"32": [
			"Прости… всё, что я помню —",
			"это лишь смутные, расплывчатые образы…"
		],
		"33": [
			"Вот… возьми это…",
			"Я любила читать это, когда ехала в поезде…"
		],
		"34": [
			"Там много… интересных заметок…",
			"Думаю, тебе, авантюрист, это тоже пригодится…"
		],
		"35": [
			"(Она сосредоточена на своём рисунке…",
			"Лучше не мешать…)"
		],
		"36": [
			"(Любопытно…",
			"что она рисует…?)"
		],
		"37": [
			"(Погоди…",
			"что это!?)"
		],
		"38": [
			"(Мне кажется, я только что увидел…",
			"нечто, чего точно не должен был видеть…)"
		]
	},
  "PhilosophersFragment": {
		"title": [
			"Фрагмент Философского камня"
		],
		"description50": [
			"Особый осколок, полученный от Красного Зверя",
			"Если удастся собрать разные осколки,",
			"это может помочь улучшить состояние ${}"
		],
		"description56": [
			"Особый осколок, полученный от Кролика-горничной",
			"Если удастся собрать разные осколки,",
			"это может помочь улучшить состояние ${}"
		]
	},
  "imoutoAhoge": {
		"0": [
			"Случайно выдернул ахоге Имото."
		],
		"1": [
			"Похоже, она ничего необычного не заметила, ",
			"и он быстро отрос обратно.",
			"...Неужели это какой-то возобновляемый ресурс?"
		],
		"2": [
			"\\nl< >\"...Что случилось, они-чан?",
			"Ты такой серьёзный.\""
		],
		"3": [
			"Раз уж всё так сложно, ",
			"лучше не вдаваться в подробности."
		],
		"4": [
			"Лучше больше не трогать..."
		],
		"5": [
			"\\nl< >\"...У меня чуть-чуть чешется голова.   \\w[30]",
			"Ты ничего не делал, они-чан?\""
		],
		"6": [
			"\"Я-я ничего не делал... Честно!\""
		]
	},
  "cookingSystem": {
		"0": [
			"\\ii[\\v[\\v[85]]]готов. Что сделать?"
		],
		"1": [
			"Заменить",
			"Убрать"
		],
		"2": [
			"Ингредиенты всё ещё выбираются!!"
		]
	},
  "inventoryExpansion": {
		"0": [
			"Похоже, использование \\ii[312]",
			"может расширить вместимость рюкзака..."
		],
		"1": [
			"Расширить слоты оружия",
			"Расширить слоты снаряжения",
			"Неважно"
		],
		"2": [
			"Количество \\ii[312]",
			"похоже, недостаточно..."
		]
	},
  "loadingEasterEgg": {
		"0": [
			"\\nl< >\"Гамбургер-стейк — самое вкусное блюдо.\"  \\w[180] \\^"
		],
		"1": [
			"\\nl< >\"Они-чан обязательно принесёт ",
			"гору мяса для своей Имото...\"   \\w[360] \\^"
		],
		"2": [
			"Кажется, сестрёнка что-то говорит..."
		],
		"3": [
			"\\nl< >\"Но зелёный перец — враг.   \\w[120]",
			"Они-чан, ты должен съесть всё до конца…       \\w[120]",
			"Иди и победи зелёного врага~!\"               \\w[120]\\^"
		],
		"4": [
			"\\nl< >\"А, ты проснулся…     \\w[60]",
			"Они-чан, хорошо поспал?\""
		],
		"5": [
			"\"Не особо… Кстати, ",
			"я слышу странные звуки ",
			"уже некоторое время…\""
		],
		"6": [
			"\\nl< >\"Э-хе-хе, это была моя    \\w[60]",
			"особая услуга сна для тебя, они-чан!\""
		],
		"7": [
			"\\nl< >\"Моя сестра такая милая...               \\w[120]",
			"Она — моя самая любимая девочка на свете...  \\w[210]",
			"Моя сестра —————                              \\w[150]\\^"
		],
		"8": [
			"Кажется, сестрёнка что-то говорит..."
		],
		"9": [
			"\\nl< >\"А, они-чан! Ты проснулся—!\""
		],
		"10": [
			"\\nl< >\"Эм... Ты слышал, что я только что сказала?\""
		],
		"11": [
			"\\nl< >\"Они-чан, у тебя только что было такое смешное ",
			"спящее лицо~\""
		],
		"12": [
			"\\nl< >\"Редко увидишь, как ты дремлешь~\""
		]
	},
  "rubberDuck": {
		"0": [
			"Одинокая резиновая уточка ",
			"плывёт по воде..."
		],
		"1": [
			"Поднять",
			"Оставить"
		],
		"2": [
			"Кто-то это выбросил?",
			"Выглядит немного грустно, да…"
		],
		"3": [
			"Если подумать…",
			"меня тоже смыло течением сверху..."
		],
		"4": [
			"Если я заберу её домой...",
			"Сестрёнка обрадуется?"
		],
		"5": [
			"Но вроде чуть грязная,",
			"может, лучше оставить..."
		]
	},
  "drowning": {
		"0": [
			"Аххх... вот это повезло... ",
			"Я поскользнулся на берегу и чуть не утонул!"
		]
	},
  "mecha": {
		"0": [
			"Странный мех, давно покрытый пылью, стоит здесь...",
			"Он не реагирует даже при касании."
		],
		"1": [
			"А...?",
			"Здесь что-то есть?"
		],
		"2": [
			"Упавшая деталь?",
			"Похоже, её ещё можно активировать..."
		]
	},
  "erohon": {
		"0": [
			"(Поблизости ещё есть люди или монстры...",
			"лучше не доставать эту книгу.)"
		]
	},
  "ninja": {
		"0": [
			"Не верится, что в таком месте есть чья-то тайная комнатка.",
			"Кто мог её построить…?"
		],
		"1": [
			"Вау…!?",
			"Здесь даже девушка лежит без сознания…"
		],
		"2": [
			"Теперь, когда думаю, я слышал странное урчание…",
			"Это у неё в животе бурчало…?"
		],
		"3": [
			"Уф…",
			"Так голодно…"
		],
		"4": [
			"…………",
			"Она что, так проголодалась, что еле в сознании…?"
		],
		"5": [
			"Здесь есть костёр — отлично.",
			"Сварю ей чего-нибудь!"
		],
		"6": [
			"Может, просто взять \\ii[\\v[90]]     ",
			"и сварганить что-то простое?"
		],
		"7": [
			"Поехали!",
			"…Неважно."
		],
		"8": [
			"Хм… Может, стоит заменить",
			"ингредиенты на получше…"
		],
		"9": [
			"Эй~ Я приготовил горячую еду!",
			"Думаешь, сможешь поесть?"
		],
		"10": [
			"Шмыг-шмыг… шмыг-шмыг…",
			"Этот запах… это еда?"
		],
		"11": [
			"Запах еды!!"
		],
		"12": [
			"\\{Ладно, я приступаю!!"
		],
		"13": [
			"Ты… мелкая…",
			"Это же я готовил, между прочим…"
		],
		"14": [
			"(Справилась за пару укусов…",
			"Похоже, и правда умирала с голоду…)"
		],
		"15": [
			"Ням-ням… Ты меня реально выручил!",
			"Я несколько дней не ела… ням-ням…"
		],
		"16": [
			"Думала, превращусь в голодного призрака,",
			"бродящего по этому подземелью… Бр-р-р…"
		],
		"17": [
			"Эй… ешь помедленнее… Кстати,",
			"что ты одна делаешь в таком месте?"
		],
		"18": [
			"А! Так вот—!",
			"Я вообще-то серьёзно выполняла задание!"
		],
		"19": [
			"Хотела найти спрятанный в этих местах клад,",
			"поэтому вырыла тайную комнату в укромном месте!"
		],
		"20": [
			"Но потом… ням-ням.",
			"Как только залезла, вход завалило надгробием!"
		],
		"21": [
			"Уф, такого я вообще не ожидала,",
			"поэтому припасы быстро кончились… и дальше…"
		],
		"22": [
			"Ниндзя, влипшая в такую историю…",
			"Мне теперь к организации не подступиться…"
		],
		"23": [
			"Эм… э? Но зачем вообще ты",
			"рыла тайную комнату…"
		],
		"24": [
			"Потому что тот клад появляется не всегда,",
			"надо было готовиться к долгой засаде… ням-ням."
		],
		"25": [
			"И ещё, я никому про это сказать не могу,",
			"это суперсекретное задание прямо от босса!"
		],
		"26": [
			"Если кто-то ещё узнает…",
			"как думаешь, что будет…"
		],
		"27": [
			"Разумеется, придётся тихо их устранить…",
			"иначе я — никудышный ниндзя… ням-ням."
		],
		"28": [
			"…Стоп, что?!",
			"Я только что слила секрет!"
		],
		"29": [
			"Э-эм… Обещаю, я никому не скажу…",
			"так что, э…"
		],
		"30": [
			"…А!?"
		],
		"31": [
			"Не верится, что я опять так накосячила…",
			"Уф… даже несмотря на то, что ты меня спас…"
		],
		"32": [
			"П-постой!",
			"Ты правда собираешься меня убить из-за этого!?"
		],
		"33": [
			"Такова жизнь ниндзя…",
			"Выживает сильнейший…"
		],
		"34": [
			"То есть, я сама не хочу тебя ранить,",
			"но я всё ещё должна тебе обед…"
		],
		"35": [
			"Е-если так —",
			"\\^"
		],
		"36": [
			"Тогда ответ только один —",
			"Ты тоже должен стать ниндзя!"
		],
		"37": [
			"Если вступишь в нашу группу,",
			"нам не придётся драться друг с другом!"
		],
		"38": [
			"П-погоди секунду!",
			"У меня же выбора нет, да!?"
		],
		"39": [
			"Всё нормально,",
			"Я буду нежной…"
		],
		"40": [
			"…Ва!?",
			"Не подходи ко мне!!"
		],
		"41": [
			"Да ты и правда схватываешь ниндзя-вещи на лету…!",
			"Всего чуть-чуть практики — и всё получилось!"
		],
		"42": [
			"А теперь,",
			"ты тоже одна из нас!"
		],
		"43": [
			"Но мне нужно сначала закончить задание,",
			"и только потом представить тебя боссу!"
		],
		"44": [
			"На этом этапе,",
			"уже ничего не имеет значения…"
		]
	},
  "\\str[120]Ahoge": {
        "0": [
            "Случайно выдернул ахоге \\str[120]."
		],
		"1": [
            "Она, похоже, ничего необычного не заметила,",
			"и оно быстро отросло обратно.",
			"...Может, это какой-то возобновляемый ресурс?"
        ],
        "2": [
            "\\nl< >\"...Что случилось, \\str[121]?",
			"У тебя такое серьёзное лицо.\""
        ],
        "3": [
            "Раз это выглядит сложно,",
			"лучше не задумываться об этом.."
        ],
        "4": [
            "Лучше больше не трогать..."
        ],	
        "5": [
            "\\nl< >\"...Голова немного чешется.   \\w[30]",
			"Ты что-то делал, \\str[121]?\""
        ],
        "6": [
            "\"Я-я ничего не делал... Честно!\""
        ]		
    }
}
