{
  "3": {
    "0": [
      "\"Ouf... ça vas beaucoup mieux...\""
    ],
    "1": [
      "... Alors, que dois-je faire ensuite ?"
    ],
    "2": [
      "Regarder autour",
      "Rêvasser",
      "Tuer le temps",
      "Sortir"
    ],
    "3": [
      "Ce petit espace exigu... Que pourrait-il bien s'y cacher ... ?    \\w[45]",
      "Même en disant cela, je ne pus m'empêcher de commencer à fouiller partout.."
    ],
    "4": [
      "\"Ooooh !! C'est... !\""
    ],
    "5": [
      "——papier toilette."
    ],
    "6": [
      "————un déchet."
    ],
    "7": [
      "\"Eh bien, je suis dans les toilettes après tout..\""
    ],
    "8": [
      "J'ai l'impression d'avoir perdu mon temps.."
    ],
    "9": [
      "\"Hum ? C'était quoi ce bruit ?\""
    ],
    "10": [
      "C'est un C."
    ],
    "11": [
      "Un C s'est faufilé je ne sais d'où et a filé à toute vitesse entre mes jambes."
    ],
    "12": [
      "Espèce de salaud, tu oses te montrer devant moi avec tant d'audace !    \\{",
      "Prends ça!"
    ],
    "13": [
      "En plein dans le mille. Le C est tombé raide mort sur place."
    ],
    "14": [
      "\"Hum, comme on pouvait s'y attendre de ma part...\""
    ],
    "15": [
      "Raté ! ",
      "Surpris, le C disparut rapidement sans laisser de trace."
    ],
    "16": [
      "\"Bon sang, ce truc est rapide !\""
    ],
    "17": [
      "……Cela ne va pas fonctionner éternellement.",
      "Il est peut-être temps de se procurer un insecticide...."
    ],
    "18": [
      "\"Hum ? C'était quoi ce bruit ?\""
    ],
    "19": [
      "…Le son a disparu. Était-ce seulement mon imagination ?"
    ],
    "20": [
      "Je ne peux pas rester assis ici éternellement.",
      "Je devrais probablement y aller..."
    ]
  },
  "9": {
    "0": [
      "\\nl< >\"\\str[121]! Tu es toujours aux toilettes ?\""
    ],
    "1": [
      "\"...J'arrive dans une seconde !\""
    ],
    "2": [
      "J'ai probablement perdu trop de temps, je ferais mieux d'y aller..."
    ]
  },
  "21": {
    "0": [
      "Juste à ce moment-là, un son familier retentit."
    ],
    "1": [
      "\\{Attendez...\\w[45] ce son—c'est C!"
    ],
    "2": [
      "\\nl< >\\{…………Huh?"
    ],
    "3": [
      "\\nl< >\\{Aaaaahhhh—!!"
    ],
    "4": [
      "\\str[120] a aussi remarqué C!",
      "C'est mauvais! Si C attaque dans une situation comme celle-ci,",
      "elle pourrait s'évanouir sous le choc!!"
    ],
    "5": [
      "\\{……！"
    ],
    "6": [
      "Avant même que je puisse réfléchir, mon corps bougeait tout seul,",
      "et je me suis précipité dans les toilettes à la vitesse de l'éclair."
    ],
    "7": [
      "\\{Es-tu celui qui a fait pleurer \\str[120]?!"
    ],
    "8": [
      "Coup direct. Le C est mort sur le coup."
    ],
    "9": [
      "t mort sur le coup. \\nl< >\"Uuuh.."
    ],
    "10": [
      "C'est bon maintenant.",
      "Le mauvais C est parti, \\str[121] s'en est occupé."
    ],
    "11": [
      "\\nl< >Hein...?",
      "\\str[121]... ton pantalon..."
    ],
    "12": [
      "pantalon...\" \"——"
    ],
    "13": [
      "Comme j'étais déjà exité avant de faire irruption",
      "dans les toilettes. Ma bite était dure comme du roc...",
      "si près du visage de \\str[120]…"
    ],
    "14": [
      "Juste au moment où je m'inquiétais,",
      "J'ai remarqué quelque chose d'étrange dans les yeux de \\str[120],",
      "elle aussi s'agitait. \\w[60]",
      "Est-ce que ce bonbon bizarre pourrait encore faire effet ?"
    ],
    "15": [
      "L'expression de \\str[120] commença à paraître hébétée,",
      "et puis, de nulle part,",
      "elle s'est penchée et a pris ma bite dans sa bouche."
    ],
    "16": [
      "Ce geste audacieux a complètement brisé ma maîtrise de moi-même.",
      "Je pose ma main sur la tête de \\str[120],",
      "et j'ai commencé à la guider pour qu'elle prenne ma bite encore plus profondément."
    ],
    "17": [
      "Même si elle était assez maladroite,",
      "la chaleur et la douceur de sa bouche",
      "étaient toujours aussi incroyables."
    ],
    "18": [
      "Sous cet angle,",
      "Je pouvais voir la chatte humide de \\str[120] trembler légèrement,",
      "comme quelque chose tout droit sorti d'un rêve."
    ],
    "19": [
      "Bientôt,",
      "cette envie de venir a commencé à se développer par vagues—"
    ],
    "20": [
      "Je ne veux pas que \\str[120] s'étouffe,",
      "J'ai retiré ma bite de sa bouche."
    ],
    "21": [
      "Juste à ce moment-là, une énorme charge de sperme a éclaté,",
      "éclaboussant tout son visage."
    ],
    "22": [
      "\\nl< >Ugh… c'est horrible…"
    ],
    "23": [
      "\\str[120] tira la langue de manière enjouée,",
      "mais je pouvais dire qu'elle était toujours très timide.",
      "Elle ne ferait jamais quelque chose d'aussi audacieux normalement.",
      "ça doit être l'effet de ce bonbon."
    ],
    "24": [
      "Mais honnêtement, sans ces bonbons,",
      "je ne sais pas comment les choses auraient fini."
    ],
    "25": [
      "Après, nous avons nettoyé les toilettes ensemble",
      "et je suis retourné dans la chambre,",
      "agissant tranquillement comme si de rien n'était."
    ]
  },
  "22": {
    "0": [
      "Se faufiler, se faufiler..."
    ],
    "1": [
      "Hmm... Je suis juste inquiet",
      "si quelque chose ne va pas avec \\str[120]...",
      "Je vais juste jeter un coup d'oeil rapide et partir..."
    ],
    "2": [
      "Attends... qu'est-ce que c'est?!"
    ],
    "3": [
      "J'ai surpris \\str[120] en train de se masturber. \\w[60]",
      "Que se passe-t-il…",
      "Cela pourrait-il être l'effet des",
      "bonbons que je lui ai donnés plus tôt!?"
    ],
    "4": [
      "Bien que sa technique semble encore un peu maladroite,",
      "le nectar occasionnel montre qu'elle est complètement",
      "perdue dans ce moment de joie."
    ],
    "5": [
      "En voyant \\str[120] essayer si fort de se sentir bien,",
      "Je n'ai pas pu m'empêcher de vouloir intervenir et l'aider…"
    ],
    "6": [
      "J'ai surpris \\str[120] en train de se toucher par-dessus sa culotte. \\w[60]",
      "Que se passe-t-il…",
      "Cela pourrait-il être l'effet des",
      "bonbons que je lui ai donnés plus tôt!?"
    ],
    "7": [
      "Peut-être à cause d'un manque d'expérience,",
      "\\str[120] frotte maladroitement ça",
      "culotte du bout des doigts,",
      "je n'arrive pas vraiment à comprendre."
    ],
    "8": [
      "En voyant \\str[120] essayer si fort de se sentir bien,",
      "Je n'ai pas pu m'empêcher de vouloir intervenir et l'aider…"
    ],
    "9": [
      "Mais se montrer maintenant effraierait certainement \\str[120],",
      "hmm… ouais, il vaut probablement mieux s'éloigner discrètement."
    ],
    "10": [
      "Jetez un œil !",
      "S'éloignez"
    ],
    "11": [
      "Incapable de résister à l'envie grandissante,",
      "Je me suis penché plus près de la fissure dans la porte,",
      "observant attentivement."
    ],
    "12": [
      "Branle-toi",
      "Faires irruption!",
      "Oublie ça"
    ],
    "13": [
      "Je commence à me sentir un peu excité aussi...",
      "Dois-je rejoindre \\str[120]...?"
    ],
    "14": [
      "Cela semble un peu risqué… mieux vaut ne pas le faire.",
      "Si je continue à regarder, ça va devenir gênant.",
      "Je devrais m'éclipser avant que \\str[120] ne le remarque."
    ],
    "15": [
      "Comme ce n'est pas la première fois que je vois",
      "quelque chose comme ça, j'y suis juste allé",
      "et j'ai essayé de profiter du moment."
    ],
    "16": [
      "Alors que \\str[120] était encore perdue dans son propre monde,",
      "J'ai fermé doucement la porte derrière moi."
    ],
    "17": [
      "On dirait que \\str[120] est enfin à",
      "l'âge où elle s'intéresse à ce genre de choses…",
      "Ressentant une étrange tristesse, j'ai ",
      "décidé de faire comme si je n'avais rien vu…",
      "Feeling a strange sense of sadness, ",
      "I decided to just pretend I hadn’t seen anything…"
    ],
    "18": [
      "Au moment où nous avons tous deux atteint notre apogée,",
      "Je me suis complètement laissé aller et j'ai joui partout."
    ],
    "19": [
      "Avec un frisson parcourant son corps,",
      "\\str[120] arrêta lentement ce qu'elle faisait et",
      "a commencé à respirer doucement."
    ],
    "20": [
      "Si je continue à regarder, ça va devenir vraiment mauvais.",
      "Je ferais mieux de m'échapper avant que \\str[120] ne le remarque."
    ],
    "21": [
      "Faire ce genre de chose avec \\str[120] semble si étrange…",
      "Avant que je ne m'en rende compte, ma main a commencé à suivre son rythme,",
      "et à ce moment-là,",
      "c'était comme si nos sens étaient en quelque sorte connectés."
    ],
    "22": [
      "En regardant les doigts de \\str[120], je ne pouvais m'empêcher d'imaginer…",
      "et si ce n'étaient pas ses doigts qui la touchaient,",
      "mais ma bite à la place…?"
    ],
    "23": [
      "Alors que je me perdais dans cette pensée,",
      "j'avais presque l'impression de pouvoir vraiment sentir à quel point c'était doux",
      "La chatte de \\str[120] serait…",
      "L'imagination est vraiment une chose effrayante."
    ],
    "24": [
      "Je me demande ce que ça ferait d'être",
      "aussi proche que les doigts de \\str[120],",
      "en me caressant juste contre sa chatte..."
    ],
    "25": [
      "Je commence à imaginer le bout de ma bite pressé contre",
      "la chatte étroitement fermée de \\str[120], s'élargissant lentement",
      "Je l'ouvre tandis que je pousse, révélant son intimité humide.",
      "Ma bite devient glissante aussi, un fil obscène s'étend entre nous..."
    ],
    "26": [
      "L'excitation que je ressens avec elle n'a rien à voir avec",
      "quand je suis seul. Tandis que je me perds dans ces fantasmes,",
      "la culpabilité dans mon cœur se transforme en carburant,",
      "m'apportant vague après vague de plaisir."
    ],
    "27": [
      "\\str[120] semble sur le point de venir,",
      "et je ne peux pas m'empêcher d'accélérer mes propres mouvements aussi."
    ],
    "28": [
      "\\{Ugh, je ne peux plus me retenir…!"
    ]
  },
  "23": {
    "0": [
      "Avec ce qui s'est passé la dernière fois,",
      "J'ai décidé de faire irruption dans les toilettes sans hésiter."
    ],
    "1": [
      "\\nl< >\\{…Oh-\\str[121]!?"
    ],
    "2": [
      "!?\" \\nl< >\"…\\str[121]",
      "pourquoi es-tu ici aussi…?"
    ],
    "3": [
      "Son ton semblait un peu réprimandant, mais à en juger par son",
      "expression hébétée et le fait qu'elle n'essayait pas",
      "de me mettre dehors, j'avais l'impression d'être tiré d'affaire."
    ],
    "4": [
      "Je me suis déplacé tranquillement pour me tenir à côté de \\str[120], ma bite",
      "à quelques centimètres d'elle. Elle continua",
      "de sa propre main, s'est penchée un peu plus près de moi,",
      "et a commencé à me lécher avec sa langue."
    ],
    "5": [
      "La langue fine de \\str[120] glissa autour du bout de",
      "ma bite comme un petit serpent, la chaude,",
      "sensation de chatouillement me faisant trembler de manière incontrôlable."
    ],
    "6": [
      "Nous sommes restés ainsi en silence pendant un moment,",
      "et je sentais que je m'approchais de ma limite…",
      "\\str[120] a dû remarquer la façon dont ma bite tremblait,",
      "parce qu'elle a commencé à bouger sa main encore plus vite."
    ],
    "7": [
      "Finalement, alors que cette vague de libération irrésistible s'accumulait,",
      "mon sperme a commencé à jaillir. \\w[60]",
      "Au moment où le premier jet atterrit sur le visage de \\str[120],",
      "elle a soudainement pris ma bite dans sa bouche."
    ],
    "8": [
      "Tandis qu'elle suçait, \\str[120] n'arrêtait pas de",
      "taquiner du bout de sa langue, là où le sperme coulait.",
      "Cette douceur inattendue et cette douce chaleur ont complètement",
      "brisé mon sang-froid, et ma bite a déversé le",
      "reste de mon sperme directement dans sa bouche.",
      "broke my self-control, and my cock just unloaded",
      "the rest of my cum straight into her mouth."
    ],
    "9": [
      "Ensuite, nous avons nettoyé les toilettes ensemble,",
      "et quand nous sommes retournés dans la chambre,",
      "Nous avons tous les deux fait comme si de rien n'était."
    ]
  }
}