{
  "1": {
        "0": [
            "如今已是距离魔王被勇者讨伐过去了很多年的时代。"
		],
		"1": [
            "曾经声名远扬的勇者和贤者,",
			"他们的传说如今也不过成了",
			"大人用来教训小孩的童话罢了。"
        ],
        "2": [
            "这是对十年前，突然出现在地表上的",
            "那座谜之大型迷宫的称呼。"
        ],
        "3": [
            "似乎无穷无尽的深度，",
			"混杂了各种遗迹的地带，",
			"受到魔力滋养而快速繁殖的魔物。"
        ],
        "4": [
            "在魔王已不再危害人间的如今，",
			"这座从未有人知晓过的未知迷宫的诞生，",
			"顷刻间打破了人类世界短暂的和平。"
        ],
        "5": [
            "冒险者公会曾多次组织探索队深入其中，",
			"然而始终没有取得决定性的进展。",
			"不过，这座迷宫也从未对外界展现过侵略或反击的意图。"
        ],
        "6": [
            "当地领主以及各路权势者，",
            "都曾试图为这座迷宫命名并加以管理。"
        ],
        "7": [
            "然而，所有的名称都随着时间被人们遗忘，",
			"最终，只剩下“深渊”这一称呼，",
			"深深刻在人们的记忆中。"
        ],
        "8": [
            "由于迷宫没有表现出会扩张侵吞世界的迹象，",
			"冒险者公会最终决定——",
			"对世间开放这座迷宫的探索权。"
        ],
        "9": [
            "于是，原本逐渐被人遗忘的职业，",
			"“冒险者”，",
			"再度迎来了新的荣光与热潮。"
        ],
        "10": [
            "而在这座最后的大迷宫秘境中，",
			"我的目的只有一个——",
			"那就是找到能够彻底治愈\\str[120]体质的方法———"
        ]		
    },
  "4": {
        "0": [
            "父亲是才华横溢的炼金术师。"
		],
		"1": [
            "即便是如今这个无需和魔族战斗的和平时代，",
			"父亲也还是积极地攻克了数个炼金术难题。"
        ],
        "2": [
            "「妈妈的事情我很抱歉…」"
        ],
        "3": [
            "「无论什么方法都试过了……",
			"但是……！」"
        ],
        "4": [
            "然而，就是这样一位被世人景仰的男人，",
			"此刻却无力地跪倒在地，",
			"一遍又一遍地，",
			"向年幼的我道着歉。"
        ],
        "5": [
            "男人握着我肩膀的手渐渐用力，",
			"我忍不住哭了出来。",
			"似乎终于察觉到自己的失态，",
			"他慢慢松开手，转而轻轻地抚摸起我的头发。"
        ],
        "6": [
            "「已经不要紧了、是爸爸的不对、",
            "不应该这么快泄气的……」"
        ],
        "7": [
            "「你是个好孩子、还不需要承受这一切…",
			"之后的事情就交给爸爸来吧。」"
        ],
        "8": [
            "「没错…就算会因此……也必须要……」"
        ],
        "9": [
            "男人的声音逐渐颤抖起来，",
			"是因为什么事情而害怕吗？"
        ],
        "10": [
            "我还对此一无所知，只记得男人自此之后，",
			"再也没有回到我记忆中那个总是慈祥表情的父亲模样。"
        ]		
    }	
}