{
  "father": [	              
            "男人"
    ],
  "2": {
        "0": [
            "昏暗的房间中，弥漫着一股令人喘不过气的沉闷。"
		],
		"1": [
            "「咳\\w[30]、咳咳…\\w[30]」"
        ],
        "2": [
            "男人虚弱地躺在床上，",
            "盖在他身上的单薄的布料随着微弱的呼吸颤抖着，",
			"仿佛随时都会静止下来。"
        ],
        "3": [
            "即便我还只是个不懂事的少年，",
			"眼前那具瘦弱的身躯、苍白的脸庞，",
			"也让我本能地察觉到，这是生命即将燃尽的模样。"
        ],
        "4": [
            "「之后，你一定会很辛苦吧……」"
        ],
        "5": [
            "他的声音沙哑无力，每个字都像是在耗尽残存的生命，",
			"艰难地挤出喉咙。"
        ],
        "6": [
            "「虽然这不应该是作为父亲该说的话…  \\w[30]",
			"但还是希望你能和我约定——」"
        ],
        "7": [
            "「…………？」"
        ],
        "8": [
            "我呆滞地站在那里，面对这突如其来的遗言，脑海一片空白。"
        ],
        "9": [
            "啊啊、是非常重要的话，可我却无法集中注意力，",
			"只能茫然地盯着父亲逐渐暗淡的脸。"
        ],	
        "10": [
            "「……那孩子就拜托你了、  \\w[30]",
			"从今往后、就把她当作你的○○吧——"
        ],	
        "11": [
            "他的声音越来越小，像风中飘散的烟雾般虚幻，",
			"甚至没能完整地交代出对儿子的最后嘱托。",
			"男人缓缓地偏过头，将视线投向房间的一个角落。"
        ],	
        "12": [
            "那个角落被厚重的阴影笼罩着，",
			"似乎隐藏着某件极为重要的事物。"
        ],
        "13": [
            "这位既是我父亲、也是我师傅的男人，",
			"就这样，停止了呼吸。",
			"他的眼睛依旧睁着，却已失去了生命的光彩。"
        ],
        "14": [
            "不自觉地，我的视线也追随着他的目光，",
			"朝那个神秘的角落看去—————"
        ]		
    }
}