{
  "13": {
    "0": [
      "...¿Oh? ¿Acaso otro ",
      "corderito perdido ha llegado aquí?"
    ],
    "1": [
      "Jejeje~ ¿Viniste a buscar poder de mí?",
      "Esto es un pacto con un demonio, ¿sabes~"
    ],
    "2": [
      "Pero desafortunadamente, 'aún no es el momento'~",
      "Todavía no es hora de enfrentar tu destino~"
    ],
    "3": [
      "Ahora mismo, sigues siendo un corderito perdido~",
      "Uno que no sabe nada y no se ha dado cuenta de nada aún~"
    ],
    "4": [
      "Oye~~ ¿Estás ahí sentado ",
      "esperando escuchar mis oraciones?"
    ],
    "5": [
      "Mala suerte♥ Soy un gran demonio~",
      "No hago ese tipo de cosas por ti~"
    ]
  },
  "16": {
    "0": [
      "Con el sudor de tu rostro comerás ",
      "el pan hasta que vuelvas a la tierra,",
      "pues de ella fuiste tomado; ",
      "porque polvo eres y al polvo volverás."
    ],
    "1": [
      "He visto todas las obras que se hacen bajo el sol; ",
      "y he aquí, todo es vanidad y persecución del viento."
    ],
    "2": [
      "Y sabemos que todas las cosas trabajan juntas ",
      "para el bien de los que aman a Dios,",
      "los cuales son llamados conforme a Su propósito."
    ],
    "3": [
      "Por cuanto todos pecaron ",
      "y están destituidos de la gloria de Dios."
    ],
    "4": [
      "Aunque la visión tardará en cumplirse, ",
      "habla del fin y no faltará. ",
      "Aunque tarde, espéralo; ",
      "sin duda vendrá y no se retrasará."
    ],
    "5": [
      "Mi culpa me ha abrumado ",
      "como una carga demasiado pesada para soportar."
    ]
  },
  "17": {
    "0": [
      "Jesús le preguntó: «¿Cómo te llamas?»",
      "Él respondió: «Me llamo Legión, porque somos muchos.»"
    ],
    "1": [
      "Apareció otra señal en el cielo: ",
      "un gran dragón rojo con siete cabezas y diez cuernos,",
      "y en sus cabezas siete diademas. Su cola arrastró ",
      "la tercera parte de las estrellas del cielo y las arrojó a la tierra"
    ],
    "2": [
      "¡Cómo caíste del cielo, ",
      "oh Lucero, hijo de la mañana! ",
      "Tú que derribabas naciones, ",
      "¡has sido arrojado a la tierra!"
    ],
    "3": [
      "Vi una bestia que subía del mar. ",
      "Tenía diez cuernos y siete cabezas,",
      "en sus cuernos diez diademas, ",
      "y en sus cabezas nombres blasfemos."
    ],
    "4": [
      "Aunque ande en valle de sombra de muerte, ",
      "no temeré mal alguno, porque Tú estás conmigo;",
      "Tu vara y Tu cayado me consuelan."
    ],
    "5": [
      "El Señor dijo a Satanás: «¿De dónde vienes?»",
      "Satanás respondió: «De recorrer la tierra, ",
      "y de andar por ella.»"
    ]
  },
  "18": {
    "0": [
      "...Es un círculo de teletransporte.",
      "¿Abandonar este lugar ahora…?"
    ],
    "1": [
      "Salir",
      "Esperar un poco…"
    ]
  }
}