{
  "1": {
        "0": [
            "虽然答应了一起洗澡，但两个人都还觉得有些害羞，",
			"就算马上要坦诚相见，也还是不约而同地裹着浴巾走进浴室。"
		],
		"1": [
            "\\nl< >「剪刀……石头……布！    \\w[120]",
			"诶嘿嘿~今天是我赢了呢！」"
        ],
		"2": [
            "「剪刀……石头……布！    \\w[120]",
			"好！赢了！」"
        ],		
        "3": [
		    "因为猜拳输了，",
			"我只好先在浴缸里安静地等\\str[120]洗完。"
        ],
        "4": [
		    "因为猜拳赢了，",
			"今天就由我先来洗身体。",
			"而\\str[120]则有些无聊地坐在浴缸里发呆。"
        ],
        "5": [
		    "匆匆地把自己洗干净后，",
			"我坐进浴缸，静静地等着\\str[120]洗完。"
        ],
        "6": [
		    "看着\\str[120]有些拘谨地洗着头发，",
			"不禁生出了一股想上前帮她的冲动……"
        ],		
        "7": [
		    "看着\\str[120]有些拘谨地擦着身体，",
			"不禁生出了一股想上前帮她的冲动……"
        ],
        "8": [
		    "帮她洗",
			"算了吧"
        ],
        "9": [
		    "试着问了\\str[120]要不要帮忙洗头发——"
        ],
        "10": [
		    "试着问了\\str[120]要不要帮忙擦后背——"
        ],		
        "11": [
		    "\\nl< >「诶——？",
			"我自己来就好了、\\str[121]毛手毛脚的、",
			"肯定处理不好啦！」"
        ],		
        "12": [
		    "呜呜……被\\str[120]拒绝了。",
			"也许得再等关系更亲近一点，再找机会试试吧。"
        ],		
        "13": [
		    "\\str[120]也已经长大了，恐怕不喜欢被当成小孩子看待了吧，",
			"还是别多此一举了……"
        ],
		"14": [
            "\\str[120]细心地洗完后，",
			"轮到我接着开始清洗身体。"
        ]	
   },
  "2": {
        "0": [
            "\\nl< >「首先先洗一下手臂吧……」"
		],
        "1": [
            "妹妹轻轻抬起我的手臂，将它夹在自己柔软的大腿之间。",
			"因为身上都涂满了沐浴露，不论是我还是妹妹，皮肤都变得滑腻又光滑。",
			"她还微微用力夹紧双腿，那股柔软圆润的触感清晰地传了过来。"
		],	
        "2": [
		    "话还没说完，妹妹的双腿便轻柔而缓慢地前后滑动起来，",
            "肌肤相贴的触感在缓慢摩擦中变得分外清晰，",
			"我的手臂能感受到她腿间细腻的起伏与规律的挤压。"
		],
        "3": [
            "妹妹突如其来的大胆举动让我一时慌乱，没能立刻做出反应。",
			"但从手臂上传来的、如梦般温热而柔软的触感，又让我生不出一丝挣脱的力气。",
			"就这样我放弃了抵抗，任由妹妹继续她那特别的清洗服务。"
		],
        "4": [
            "\\nl< >「怎么样……哥哥……♥",
			"是不是感觉、这样比用手清洗更干净？」"
		],		
        "5": [
			"感觉很舒服",
			"感觉很奇怪"
		],		
        "6": [
            "\\nl< >「感觉很奇怪吗……？",
			"那……哥哥…你来教教我要怎么做吧~？」"
		],
        "7": [
            "\\nl< >「…奇怪？哪里奇怪了？",
			"哥哥的手臂……现在不是洗得很干净吗？」"
		],
        "8": [
            "\\nl< >「怎么了，哥哥？",
			"不是你……想要我帮你洗的吗？」"
		],
        "9": [
            "\\nl< >「哥哥你看起来不是很开心呢……",
			"是不喜欢我帮忙清洗吗？我现在可是非常认真~",
			"地想帮哥哥的忙噢~？」"
		],		
        "10": [
            "\\nl< >「舒服什么的、这明明是在清洗身体噢~？",
			"居然觉得很舒服…哥哥呀、",
			"你其实……很喜欢这样吧♥？」"
		],
        "11": [
            "\\nl< >「诶嘿嘿♥哥哥是诚实的好孩子呢、",
			"这样更让人想好好奖励一下呢♥」"
		],
        "12": [
            "\\nl< >「哥哥……刚刚是不是发出了很可爱的声音呀？",
			"平时总是……哥哥在欺负人……这次、",
			"要让哥哥体验到一样的感受呢♥」"
		],
        "13": [
            "\\nl< >「嘿嘿……哥哥看起来很困扰的样子呢……",
			"那我还是应该停下来比较好~？」"
		],
        "14": [
            "\\nl< >「手臂已经清理干净了吧……接下来就是正面呢~",
			"哥哥接下来得转过身来噢——」"
		],
        "15": [
            "「等——诶！？这是要干————」",
			"\\w[30]\\^"
		]	
    },				
  "8": {
        "0": [
            "泡沫已经非常多了……",
			"真的还要再加下去吗？"
		],
		"1": [
            "泡沫已经挺多的了……",
			"还要再多挤一些洗发水吗？"
        ],
        "2": [
            "感觉泡沫还能再丰富一点呢……",
            "要再多挤一些洗发水吗？"
        ],
        "3": [
		    "拜托\\str[120]",
            "再挤点",
			"算了吧"
        ],
        "4": [
            "\\{……洗发水已经用完了！"
        ],
        "5": [
            "就这么赶紧洗完吧，之后还得记得补充呢…"
        ],
        "6": [
            "泡沫已经够多了吧！？",
			"还是不要再浪费洗发水了——"
        ],	
        "7": [
            "……啊嘞？真的需要用这么多洗发水吗？",
			"感觉头皮都开始有些刺痛了——"
        ],	
        "8": [
            "噢噢、泡沫已经非常多了，差不多也可以了吧~？"
        ],	
        "9": [
            "是呢、再多做点泡沫——"
        ],	
        "10": [
            "唔嗯、还是泡沫多一点更有氛围呢——"
        ],	
        "11": [
            "舒服地泡了个澡。"
        ],	
        "12": [
            "「……说起来我之前把那东西捡回来了呢。」"
        ],	
        "13": [
            "我把橡胶鸭仔细清洗干净后，轻轻放进浴缸里。",
			"它自然地漂浮在水面上，安静又可爱。"
        ],	
        "14": [
            "「嗯……感觉气氛都变得好起来了呢。」"
        ],	
        "15": [
            "「呼…差不多该出去了。」"
        ],	
        "16": [
            "「……终于把身上的怪味都去掉了。」"
        ],	
        "17": [
            "用大量的沐浴露反复擦洗了全身，",
			"连心灵都仿佛被一并洗净了……"
        ],	
        "18": [
            "已经充分洗过了、出去吧。"
        ],	
        "19": [
            "\\nl< >「\\str[121]！？不要再玩洗发水啦！」"
        ],	
        "20": [
            "\\nl< >「洗发水用得这么快、果然是\\str[121]做的好事！」"
        ],	
        "21": [
            "唔唔唔……被\\str[120]骂了。"
        ],	
        "22": [
            "试着拜托了\\str[120]帮自己擦一下后背——"
        ],	
        "23": [
            "\\nl< >「嗯！稍等一下噢！」"
        ],	
        "24": [
            "\\nl< >「用力一点也没问题吧\\str[121]！」"
        ],	
        "25": [
            "「啊啊……没问题。」"
        ],	
        "26": [
            "\\nl< >「那我开始咯——！  \\w[90]",
			"嘿哟——嘿哟——！         \\w[120]",
			"嘿哟——嘿哟——！」         \\w[120]"
        ],	
        "27": [
            "\\str[120]非常努力地拿毛巾在我背上来回搓着。",
			"虽然力道不重也不疼，但不知为何，",
			"忽然有种被当成脏地板擦拭的微妙感觉……"
        ],	
        "28": [
            "\\nl< >「呼……累啦……    \\w[60]",
			"\\str[121]、感觉舒服了吗？」"
        ],	
        "29": [
            "前面也要…",
			"表扬妹妹"
        ],	
        "30": [
            "\\nl< >「前面……也要洗吗？       \\w[60]",
			"哥哥真是的啦…          \\w[60]",
			"都不是小孩子了，还要别人帮忙洗澡吗……」",
			"\\w[120]"
        ],	
        "31": [
		    "有些得意忘形了……",
			"妹妹羞得整张脸都红透了。",
			"看来还是得等关系更亲近一些，再找机会试试吧。"
        ],
        "32": [
		    "\\nl< >「前面……也要洗吗？       \\w[60]",
            "哥哥真是的啦…          \\w[60]",
			"明明不是小孩子了、还这么爱撒娇……」"
        ],		
        "33": [
		    "\\nl< >「所以说……因为哥哥已经不是小孩子了、          \\w[120]",
            "这里开始得要用大人一样的方式来洗噢……」        \\w[120]"
        ],
        "34": [
		    "\\nl< >「呼哼哼……                         \\w[60]",
            "下次再让你见识下更厉害的搓背技术！」        \\w[120]"
        ]		
    },
  "12": {
        "0": [
            "\\str[120]羞涩地点了点头，她那副可爱的反应让我",
			"不断涌现出想要好好疼爱她的冲动感。",
			"正当我沉浸在这份悸动中时，",
			"一种奇妙的异样感突然从下体袭来……"
		],
		"1": [
            "\\nl< >「啊…\\str[121]的蛋蛋在发光诶？」"
        ],
		"2": [
            "「是呢、男孩子洗澡时蛋蛋就是会发光—— ",
			"\\w[45]\\^"
        ],
		"3": [
            "\\>「是呢、男孩子洗澡时蛋蛋就是会发光——",
			"才、\\<\\{才怪啊！！」",
			"\\}\\w[60]"
        ],
		"4": [
            "看着自己下半身突然迸发出光芒，我也陷入到了迷茫中。"
        ],
		"5": [
            "难道是深渊里的魔物跟了上来！？",
			"一想到这种危险的可能性，",
			"我再顾不上其他，立刻掀开了浴巾——"
        ],
		"6": [
            "啊、真的是自己的蛋蛋在发光耶——"
        ],
		"7": [
            "\\nl< >「啊哇、啊哇哇哇哇！     \\w[30]",
			"\\str[121]的蛋蛋、越来越亮了哇！？」   \\w[30]"
        ],
		"8": [
            "《恶魔契约仪式之纯情人类绝对诅咒=",
			"从今天开始你的人生就是地狱模式》！！",
			"你已经被诅咒了——（Ciallo～(∠・ω< )⌒☆）"
        ],
		"9": [
            "这时，那个总是一脸嘲讽笑容的小鬼店长",
			"最后说过的话在脑中一闪而过。"
        ],
		"10": [
            "原来诅咒是指这个吗！？",
			"那个雌小鬼啊——！！！"
        ],
		"11": [
            "\\c[2]随着内心的激动不断攀升，我发出了无声的咆哮。",
			"从下体迸发出来光芒也迅速扩散，转瞬间吞没了整个空间——"
        ],
		"12": [
            "\\nl< >「\\str[121]要变成光啦！！？」"
        ],
		"13": [
            "在这一片什么都看不见的白色空间中，我放弃了思考。"
        ]		
    }		
}