{
  "father": [	              
            "Отец"
    ],
  "2": {
        "0": [
            "Тяжёлый, удушливый воздух наполнил тускло освещённую комнату."
		],
		"1": [
            "\"Кхе\\w[30]... кхе, кхе...\\w[30]\""
        ],
        "2": [
            "Мужчина бессильно лежал на кровати,",
            "тонкая простыня на нём дрожала от его ",
			"поверхностного дыхания, словно могла остановиться ",
			"в любую секунду."
        ],
        "3": [
            "Даже будучи наивным мальчишкой,",
			"я на уровне инстинкта понял по этому слабому телу ",
			"и бледному лицу, что именно так выглядит момент, ",
			"когда жизнь вот-вот погаснет."
        ],
        "4": [
            "\"После этого тебе, наверное, будет нелегко...\""
        ],
        "5": [
            "Его голос был хриплым и слабым, каждое слово как будто ",
			"высасывало остатки жизни,",
			"с трудом выдавливаясь из горла."
        ],
        "6": [
            "\"Я понимаю, что это не то, что должен говорить отец...  \\w[30]",
			"но всё же хочу, чтобы ты пообещал мне —\""
        ],
        "7": [
            "\"…………?\""
        ],
        "8": [
            "Я стоял как вкопанный, ",
			"не в силах осознать эту внезапную последнюю просьбу, ",
			"голова была совершенно пустой."
        ],
        "9": [
            "Ах... слова были важными, ",
			"и всё же я не мог сосредоточиться вовсе",
			"мог лишь тупо смотреть на лицо отца, ",
			"пока из него медленно уходил свет."
        ],	
        "10": [
            "\"…Пожалуйста, позаботься о ней,  \\w[30]",
			"с этого момента относись к ней как к твоей ○○—"
        ],	
        "11": [
            "Его голос таял, как дым на ветру, ",
			"слишком слабый, чтобы завершить последние слова. ",
			"Он медленно повернул голову в сторону ",
			"затемнённого угла комнаты."
        ],	
        "12": [
            "Тот угол был окутан тяжёлыми тенями,",
			"будто скрывал нечто очень важное."
        ],
        "13": [
            "Этот человек, который был мне и отцом, и наставником,",
			"сделал последний вдох вот так, просто.",
			"Глаза остались открытыми, ",
			"но в них уже не было света жизни."
        ],
        "14": [
            "Невольно и мой взгляд последовал за его взглядом,",
			"обращаясь к тому загадочному углу—————"
        ]		
    }
}