{
  "2": {
        "0": [
            "После того как я вступил в Звёздные Врата, ",
            "каменный фрагмент в моём рюкзаке внезапно ",
            "испустил мощную волну тепла.",
            " ",
            "Я поспешно достал осколок и обнаружил, ",
            "что то, что всё это время было спокойным и стабильным, ",
            "начало претерпевать превращение—"
		],
		"1": [
            "\"Ч-что это...\""
        ],
        "2": [
            "Понятия не имею, что только что произошло.",
            "Камень вдруг начал яростно светиться ",
            "под воздействием этих странных импульсов..."
        ],
        "3": [
            "В следующий миг ",
            "камень внезапно начал таять—"
        ],
        "4": [
            "\"Ах… а-а-а!?   \\w[60]",
            "Нет, нет — сейчас всё разольётся!!\""
        ],
        "5": [
            "Когда камень неожиданно и стремительно превратился ",
            "в жидкость, я в панике порылся в рюкзаке и вытащил стеклянную бутылочку, ",
            "в спешке собирая красную жидкость, ",
            "всё ещё стекавшую с моих рук."
        ],
        "6": [
            "…………",
            "…………"
        ],
        "7": [
            "Неужели это тот самый Эликсир Рубрум, о котором ",
            "говорил отец...?",
            "Но почему он среагировал внутри этих врат...?"
        ]		
    }
}