{
  "1": {
        "0": [
            "Хотя мы договорились принимать ванну вместе,",
            "мы оба всё ещё были немного стеснительными,",
            "поэтому, хотя нам предстояло увидеть друг друга нагими,",
            "мы оба обернулись полотенцами и вошли в ванную."
        ],
        "1": [
            "\\nl< >\"Камень, ножницы, бумага, бьем!    \\w[120]",
            "Эхехе~ Сегодня я выиграла!\""
        ],
        "2": [
            "\"Камень, ножницы, бумага, бьем!    \\w[120]",
            "Да! Я выиграл!\""
        ],
        "3": [
            "Поскольку я проиграл в игре,",
            "мне не оставалось ничего, кроме как тихо ждать в ванне,",
            "пока \\str[120] закончила мыться."
        ],
        "4": [
            "Поскольку я выиграл в игре,",
            "сегодня я первым принимал душ.",
            "Тем временем \\str[120] сидела в ванне, выглядя немного скучающей."
        ],
        "5": [
            "Приняв быстрый душ,",
            "я сел в ванну и тихо ждал, пока \\str[120] закончит."
        ],
        "6": [
            "Наблюдая, как \\str[120] немного нервно моет волосы,",
            "я не мог не почувствовать желание помочь ей…"
        ],
        "7": [
            "Наблюдая, как \\str[120] немного нервно вытирает тело,",
            "я не мог не почувствовать желание помочь ей…"
        ],
        "8": [
            "Помочь ей",
            "Забить"
        ],
        "9": [
            "Я попытался спросить \\str[120], хочет ли она, чтобы я помог помыть ей волосы—"
        ],
        "10": [
            "Я попытался спросить \\str[120], хочет ли она, чтобы я помог помыть спину—"
        ],
        "11": [
            "\\nl< >\"Э—?",
            "Ничего, я сама справлюсь! ",
            "\\str[121], ты такой неуклюжий,",
            "ты всё испортишь!\""
        ],
        "12": [
            "Ух… \\str[120] отказала мне.",
            "Похоже, придётся подождать, пока мы станем немного ближе, прежде чем попробовать снова."
        ],
        "13": [
            "\\str[120] взрослеет,",
            "и, наверное, ей не нравится, когда с ней обращаются как с ребёнком.",
            "Лучше не давить…"
        ],
        "14": [
            "После того как \\str[120] аккуратно закончила купаться,",
            "пришла моя очередь принять душ."
        ]
    },
    "2": {
        "0": [
            "\\nl< >\"Начнём с того, что помоем тебе руку...\""
        ],
        "1": [
            "\\str[120] нежно подняла мою руку и поместила её между своими мягкими бёдрами.",
            "Наши тела были покрыты мыльной пеной, ",
            "кожа скользила и приятно соприкасалась друг с другом.",
            "\\w[60]  ",
            "Она слегка сжала ноги, и это мягкое, округлое ощущение",
            "ярко передалось через мою руку."
        ],
        "2": [
            "Не успел я что-либо сказать, как её бёдра начали двигаться — медленно, осторожно, взад-вперёд,",
            "и каждое скольжение делало прикосновение всё отчётливее,",
            "я ощущал лёгкий ритм и тепло её тела,",
            "мягко сжимающего и отпускающего мою руку."
        ],
        "3": [
            "От её внезапного, смелого движения я на мгновение растерялся, не зная, как реагировать.",
            "Но тепло и нежность, окружившие мою руку, мгновенно лишили меня сил вырваться.",
            "В конце концов, я перестал сопротивляться и позволил ей продолжать эту странную «услугу мытья»."
        ],
        "4": [
            "\\nl< >\"Ну как... \\str[121]...♥",
            "Разве не чище, чем просто рукой?\""
        ],
        "5": [
            "Приятно",
            "Странное ощущение"
        ],
        "6": [
            "\\nl< >\"Странное...? ",
            "Тогда... \\str[121], ",
            "научи меня, как нужно правильно~?\""
        ],
        "7": [
            "\\nl< >\"...Странное? А что именно странно? ",
            "Твоя рука ведь уже совсем чистая, верно, \\str[121]?\""
        ],
        "8": [
            "\\nl< >\"Что случилось, \\str[121]? ",
            "Разве не ты сам хотел, чтобы я помогла тебя помыть?\""
        ],
        "9": [
            "\\nl< >\"\\str[121], ты выглядишь не очень довольным... ",
            "Тебе не нравится, как я тебе помогаю? ",
            "Я ведь очень стараюсь~",
            "честно хочу помочь, правда~?\""
        ],
        "10": [
            "\\nl< >\"Приятно? Но ведь я просто мою твоё тело~ ",
            "А ты говоришь, что это приятно... \\str[121],",
            "тебе ведь на самом деле... нравится такое, да♥\""
        ],
        "11": [
            "\\nl< >\"Эхехе♥ \\str[121], ты такой честный мальчик~ ",
            "Теперь мне хочется наградить тебя ещё больше♥\""
        ],
        "12": [
            "\\nl< >\"\\str[121]... ты сейчас издал милый звук? ",
            "Ты ведь обычно дразнишь меня... так что теперь, ",
            "пора тебе почувствовать то же самое♥\""
        ],
        "13": [
            "\\nl< >\"Хе-хе... \\str[121], ты выглядишь немного смущённым... ",
            "Может, мне остановиться~?\""
        ],
        "14": [
            "\\nl< >\"Рука уже вся чистая... теперь очередь переда~ ",
            "\\str[121], повернись ко мне—\""
        ],
        "15": [
            "\"П-постой—э!? Что ты—\"",
            "\\w[30]\\^"
        ]
    },		
  "8": {
        "0": [
            "И так уже столько пены…!",
            "Неужели мне нужно добавить ещё?!"
        ],
        "1": [
            "И так пены уже много...",
            "Стоит добавить немного шампуня?"
        ],
        "2": [
            "Похоже, пузырьки могли бы быть немного пушистее...",
            "Стоит добавить немного шампуня?"
        ],
        "3": [
            "Спросить \\str[120]",
            "Добавить ещё",
            "Хватит"
        ],
        "4": [
            "\\{...Шампунь закончился!"
        ],
        "5": [
            "Похоже, придётся закончить так ",
            "и не забыть пополнить запасы позже..."
        ],
        "6": [
            "И так пены уже более чем достаточно!?",
            "Не стоит тратить шампунь зря—"
        ],
        "7": [
            "Э? Мне правда нужно столько шампуня?",
            "Кожа головы уже начинает щипать—"
        ],
        "8": [
            "Ух, и так столько пены—",
            "этого должно хватить, да~?"
        ],
        "9": [
            "Да, давай сделаем ещё немного пены—"
        ],
        "10": [
            "Ммм, больше пузырьков действительно улучшает настроение—"
        ],
        "11": [
            "Приятная, расслабляющая ванна."
        ],
        "12": [
            "\"...О, точно, я же взял эту штуку раньше.\""
        ],
        "13": [
            "Я аккуратно помыл резиновую уточку и бережно положила её в ванну.",
            "Она тихо плавала на воде — спокойно и мило."
        ],
        "14": [
            "\"Ммм... теперь атмосфера совсем другая.\""
        ],
        "15": [
            "\"Фух... похоже, пора вылезать.\""
        ],
        "16": [
            "\"...Наконец-то избавился от того странного запаха.\""
        ],
        "17": [
            "Я тщательно намывался гелем,",
            "и даже душа будто стала чище..."
        ],
        "18": [
            "Всё чисто — пора вылезать."
        ],
        "19": [
            "\\nl< >\"\\str[121]!? ",
            "Хватит уже играться с шампунем!\""
        ],
        "20": [
            "\\nl< >\"Шампунь так быстро кончается в последнее время—",
            "так это действительно твоя вина, \\str[121]!\""
        ],
        "21": [
            "Ух... \\str[120] отчитала меня."
        ],
        "22": [
            "Я спросил \\str[120], не сможет ли она помочь намыть мне спину—"
        ],
        "23": [
            "\\nl< >\"Хорошо! Секундочку~!\""
        ],
        "24": [
            "\\\nl< >\"Ничего страшного, если я потрусь чуть сильнее, ",
            "правильно,\\str[121]?"
        ],
        "25": [
            "\"А... да, всё нормально.\""
        ],
        "26": [
            "\\nl< >\"Ладно, начинаю—!  \\w[90]",
            "Раз—два—раз—два—!           \\w[120]",
            "Раз—два—раз—два—!           \\w[120]\""
        ],
        "27": [
            "\\str[120] энергично терла мне спину полотенцем.",
            "Сила была небольшой, не больно, но как-то,",
            "это ощущалось, как будто меня вытирают, как грязный пол..."
        ],
        "28": [
            "\\nl< >\"Фух... я устала...    \\w[60]",
            "\\str[121], тебе приятно?\""
        ],
        "29": [
            "Помыть перед...",
            "Похвалить \\str[120]"
        ],
        "30": [
            "\\nl< >\"Переднюю часть... тоже нужно мыть?       \\w[60]",
            "Боже, \\str[121]…          \\w[60]",
            "Ты уже не ребёнок,",
            "тебе правда нужен кто-то, кто будет тебя мыть…?\"",
            "\\w[120]"
        ],
        "31": [
            "Похоже, я немного перестарался…",
            "Лицо \\str[120] полностью покраснело от стыда.",
            "Похоже, придётся подождать, пока мы станем ближе,",
            "прежде чем пробовать это снова."
        ],
        "32": [
            "\\nl< >\"Переднюю часть... тоже нужно мыть?       \\w[60]",
            "Боже, \\str[121]…         \\w[60]",
            "Ты уже не ребёнок, но всё ещё такой избалованный…\""
        ],
        "33": [
            "\\nl< >\"Так... раз \\str[121] больше не ребёнок,               \\w[120]",
            "придётся мыть тебя как взрослого отныне… хорошо?\"       \\w[120]"
        ],
        "34": [
            "\\nl< >\"Хе-хе-хе... В следующий раз,                              \\w[60]",
            "я покажу тебе ещё более умелый способ тереть спину!\"        \\w[120]"
        ]
    },
  "12": {
        "0": [
            "\\str[120] застеснялась и кивнула, а её милое поведение наполнило меня",
            "невыразимым желанием обнять её и заботиться о ней.",
            "Пока я терялся в этих трепетных чувствах,",
            "вдруг снизу поднялось странное, непривычное ощущение..."
        ],
        "1": [
            "\\nl< >\"Ах… \\str[121], твои яйца светятся?\""
        ],
        "2": [
            "\"Да, знаешь, ",
            "у парней яйца всегда светятся, когда они принимают ванну—",
            "\\w[45]\\^"
        ],
        "3": [
            "\\>\"Да, знаешь, ",
            "у парней яйца всегда светятся, когда они принимают ванну—",
            "Н-\\<\\{нет, не может быть!!\"",
            "\\}\\w[60]"
        ],
        "4": [
            "Смотря на внезапный свет, исходящий из моей нижней части,",
            "я был совершенно ошеломлён."
        ],
        "5": [
            "Неужели монстр из Бездны последовал за мной сюда!?",
            "В тот момент, когда эта опасная мысль промелькнула у меня в голове,",
            "я без колебаний отбросил полотенце—"
        ],
        "6": [
            "Ах— это действительно мои яйца светятся—"
        ],
        "7": [
            "\\nl< >\"Ахва, ахвахвахвахвах!     \\w[30]",
            "\\str[121]’s яйца становятся ещё ярче!!?\"   \\w[30]"
        ],
        "8": [
            "《Ритуал Демонического Контракта: ",
            "Абсолютное Проклятие Чистосердечного Человека =",
            "С сегодняшнего дня твоя жизнь — режим Ад》!!",
            "Ты проклят— (Ciallo～(∠・ω< )⌒☆)"
        ],
        "9": [
            "В тот момент",
            "слова той наглой маленькой демонической продавщицы",
            "пронеслись у меня в голове."
        ],
        "10": [
            "Так вот что означало проклятие!?",
            "Эта чертова дерзкая демонесса—!!!"
        ],
        "11": [
            "\\c[2]Когда эмоции достигли апогея, я издал беззвучный рёв.",
            "Свет, вырывающийся снизу, быстро распространился,",
            "поглощая всё пространство в мгновение ока—"
        ],
        "12": [
            "\\nl< >\"\\str[121] превращается в свет!!?\""
        ],
        "13": [
            "В чисто-белой пустоте, где ничего не было видно,",
            "я полностью перестал думать."
        ]
    }	
}