{
    "1": {
        "name": [
            " Твёрдодеревянный меч"
        ],
        "subtitle": "",
        "description": [
            "Говорят, герой тоже начинал своё",
            "путешествие из начальной деревни с деревянным мечом.",
            "Это стало примером, которому стремятся следовать многие авантюристы"
        ],
        "ability": [
            "Наносит дополнительный урон, когда оружие близко к поломке"
        ]
    },
    "2": {
        "name": [
            " Твёрдодеревянная палка"
        ],
        "subtitle": "",
        "description": [
            "Отличной формы крепкая деревянная палка, ",
            "идеальна для детей, а ещё вполне годится как оружие"
        ],
        "ability": [
            "Наносит дополнительный урон, когда оружие близко к поломке"
        ]
    },
    "3": {
        "name": [
            "Топор для пиломатериалов"
        ],
        "subtitle": "",
        "description": [
            "Надёжный спутник для авантюристов и первопроходцев, исследующих",
            "леса. Однако, поскольку он не предназначен для боя,",
            "в битве на него лучше лишний раз не полагаться"
        ],
        "ability": [
            "Наносит повышенный урон деревьям"
        ]
    },
    "4": {
        "name": [
            " Сжатый кулак"
        ],
        "subtitle": "",
        "description": [
            "Оружия нет? Тогда обрушь град ударов кулаками!",
            "Палочка-выручалочка, но заряд духа в кулаке — это серьёзно",
            "Зачем оружие, если кулаки справятся?"
        ],
        "ability": [
            "Урон от ударов зависит от макс. ОЗ!"
        ]
    },
    "5": {
        "name": [
            "Рыцарский меч"
        ],
        "subtitle": "",
        "description": [
            "Оружие, которым отец пользовался в юности,",
            "бережно хранимое; похоже, выдавалось придворным рыцарям"
        ],
        "ability": [
            "Когда ОЗ<\\c[10]30%\\c[0], атака этого оружия удваивается"
        ]
    },
    "6": {
        "name": [
            "Посох Лавы"
        ],
        "subtitle": "",
        "description": [
            "Посох из вулканических минералов, легко",
            "концентрирует стихию огня. Однако малейшая ошибка",
            "может вызвать взрыв и поглотить владельца"
        ],
        "ability": [
            "Удерживайте ПКМ, чтобы сотворить \\c[27]Багровый Лотос — Метеор\\c[0]"
        ]
    },
    "7": {
        "name": [
            "Ледяной посох"
        ],
        "subtitle": "",
        "description": [
            "Посох из магических кристаллов, выпускает широкую волну",
            "мороза. Очень трудно контролировать. Кажется, рука мёрзнет"
        ],
        "ability": [
            "Удерживайте ПКМ, чтобы сотворить \\c[27]Ледяное заклятие\\c[0]"
        ]
    },
    "8": {
        "name": [
            "Странное перо"
        ],
        "subtitle": "",
        "description": [
            "Перо странной птицы. Крайне лёгкое и способно",
            "лёгким взмахом сбить кого-нибудь с ног"
        ],
        "ability": [
            "Скорость движения повышается при Вихревом разрезе",
            "После набора скорости вращения входит в режим парения и не падает"
        ]
    },
    "9": {
        "name": [
            "Рыцарский меч"
        ],
        "subtitle": "",
        "description": [
            "Оружие, выдаваемое дворцовым рыцарям.",
            "Они символизируют путь защиты для рыцарей"
        ],
        "ability": [
            "Когда ОЗ<\\c[10]30%\\c[0], атака этого оружия удваивается"
        ]
    },
    "10": {
        "name": [
            "Серебряный меч"
        ],
        "subtitle": "",
        "description": [
            "Двуручный меч, будто выкованный из серебра,",
            "сияет ослепительно. Поверхность холодно и твёрдо блестит,",
            "хотя истинный материал неизвестен"
        ],
        "ability": [
            "Если ОЗ падают ниже \\c[29]400\\c[0], полный потенциал оружия ограничен!"
        ]
    },
    "11": {
        "name": [
            " Тяжёлая кувалда"
        ],
        "subtitle": "",
        "description": [
            "Громоздкий деревянный молот",
            "Удар по голове точно оставит головокружение!"
        ],
        "ability": [
            "33% шанс наложить оглушение при атаке",
            "Если ОЗ падают ниже \\c[29]400\\c[0], полный потенциал оружия ограничен!"
        ]
    },
    "12": {
        "name": [
            "Бейсбольная бита"
        ],
        "subtitle": "",
        "description": [
            "Металлическая бита. Говорят, предназначена для спорта, ",
            "но людей ею тоже бить удобно."
        ],
        "ability": [
            "Повышенная прочность!",
            "Урон по отбитым снарядам умножается"
        ]
    },
    "13": {
        "name": [
            "Гнилая рыбья кость"
        ],
        "subtitle": [
            "\"Воняет ужасно, выбрось это!\""
		],
        "description": [
            "Остались кости от большой рыбины, на них гниёт мясо,",
            "источая невыносимую вонь"
        ],
        "ability": [
            "66% шанс наложить яд при атаке",
            "Запах настолько мерзкий, что даже монстры бегут!"
        ]
    },
    "14": {
        "name": [
            "Клешня гигантского краба"
        ],
        "subtitle": "",
        "description": [
            "Огромная клешня краба, сжимает крепко и не отпускает",
            "Если что-то схватит — удачи отцепить"
        ],
        "ability": [
            "При броске вцепляется в цель, нанося постоянный урон",
            "Нельзя вернуть, пока цель не погибнет"
        ]
    },
    "15": {
        "name": [
            "Фростмун"
        ],
        "subtitle": [
		    "\"Лизнул клинок — язык прилип… Так холодно, так больно!\"",
			"\"\\str[121], не лижи всё подряд!\""
		],
        "description": [
            "Магический меч изо льда; одно лишь присутствие пробирает холодом"
        ],
        "ability": [
            "50% шанс наложить заморозку при атаке"
        ]
    },
    "16": {
        "name": [
            "Протекающий электрический меч"
        ],
        "subtitle": [
            "\"Зззап... зззап...!\""		
		],
        "description": [
            "Проклятый меч, полный дикой энергии, но всё ещё неисправный",
            "Осторожно — может шибануть и владельца"
        ],
        "ability": [
            "50% шанс наложить состояние Молния при атаке"
        ]
    },
    "17": {
        "name": [
            "Солнечные блик"
        ],
        "subtitle": [
            "\"\\str[121], он страшный, пожалуйста, не держи его.\""		
		],
        "description": [
            "Магический меч, впитавший солнечную энергию со временем.",
            "Кажется, особенно эффективен против некоторых монстров"
        ],
        "ability": [
            "40% шанс наложить поджог при атаке"
        ]
    },
    "18": {
        "name": [
            "Костяной топор орка"
        ],
        "subtitle": "",
        "description": [
            "Большой топор из костей поверженных врагов. Не очень",
            "острый, и орки часто предпочитают бросать его, нежели",
            "использовать в ближнем бою"
        ],
        "ability": [
            "Наносит дополнительный урон при броске"
        ]
    },
    "19": {
        "name": [
            "Ничирин"
        ],
        "subtitle": "",
        "description": [
            "Копия, выкованная в подражание запретному пылающему демоническому",
            "мечу из мифа. Естественно, призвать выжигающее землю ",
            "пламя ада, как истинный оригинал, он не способен."
        ],
        "ability": [
            "Иногда призывает метеор, бьющий по случайной точке при атаке"
        ]
    },
    "20": {
        "name": [
            "Меч из ржавого железа"
        ],
        "subtitle": "",
        "description": [
            "Старый железный меч, покрытый ржавчиной, давно утратил остроту",
            "С другой стороны, сама коррозия опасно смертоносна..."
        ],
        "ability": [
            "15% шанс наложить яд при атаке",
            "Всегда накладывает яд на кровоточащие цели"
        ]
    },
    "21": {
        "name": [
            "Из ада"
        ],
        "subtitle": [
            "\"Эта штука жаждет крови...\""		
		],
        "description": [
            "Одно из орудий печально известного серийного убийцы,",
            "с головы до ног в крови"
        ],
        "ability": [
            "45% шанс наложить кровотечение при атаке"
        ]
    },
    "22": {
        "name": [
            "Кузнечный молот"
        ],
        "subtitle": [
        ],
        "description": [
            "Тяжёлый молот, которым кузнецы когда-то ковали металл",
            "Теперь он в чьих-то руках и используется для всякой дичи"
        ],
        "ability": [
            "Удар по оружию, лежащему на наковальне, ремонтирует его",
            "Снятие этого молота также рассеивает призванную наковальню"
        ]
    },
    "25": {
        "name": [
            "Песнь Приливного змея"
        ],
        "subtitle": "",
        "description": [
            "Посох из влажных магических кристаллов, он всегда мокрый",
            "Истинную силу раскрывает лишь при использовании воды как проводника",
            "что довольно неудобно!"
        ],
        "ability": [
            "Заклинания рядом с водой усиливаются",
            "Удерживайте ПКМ, чтобы сотворить Рябь‑удар"
        ]
    },
    "24": {
        "name": [
            "Топор штормового орка"
        ],
        "subtitle": "",
        "description": [
            "Двуручный топор орка, настроенного на силу природы.",
            "Каждый взмах рвёт землю и поднимает воющий ветер"
        ],
        "ability": [
            "Иногда высвобождает порыв ветра при атаке",
            "Если ОЗ падают ниже \\c[29]400\\c[0], полный потенциал оружия ограничен!"
        ]
    },
    "26": {
        "name": [
            "Звездная ночь"
        ],
        "subtitle": "",
        "description": [
            "Посох, украшенный камнями, сверкающими как Млечный Путь.",
            "Обладает силой создавать мощное гравитационное поле,",
            "затягивающее незваных в глубины тьмы"
        ],
        "ability": [
            "Удерживайте ПКМ, чтобы сотворить Чёрную дыру"
        ]
    },
    "27": {
        "name": [
            "Лезвие из токсичных спор"
        ],
        "subtitle": "",
        "description": [
            "Тонкий меч, выпадающий с Грибов-Ходунов. Его тупое лезвие",
            "покрыто токсичными спорами, обеспечивая яд при каждом ударе",
            "Хотя прочность невысока, токсины делают его крайне эффективным"
        ],
        "ability": [
            "Атаки имеют 50% шанс наложить яд"
        ]
    },
    "30": {
        "name": [
            "Канесада"
        ],
        "subtitle": "",
        "description": [
            "Любимая катана, сопровождавшая девушку на пути к вершине",
            "мастерства меча — не покидала её ладоней даже во сне",
            "Остра она или нет — остаётся свидетелем её пути"
        ],
        "ability": [
            "Сильно усиливает эффекты всех изученных навыков"
        ]
    },
    "35": {
        "name": [
            "Клайом Соле"
        ],
        "subtitle": [
            "\"А? Я ничего не вижу! Это что, не рукоять меча!?\""		
		],
        "description": [
            "Благословённый светом клинок преломляет свет, становясь невидимым",
            "Оттого он бритвенно-остёр, а при нужде высвобождает сияние"
        ],
        "ability": [
            "Атаки полностью игнорируют защиту цели"
        ]
    },
    "36": {
        "name": [
            "Тирфинг"
        ],
        "subtitle": "",
        "description": [
            "Искусственно созданный магический меч с клинком из манакристаллов.",
            "Каждый взмах выпускает осязаемую волну клинка. Для мастеров",
            "меча — оружие, значительно усиливающее их мощь"
        ],
        "ability": [
            "Атаки создают волны клинка, наносящие урон"
        ]
    },
    "40": {
        "name": [
            "Молоток для борьбы с издевательствами"
        ],
        "subtitle": [
		    "\"НЕТ БОЛЬШИНСТВУ!!!\""
		],
        "description": [
            "Оружие, рождённое, чтобы карать злых авантюристов. ",
            "Хотя это всего лишь игрушечный молот, получить по голове всё равно больно."
        ],
        "ability": [
            "Наносит отдачу-урон, если использовать во зло",
            "Чем ниже значение Греха, тем выше его урон"
        ]
    },
    "42": {
        "name": [
            "Ручная коса Дена"
        ],
        "subtitle": [
		    "\"Запоминай, Вихревой разрез применяется вот так! \""
		],
        "description": [
            "Коса с короткой рукоятью чужака со страшным дизайном",
            "и волей, живущей внутри. Слишком долгое обращение",
            "может породить странные голоса в голове"
        ],
        "ability": [
            "Автоматически возвращается в руку после броска и попадания",
            "Поймав вернувшееся оружие, можно бросить снова"
        ]
    },
    "51": {
        "name": [
            "Мороженое со смешанным вкусом"
        ],
        "subtitle": "",
        "description": [
            "Съедобное оружие, заботливо изготовленное Канбан Мусумэ из NLCH",
            "Эскимо с тремя вкусами — шоколад, сливки и клубника",
            "Освежает и вкусно! Но съешь до того, как растает..."
        ],
        "ability": [
            "Может быть съедено при атаке...",
            "Тает и со временем исчезает, если экипировано..."
        ]
    },
    "52": {
        "name": [
            "Единица 2"
        ],
        "subtitle": "",
        "description": [
            "Средство связи, купленное в подозрительном магазине.",
            "Просто крикни 'Огонь!' — и откуда-то придёт снайперская поддержка.",
            "Но за телефонный счёт платить придётся самому"
        ],
        "ability": [
            "ЛКМ — вызвать огневую поддержку, 1000 йен за использование",
            "ПКМ — вызвать дальний снайперский выстрел, 500 йен за использование"
        ]
    },
    "53": {
        "name": [
            "Конусообразный меч"
        ],
        "subtitle": "",
        "description": [
            "Съедобное оружие, заботливо изготовленное Канбан Мусумэ из NLCH",
            "Сохраняя боевые свойства оружия, ещё и очень вкусное!"
        ],
        "ability": [
            "Может быть съедено при атаке...",
            "Тает и со временем исчезает, если экипировано..."
        ]
    },
    "54": {
        "name": [
            "Морковный меч"
        ],
        "subtitle": "",
        "description": [
            "Морковь высшего сорта, тайно выращенная Кроличьей Горничной",
            "Напитанная силой камня, разрослась в деликатес, ",
            "так соблазнительный, что Кроличья Горничная могла бы разрыдаться от желания"
        ],
        "ability": [
            "Может быть съедена при атаке...",
            "При броске пронзает и задевает всех на пути"
        ]
    },
    "55": {
        "name": [
            "Морковный меч"
        ],
        "subtitle": "",
        "description": [
            "Морковь высшего сорта, тайно выращенная Кроличьей Горничной",
            "Напитанная силой камня, разрослась в деликатес, ",
            "так соблазнительный, что Кроличья Горничная могла бы разрыдаться от желания"
        ],
        "ability": [
            "40% шанс наложить заморозку при атаке",
            "При броске пронзает и задевает всех на пути"
        ]
    },
    "56": {
        "name": [
            "Морковный меч"
        ],
        "subtitle": "",
        "description": [
            "Морковь высшего сорта, тайно выращенная Кроличьей Горничной",
            "Напитанная силой камня, разрослась в деликатес, ",
            "так соблазнительный, что Кроличья Горничная могла бы разрыдаться от желания"
        ],
        "ability": [
            "40% шанс наложить яд при атаке",
            "При броске пронзает и задевает всех на пути"
        ]
    },
    "57": {
        "name": [
            "Морковный меч"
        ],
        "subtitle": "",
        "description": [
            "Морковь высшего сорта, тайно выращенная Кроличьей Горничной",
            "Напитанная силой камня, разрослась в деликатес, ",
            "так соблазнительный, что Кроличья Горничная могла бы разрыдаться от желания"
        ],
        "ability": [
            "При броске насильно кормит цель"
        ]
    },
    "58": {
        "name": [
            "Морковный меч"
        ],
        "subtitle": "",
        "description": [
            "Морковь высшего сорта, тайно выращенная Кроличьей Горничной",
            "Напитанная силой камня, разрослась в деликатес, ",
            "так соблазнительный, что Кроличья Горничная могла бы разрыдаться от желания"
        ],
        "ability": [
            "При броске насильно кормит цель"
        ]
    },
    "60": {
        "name": [
            "Банан?"
        ],
        "subtitle": [
            "\"Это точно банан...?\""		
		],
        "description": [
            "Очищенный банан, держать нужно осторожно"
        ],
        "ability": [
            "На большой скорости банан легко вылетает из руки... Ик!?"
        ]
    },
    "61": {
        "name": [
            "Гигантская улитка-пылесос"
        ],
        "subtitle": "",
        "description": [
            "Пылесос из панциря гигантской улитки",
            "Модифицированный поток воздуха для мощного всасывания"
        ],
        "ability": [
            "Удерживайте кнопку мыши, чтобы подтягивать предметы ближе"
        ]
    },
    "62": {
        "name": [
            "Остатки древних деревьев"
        ],
        "subtitle": "",
        "description": [
            "Странное древковое оружие, добытое из ствола древнего дерева,",
            "твёрдое, но полное жизненности — всё ещё растёт"
        ],
        "ability": [
            "Победа над врагами автоматически чинит прочность оружия",
            "Излишняя прочность даёт +1 к атаке за каждый 1% сверх максимума"
        ]
    },
    "63": {
        "name": [
            "Паразитический клинок"
        ],
        "subtitle": "",
        "description": [
            "Меч, веками поглощаемый деревом, где металл и жизнь",
            "слились в загадочной гармонии. Клинок пульсирует, будто",
            "дышит, излучая владельцу странное тепло"
        ],
        "ability": [
            "Восстанавливает \\c[29]${Math.floor(1.2*$gameParty.leader().paramPlus(2))}\\c[0] ОЗ владельцу при добивании врага"
        ]
    },
    "70": {
        "name": [
            "Древняя слава"
        ],
        "subtitle": [
            "\"Высвободи Золотую Силу ⬆⬆⬇⬇⬅⮕⬅⮕\""
        ],
        "description": [
            "Ослепительный золотой демонический меч, одна из реликвий ",
            "Администратора Мира. Некогда тот человек владел им, ",
            "сражаясь в Бездне трое суток без отдыха"
        ],
        "ability": [
            "Высвобождает свою силу при вводе секретной команды"
        ]
    },
    "80": {
        "name": [
            "Большой меч из ивовых листьев"
        ],
        "subtitle": "",
        "description": [
            "\"Рви листья, разбрасывай цветы, рани врагов\"",
            "Очень острый двуручник в форме ивовых листьев"
        ],
        "ability": [
            "Иногда выпускает шурикены-листья ивы при атаке"
        ]
    },
    "81": {
        "name": [
            "Зараженный клинок"
        ],
        "subtitle": [
            "\"Уф, слизь всё ещё шевелится... Такая мерзость!!\""		
		],
        "description": [
            "Двуручный меч, заражённый живучей, жаждущей жизни слизью",
            "Жажда жизненной силы делает слизь крайне агрессивной"
        ],
        "ability": [
            "Наносит дополнительный урон кровоточащим врагам",
            "Высасывает кровь, если цель умерла в кровотечении"
        ]
    },
    "101": {
        "name": [
            "Лук из твердой древесины"
        ],
        "subtitle": "",
        "description": [
            "Длинный лук из твёрдой древесины",
            "Стреляет стрелами, но показатели весьма средние"
        ],
        "ability": [
            "Зажмите ПКМ, чтобы зарядить и выпустить \\c[27]Пронзающую стрелу\\c[0]",
            "Пронзающая стрела теряет урон за каждую пробитую цель"
        ]
    },
    "102": {
        "name": [
            "Лук охотника"
        ],
        "subtitle": "",
        "description": [
            "Композитный длинный лук, снижающий усилие натяжения",
            "Меньше урон, зато проще быстрая стрельба"
        ],
        "ability": [
            "+Скорость атаки, -20% урона, -20% потерь прочности",
            "Зажмите ПКМ, чтобы зарядить и выпустить \\c[27]Пронзающую стрелу\\c[0]"
        ]
    },
    "103": {
        "name": [
            "Облако на закате"
        ],
        "subtitle": "",
        "description": [
            "Магический лук, наполненный огненной энергией",
            "Не только поджигает врагов, но и стреляет взрывными стрелами"
        ],
        "ability": [
            "Зажмите ПКМ, чтобы зарядить и выпустить \\c[27]Взрывную стрелу\\c[0]",
            "Взрывная стрела взрывается при попадании"
        ]
    },
    "104": {
        "name": [
            "Снежный дозор"
        ],
        "subtitle": "",
        "description": [
            "Магический лук, покрытый льдом. Стреляет ледяными стрелами",
            "и может замораживать широкую область заряженным выстрелом"
        ],
        "ability": [
            "Зажмите ПКМ, чтобы зарядить и выпустить \\c[27]Ледяную стрелу\\c[0]",
            "Ледяная стрела замораживает цель при попадании"
        ]
    },
    "105": {
        "name": [
            "Чидори"
        ],
        "subtitle": "",
        "description": [
            "Золотой лук, способный призывать гром,",
            "назван за жужжание, напоминающее молнию",
            "Однако будьте осторожны — он очень проводящий"
        ],
        "ability": [
            "Зажмите ПКМ, чтобы зарядить и выпустить \\c[27]Громовую стрелу\\c[0]"
        ]
    },
    "106": {
        "name": [
            "Адская гончая Проклятый лук"
        ],
        "subtitle": "",
        "description": [
            "Порождение Бездны, этот странной формы лук может",
            "стрелять несколькими стрелами одновременно. Однако",
            "этот жуткий магический лук запечатан, истинная сила не раскрыта"
        ],
        "ability": [
            "Зажмите ПКМ, чтобы зарядить и выпустить \\c[27]Пронзающую стрелу\\c[0]"
        ]
    },
    "107": {
        "name": [
            "Кровавая охота"
        ],
        "subtitle": "",
        "description": [
            "Окровавленный длинный лук.",
            "Каждое натяжение оставляет тетиву влажной от крови владельца,",
            "пока стрела не вернётся со слащею данью"
        ],
        "ability": [
            "Зажмите ПКМ, чтобы зарядить и выпустить \\c[27]Кровавую пронзающую стрелу\\c[0]",
            "Расходует ОЗ для усиления выстрелов. Убившая стрела истощает кровь"
        ]
    }
}