{
    "1": {
        "0": [
            "Manchu Han Banquete Imperial..."
        ],
        "1": [
            "Eu to faminta..."
        ]
    },
    "2": {
        "0": [
            "\\nl< >\"\\str[121]! Tem algo que gostaria de comer!?\""
        ],
        "1": [
            "Hoje ela está sendo muito afobada—",
            "o que eu deveria pedir?"
        ],
        "2": [
            "Comer você!",
            "Prato com carne!",
            "Prato com vegetais!",
            "Qualquer coisa"
        ],
        "3": [
            "\\nl< >\"Geez~ Eu não sou comida não garoto!          \\w[90]",
            "Se \\str[121] não tem nada de especial em mente, ",
            "eu mesma vou escolher o cardápio!\""
        ],
        "4": [
            "\\nl< >\"Ehehe~ \\str[121]!",
            "você finalmente entendeu quão delicioso carne é!\""
        ],
        "5": [
            "\\nl< >\"Espera só,",
            "Eu vou fazer um bifão gigante!\""
        ],
        "6": [
            "\\nl< >\"Mas… nós nem temos ingredientes o suficiente…",
            "Eu provavelmente terei que fazer outra coisa hoje.\""
        ],
        "7": [
            "\\nl< >\"Isso não é bem minha coisa favorita…     \\w[120]",
            "mas se o \\str[121] disse que quer, eu vou fazer o meu melhor!\""
        ],
        "8": [
            "\\nl< >\"Então \\str[121], apenas sente confortavelmente ",
            "na mesa e espere a comida ficar pronta!\"        \\w[120]"
        ]
    },
    "5": {
        "0": [
            "O que vamos fazer pra comer hoje~"
        ]
    },
    "10": {
        "0": [
            "É tão raro tomar café da manhã com a \\str[120].",
            "Eu vou caprichar!"
        ],
        "1": [
            "Eu fiz um café da manhã simples com",
            "Ingredientes que sobraram."
        ],
        "2": [
            "\"Ooh—!? Está brilhando—! Parece maravilhoso!\""
        ],
        "3": [
            "Sucesso Culinário!    \\w[30]",
            "Foi tão delicioso que recuperei toda a minha energia!"
        ],
        "4": [
            "\"Estou me sentindo ótimo hoje, parece muito gostoso…\""
        ],
        "5": [
            "Eu terminei o café da manhã silenciosamente",
            "Estou me sentindo um pouco mais energizado."
        ],
        "6": [
            "Droga!    \\w[30]",
            "Tá um pouco queimado…"
        ],
        "7": [
            "Eu tomei um café da manhã com gosto esquisito,",
            "e eu não me sinto nada satisfeito…"
        ],
        "8": [
            "Aaaah————    \\w[30]",
            "Tá tudo queimado!"
        ],
        "9": [
            "Meu café da manhã virou um amontoado de carvão, ",
            "eu provei e não tem gosto nenhum…"
        ],
        "10": [
            "Está quase na hora de sair…",
            "Eu deixei um bilhete para a \\str[120]",
            "então deve ficar tudo bem."
        ]
    },
    "12": {
        "0": [
            "…Sentimento que eu vi algo familiar."
        ],
        "1": [
            "Ugh… Eu quero um pouco de carne…"
        ],
        "2": [
            "O que de gostoso devemos adicionar~"
        ],
        "3": [
            "Hoje vai ter peixe!"
        ],
        "4": [
            "\\str[121]!? Isso sequer é comestível!?"
        ],
        "5": [
            "Sem coisas apimentadas!"
        ],
        "6": [
            "…Eu odeio verduras."
        ],
        "7": [
            "Bife de Hambúrger~",
            "    Bife de Hambúrger~"
        ],
        "8": [
            "Isso é algo que dá pra comer?"
        ],
        "9": [
            "Um prato Agridoce de carne… \n",
            "Parece muito gostoso?"
        ]
    },
    "13": {
        "0": [
            "Falha…  \\w[60]",
            "\\str[120] e eu tivemos que nos forçar a  ",
            "comer esse troço estranho que eu fiz…"
        ],
        "1": [
            "Comi um ótimo prato baseado em carne com a \\str[120]."
        ],
        "2": [
            "Tive um ótimo jantar com a \\str[120]."
        ],
        "3": [
            "Mas estava tão apimentado que a \\str[120] começou a chorar na hora…"
        ],
        "4": [
            "Além disso, estava tão apimentado que a \\str[120] começou a chorar na hora…"
        ]
    },
    "17": {
        "0": [
            "\\nl< >\"\\str[121]… ",
            "você tirou toda essa catinga do teu corpo?",
            "Não volta com essa catinga nunca mais.\""
        ]
    },
    "18": {
        "0": [
            "\\nl< >\"Aqui, \\str[121]!    \\w[60]",
            "Aaah————\""
        ],
        "1": [
            "………Eh? Déjà vu?",
            "Essa cena me parece tão famíliar…!"
        ],
        "2": [
            "\"Eu mesmo vou me alimentar————",
            "\\w[60]\\^"
        ],
        "3": [
            "\\nl< >\"Geez, \\str[121]!",
            "Você é um paciente machucado agora, não lembra?!\""
        ],
        "4": [
            "\"Ah, tudo bem.\""
        ],
        "5": [
            "Derrotado pela determinação da \\str[120],",
            "Eu comi obedientemente a coisa desconhecida que ela me deu."
        ],
        "6": [
            "\\{  \"Pff!?\""
        ],
        "7": [
            "O susto com aquela explosão tão familiar na minha boca,",
            "talvez eu tenha me acostumado.",
            "Eu nem desmaiei dessa vez."
        ],
        "8": [
            "\\nl< >\"E aí, como estava \\str[121]? Tava gostoso?\""
        ],
        "9": [
            "\"O gosto, umm, é meio que————\""
        ],
        "10": [
            "Uma onda de calor subiu de repente do meu estômago!",
            "Todo o meu cansaço simplesmente desapareceu!"
        ],
        "11": [
            "\"…Huh? Isso meio que realmente parece bom?\""
        ],
        "12": [
            "\\nl< >\"Yay, parece que meu treino está dando resultados!\""
        ],
        "13": [
            "Que tipo de treino ela fez?",
            "Eu estava curioso, mas não tive coragem pra perguntar…"
        ]
    },
    "21": {
        "0": [
            "Eu não tenho uma receita pra seguir no momento… ",
            "será que eu devo inventar alguma coisa?"
        ],
        "1": [
            "\\str[120] vai cozinhar",
            "\\str[121] vai cozinhar"
        ],
        "2": [
            "\\nl< >\"Me desculpa,\\str[121]...       \\w[60]",
            "Eu ainda estou treinando, na próxima vez deixa que eu cuido disso!\""
        ],
        "3": [
            "…Parece que a \\str[120] está dando o seu máximo ",
            "pra aprender a cozinhar.",
            "Bem, eu acho que eu mesmo vou ter que fazer o jantar."
        ],
        "4": [
            "\\nl< >\\{\"\\str[121]!",
            "você quer comer a comida que eu preparei!?\""
        ],
        "5": [
            "\\nl< >\"Meu Deus, Eu realmente não posso dizer não pra você~\""
        ],
        "6": [
            "\\nl< >\"Deixa comigo! ",
            "Eu estou confiante que eu consigo fazer algo realmente gostoso!\""
        ]
    },
    "22": {
        "0": [
            "\\nl< >\\{\"Nnnnn……!\\w[250] Pesa-do……!  \\w[210]",
            "Hmm hmm……!\"    \\w[210]\\^"
        ],
        "1": [
            "\\nl< >\"Haa…\\w[120] haa…\\w[180] \\str[121]……   \\w[60]",
            "você é tão pesado……!\""
        ],
        "2": [
            "Cheia de determinação, ",
            "\\str[120] arrastou meu corpo arrebentado pra mesa de jantar…"
        ],
        "3": [
            "\\nl< >\"Agora espera aqui só um pouquinho, \\str[121]. ",
            "Eu já volto.\""
        ],
        "4": [
            "Comida feita pela própria \\str[120]… como eu posso colocar isso, ",
            "Eu realmente estou ansioso……",
            "Mas pensando nisso, será que ela já cozinhou alguma vez…?"
        ],
        "5": [
            "\\nl< >\"Aqui, \\str[121]!    \\w[60]",
            "Aaah————\""
        ],
        "6": [
            "Começando com essa coisa impossível de identificar na minha frente,",
            "meu corpo todo começou a tremer incontroladamente."
        ],
        "7": [
            "\"Um, querida \\str[120]……    \\w[60]",
            "\\str[121] ainda tem bastante força pra comer sozinho sabe?   \\w[150]",
            "Se você tirar essas bandagens……\"    \\w[20]\\^"
        ],
        "8": [
            "\\nl< >\"Nem pensar! ",
            "Você tá dodoi agora, \\str[121],",
            "você precisa descansar bem descansado!\""
        ],
        "9": [
            "\\nl< >\"Ou talves… ",
            "minha primeira tentativa na cozinha não deu muito certo……?   \\w[120]",
            "Nesse caso, deixa eu provar primeiro…\""
        ],
        "10": [
            "\\{  \"Deixa eu esperimentar! Por favor!\""
        ],
        "11": [
            "Antes que a \\str[120] pudesse reagir,",
            "Eu rapidamente me forcei pra frente e ",
            "abocanhei a colher que ela estava segurando."
        ],
        "12": [
            "\"Mm… chomp chomp chomp—    \\w[60] ",
            "meio que é————     \\w[30]\\^"
        ],
        "13": [
            "\\{  \"Pff!?\""
        ],
        "14": [
            "\\nl< >\"\\str[121]!? O que tem de errado!?\""
        ],
        "15": [
            "Eu senti como se tivesse tomado um refrigerante com muito gas, ",
            "a textura estranha explodiu na minha boca instantaneamente, ",
            "antes mesmo de poder reagir, ficou tudo preto…"
        ],
        "16": [
            "\\nl< >\\{  \"Onii-chaaan—!\"",
            "\\w[60]\\^"
        ],
        "17": [
            "Ahh… a comida feita pelas mãos da \\str[120]…",
            "pena que eu não consegui terminar…"
        ]
    }
}
