{
    "2": {
        "0": [
            "Um ar pesado e sufocante preenche a sala pouco iluminada."
        ],
        "1": [
            "\"Cough\\w[30]... cough, cough...\\w[30]\""
        ],
        "2": [
            "Um homem enfraquecido repousa na cama",
            "O fino tecido que o cobre se move levemente com suas ",
            "respirações curtas, como se pudessem parar ",
            "A qualquer momento ."
        ],
        "3": [
            "Mesmo como um garoto ingênuo,",
            "Eu instintivamente senti naquele corpo frágil e pálido",
            "Essa é a aparência de",
            "quando uma vida estava prestes a se apagar."
        ],
        "4": [
            "\"Você provavelmente terá tempos difíceis a diante...\""
        ],
        "5": [
            "Sua voz era rouca e fraca, cada palavra parecia",
            "drenar o pouco de vida restante, saindo forçada",
            "e dolorosamente garganta a fora."
        ],
        "6": [
            "\"Eu sei que isso não é uma coisa que um pai deveria dizer...  \\w[30]",
            "mas ainda espero que você possa me prometer—\""
        ],
        "7": [
            "\"…………？\""
        ],
        "8": [
            "Eu fiquei ali, congelado, atordoado.",
            "Incapaz de processar esse inesperado último desejo.",
            "Minha mente estava completamente em branco."
        ],
        "9": [
            "Ah... essas foram palavras importantes, ",
            "e ainda assim, eu não pude prestar atenção",
            "Eu só consegui olhar fixamente para o rosto do meu pai ",
            "enquanto a luz lentamente o deixava."
        ],
        "10": [
            "\"…Por favor, tome conta dela \\w[30]",
            "de agora em diante, trate-a como sua ○○—"
        ],
        "11": [
            "Sua voz desapareceu como fumaça ao vento, ",
            "muito fraca para terminar suas últimas palavras.",
            "Ele levemente virou sua cabeça em direção ",
            "a um canto sombrio do quarto."
        ],
        "12": [
            "Aquele canto está encoberto de pesadas sombras,",
            "como se estivesse escondendo algo de grande importância ."
        ],
        "13": [
            "Esse homem, que foi meu pai, meu mestre,",
            "deu seu último suspiro naquele momento.",
            "Seus olhos continuavam abertos ",
            "Mas a Luz da Vida já havia o deixado."
        ],
        "14": [
            "Inconscientemente, meus olhos também seguiram o seu ",
            "olhar, encarando aquele canto misterioso—————"
        ]
    },
    "father": [
        "Homem"
    ]
}
