{
  "1": {
        "0": [
            "唔嗯、有点睡不着啊……"
		],
		"1": [
            "胃好痛…是消化不良吗……",
			"果然那个晚饭太勉强了吗……"
        ],
        "2": [
            "哈啊、突然就醒过来了……！"
        ],
		"3": [
            "现在还是半夜、可以再睡一下\\w[30].\\w[30].\\w[30].",
			"要去探望下\\str[120]吗？"
        ],
		"4": [
            "去\\str[120]的房间",
			"还是睡觉吧"
        ],
		"5": [
            "就这么睡到早上吗？"
        ],	
		"6": [
            "睡觉",
			"再等等"
        ],
		"7": [
            "「呜噢噢噢噢噢噢噢噢——！！？」"
        ],
		"8": [
            "什、什么嘛，原来是噩梦而已嘛…"
        ],
		"9": [
            "吓死我了…感觉看见了非常可怕的\\str[120]。"
        ],		
		"10": [
            "……得去看看\\str[120]的情况呀。",
			"万一刚才那个梦——"
        ],	
		"11": [
            "是啊、刚刚做了那么可怕的梦…",
			"还是早点休息比较好……"
        ]		
    },
  "2": {
        "0": [
            "\\c[10]——检测到来自\\str[1]版本的数据更新请求。  \\w[60]",
			"是否现在进行自动更新？"
		],
		"1": [
            "开始更新",
			"算了吧"
        ],
        "2": [
            "……已经早晨了吗、总感觉做了什么关于\\str[120]的梦啊、",
            "但已经想不起来了……"
        ],
        "3": [
            "已经早晨了吗、感觉没怎么睡好呀……"
        ],
        "4": [
            "啊啊——已经早上了吗、睡得真舒服。"
        ],
        "5": [
            "今天天气不错…\\w[45]嘛啊？感觉好像阳光有点强过头了？"
        ],
        "6": [
            "今天天气不错嘛。"
        ],
        "7": [
            "天气看起来不是很好啊。"
        ],
        "8": [
            "在下雨吗？希望不会影响到去冒险啊…"
        ],
        "9": [
            "有好几天没看望过\\str[120]了，",
			"今天还是去看一眼吧…"
        ],
        "10": [
            "已经起床了、接下来怎么安排呢——"
        ],
        "11": [
            "看望\\str[120]",
			"赶紧出发"
        ],
        "12": [
            "好、去看看下\\str[120]的情况吧！"
        ],
        "13": [
            "好、一鼓作气整顿好去冒险吧！"
        ]		
    },
  "4": {
        "0": [
            "「……哈啊！？\\w[60]……诶\\w[60]、已经早上了……？」"
		],
		"1": [
            "头感觉昏昏沉沉的、昨晚我就这么睡着了吗……"
        ],
		"2": [
            "「想不起昨晚发生了什么事情……   \\w[90]",
			"算了、大概只是太疲劳了吧。」"
        ]
    }		
}