{
  "3": {
        "0": [
            "……\\str[120]还睡得正熟，要做什么吗？"
		],
		"1": [
            "叫起床",
			"摸摸头",
			"算了吧"
        ],
        "2": [
            "偶然得到的红髓液似乎让\\str[120]的体质有所改善，",
            "但我还是不禁担心药效可能只能维持很短的时间……"
        ],
        "3": [
            "我轻轻地揉了揉\\str[120]的脸。可能是觉得有点痒，",
            "\\str[120]立刻露出一副努力忍耐的表情。 "
        ],
        "4": [
            "\\nl< >「唔ー……嗯嗯……」"
        ],
        "5": [
            "「已经早上了噢。起得了床吗？」"
        ],	
        "6": [
            "\\str[120]因为体质的原因，早上总是睡不醒，",
			"还是不要勉强她起床了吧……？"
        ],	
        "7": [
            "继续叫醒",
			"算了吧"
        ],	
        "8": [
            "\\nl< >「唔喵……」",
			"\\nl< >「——\\str[121]……」",
			"\\nl< >「唔ー……嗯嗯……」"
        ],
        "9": [
            "\\str[120]只是嘟囔了几声依旧睡得香甜。",
			"这种事情不宜操之过急，还是让\\str[120]继续睡吧…"
        ],	
        "10": [
            "轻轻摸了摸\\str[120]的头。"
        ],
        "11": [
            "……差不多该去准备早餐了。"
        ]		
    },
  "4": {
        "0": [
            "「感觉怎么样？没有在勉强自己吧？」"
		],
        "1": [
            "\\nl< >「唔喵…\\w[180]没问题yiiiiii——」\\w[30]\\^"
		],
        "2": [
            "「小心！\\w[45]真是的、\\w[45]",
			"这不还是没睡醒嘛？」"
		],
        "3": [
            "「喂~还是清醒不过来吗？",
			"那\\str[121]要动真格的咯~？」"
		],
        "4": [
            "\\nl< >「姆姆姆…」"
		],
        "5": [
            "「那么————」"
		],
        "6": [
            "「感觉清醒多了吧？」"
		],
        "7": [
            "\\nl< >「呜诶诶…\\str[121]……有好多个……」"
		],
        "8": [
            "「感觉还是不舒服的话先来去洗洗脸吧。」"
		],
        "9": [
            "\\nl< >「就这样背我过去嘛…\\str[121]……」"
		],	
        "10": [
            "哎呀，看起来捉弄得有点过头了…",
			"\\str[120]还是一副头晕目眩的模样。"
		],
        "11": [
            "「转吧转吧转吧转吧转吧转吧转吧~！」"
		],
        "12": [
            "\\nl< >「骨碌骨碌骨碌骨碌骨碌骨碌骨碌~！」"
		],
        "13": [
            "\\nl< >「呜诶诶诶诶~~~~」  \\w[120]"
		],
        "14": [
            "\\str[120]一阵头晕目眩，跌回了床上……",
			"诶？难道刚才的恶作剧有点过头了？"
		],	
        "15": [
            "见她连起床的力气都没有，",
			"我也只好作罢，不再勉强。"
		],	
        "16": [
            "「……差不多该去准备早餐了。」"
		]			
    },
  "6": {
        "0": [
            "好辣…好痛…"
		],
        "1": [
            "\\nl< >「呜呜呜…嘴好辣……好痛……呜呜呜……」"
		],
        "2": [
            "\\str[120]被辣得难受地趴在床上，",
			"要赶紧为\\str[120]做点什么才好呀…"
		],
        "3": [
            "摸摸头",
			"摸摸屁股",
			"准备饮料"
		],
        "4": [
            "心疼地摸了摸\\str[120]的头，",
			"不知道这会不会让她更舒服一些…"
		],
        "5": [
            "\\nl< >「呜呜呜…头也感觉痛起来了哟…」"
		],	
        "6": [
            "\\nl< >「呜诶诶诶…」"
		],
        "7": [
            "好像没什么效果啊…"
		],	
        "8": [
            "心疼地摸了摸\\str[120]的屁股，",
			"不知道这会不会让她更舒服一些…"
		],
        "9": [
            "\\nl< >「呜呜呜…\\str[121]…」"
		],	
        "10": [
            "\\nl< >「呜诶诶…屁股也痛起来了…」"
		],
        "11": [
            "急忙翻找了下，终于找到了一瓶\\ii[\\v[85]]！"
		],	
        "12": [
            "「有\\ii[\\v[85]]噢、要喝吗……？」"
		],
        "13": [
            "\\nl< >\\{  「要喝！！」"
		],
        "14": [
            "\\str[120]用惊人的气势将\\ii[\\v[85]]一饮而尽……"
		],
        "15": [
            "急忙翻找了下，但家里好像没什么饮料了……",
			"没办法只好给\\str[120]准备了一杯水。"
		],
        "16": [
            "\\str[120]用惊人的气势将这杯水一饮而尽……"
		],
        "17": [
            "\\nl< >「呜呜呜…嘴巴还是好痛……」"
		],
        "18": [
            "\\nl< >「终于舒服多了…但是舌头还麻麻的。」"
		],
        "19": [
            "\\nl< >「果然辣椒就是敌人…」"
		],	
        "20": [
            "看着\\str[120]还有些红肿的小嘴，感觉有了些奇怪的想法——"
		],	
        "21": [
            "口腔检查"
		],
        "22": [
            "\\nl< >「诶诶…不要啦、感觉有点害羞…",
			"\\str[121]会闻到奇怪的味道的！」"
		],
        "23": [
            "\\str[120]拒绝了口腔检查，果然还是要求太奇怪了吗…"
		],
        "24": [
            "总之\\str[120]能恢复过来真是太好了，",
			"下次还是要注意不能做太辣的料理啊……"
		],
        "25": [
            "「没问题的！\\str[121]可是在担心你噢！？",
			"只是很普通的检查而已！」"
		],
        "26": [
            "\\nl< >「检、检查是吗？」"
		],
        "27": [
            "\\str[120]被我炽热的目光盯得更加羞涩，",
			"眼神却充满了温顺与好奇，",
			"红扑扑的脸颊上隐约浮现出一丝期待的神情。"
		],
        "28": [
            "「对啊、要是嘴巴里长泡了可就不好了！」"
		],
        "29": [
            "\\nl< >「我知道了…那……",
			"那你只能看看哦，别做奇怪的事……」"
		],
        "30": [
            "\\nl< >「啊、啊啊————」"
		],
        "31": [
            "\\str[120]没有抵抗下去，顺从地站在我面前抬起头，",
			"慢慢地张开了小嘴，舌尖怯生生地探了出来。"
		],
        "32": [
            "或许是因为吃了太多辛辣的食物，她的舌头格外鲜艳红润，",
			"轻轻颤动着，唾液也因强烈的刺激而分泌得更多了些，",
			"晶莹剔透的水丝顺着她娇嫩的唇角滴落下来。"
		],
        "33": [
            "\\str[120]似乎对这种事情感到既害羞又迷茫，",
			"她的眼神朦胧泛着泪光，",
			"一时间也分不清\\str[120]是不是还在为辣味而感到痛苦。"
		],
        "34": [
            "\\nl< >「哥、\\str[121]———还没好吗？」",
			"\\w[150]"
		],
        "35": [
            "口腔治疗！"
		],
        "36": [
            "见到如此娇嫩诱人的场景，我不自觉地咽了咽口水，",
			"胸口涌起一阵难以抑制的冲动。"
		],
        "37": [
            "「哥、\\str[121]帮你缓解一下噢，很快就不疼了……」"
		],
        "38": [
            "\\nl< >「————诶？」"
		],
        "39": [
            "更像是只是为了说服自己，",
			"我俯下身子更加贴近了\\str[120]的脸庞，",
			"并伸出舌头轻轻触碰上她柔软而娇嫩的舌尖，",
			"缓缓地、温柔地舔舐着。"
		],
        "40": [
            "舌尖相触的瞬间，她小小地惊了一下。",
			"\\str[120]似乎对我的动作感到有些羞涩和困惑，却并未躲避或抗拒",
			"依旧睁着水汪汪的眼睛好奇地看着我。"
		],
        "41": [
            "品尝着\\str[120]柔嫩的舌头和口中的甘美，",
			"我完全忘记了最初的目的，",
			"舌尖的触感与口腔的温度交织出强烈的快意，",
			"让我的动作愈发大胆而贪婪，索取着她更多、更深的甜美气息。"
		],
        "42": [
            "\\str[120]的舌尖似乎渐渐适应了我的动作，",
			"甚至开始小幅度地回应着我，",
			"温顺又羞涩的配合中隐隐透露出某种别样的期待与依恋。"
		],
        "43": [
            "\\nl< >「嗯……哈啊、\\str[121]……」"
		],
        "44": [
            "不知过去了多久，\\str[120]开始渐渐呼吸困难，",
			"手指轻轻抵着我的胸口，发出含糊的呻吟，",
			"直到她因缺氧而小脸变得更加通红，",
			"我才不舍地松开了她的小嘴。"
		],	
        "45": [
            "\\nl< >「哈啊……哈啊……」"
		],	
        "46": [
            "\\nl< >「唔、\\str[121]！你明明说只是检查而已……！」"
		],	
        "47": [
            "尽管话语里带着娇嗔的不满，",
			"但她的表情却并没有真的责备我多少，反而更像是在撒娇。"
		],	
        "48": [
            "「抱歉抱歉，下次一定注意……",
			"不过，舌头是不是已经没那么痛了？」"
		],	
        "49": [
            "\\nl< >「诶……？唔、唔嗯……」"
		],	
        "50": [
            "\\nl< >「不对…！不是这个问题啦！ ",
			"\\w[160]\\^"
		],	
        "51": [
            "\\nl< >\\{",
			"真是的、\\str[121]是笨蛋！」"
		],	
        "52": [
            "\\str[120]逃走了。"
		],	
        "53": [
            "我看着\\str[120]慌乱而羞涩逃离的背影，",
			"舌尖还残留着刚才与她交缠的甜美与湿润，",
			"强烈的快意伴随着无法言说的背德感在内心深处翻涌着，",
			"久久无法散去……"
		]
    },
  "7": {
        "0": [
            "唔嗯————肚子有点饿了呢、",
			"差不多是做晚饭的时间了。"
		],
        "1": [
            "「喂——已经晚上了哟，不能再睡了哦？」"
		],
        "2": [
            "\\nl< >「嗯嗯嗯——\\w[60]再睡一个小时……」"
		],
        "3": [
            "\\str[120]依旧懒洋洋地躺在床上不愿动弹。",
			"哎呀哎呀、这样就没办法了呢…"
		],
        "4": [
            "「啊啊、说起来今晚有炸汉堡肉来着呢——」"
		],
        "5": [
            "\\nl< >「唔……好困——」"
		],	
        "6": [
            "\\nl< >「所以汉堡肉呢！？在哪里呀！？」"
		],
        "7": [
            "「很遗憾、是只能在刚才的梦里见到的——」"
		],	
        "8": [
            "\\nl< >「诶……骗人的吗！？\\str[121]好过分！」"
		]			
    },
  "5": { 
        "0": [
            "我跟随着\\str[120]的脚步来到了客厅，电视已经启动，",
			"\\str[120]也早已像只等待归巢的雏鸟般蜷在沙发中央",
			"双手抱膝着专注地盯着屏幕。"
		],
        "1": [
            "到底是什么动画能让她这么着迷啊……",
			"白天总是不在家的我并不清楚\\str[120]平时都在看什么，",
			"但难得看到\\str[120]兴致勃勃的模样，我也不禁有了好奇心，",
			"最后也坐在了沙发上看向电视。"
		],
        "2": [
            "\\{\\c[27]《星空魔法少女露比！》",
			"第一话！平凡少女与星之奇迹！契约成立！"
		],		
        "3": [
            "\\c[27]平凡的少女露比，成绩普通、运动苦手、没有一丝魔法资质——",
			"但在放学路上却遭遇魔物追击，仓皇逃入死巷！",
			"绝望之中，神秘星灵“诺亚”现身，被她的求生意志所唤醒！",
			"『我想活下去！』在这呐喊中，星光炸裂——命运的契约已成！"
		],	  
        "4": [
            "\\c[27]第一次变身！本能驱动的反击，将魔物击退！",
			"望着星光中的双手，露比呆然失语：『这是……我？』"
		],	  
        "5": [
            "\\nl< >「变身了！好厉害——！那个诺亚也好可爱！星光好漂亮！   \\w[120]",
			"\\str[121]你看呐！小露比之前什么都做不到！",
			"但最后还是被选中变成魔法少女了！」"
		],
        "6": [
            "「啊、是啊……」"
		],
        "7": [
            "……………………",
			"……………………"
		],		
        "8": [
			"这…就变身了？！这就打完了？",
			"魔物契约可都是要命的东西啊……",
			"让这种小孩子去做真的不会被公会投诉的吗……？"
		],
        "9": [
            "我神情凝重地盯着电视屏幕，满脑子困惑不解。",
			"可当我瞥见\\str[120]睁大眼睛、张着嘴，一脸憧憬地看着画面，",
			"最终还是决定乖乖闭嘴，不再多说什么。"
		],
        "10": [
            "「嗯，画面挺闪的。你喜欢就好...」"
		],
        "11": [
            "虽然不太懂剧情讲了什么，",
			"但陪\\str[120]一起享受了一段安静的观影时光！"
		],
        "12": [
            "上次那集动画感觉内容乱七八糟的……",
			"但\\str[120]这么喜欢，应该也不是什么奇怪的动画吧？   \\w[60]",
			"不行！不能光凭片段印象就妄下结论！",
			"我一边这么想着，一边也坐到了沙发上看向了电视。"
		],
        "13": [
            "\\{\\c[27]《星空魔法少女露比！》",
			"第二话！特训开始！暴走魔法大骚动！"
		],		
        "14": [
            "\\c[27]特训开始！",
			"诺亚的特制星光课程让露比吃尽苦头！",
			"从屋顶摔落37次才勉强完成首次自主变身，结果魔力控制完全失控——",
			"教室走廊变成灾难现场，商业街招牌炸成烟花！",
			"\\c[27]面对市民投诉和治安队警告，史上最菜魔法少女的出道首秀，",
		    "究竟能否在诺亚的魔鬼特训下逆袭？！"
		],	  
        "15": [
            "\\nl< >「啊啊……小露比好可怜……    \\w[90]",
			"一定很着急吧……刚得到力量，还不习惯呢。」"
		],	  
        "16": [
            "「嗯、确实看着很让人着急呢……」"
		],	  
        "17": [
            "这个、涉及虐待童工了吧……？",
			"这个星灵诺亚也是……",
			"这种教育方式以前是怎么契约成功魔法少女的……"
		],	  
        "18": [
            "为了不影响到\\str[120]的观感，",
			"我只是默默地在心中吐槽了一遍——"
		],
        "19": [
            "\\{\\c[27]《星空魔法少女露比！》",
			"第三话！烈焰与星火的初次碰撞！"
		],		
        "20": [
            "\\c[27]神秘转学生蕾娜强势登场！",
			"火焰魔法瞬间碾压露比的蹩脚星光！",
			"冷酷眼神中藏着不为人知的惨痛过去——",
			"当优柔寡断的菜鸟遇上杀伐果决的战士！",
			"\\c[27]理念冲突在魔物来袭时彻底爆发！",
		    "这场星与火的配合...真的能成功吗？！"
		],	  
        "21": [
            "\\nl< >「蕾娜好凶……但她好强啊！    \\w[90]",
			"不过、露比需要这样的伙伴吧？      \\w[90]",
			"她们会成为好朋友的吧？」"
		],	  
        "22": [
            "「蕾娜确实很帅气呢……",
			"一定会成为可靠的前辈的。」"
		],	  
        "23": [
            "我一边点头附和着\\str[120]，",
			"一边看着新一集动画中华丽的打斗场面与精巧的动作设计——",
			"老实说，我也开始有点被吸引了。"
		],
        "24": [
            "有点开始期待下一集的内容了！",
			"陪\\str[120]一起享受了一段安静的观影时光！"
		],
        "25": [
            "原本只是随便看看，结果不知不觉就看了好几集……",
			"节奏虽然有点混乱，但设定意外地挺有意思的，   \\w[60]",
			"\\str[120]看得那么认真，好像也有点能理解她的心情了。",
			"接下来会怎么发展呢……我靠在沙发上，不自觉地把注意力投向了屏幕。"
		],
        "26": [
            "\\{\\c[27]《星空魔法少女露比！》",
			"第四话！欢乐祭典下的黑暗低语！"
		],		
        "27": [
            "\\c[27]学园祭典热闹开场！露比和蕾娜被迫组队经营摊位！",
			"棉花糖机爆炸！占卜水晶球碎裂！最糟糕的组合诞生！",
			"但角落里学生的诡异低语引起诺亚警觉——",
			"那些空洞眼神中...流动着不祥的黑雾！",
			"\\c[27]当祭典烟花升空时，潜伏的阴影正在扩散！",
		    "这场庆典的欢乐表象下...究竟藏着什么？！"
		],	  
        "28": [
            "\\nl< >「学园祭看起来很有趣呢！    \\w[90]",
			"小露比和蕾娜看起来也在变成好朋友了……！」"
		],	  
        "29": [
            "「是很有趣……呢……   \\}",
			"不管怎么看关系都要恶化了啊……」"
		],
        "30": [
            "\\{\\c[27]《星空魔法少女露比！》",
			"第五话！灼热往事的残酷真相！"
		],		
        "31": [
            "\\c[27]黑雾侵蚀事件紧急调查中！蕾娜竟对受害者露出杀意？",
			"废弃教堂深处，魔物的爪痕刺痛了她的记忆——",
			"火焰魔法失控暴走！烧焦的玩偶与破碎相框在烈焰中浮现！",
			"『我的小镇...就是这样变成灰烬的』嘶吼着真相的蕾娜泪流满面！",
			"\\c[27]而此刻——新的魔物正在学园地下苏醒！",
		    "尚未愈合的旧伤疤...又要被撕开了吗？！"
		],	  
        "32": [
            "\\nl< >「怎么会这样…小蕾娜居然还有这种过去…    \\w[90]",
			"\\str[121]、接下来她们会怎么样啊……？」"
		],	  
        "33": [
            "「没、没关系的！不是还有魔法吗！？",
			"也许下一集就会轮到露比大显身手呢！？」"
		],	  
        "34": [
            "我手舞足蹈地连忙安慰着\\str[120]。",
			"原来这不是什么歌颂少女之间美好友谊的故事吗！？",
			"但目前故事渐入佳境，一定马上就会出现热血沸腾的逆转场景吧！？"
		],
        "35": [
            "非常期待下一集的内容了！",
			"陪\\str[120]一起享受了一段忐忑不安的观影时光！"
		]			
    },
  "8": {
        "0": [
            "来到\\str[120]房间后才发现\\str[120]像被晒干的咸鱼一样，",
			"无精打采地趴在地上。"
		],
		"1": [
            "屋外炎热的气候显然已经波及到了家里，热气扑面而来。"
        ],
        "2": [
            "这样下去不行啊，",
            "必须要想办法给\\str[120]防暑了啊…！"
        ],
        "3": [
            "我手忙脚乱地照顾着快要中暑的\\str[120]，",
            "直到夕阳西下天色染上晚霞，\\str[120]才终于缓过神来……"
        ],
        "4": [
            "我和\\str[120]拼命地舔着冰棒想要降温，",
			"可在一波波扑面的热浪下，还是被晒得满头大汗。"
        ],
        "5": [
            "\\str[120]也因为难受而顾不上羞涩，不停地掀起衣角，",
			"想借此制造些许凉风。"
        ],	
        "6": [
            "\\nl< >「好热啊…好想去洗澡…」"
        ],	
        "7": [
            "一起洗吧！",
			"一起去吧！"
        ],	
        "8": [
            "\\nl< >「天气这么热才不要两个人挤在一起啦！」"
        ],
        "9": [
            "\\nl< >「真是的！不要这时候开玩笑了！」"
        ],	
        "10": [
            "也是啊，毕竟已经是夏天了……",
			"但是有点寂寞……"
        ],
        "11": [
            "因为天气太热，我和\\str[120]轮流洗了澡，",
			"可刚洗完没多久又开始冒汗，",
			"就这样折腾到了傍晚……"
        ],	
        "12": [
            "鬼鬼祟祟……",
			"鬼鬼祟祟……",
			"偷偷摸摸来到了\\str[120]房间门口。"
        ],	
        "13": [
            "「盯————  \\w[60]",
			"什…什么！？」"
        ],
        "14": [
            "原本以为\\str[120]是在睡午觉，",
			"但没想到\\str[120]正在以非常惬意的姿势吹着风扇。"
        ],	
        "15": [
            "似乎是觉得家里没人可以肆意放松，",
			"\\str[120]完全不顾这个姿势在外人看来有多么无防备。"
        ],
        "16": [
            "似乎是觉得家里没人可以肆意放松，",
			"\\str[120]甚至连胖次也脱下了。"
        ],
        "17": [
            "一饱眼福后，感觉继续看着也有点不好意思，",
			"我默默地离开房间回到玄关。"
        ],	
        "18": [
            "简单装好电吹风后，房间里的空气立刻流动起来，变得清凉舒适。"
        ],	
        "19": [
            "\\nl< >「噢噢——好凉快、真舒服~！」"
        ],
        "20": [
            "「真是的、不要直接对着风扇吹啦！容易感冒的！」"
        ],
        "21": [
            "\\str[120]一边啃着冰棒，一边迎着凉风，看起来兴奋极了。"
        ],	
        "22": [
            "迅速吃下一根冰棍后，感觉体温明显降了下来。",
			"虽然屋外的蝉鸣和扑面的热浪依旧不停，",
			"但终于不再像之前那样仿佛要被烤熟了……"
        ],	
        "23": [
            "但妹妹似乎还觉得不够凉快，",
			"非常慵懒地坐在地上惬意地吹着风扇。"
        ],	
        "24": [
            "对女孩子来说这个举动未免有些不够矜持，",
			"我本想提醒妹妹一句，",
			"却还是被她无意间的福利画面夺去了注意力。"
        ],	
        "25": [
            "\\{嗯嗯，毕竟到夏天了嘛！！"
        ]		
    },
  "9": {
        "0": [
            "有点无聊…",
			"想吃西瓜~"
		],
		"1": [
            "\\nl< >「好热哟…好想洗澡哟…」"
        ],
        "2": [
            "\\nl< >「\\str[121]…要吃点冰棒吗？」"
        ],
        "3": [
            "聊天",
            "亲密接触",
			"递可乐",
			"困了…"
        ],
        "4": [
            "\\nl< >「果然还是很热呢……",
			"这时候果然还是得直接午睡一觉~」"
        ],
        "5": [
            "是啊、到傍晚应该就没有那么大太阳了呢……"
        ],	
        "6": [
            "和\\str[120]一起在凉爽的阵风中睡到了黄昏。"
        ],	
        "7": [
            "刚好冰箱里还放着从奇怪的自贩机里获得的大瓶可乐呢、",
			"现在天气这么热，\\str[120]一定会很开心地喝下吧？"
        ],	
        "8": [
            "\\nl< >「\\{有冰可乐！？           \\}\\w[60]",
			"我要喝！我要喝！」"
        ],
        "9": [
            "果然\\str[120]看起来很开心呢、",
			"要怎么做呢——"
        ],	
        "10": [
            "摇一摇",
			"递可乐"
        ],
        "11": [
            "这个好像是碳酸加量的特别版可乐，",
			"要是摇一下的话……"
        ],	
        "12": [
            "想到这，我鬼使神差地偷偷摇晃了下可乐，",
			"然后递给\\str[120]……"
        ],	
        "13": [
            "\\str[120]理所当然地被猛地喷出的可乐溅了一脸，",
			"结果事后，我也被气鼓鼓的\\str[120]“报复”似地灌下了这大半瓶可乐。"
        ],
        "14": [
            "结果一大瓶可乐被妹妹用夸张的胃口一口气几乎喝光……",
			"她的肚皮也肉眼可见地鼓了起来，",
			"这、这样……真的没问题吗！？"
        ],	
        "15": [
            "因为被可乐浇了一身，等妹妹洗完澡、换好衣服时，",
			"天色已经快到黄昏了。"
        ],
        "16": [
            "\\nl< >「呜哇啊啊呜唔唔唔唔！！」"
        ],
        "17": [
            "或许是有了前几次的经验，这次妹妹立刻反应过来，",
			"几乎本能地凑上去将嘴堵在可乐瓶口，想要拦住喷涌而出的气泡。"
        ],	
        "18": [
            "但这瓶可乐的碳酸量实在太多了，",
			"以妹妹那小小的嘴巴根本无法完全封住瓶口，",
			"气泡像是找到了缝隙一样，从她的嘴角、脸颊边缘不断涌出…"
        ],	
        "19": [
            "最终妹妹还是像个狼狈的小仓鼠一样，",
			"被可乐喷得满脸都是。"
        ],	
        "20": [
            "\\nl< >「哥哥的手法太色了所以不行！」"
        ],	
        "21": [
            "色色的话题",
			"夏天的话题"
        ]	
    }		
}