{
  "3": {
        "0": [
            "\"Я вернулся.\""
        ],
        "1": [
            "\\nl< >\"\\str[121]? Ты сегодня рано вернулся.\""
        ],
        "2": [
            "\"Да, сегодня немного устал,",
            "поэтому не стал себя гнать на исследования…\""
        ],
        "3": [
            "\\nl< >\"Это та самая… майская хандра, да?\""
        ],
        "4": [
            "Май…? Но сейчас же середина лета."
        ],
        "5": [
            "\\nl< >\"У меня бывает так же…",
            "Думаю, ещё полдень, а проснусь — ",
            "\\str[121] уже приготовил ужин…\""
        ],
        "6": [
            "…Разве это не просто проспала?"
        ],
        "7": [
            "\\nl< >\"Иногда полезно притормозить, \\str[121]. ",
            "Поиграй со мной!\""
        ],
        "8": [
            "\\nl< >\"Полноценный отдых тоже важен, ",
            "так что в следующий раз будь осмотрительнее.\""
        ],
        "9": [
            "\\nl< >\"Понимаю,",
            "тогда позволь сделать тебе массаж, \\str[121]!\""
        ],
        "10": [
            "Ага, времени достаточно — давай сегодня просто расслабимся и отдохнём."
        ],
        "11": [
            "Ты права, времени полно — сегодня просто расслабимся и отдохнём."
        ],
        "12": [
            "\\nl< >\"Тогда почему бы тебе тоже не вздремнуть, \\str[121]…",
            "очень приятно, знаешь?\""
        ],
        "13": [
            "В итоге я дремал вместе с \\str[120] до заката."
        ],
        "14": [
            "Я провёл весь день, играя с \\str[120]."
        ],
        "15": [
            "Я спокойно провёл день с \\str[120]."
        ],
        "16": [
            "\\str[120] с энтузиазмом долго делала мне массаж,",
            "и это было так приятно, что я незаметно заснул…"
        ]
    },
  "9": {
        "0": [
            "Тёплое ощущение в объятиях каждое мгновение напоминало: заветное лекарство уже у меня.",
            "Но этот чересчур нереальный опыт всё ещё не даёт мне покоя."
		],
		"1": [
            "Удалось связаться с стоящей у двери картой таро Звезды.",
            "Это один из предметов, что оставил отец.",
            "При жизни он постоянно искал способ вернуть \\str[120] в норму,",
            "но почему… всё откликнулось так легко…"
        ],
		"2": [
            "Как ни ломай голову — выводов не будет, а пустые размышления бессмысленны.",
            "В любом случае у меня уже есть красная костная сыворотка — надо будет дать \\str[120] попробовать."
        ],
		"3": [
            "Как раз по цвету — словно клубничный сок,",
            "а вдруг и вкус, как у её любимого клубничного молока…"
        ],
		"4": [
            "\\nl< >\"С возвращением, \\str[121].\""
        ],
		"5": [
            "\\nl< >\"Я уже голодная…\""
        ],
		"6": [
            "\"Понял-понял, сейчас приготовлю ужин.\""
        ],
		"7": [
            "Я мягко погладил \\str[120] по голове и немного её успокоил.",
            "Ладно — что делать дальше?"
        ],
		"8": [
            "Приготовить ужин",
            "Сходить в туалет"
        ],
		"9": [
            "Точно, уже не рано — пора заняться ужином."
        ],
		"10": [
            "\"Что хочешь на ужин сегодня?\""
        ],
		"11": [
            "\\nl< >\\{\"Мясо — самое то!\""
        ],
		"12": [
            "Хмм… предсказуемый ответ…",
            "Похоже, всё же стоит как-нибудь рассказать \\str[120] о важности сбалансированного питания."
        ],
		"13": [
            "Уф, кажется, хочется в туалет…"
        ],
		"14": [
            "\"Прости, подожди чуть-чуть, ужин потом подготовлю.\""
        ],
		"15": [
            "\\nl< >\"Поняла.\""
        ]			
    },
  "13": {
        "0": [
            "\\nl< >\"\\str[121] сегодня, как и договаривались,",
            "не превратил себя в тряпку — здорово!",
            "Надо похвалить старающегося \\str[121]!\""
		],
		"1": [
            "\\nl< >\"Сегодня \\str[121] тоже выполнил обещание — вот тебе награда дня!\""
        ],
		"2": [
            "\\nl< >\"В последнее время \\str[121] постоянно старается — вот сегодняшняя награда——\""
        ],
		"3": [
            "\\nl< >\"Вот-вот уже месяц будет,",
            "\\str[121], ты так старался — держи, сегодняшняя награда——\""
        ],
		"4": [
            "\\nl< >\"\\str[121]! Ура, уже месяц прошёл!",
            "\\str[121], ты просто молодец!\""
        ],
		"5": [
            "\\nl< >\"В общем, это последняя награда!\""
        ],
		"6": [
            "\\nl< >\"Готово! Дорисовала!",
            "Это свидетельство, что \\str[121] — хороший мальчик!",
            "Сегодня смывать не разрешаю!\""
        ],
		"7": [
            "Я посмотрел на правую руку: \\str[120] кисточкой нарисовала на тыльной стороне милый узор."
        ],
		"8": [
            "Вот это да, награда, конечно, мощная… но всё же…"
        ],
		"9": [
            "\\nl< >\"Э? ‘Если собирать дальше, будет особая награда’?",
            "……\\str[121], ты хочешь ещё больше похвалы?\""
        ],
		"10": [
            "\\nl< >\"Хмм… тогда если \\str[121] и дальше продержится месяц,",
            "дам тебе ещё более особую награду…\""
        ],
		"11": [
            "\\nl< >\"Мне слишком стыдно, поэтому пока не скажу, какая это награда…\""
        ],
		"12": [
            "Изначально я просто пошутил,",
            "но \\str[120], кажется, и правда обдумывает какую-то особую награду,",
            "мотивация прямо выросла!"
        ],
		"13": [
            "\\nl< >\"Особая награда — это секрет, сейчас \\str[121] я сказать не могу…!\""
        ],
		"14": [
            "\\nl< >\"Держи, \\str[121]! Как и договаривались — это твоя особая награда!\""
        ],
		"15": [
            "\\nl< >\"Хехе… это купон ‘на всё что угодно’, сделанный мной.\""
        ],
		"16": [
            "\\nl< >\"\\str[121] всегда думает обо мне, но как \\str[120],",
            "я тоже хочу, чтобы \\str[121] отпустил груз и как следует отдохнул…\""
        ],
		"17": [
            "\\nl< >\"Так что, \\str[121], можешь использовать это и нежничать сколько хочешь!\"",
            "Любая просьба подойдёт — главное, чтобы \\str[121] думал о том, как расслабиться!\""
        ],
		"18": [
            "\\nl< >\"Э!?     \\w[30]",
            "‘А… и неприличные вещи тоже можно…?’",
            "То-том…\""
        ],
		"19": [
            "\\nl< >\"Можно… если \\str[121] хочет именно такого,",
            "я не откажу…\""
        ],
		"20": [
            "\\nl< >\"В конце концов, \\str[121], ты ведь обычно меня только и дразнишь…\""
        ],
		"21": [
            "\\>Получено от \\str[120] \\ii[199]!        \\w[60]",
            "\\>Теперь можно попросить \\str[120] о чем-нибудь ласковом!     \\w[60]"
        ]			
    },
  "15": {
        "0": [
            "\"…Я вернулся.\""
		],
		"1": [
            "Я вяло поздоровался,",
            "и стоило переступить порог, ",
            "жар, распиравший всё тело, сразу начал спадать.",
            "Чёртова погода… кто бы подумал, что будет так жарко…"
        ],
		"2": [
            "\"—Хм? Странно.\""
        ],
		"3": [
            "Я понял, что \\str[120] не вышла меня встречать, как обычно. ",
            "Она ещё спит?"
        ],
		"4": [
            "\\nl< >\"\\str[121], с возвращением…\""
        ],
		"5": [
            "В одной футболке, ",
            "\\str[120] вяло вышла меня встретить —",
            "было видно, что жара доконала и её…"
        ],
		"6": [
            "\\nl< >\\{\"Так жарко…!\"",
            "\\w[40]\\^"
        ],
		"7": [
            "\\nl< >\"\\str[121], ты весь раскалён…!\""
        ],
		"8": [
            "Глядя на своё ещё парящее от жара тело,",
            "на миг мне показалось, что я сейчас взорвусь…"
        ],
		"9": [
            "\\nl< >\"\\str[121], с возвращением…    \\w[60]",
            "Снаружи, должно быть, было очень жарко, да?\""
        ],
		"10": [
        	"\"Ага, словно в духовке…   \\w[60]",
        	"Что за погода такая…\""
        ],
		"11": [
            "\"Но теперь всё будет хорошо!!    \\w[40]",
            "Та-дам! Я раздобыла вентилятор!\""
        ],
		"12": [
            "\\nl< >\"Здорово! Быстрее-быстрее!   \\w[60]",
            "Ставь его прямо сейчас!\""
        ],
		"13": [
            "\\nl< >\"Вентилятор и эскимо наготове, идём!\""
        ],
		"14": [
            "\"Ооо—!\""
        ],
		"15": [
            "Возвращаться в прохладу да ещё и с эскимо —",
            "чувство, скажу я вам, не так уж и плохо…"
        ],
		"16": [
            "Я подождал немного, но \\str[120] всё ещё не вышла.",
            "Странно… неужели всё ещё дремлет?"
        ],
		"17": [
            "Что же делать…"
        ],
		"18": [
            "Подкрасться",
            "Позвать \\str[120]"
        ],
		"19": [
            "Ладно! Потихоньку прокрадусь к её комнате,",
            "будет жаль, если разбужу её во время дневного сна."
        ],
		"20": [
            "\\{\"Я дома—!\""
        ],
		"21": [
            "Я небрежно окликнул,",
            "и вскоре послышались ",
            "торопливые шаги на лестнице."
        ],
		"22": [
            "…Ух ты, как быстро?"
        ],
		"23": [
            "\\nl< >\"\\str[121]!?",
            "Ты сегодня правда очень рано—\""
        ],
		"24": [
        	"Наверно, потому что бежала,",
        	"щеки \\str[120] порозовели, а ",
            "дыхание стало необычно частым и сбивчивым."
        ],
		"25": [
            "\"………А?    \\w[45]",
            "\\str[120], неужели ты—\""
        ],
		"26": [
            "\\nl< >\"Ик!?\""
        ],
		"27": [
            "\"Ты сейчас тайком ела чипсы, да!?",
            "Смотри, крошки у тебя в уголке рта!\""
        ],
		"28": [
            "\\nl< >\"Э… а… \\w[45] эм… ну да,    \\w[45]",
            "э-хе-хе… немного перекусывала…\"                 \\w[45]"
        ],
		"29": [
            "\\str[120] неловко путалась в оправданиях, ",
            "и это выглядело ещё подозрительнее…"
        ],
		"30": [
            "\\nl< >\"Ладно-ладно, я и тебе порцию взяла,",
            "давай вместе поедим…!\""
        ],
		"31": [
            "Не дав мне возможности продолжить расспросы, ",
            "\\str[120] юркнула прочь."
        ],
		"32": [
            "Вернувшись к входу, я в голове всё прокручивал ",
            "небрежный, слегка откровенный вид сестрёнки.     \\w[60]",
            "…Впрочем, на дворе же лето."
        ],
		"33": [
            "\"Кхм-кхм…         \\w[60]\\{",
            "Я дома—!\""
        ],
		"34": [
            "Сделав вид, что ничего не заметил, ",
            "я окликнул \\str[120] внутри."
        ]	
    }		
}