{
  "beginnersGuide": {
        "0": [
            "Hover your mouse over \\str[120] to check \\str[120]'s status",		
            "Left-click on \\str[120] to interact with \\str[120]"
		],
		"1": [
            "Hold down the mouse on the background to call \\str[120] to you"
        ],
		"2": [
            "Touch and slide on \\str[120] to engage in intimate interaction"
        ],
		"3": [
            "Right-click or long-press the right mouse",
			"button to exit the skinShip mode"
        ]		
    },		
  "AndroidBeginnersGuide": {
        "0": [
            "Tap on \\str[120] to check her status",
			"Hold on \\str[120] to interact with her"
		],
		"1": [
            "Press and hold on the background to call \\str[120] to you"
        ],
		"2": [
            "Touch and slide on \\str[120] to engage in intimate interaction"
        ],
		"3": [
            "Tap the back button or",
			"double-tap to exit"
        ],
		"4": [
            "Game save files will be stored in \\TC[#fff94e]Documents/sister_save\\TC[#ffffff] ",
			"on your device. Feel free to back them up or replace them ",
			"with new save files! Saves from other devices are also supported ",
			"PC and Android saves are fully compatible!"
        ],
		"5": [
			"Note: You can only overwrite existing save files!",
			"If you transfer a new save file without a matching record",
			"the game won’t recognize it!"
        ]	
    },	
  "exitGame": {	  
        "0": [
            "Do you want to return to the game’s title screen?",
			"Any unsaved data will be lost."
		],
		"1": [
            "Yep",
			"Nope"
        ]
    },
  "2": {
        "0": [
            "I'm feeling a little bored... What should we play?"
		],
		"1": [
            "\\{\\nl< >\"Let's play some games!\"    \\w[30]"
        ],
        "2": [
            "Met the Demon Lord in the starter village,",
            "he said, 'I can't let you live!'",
            "Then the hero was one-shot.",
            "Game over."
		],
		"3": [
            "…What kind of plot is this?  \\w[60]\\{",
            "What a shitty game!"
        ],
        "4": [
            "\\nl< >\"We lost…\""
		],
		"5": [
            "My character died instantly after stepping on a trap…",
            "We also lost the final boss fight.",
            "Game over."
        ],
		"6": [
            "\\nl< >\"\\str[121]… you're so weak…\""
        ],
		"7": [
            "My \\str[120] got insanely lucky at the casino and ",
			"won the ultimate weapon, then charged into the ",
            "Demon Lord’s castle way ahead of time.",
            "Game over."
        ],
		"8": [
            "…So unfair."
        ],
		"9": [
            "\\nl< >\"That was fun!\""
        ],
		"10": [
            "\"Haaaaaaah——!!",
			"Witness my invincible, zero-cast-time combo!!\""
        ],
		"11": [
            "I put on a flashy show for \\str[120] by soloing the boss"
        ],
		"12": [
            "\\nl< >\"\\str[121], you're so cool!\""
        ],
		"13": [
            "Played a tense RPG session together with \\str[120]."
        ],
        "14": [
            "Had a fun time playing an RPG with \\str[120]."
        ],
		"15": [
            "…\\str[120] seems really focused on the game.",
            "Should I go talk to her?"
        ],
		"16": [
            "Get Closer",
			"Forget It"
        ],
		"17": [
            "I do feel a bit lonely,",
            "but maybe I shouldn’t bother her too much—"
        ]		
    },	
  "4": {
        "0": [
            "\\nl< >\"Grrrr...! \\w[45]",
			"You did that on purpose, didn’t you!?\"  \\w[150]\\^"
		],
		"1": [
            "\\nl< >\"—Uwehhhhh!?\"  \\w[20]\\^"
        ],
		"2": [
            "\\nl< >\"\\str[121]~~!!\"  \\w[120]\\^"
        ],
        "3": [
            "…\\str[121]?"
		],
        "4": [
            "Mmm…not now…don’t touch…"
		],		
        "5": [
            "\\nl< >\"Jeez, don’t touch me when my hair’s still wet…\"",
			"\\w[180]\\^"
		],
        "6": [
            "My hair got all messy again...",
			"Hmm... what a strange feeling..",
			"Ehehe...",
			"Your hand’s so warm, \\str[121]…",
			null,
			"\\str[121]…",
			null,
			"Meow..."
		],
        "7": [
            "\\nl< >\\{\"Geez— \\str[121],",
			"you went too far with the touching!\"",
			"\\w[150]\\^"
		]		
    },	
  "5": {
        "0": [
            "\\nl< >\"Uwaaah, \\str[121]... ",
			"that's not a button you’re supposed to press!\"  \\w[240]\\^"
		],
		"1": [
            "\\nl< >\"Grrrr...! \\w[45]",
			"You did that on purpose, didn’t you!?\"  \\w[150]\\^"
        ],
		"2": [
            "\\nl< >\"Not now...!  \\w[60]",
			"Being touched by \\str[121] like ",
			"this is making me feel strange...\"  \\w[400]\\^"
        ],
		"3": [
            "\\nl< >\"Huh!? The towel...!\"   \\w[60]\\^"
        ],
		"4": [
            "\\nl< >\"Mmm... \\str[121], you're teasing me again...\"    \\w[120]\\^"
        ],
		"5": [
            "\\nl< >\"Ah!?\\w[30]\\str[121], where are you touching!\"   \\w[120]\\^"
        ],
		"6": [
            "\\nl< >\"Mou~ you totally did that on purpose,",
			"didn’t you, \\str[121]?!\"    \\w[120]\\^"
        ],
		"7": [
            "\\nl< >\"Ahh...   \\w[45]\\^"
        ],
		"8": [
            "\\nl< >\"ah, \\str[121]! Don’t come any closer!\"   \\w[300]\\^"
        ],
		"9": [
            "\\nl< >\"Ughhh... Give me back my towel...\"   \\w[90]\\^"
        ],	
		"10": [
            "\\nl< >\"\\str[121] is teasing me again...\"    \\w[120]\\^"
        ],
		"11": [
            "\\nl< >\"\\str[121]...\\w[90]It feels so strange...\"    \\w[60]\\^"
        ],
		"12": [
            "\\nl< >\"Hah...\\w[60]\\str[121]...  \\w[60]",
			"are you satisfied with this?\"   \\w[60]\\^"
        ],
		"13": [
            "\\nl< >\"It tickles~\"  \\w[90]\\^"
        ],
		"14": [
            "\\nl< >\"Ahaha, \\str[121],\\w[60]it really tickles~\"   \\w[120]\\^"
        ],
		"15": [
            "\\nl< >\"Hmmngh…!\"   \\w[45]\\^"
        ],
		"16": [
            "\\nl< >\"\\str[121]……   \\w[150]",
			"It was an accident…? O-Okay, I get it…\"    \\w[210]\\^"
        ],	
		"17": [
            "\\nl< >\"D-Don’t mess with me like that…  \\w[150]",
			"It feels weird…!\"    \\w[150]\\^"
        ],	
		"18": [
            "\\nl< >\"Eh… Did I gain weight…?\"    \\w[180]\\^"
        ],
		"19": [
            "\\nl< >\"Nnngh…! It tickles when you touch my ears. \\w[180]",
			"\\str[121], cut it out already!\"    \\w[210]\\^"
        ],	
		"20": [
            "\\nl< >\"Umm… \\str[121], ",
			"it really tickles when you touch there,   \\w[180]",
			"maybe you should stop…\"    \\w[210]\\^"
        ],
		"21": [
            "\\nl< >\"Geez, don’t go poking me all over!\"  \\w[240]",
			"\\nl< >\"I’m not your toy, you know!\"    \\w[120]\\^"
        ],
		"22": [
            "\\nl< >\"Uweh-eh-eh… \\str[121], \\w[150]",
			"you’re getting way too into this…!?\"    \\w[180]\\^"
        ]		
    },
  "7": {
        "0": [
            "\\str[120] looks like she’s sleeping so peacefully..."
		],
		"1": [
            "Sneak Closer",
			"Workout!",
			"Go back"
        ],
		"2": [
            "It's finally time to show off ",
			"the silent movement technique ",
			"I've been practicing for days—"
        ],	
		"3": [
            "Sneaky, sneaky..."
        ],	
		"4": [
            "Yeah, it's already late,  ",
			"I should head back and get some rest—"
        ],
		"5": [
            "Go Sleep",
			"Hold on"
        ],
		"6": [
            "Maybe I'll stay a little longer..."
        ],
		"7": [
            "Can’t really sleep anyway...   \\w[30]",
			"\\{Time for a quick workout!"
        ],
		"8": [
            "\\{To avoid waking \\str[120], ",
			"I have to control every movement",
			"with perfect precision!",
			"This is the ideal training environment!"
        ],
		"9": [
            "Huff—! Huff—! Huff—!",
			"Huff—! Huff—! Huff—!"
        ],
		"10": [
            "Fully focused, I knocked out several sets of ",
			"push-ups right next to sleeping \\str[120]."
        ],
		"11": [
            "Fully focused, I knocked out several sets of ",
			"squats right next to sleeping \\str[120]."
        ],	
		"12": [
            "After a tense, satisfying workout,",
			"I can feel my muscles growing stronger…"
        ],
		"13": [
            "\\nl< >\"Mmm… hmm hmm…\""
        ],
		"14": [
            "Uh-oh, looks like she’s about to wake up",
			"Better not stick around any longer...",
			"Time to head back."
        ],
		"15": [
            "Huh? ",
			"Why does \\str[120] look a bit different than usual?"
        ],
		"16": [
            "\"...\\str[120]?\""
        ],
		"17": [
            "It’s just \\str[120] as usual.",
			"I guess it really was just a dream..."
        ]			
    },
  "8": {
        "0": [
            "\"—Ahh, it's the familiar ceiling this time.\""
		],
		"1": [
            "Looks like I was unconscious for a while,",
            "but now I actually feel refreshed...",
            "The wounds I had earlier seem to be healing too..."
        ],
		"2": [
            "\"But in that dream just now—     \\w[60]\\^"
        ],
		"3": [
            "\\nl< >\"\\str[121]!!!\""
        ],
		"4": [
            "\\nl< >\"Uuuu… thank goodness...",
			"I thought you'd never open your eyes again…\""
        ],
		"5": [
        	"\\str[120] suddenly threw herself at me, crying her eyes out,",
        	"looks like she’s blaming herself for everything that happened..."
        ],
		"6": [
            "\"Sorry for making you worry… but I’m fine now, really.\""
        ],
		"7": [
            "\\nl< >\"\\str[121], it must’ve been because you ate what I made earlier—\""
        ],
		"8": [
            "\"Look, I’m perfectly healthy now!\""
        ],
		"9": [
            "To keep her from worrying, I jumped up from bed right away,",
			"and showed off a few backflips on the spot."
        ],
		"10": [
            "\\nl< >\"Geez…! You just woke up,",
			"don’t do dangerous stuff like that!\""
        ],
		"11": [
            "\"Seriously, that’s amazing! My wounds are healed,",
			"it must be because your feelings reached me!\""
        ],
		"12": [
            "\\nl< >\"…If that’s true, then I’m really glad.",
			"Maybe I really can help you from now on.\""
        ],
		"13": [
            "\\nl< >\"I actually practiced in secret for a long time.",
			"But… I was always afraid you wouldn’t like the taste…\""
        ],
		"14": [
            "\\nl< >\"Then it’s all good now.",
			"If \\str[121] likes it, I’ll keep doing my best!\""
        ],
		"15": [
            "Eh…!? She’s going to cook again...? ",
			"That’s kinda worrying..."
        ]	
    },	
  "10": {
        "0": [
            "itadakimasu——"
		],
		"1": [
            "Puhah—"
        ],
		"2": [
            "Ehehe..."
        ],
		"3": [
            "My \\str[120], fresh out of the bath, ",
			"downed an entire bottle of milk in one go..."
        ]		
    },		
  "13": {
        "0": [
            "…\\str[121]?",
            "Hm? What's up?"
		],
		"1": [
            "\\nl< >\"You're so careless, \\str[121]!",
            "Caught peeking again!\""
        ],
        "2": [
            "\\nl< >\"...\\str[121], you perv.\""
        ],
        "3": [
            "\\nl< >\"\\str[121], where are you staring at?\""
        ],
        "4": [
            "\\nl< >\"Drying my hair is tiring... ",
			"\\str[121], give me a hand~\""
        ],
        "5": [
            "\\nl< >\"What's wrong, \\str[121]?\""
        ],	
        "6": [
            "Watching my \\str[120] idly drying her hair got me thinking... \\w[60]",
            "Alright! Let me help her dry it!"
        ],
        "7": [
            "\\nl< >\"...\\str[121]?\""
        ],
        "8": [
            "\"Let me dry it for you. ",
			"Must be tiring doing it all by yourself, right?\""
        ],
        "9": [
            "I leaned forward, holding the dryer in one hand, ",
			"and gently lifted a strand of her hair with the other.",
            "Even though she'd already toweled it off, ",
			"the dampness was still clearly felt between my fingers."
        ],
        "10": [
            "\"Alright, lower your head. Time to dry!\""
        ],
        "11": [
            "\\nl< >\"Mm〜\""
        ],
        "12": [
            "I turned on the dryer and carefully blew warm air ",
			"into my hand."
        ],
        "13": [
            "With her head down, she quietly fiddled with her fingers,",
            "I couldn’t see her expression from this angle, ",
			"but it felt like she wanted to say something—"
        ],
        "14": [
            "How long has it been since we spent time like ",
			"this together so peacefully?",
            "For some reason, my memories began to blur."
        ],
        "15": [
            "\"Your hair's gotten so long.",
            "I remember it wasn’t this long when you were little...\""
        ],
        "16": [
            "\\nl< >\"Hmm... Do you prefer short hair, \\str[121]?\""
        ],		
        "17": [
            "\"Length, huh... I still really like long hair.",
            "It would be a waste not to treasure such beautiful hair.\""
        ],
        "18": [
            "After all,it's proof of how carefully you've cared for it ",
			"and how healthy you've grown since you were little."
        ],
        "19": [
            "\\nl< >\"Hehe... \\str[121] praised me...\""
        ],
        "20": [
            "As we chatted, her hair gradually became nice and dry."
        ],
        "21": [
            "\\nl< >\"\\str[121]... ",
			"are you heading back out to explore tomorrow?\""
        ],
        "22": [
            "\"—What's wrong?\""
        ],
        "23": [
            "She looked a bit bashful,",
            "but I couldn’t make out her face from this angle.",
            "All I could see were the full curves tightly wrapped in her towel,",
            "making it hard to know where to rest my eyes."
        ],
        "24": [
            "Her sudden question made me lose focus for a second,",
            "and my right hand holding the dryer shifted slightly ",
			"to the side, then—"
        ],
        "25": [
            "\"………!?\""
        ],
        "26": [
            "The strong airflow from the dryer blew the strap of her pajamas,",
            "causing it to swiftly slide off her shoulder."
        ],
        "27": [
            "\\nl< >\"The game updated, and there's new content we can play together   \\w[90]",
            "So tomorrow... I want to play with you, \\str[121]...\""
        ],
        "28": [
            "\\nl< >\"Would that bother you...?\""
        ],
        "29": [
            "Her coy, affectionate expression was irresistibly adorable,",
            "and I couldn’t help but smile."
        ],
        "30": [
            "\"Sure, I’ll come back early tomorrow. Let’s play together then.\""
        ],
        "31": [
            "She seemed to be saying something really important,",
            "but my attention was completely stolen by that pinkish hue,",
            "and I didn’t catch a word of what she said."
        ],
        "32": [
            "\"Bothersome... yeah, I guess you could say that...\""
        ],
        "33": [
            "I stared hard at the glimpse of skin she accidentally revealed,",
            "and yeah, \\str[121] really is troubled right now."		
        ],
        "34": [
            "\\nl< >\"I see...\""		
        ],	
        "35": [
            "\"—!!!\""		
        ],	
        "36": [
            "Hearing the sadness in her voice snapped me back to reality.",
            "Panicking, I quickly pretended nothing happened, ",
			"gently fixing her clothes while speaking softly to reassure her."
        ],	
        "37": [
            "\"You want to play together...? That sounds great!",
            "Let’s do that tomorrow! I’ll be home early!\""
        ],
        "38": [
            "\\nl< >\"Really? It’s a promise then!\""		
        ],	
        "39": [
            "\"...It’s a promise!\""		
        ],
        "40": [
            "As she smiled happily at our new promise,",
            "her hair had just finished drying."
        ],	
        "41": [
            "She didn’t seem to notice the little accident just now,",
            "just purely happy about our new promise.",
            "At that moment, her hair had just dried completely."			
        ],
        "42": [
            "\\nl< >\"It’s all fluffy now...!     \\w[45]",
            "Thanks, \\str[121]~!\""			
        ],	
        "43": [
            "\"That’s great!\""		
        ],	
        "44": [
            "\"That’s great!     \\w[60]\\}",
            "Ah~ I’m tired...\""		
        ],
        "45": [
            "As I carefully adjusted the angle of the dryer and ",
			"gently combed through her hair,",
            "my \\str[120] quietly cooperated, and though we said nothing, ",
			"we both enjoyed this peaceful moment together."		
        ],	
        "46": [
            "But due to the angle,",
            "just glancing down revealed the full outline of her ample chest,",
            "and the deep cleavage that looked like it could swallow my hand."	
        ],
        "47": [
            "W-What do I do... I really want to see inside!     \\w[45]",
            "I couldn't stop my wild thoughts, trying to ",
			"suppress the urge to reach out, when suddenly, ",
            "I had a flash of genius—an idea that felt clever enough to work!"		
        ],
        "48": [
            "Now that I think about it, I’m holding the dryer!",
            "Could I maybe use the wind to make a miracle happen!?"		
        ],	
        "49": [
            "Let’s try it!",
            "Maybe not..."			
        ],	
        "50": [
            "Alright, here goes!",
            "Acting casual, I subtly adjusted the dryer’s direction,",
            "and aimed the hot air straight at her chest—"
        ],
        "51": [
            "Come on wind, make a miracle happen!"	
        ],	
        "52": [
            "But no miracle happened..."
        ],	
        "53": [
            "Her tightly wrapped towel stood firm against the strong gusts,",
            "showing no signs of slipping loose!"
        ],
        "54": [
            "\\nl< >\"Huh? \\str[121]... the dryer's off angle.\""	
        ],	
        "55": [
            "\"Ah, sorry.\""
        ],
        "56": [
            "Luckily, she didn’t notice anything unusual,",
            "so I resigned myself and kept drying her hair with a bit of regret."
        ],	
        "57": [
            "\\{A miracle happened!"
        ],
        "58": [
            "The gust of air managed to push open her collar, ",
			"revealing a little pink cherry inside."	
        ],	
        "59": [
            "She didn’t seem to notice what had happened,",
            "so I casually fixed her strap and continued drying, completely satisfied."
        ],
        "60": [
            "I'm drying her hair right now—no more weird thoughts!"	
        ],
        "61": [
            "This view alone is already pretty great.",
            "I convinced myself and silently focused on the task at hand."
        ],
        "62": [
            "\"Alright, all dry!\""
        ],	
        "63": [
            "Hit by the powerful gust,",
            "the towel wrapped around her body was suddenly blown away—"
        ],
        "64": [
            "\\nl< >\"Eh...?!\""	
        ],
        "65": [
            "But the sudden loss of the towel immediately caught her attention."
        ],
        "66": [
            "\\nl< >\\{\"Uwaah, my towel fell...!\""
        ],
        "67": [
            "\\nl< >\"...That was your doing, wasn't it, \\str[121]?\""	
        ],
        "68": [
            "\"Ah, how should I put it...   \\w[45]",
            "The wind today... was quite rowdy.\""
        ],
        "69": [
            "Crap, even I feel embarrassed after saying that..."
        ],
        "70": [
            "Though there were a few hiccups, ",
			"in the end, I still helped her dry her hair!"       
        ]
    },	
  "14": {
        "0": [
            "\\nl< >\"Welcome back, \\str[121]! ",
			"Feeling a bit less tired now?\""
		],
		"1": [
            "\\nl< >\"Next, it’s time for me to go bathe~\""
        ],
        "2": [
            "Eh… what’s that… a line you picked up from TV?"
        ],
        "3": [
            "\\nl< >\"I guess it’s about time for me to head into the bath.\""
        ],
        "4": [
            "\\nl< >\"Well then, I’ll go wash up too.\""
        ],
        "5": [
            "Hmm, I’ll just find something random to pass the time—"
        ],	
        "6": [
            "\\str[120] went to take a bath, and I’m a bit bored on my own,",
            "so I started daydreaming to kill time.   \\w[40]",
            "Come to think of it, I used to bathe with her pretty often—",
            "she was so cute back then~"
        ],
        "7": [
            "It’s been so many years, she must have changed a lot,",
            "in all sorts of ways…"
        ],
        "8": [
            "Suddenly I got curious—what kind of girl has she grown into now?",
            "Should I sneak a peek…?"
        ],
        "9": [
            "Go!",
			"Not going"
        ],
        "10": [
            "\\{Go go go      \\}",
			"Of course I have to go!"
        ],
        "11": [
            "But peeking at \\str[120] bathing… ",
			"isn’t that inappropriate for an adult…?"
        ],
        "12": [
		    "\\{ ",
            "This is the time to firmly say no ",
			"to such wicked thoughts…!"
        ],
        "13": [
        	"Doesn’t feel right… she’s grown up,",
        	"I need to give her enough privacy…"
        ],
        "14": [
        	"She went to bathe again, ",
			"and for some reason I felt a little empty inside.",
        	"I can’t stop wondering how she’s grown, and it makes me restless."
        ],
        "15": [
            "………………Should I just sneak a quick look?"
        ],		
        "16": [
            "\\nl< >\"\\str[121]… \\str[121]!\""
        ],
        "17": [
            "I was lying on the bed spacing out,",
            "when I suddenly heard what sounded faintly like her voice.   \\w[40]",
            "Was it just my imagination…?"
        ],
        "18": [
            "\\nl< >\"…\\str[121], could you come here for a moment?\""
        ],
        "19": [
            "Huh, looks like it wasn’t my imagination!"
        ],
        "20": [
            "\\{ \"I’ll be right there!\""
        ],
        "21": [
            "She’s already gone to take a bath, ",
			"so what should I do next————"
        ],
        "22": [
            "Sneak Into Washroom",
			"Peek At Diary",
			"Do Nothing"
        ],
        "23": [
            "Hmm… should I go peek at \\str[120] bathing?"
        ],
        "24": [
            "Go now!",
			"Wait A Bit…",
			"Forget It"
        ],
        "25": [
        	"She only just went in, so she’s probably changing clothes right now…",
        	"That makes me a bit curious, maybe I should go check right away…"
        ],
        "26": [
        	"She only just went in, so she’s probably changing clothes right now…",
        	"But it feels like I’d get caught easily, maybe I should wait…"
        ],
        "27": [
            "Hmm, I’ll just find something random to pass the time—"
        ]
    },		
  "15": {
        "0": [
            "I'm feeling a little bored... What should we play?"
		],
		"1": [
            "\\{\\nl< >\"Let's play some games!\"\\w[30]"
        ],
        "2": [
            "...Didn't I just take a bath not long ago?"
        ],
        "3": [
            "Mmm... I guess it’s about time for a bath."
        ],
        "4": [
            "Invite \\str[120]",
			"Go alone"
        ],
        "5": [
            "It's a rare opportunity, ",
            "maybe I should try inviting ",
            "\\str[120] to bathe together..."
        ],	
        "6": [
            "\\nl< >\"Are you going to take a bath now, ",
			"\\str[121]? See you later then~\""
        ],
        "7": [
            "\\nl< >\"Haa... haa——— \\w[180]\\^\""
        ],
        "8": [
            "\\nl< >ah, \\str[121]...\""
        ],
        "9": [
            "\\nl< >\"So sleepy.\\w[45].\\w[45].\\w[45]\\str[121], what's wrong?\""
        ],
        "10": [
            "\\nl< >\\{\"\\str[121]!!!\"\\}"
        ],
        "11": [
            "\\nl< >\"What’s wrong, \\str[121]?\""
        ],
        "12": [
            "\\nl< >\"...\\str[121]?\""
        ],
        "13": [
            "\\nl< >\\{\"You're such a dummy, \\str[121]! \\w[60]",
			"I’m not talking to you anymore!\""
        ],
        "14": [
            "\\nl< >\"Uh, \\str[121]?\\w[60]",
			"Can you not talk to me right now?\""
        ],
        "15": [
            "Casually patted \\str[120]’s head."
        ],		
        "16": [
            "Vigorously patted \\str[120]’s head."
        ],
        "17": [
            "\\str[120]’s hair was so soft and fluffy,",
			"I couldn’t help but reach out and gently, ",
			"tenderly pat her head."
        ],
        "18": [
            "This is \\str[121]’s special privilege!",
			"I lovingly patted \\str[120]’s head."
        ],
        "19": [
            "\\str[120]’s the best—just want to keep patting her!",
			"I warmly and eagerly patted her head."
        ],
        "20": [
            "\\nl< >\"……Huh?  \\w[30]",
			"\\str[121], it says 'ZAKO' on your head~!\""
        ]		
    },	
  "18": {
        "0": [
            "Chat",
			"Skinship",
			"Do something",
			"Take a bath",
			"Sleepy..."
		],
        "1": [
            "\\nl< >\"Guess it’s about time I dried my hair~\""
        ],
        "2": [
            "Drink Something",
			"Play Something"
		],
        "3": [
            "\\nl< >\"My hair isn't dry yet. Let’s drink later.\""
		],
        "4": [
            "\\nl< >\"My hair isn't dry yet. Let's play later.\""
		],	
        "5": [
            "\\nl< >\"\\str[121]’s hands are way too naughty, so no!\""
		],
        "6": [
            "\\nl< >\"Ah—!      \\w[40]",
			"It's already so late—!   \\w[60]",
			"I missed the episode—!\""
		],	
        "7": [
            "\\nl< >\"But luckily I recorded it in advance—fully prepared!\""
		],
        "8": [
            "\\nl< >\"Ah—!      \\w[40]",
			"It's already so late—!   \\w[60]",
			"I didn’t make it in time for the show!\""
		],	
        "9": [
            ""
		],	
        "10": [
            "\\nl< >\"Ah—!    \\w[40]",
			"It’s time for the new anime to start—!\""
		],	
        "11": [
            "\\nl< >\"I'm going to watch anime now~! ",
			"\\str[121], wanna come too?\""
		],	
        "12": [
            "Hm? Anime…?",
			"Is it that TV show \\str[120] likes?"
		],	
        "13": [
            "Ah, sure. Let’s watch it together."
		],	
        "14": [
            "\\nl< >\\{\"Then I’ll head over first—!\""
		],	
        "15": [
            "…It’s rare to see her this excited. ",
			"I guess I’ll go take a look too!"
		]		
    },			
  "19": {
        "0": [
            "\\nl< >\"Ah... \\str[121]...\""
		],
		"1": [
            "Oh no, something so embarrassing ",
			"happened just recently. ",
			"I need to apologize right away."
        ],
        "2": [
            "\\nl< >\"\\str[121], I'm sorry!\"  \\w[60]\\^"
        ],
        "3": [
            "\"I'm sor...  \\w[45]",
			"Ah, huh?\""
        ],		
        "4": [
            "Why is my sister apologizing to me first?"
        ],
        "5": [
            "\\nl< >\"I got too excited just now,  \\w[180]",
			"and I said a lot of mean things to you.  \\w[90]"
        ],
        "6": [
			"\\nl< >...Are you okay?\"   \\w[60]"
        ],
        "7": [
            "What a kind child she is... ",
			"Even though I did such a terrible thing, ",
			"she’s still thinking about me."
        ],
        "8": [
            "\\nl< >\"When I think about it calmly, maybe    \\w[120]",
			"\\str[121] has been under a lot of stress lately.   \\w[160]",
			"You're out there fighting every day, ",
			"it must be really tough for you.\""
        ],
        "9": [
            "\\nl< >\"So, so, after thinking it over...  \\w[360]\\^"
        ],	
        "10": [
            "\\str[120] seems to be desperately trying to ",
			"tell me something— What a sweet girl she is...",
			"\\str[121]’s about to burst into tears, you know?"
        ],
        "11": [
            "\\nl< >\\{\"This is the only way I can ",
			"repay you!\"   \\w[240]\\^"
        ],
        "12": [
            "\\nl< >\"Here! Take this—!  \\w[60]",
			"I never knew you liked this kind of thing,     \\w[60]",
			"\\str[121]!\""  
        ],
        "13": [
            "\\{I got a\\ia[\\v[84]]!  \\w[60]"
        ],
        "14": [
            "It is panties——        \\w[60]",
			"still warm from body heat.  \\w[60]",
			"Don't tell me—!"
        ],	
        "15": [
            "\\nl< >\"\\str[121] is a boy after all,     \\w[150]",
			"Mhm, mhm… I’m sure it’s fine… it’s okay…\""
        ],
        "16": [
            "Cold sweat kept dripping down my forehead...",
			"No, if this keeps going—"
        ],
        "17": [
            "\\nl< >\"That’s right.",
			"\\str[121], you’ve always been there for me.  \\w[300]",
			"\\{Thank you!And good night—!     \\}\"\\w[120]\\^"
        ],
        "18": [
            "…………",
			"…………"
        ],	
        "19": [
            "\"No—! That's not it!\""
        ],	
        "20": [
            "\"That’s not what I wants—wait, no!\""
        ],	
        "21": [
            "\"I mean, I never even thought anything weird—!\""
        ],
        "22": [
            "\\nl< >\"Nooo—! Your expression is scary,",
			"\\str[121]!Don't come near me!!\""
        ],	
        "23": [
            "\"Let me explain—!",
			"It's not what you think—\""
        ],
        "24": [
            "\\nl< >\"\\str[121]’s face just got even scarier—\""
        ],
        "25": [
            "\"Please don't hate me——\""
        ],
        "26": [
            "\\nl< >\"\\str[121] is the worst… I hate you…!\" "
        ],
        "27": [
            "\\{\"Guh...!\""
        ],
        "28": [
            "As \\str[120] screamed like she’d just seen a cockroach, ",
			"I gave up trying to think."
        ]		
    },
  "20": {
        "0": [
            "\"————\"    \\w[60]\\^"
		],
		"1": [
            "\"————\\str[121]\"    \\w[60]\\^"
        ],
        "2": [
            "It feels like someone’s calling me."
		],
		"3": [
            "\\nl< >\"\\str[121], are you okay? ",
			"You look really pale.\" "
        ],
		"4": [
            "\"—Was that \\str[120]’s voice?\" "
        ],
		"5": [
            "Was I dozing off here? ",
			"My head feels foggy… I can’t remember anything…"
        ],	
		"6": [
            "\\nl< >\"Still half-asleep? Heyー\"  \\w[90]\\^"
        ],
		"7": [
            "Hug \\str[120]",
			"Wake up"
        ],	
		"8": [
            "Her cute little face was right in front of me",
			"and before I knew it, ",
			"I reached out and pulled her into a hug."
        ],	
		"9": [
            "Mmm... so soft, and she smells nice—",
			"a sweet citrusy scent filled my nose.",
			"Ahh… now I’m feeling sleepy again..."
        ],
		"10": [
            "\\nl< >\"Geez, \\str[121] fell asleep again!\""
        ],	
		"11": [
            "Was it just my imagination? I could’ve sworn...",
			"\\str[120] looks a lot more grown up compared to how I remember her."
        ],	
		"12": [
            "Before I knew it, my hand wandered over her body—",
			"and I ended up touching something soft."
        ],
		"13": [
            "\\nl< >\"Kyaaah! \\str[121]!?\""
        ],
		"14": [
            "\"Mmm—yep, definitely feels bigger now—\""
        ],	
		"15": [
            "\\nl< >\"It hasn’t gotten bigger at all...  \\w[60]",
			"Also, \\str[121], where exactly are you touching!?\""
        ],	
		"16": [
            "\\{\"Guh...!\""
        ],	
		"17": [
            "It felt like something heavy slammed into my head,",
			"and everything spun for a second."
        ],	
		"18": [
            "\\nl< >\"Are you fully awake now?\""
        ],	
		"19": [
            "\"Thanks to your punch, I’m wide awake now.\""
        ],
		"20": [
            "\\nl< >\"Then, do you know what’s going on right now?\""
        ],
		"21": [
            "\"I know—I just touched your butt、",
			"and it felt amazing———\"  \\w[60]\\^"
        ],
		"22": [
            "\\nl< >\\{\"That’s not what I was asking!",
			"You big dummy, \\str[121]!\""
        ],
		"23": [
            "Whoops, maybe I went a bit too far teasing her.",
			"Still, that punch really did wake me up."
        ],	
		"24": [
            "And... I think I had a really important dream just now,",
			"but I can’t remember what it was—"
        ],	
		"25": [
            "Oh well, it’ll come back to me eventually.",
			"Right now, I need to calm \\str[120] down first."
        ],
		"26": [
            "\\nl< >\"That’s a relief. Were you having a nightmare? ",
			"You looked really distressed.\""
        ],
		"27": [
            "A nightmare, huh... I do feel like I just had something intense.",
			"The dull headache lingering now feels like a hangover,",
			"and there’s still a bit of tear left at the corner of my eye..."		
        ],
		"28": [
            "There’s this weird sense of discomfort in my body, ",
			"like I really experienced something,",
			"and it’s slowly confirming the traces of that dream..."
        ],
		"29": [
            "\\nl< >\"Oh~? What did you dream about?\""
        ],
		"30": [
            "Yeah... what exactly did I dream about?"
        ],	
		"31": [
		    "Last time with Dad",
            "Childhood memory",
			"Dreamed of \\str[120]",
			"Dreamed of steak",
			"Can't remember"
        ],
		"32": [
            "\\nl< >\"\\str[121] when he was little?",
			"I wish I could’ve seen tiny \\str[121]~\""
        ],	
		"33": [
            "\\nl< >\"Running around with a wooden sword,  \\w[60]",
			"yelling, ‘I’m gonna be a hero one day!’  \\w[90]",
			"That must’ve been super adorable!\""
        ],	
		"34": [
            "No no no, whose embarrassing past are we bringing up here?",
			"If I had to see that now,",
			"I’d probably cry and dig a hole to hide in."
        ],	
		"35": [
            "\"Ah, speaking of which,",
			"I think there’s some of Dad’s old gear stored in the basement.",
			"I remember he used to be an adventurer for a while...\""
        ],	
		"36": [
            "\"Dad used to do stuff like that?\""
        ],			
		"37": [
            "\"That guy did all sorts of dumb stuff when he was young—   \\w[60]",
			"Alright, this is a good chance, let’s go find it!\""
        ],	
		"38": [
            "This was the room where Dad did all sorts of alchemy research,",
			"but now it’s basically abandoned..."
        ],	
		"39": [
            "\"Heave-ho!\""
        ],	
		"40": [
            "In the old basement that hasn’t been used in ages,",
			"I looked around for anything useful."
        ],	
		"41": [
            "\"Hmm...\\w[30] Oh?\\w[30] Ohhh!? \\w[30]",
			"Ooooooh!\\w[30]",
			"This is——————!\""
        ],
		"42": [
            "\"It’s Dad’s old gear!",
			"Yes! It looks awesome!\""
        ],	
		"43": [
            "\\nl< >\"Ah, um... \\w[60]",
			"As long as you’re happy, \\str[121]...\""
        ],	
		"44": [
            "\"Look, dear sister! With this gear,",
			"\\str[121] can go anywhere in the Abyss without a problem!\""
        ],
		"45": [
            "\\nl< >(\\str[121]... ",
			"he looks as excited as a little kid...)"
        ],
		"46": [
            "I waved the dusty old gear around in excitement,",
			"but \\str[120] didn’t seem all that interested."
        ],
		"47": [
            "Wow, I didn’t think I’d actually find a treasure...",
			"But wait, wasn’t I forgetting something important?"
        ],
		"48": [
            "Oh well, if I can’t remember, then it’s fine.",
			"I just want to try this new gear out as soon as possible!"
        ],
		"49": [
            "Since I couldn’t remember what happened in the dream,",
			"I just made something up."
        ],
		"50": [
            "\\nl< >\"Ahhh—no fair! Steak buffet!",
			"I want some too!\""
        ],
		"51": [
            "Ah, right—\\str[120]’s a total meat lover.",
			"All-you-can-eat steak must sound amazing to her."
        ],
		"52": [
            "\"Then next time I’ll bring back more meat,",
			"and we’ll have a big BBQ party together, okay?\""
        ],
		"53": [
            "\\nl< >\"Yay! \\str[121], you’re the best!\""
        ],
		"54": [
            "\\nl< >\"Filet~♪ Sirloin~♪    \\w[90]",
			"Chateaubriand~♪ T-bone and Ribeye~♪\"   \\w[90]"
        ],
		"55": [
            "\\str[120] looked so happy, ",
			"she started singing a weird and off-key song.",
			"Oh well, as long as she’s happy...",
			"I just hope we can actually make that promise happen soon..."
        ],
		"56": [
            "\\nl< >\"\\str[121]... are you really okay?  \\w[60]",
			"You’re starting to forget things like an old man, you know?\""
        ],
		"57": [
            "Yeah... why is that?",
			"It feels like something invisible is keeping me from remembering."
        ],
		"58": [
            "Hmm... whatever.",
			"I’ll remember it eventually.",
			"No need to stress over it now."
        ]		
    },			
  "23": {
        "0": [
            "\\nl< >\"No! There's no way I'm bathing with you!\""
		],
		"1": [
            "Got completely rejected by \\str[120].",
			"It still hurts to hear it, though…"
        ],
        "2": [
            "\\nl< >\"Ehh… bathe with \\str[121]?\\w[120]",
            "I'm not a little kid anymore, you know…\""
        ],
        "3": [
            "Got rejected by \\str[120].",
            "Well, I guess that’s only natural…"
        ],
        "4": [
            "\\nl< >\"Yay, off to the bathroom~!\""
        ],
        "5": [
            "\\nl< >\"Yay, time to bathe~\""
        ],	
        "6": [
            "\\nl< >\"...Okay ♥\""
        ],	
        "7": [
            "\\nl< >\"Hmm…\\w[80]If \\str[121] wants it that badly…\\w[90]",
			"let’s go bathe together…\""
        ],	
        "8": [
            "\\nl< >\"No! There's no way I'm bathing with you!\""
        ],
        "9": [
            "Got completely rejected by \\str[120].",
			"It still hurts to hear it, though…"
        ],	
        "10": [
            "\\nl< >\"Ugh… \\str[121], ",
			"you’re really acting like a little kid…\"\\w[150]"
        ],	
        "11": [
            "\\nl< >\"Geez… \\str[121], you're such a handful…",
			"Fine, I’ll go…\""
        ],		
        "12": [
            "Kept begging and finally convinced \\str[120]…!"
        ],
        "13": [
            "\\nl< >\\{\"No——Way——!!\\w[90]",
			"If it’s \\str[121], you’re ",
			"definitely thinking something pervy!\"\\}"
        ],
        "14": [
            "Ughhh… Got scolded hard by \\str[120]…"
        ],
        "15": [
            "Desperately beg",
			"Forget it"
        ],
        "16": [
            "...Didn't I just take a bath not long ago?"
        ],
        "17": [
            "Mmm... I guess it’s about time for a bath."
        ],
        "18": [
            "Invite \\str[120]",
			"Go alone"
        ],
        "19": [
            "It's a rare opportunity, ",
            "maybe I should try inviting ",
            "\\str[120] to bathe together..."
        ],	
        "20": [
            "\\nl< >\"Are you going to take a bath now, ",
			"\\str[121]? See you later then~\""
        ]			
    },
  "24": {
        "0": [
            "\\nl< >\"It's bedtime now.",
			"You should get some rest too, \\str[121]...\""
		],
        "1": [
            "\\nl< >\"It’s fine, it’s fine! ",
			"I was just about to sleep too!\""
		],
        "2": [
            "Go to sleep",
            "Wait a bit"
		],
        "3": [
            "Hmm, still got a few things I want to do."
		],
        "4": [
            "\\nl< >\"Yeah, it’s about time to rest.   \\w[120]",
			"Good night, \\str[121].\""
		],
        "5": [
            "\\nl< >\"You worked hard today too, \\str[121].         \\w[120]",
			"Good night...\""
		],
        "6": [
            "\\nl< >\"Lately you’ve been going to bed so early, \\str[121]...     \\w[150]",
			"It feels a little lonely...\""
		],
        "7": [
            "\\nl< >\"You're going to bed early... Are you okay, \\str[121]?    \\w[120]",
			"Feeling tired today?\""
		],
        "8": [
            "\\nl< >\"I see... get a good rest then.       \\w[120]",
			"Good night, \\str[121].\""
		]
    },
  "25": {
        "0": [
		    "Lewd Topics",
            "Spoil \\str[120]",
			"Adventure Talk",
			"Chit-chat"
		],
        "1": [
            "Chatted casually with \\str[120] about random things."
		],
        "2": [
            "\"I’ve got a new recipe idea today!\"",
			"\"Your hair’s gotten longer.\"",
			"\"I wonder what the weather will be like tomorrow…\"",
			"\"This game, huh…\"",
			"\"I’ve heard about it before…\""
		],
        "3": [
            "Leave it to me!            \\w[30]",
	        "Brushy brushy—\\w[30]brushy brushy—\\w[30]brushy brushy—\\w[30]",
	        "I carefully brushed \\str[120]’s hair."
		],
        "4": [
            "\"You’re even cuter than yesterday!\"",
	        "I gave \\str[120] some very enthusiastic praise."
		],
        "5": [
            "\"Good girl, good girl, good girl—!\"",
	        "I patted \\str[120]’s head over and over."
		],
        "6": [
            "\"In the depths of the dungeon—\"",
	        "I chatted with \\str[120] about adventures in the Abyss."
		],
        "7": [
            "\"There are actually tons of items with magical effects—\"",
	        "I talked with \\str[120] about magic items."
		],
        "8": [
            "\"Yesterday, I found—\"",
	        "I shared a recent story from one of my adventures."
		],
        "9": [
            "\"You know, adventurers always gather at the tavern ",
			"to celebrate their victories…\"",
	        "I talked with \\str[120] about the daily life of adventurers."
		],
        "10": [
            "\"Did you know? There are mushrooms that can actually run!\"",
	        "I told \\str[120] about strange monsters I encountered in the Abyss."
		],
        "11": [
            "\"Actually, I likes...\""
		],
        "12": [
            "\"Saying lewd things are bad is totally wrong!\""
		],
        "13": [
            "\"Girl's body...\""
		],
        "14": [
            "\"This part here...\""
		],
        "15": [
            "Chatted with \\str[120] about some grown-up topics."
		],
        "16": [
            "Panties Today?",
			"Sex Education"
		]
    },
  "29": {
        "0": [
		    "\\nl< >\"\\str[121]… don’t bring up weird stuff right now…\""
		],
        "1": [
            "\\str[120] mumbled with embarrassment,",
			"but the hazy look in her eyes seemed to suggest something else…"
		],
        "2": [
            "\\nl< >\"That’s interesting~\""
		],
		"3": [
            "\\str[120] listened with interest—nice!"
		],
        "4": [
            "\\nl< >\"Huh~ I see.\""
		],
        "5": [
            "\\nl< >\"Ah, yeah… I guess so.\""
		],
        "6": [
            "\\str[120] looked a little bored… ",
			"maybe the topic wasn’t interesting enough?"
		],
        "7": [
            "\\nl< >\"That’s a pretty deep topic.\""
		],
        "8": [
            "\\nl< >\"Um… \\str[121], let’s not talk about that anymore…\""
		],
        "9": [
            "\\str[120] doesn’t seem to like that topic—better ",
			"be careful next time..."
		],
        "10": [
            "\\nl< >\"\\str[121]… sorry, but please stop...\""
		],
        "11": [
            "Looks like \\str[120]’s getting a little upset…"
		],
        "12": [
            "\\nl< >\"Hmm… I see…\""
		],
        "13": [
            "\\str[120] listened absentmindedly, as if she was enduring something."
		],
        "14": [
            "\\nl< >\"—Onii-chaaaan~!\""
		],
        "15": [
            "Cheered \\str[120] up!"
		],
        "16": [
            "\\nl< >\"Thanks for today, \\str[121].\""
		],
        "17": [
            "\\str[120]’s mood seems to have improved."
		],
        "18": [
            "\\nl< >\"Mm…\""
		],
        "19": [
            "\\str[120]’s reaction seems a little off…"
		],
        "20": [
            "\\nl< >\"\\str[121]… that’s enough already…\""
		],
        "21": [
            "\\str[120]’s reaction wasn’t very good."
		],
        "22": [
            "\\nl< >\"You’re being annoying, \\str[121]!\""
		],
        "23": [
            "Got on \\str[120]’s bad side…"
		],
        "24": [
            "\\nl< >\"\\str[121], you big dummy! Stop it already!\""
		],
        "25": [
            "I was strongly rejected by \\str[120]…"
		],
        "26": [
            "\\nl< >\"...I feel a little embarrassed.\""
		],
        "27": [
            "\\nl< >\"Geez, \\str[121]... you're teasing me again.\""
		],
        "28": [
            "\\str[120] looked a little flustered."
		]
    },	
  "30": {
        "0": [
            "Mmm…not now…don’t touch…"
		],
        "1": [
            "\\nl< >\"Jeez, don’t touch me when my hair’s still wet…\"",
			"\\w[180]\\^"
		],
        "2": [
            "My hair got all messy again...",
			"Hmm... what a strange feeling..",
			"Ehehe...",
			"Your hand’s so warm, \\str[121]…",
			null,
			"\\str[121]…",
			null,
			"Meow..."
		],
        "3": [
            "\\nl< >\\{\"Geez— \\str[121],",
			"you went too far with the touching!\"",
			"\\w[150]\\^"
		]
    },	
  "34": {
        "0": [
            "\\{\"Look!                       \\w[40]\\}",
			"This is the latest model of——          \\^"
		],
        "1": [
            "\\nl< >\\{\"Oooooh——! It's the JoyStation V!\"",
			"\\w[120]\\^"
		],
        "2": [
            "\"That’s right! It’s the JoyStation V——     \\w[30]",
			"…Huh?        \\w[30]",
			"You already knew?\""
		],
        "3": [
            "\\nl< >\"What are you talking about, \\str[121]! ",
			"As an industry insider, of course I have to know this kind of stuff!\""
		],
        "4": [
            "\"Eh… industry insider?\""
		],
        "5": [
            "Damn… I went out of my way to strike",
			"a cool pose while pulling out the gift,",
			"but it totally ruined the surprise…"
		],
        "6": [
            "\\nl< >\"And it already has the full version of Shadow Soul installed,",
			"this is awesome!\""
		],
        "7": [
            "\\nl< >\"I’m so happy! ",
			"You’re the best, \\str[121]! I love you!\""
		],
        "8": [
            "Oh well, I guess it turned out to be a surprise after all—",
			"since \\str[120]’s this happy."
		],
        "9": [
            "\\nl< >\"\\str[121], don’t just stand there!",
			"Come play with me!\""
		],
        "10": [
            "\"Oh, let’s play together!\""
		],
        "11": [
            "And so the two of us pulled an all-nighter gaming",
			"completely forgetting about dinner."
		],
        "12": [
            "\\c[2]\\{",
			"Now I can play games with \\str[120] from now on!",
			"\\w[120]"
		],
        "13": [
            "Hm...? The console’s still on?",
            "Did I forget to power it off?"
		],
        "14": [
            "\"Ah——\""
		],
        "15": [
		    "In the faint light, I can see \\str[120] playing a game."
		],
        "16": [
            "\\nl< >\"Ah——\""
		],
        "17": [
            "Looks like she noticed I was coming too."
		],
        "18": [
            "\\nl< >\"Awaaahhhwahhhwahhhh—!\""
		],
        "19": [
            "\\str[120] quickly jumped back onto the bed ",
			"and buried her face in the pillow, completely still.",
			"Looks like she’s fully committed to pretending she’s asleep…"
		],
        "20": [
		    "Looking closely, I can see her body still trembling slightly.",
			"What should I do… kinda tempted to tease her a little—"
		],
        "21": [
            "Pat Her Butt"
		],
        "22": [
            "Looking at her plump, round butt snug in those fluffy shorts,",
			"I couldn’t resist reaching out and giving it a gentle pat."
		],
        "23": [
            "\\nl< >\"Sleeping... sleeping...\""
		],
        "24": [
            "\\nl< >\"Guuuuhhhmmmmm...\""
		],
        "25": [
            "\\nl< >\"Can’t see me— \\str[121] can’t see me…\""
		],
        "26": [
            "...Never mind. As funny as her reaction was,",
			"she’s starting to look kinda pitiful. ",
			"I should stop teasing her."
		],
        "27": [
            "\"Sleep tight, okay?\""
		],
        "28": [
            "I gave her one last head pat, then headed back to bed myself."
		]
    },	
  "39": {
        "0": [
            "\\{\"Ugh...!? \"\\w[60]"
		],
        "1": [
            "\"M-my stomach suddenly hurts so bad...\""
		],
        "2": [
            "\\nl< >\"\\str[121]? What’s wrong?\\w[40]",
			"I think I heard a weird noise from your stomach——\""
		],
        "3": [
            "\\{\"Uwoooooaah——!? \"\\w[60]"
		],	
        "4": [
            "I could feel my stomach cramping up hard.",
			"Huh? Did I eat something bad just now?"
		],
        "5": [
            "I instinctively started to worry about \\str[120],",
			"but when I looked over, ",
			"her expression was completely calm and normal.",
			"Even though we ate the exact same thing..."
		],
        "6": [
            "Well, it’s a relief she’s not going through",
			"the same thing...After all, ",
			"there’s only one toilet in the house—",
			"  ",
			"if she got hit too, ",
			"this situation could turn into ",
			"an unimaginable disaster..."
		],	
        "7": [
            "\"S-sorry, ",
			"\\str[121] really needs to go to the toilet...\""
		],
        "8": [
            "\\nl< >\"...Eh,your hemorrhoids acting up again?\""
		],	
        "9": [
            "\\nl< >\"Is your tummy hurting?",
			"Poor \\str[121]...\""
		],
        "10": [
            "\\nl< >\"…I’ll just head to the toilet.\""
		],
        "11": [
            "\\str[120] went to the toilet…",
			"I’ll just find something random to kill time."
		],
        "12": [
    		"——Come to think of it,",
    		"I never managed to take care of C before, did I?"
		],
        "13": [
    		"I’ve got a bad feeling, I can sense C’s presence.",
    		"To protect \\str[120], should I go check on her…?"
		],
        "14": [
            "Go Check",
			"Forget It"
		],
        "15": [
    		"Yeah… this is to protect \\str[120], ",
			"and also to bring C to justice…",
    		"It’s not like I’m trying to peek or anything…"
		],
        "16": [
            "…Forget it.",
			"Going to peek with such a flimsy excuse really isn’t right."
		],
        "17": [
            "\\nl< >\"Mmm… nghh…\""
		],
        "18": [
    		"Huh? \\str[120] looks a little off,",
    		"her cheeks are bright red, and it seems like she’s enduring something…"
		],
        "19": [
            "\"What’s wrong? Do you feel sick?\""
		],
        "20": [
            "I reached out to touch her forehead. It was warmer than usual,",
            "but it didn’t really feel like a fever—            \\w[30]\\^"
		],
        "21": [
            "\\nl< >\"Ah…!\\w[30]It’s nothing at all!\""
		],
        "22": [
            "\\nl< >\"I…\\w[30] I…\\w[30] I’ll just go to the toilet…!\"",
			"\\w[120]\\^"
		],
        "23": [
            "She quickly ran out of the room,",
            "Huh? Was she really just in a hurry to use the toilet?"
		],
        "24": [
            "What should I do… should I go see what’s going on with her?"
		],
        "25": [
            "Go Check",
			"Forget It"
		],
        "26": [
            "Yeah, just in case…"
		],
        "27": [
            "…Forget it.",
            "Going to peek with such a flimsy excuse really isn’t right."
		]	
    },		
  "40": {
        "0": [
            "After returning to the room,",
            "I could see \\str[120] trembling under the blanket."
		],
        "1": [
            "What on earth did she see that scared her so much…"
		],
        "2": [
            "\\nl< >\"Uuehh… \\str[121]…\""
		],
        "3": [
            "\"Don’t be scared… \\str[121]’s right here, ",
			"nothing to fear now.\""
		],
        "4": [
            "I held her and comforted her for a while, ",
			"and she finally calmed down."
		],
        "5": [
            "When I asked at the end, ",
			"it seemed she had found a bug in the toilet.",
			"Probably because the weather’s getting warmer… ",
			"it’s about time to think of some pest control."
		],
        "6": [
        	"After we went back to the room together,",
        	"she sadly hid under the blanket again."
		],	
        "7": [
            "\\nl< >\"Bugs… so scary… I hate bugs…\""
		],	
        "8": [
            "I could hear her mumbling to herself,",
            "she really seemed to have taken quite a shock…"
		],
        "9": [
            "This can’t go on…",
            "I’ve got to find a way to deal with the bugs in the house."
		]	
    },		
  "41": {
        "0": [
            "\\str[120] got upset after losing the game,",
            "and now she's curled up in her blanket, not moving an inch."
		],
        "1": [
            "Uh-oh… ",
			"looks like I went too far teasing her."
		],
        "2": [
			"I have to cheer her up somehow…"
		],
        "3": [
            "Cheer Her Up",
			"Pat Her Butt",
			"Comfort Her"
		],	
        "4": [
        	"I gently patted her back while speaking softly,",
        	"carefully trying to make her smile."
		],
        "5": [
        	"I brought her favorite strawberry milk,",
        	"sat beside her and quietly watched for any ",
			"sign of improvement."
		],
        "6": [
            "I gently reached out and gave my \\str[120]'s pouty little butt—",
			"sticking out from under the blanket in protest—a soft touch, ",
			"hoping to get her attention."
		],	
        "7": [
        	"I placed her bunny plush next to her,",
        	"pretending it was talking to make her laugh."
		],
        "8": [
            "\\nl< >\"Enough already… I forgive you, \\str[121]…\""
		],	
        "9": [
            "\\nl< >\"Don’t forget the promise you made to me.\""
		],
        "10": [
            "She still looked a bit sulky,",
            "but at least she peeked her head out from under the blanket."
		],	
        "11": [
            "\\nl< >\"\\str[121], you're a bully…\""
		],	
        "12": [
            "\\nl< >\"I don’t want to talk to you anymore…\""
		],	
        "13": [
            "She seems to have perked up a little."
		],	
        "14": [
            "\\nl< >\"\\str[121] is such a meanie…\""
		],	
        "15": [
            "\\nl< >\"\\str[121]... you're so mean...\""
		],	
        "16": [
            "She still looked a little gloomy."
		],	
        "17": [
            "\\nl< >\"I hate you… \\str[121]…\""
		],	
        "18": [
            "She still seemed really down."
		],	
        "19": [
            "\\nl< >\"Then… \\str[121]…     \\w[60]",
			"Can I make a request?\""
		],	
        "20": [
            "\"Yeah, \\str[121] will say yes to anything!\""
		],	
        "21": [
            "\\nl< >\"Don’t come home all beaten up tomorrow…\""
		],	
        "22": [
            "\\nl< >\"I want meat for dinner tomorrow…\""
		],	
        "23": [
            "\"Ah, yeah—it's a promise.\""
		],	
        "24": [
           "Rather than a real request,",
           "it felt more like her being adorably clingy.",
           "\\str[120] really is such a sweet, lovable girl…"
		]	
    },		
  "42": {
        "0": [
            "\\nl< >\"Sleepyyy—\\w[90]",
			"\\str[121], it’s really late... time for bed, okay?\""
		],
        "1": [
            "Yeah, it's this late already. ",
			"Should I just go to bed? "
		],
        "2": [
            "Sleep",
			"Wait"
		],
        "3": [
            "It's late, time to sleep———"
		],
        "4": [
            "...Still kinda feel like doing a little more.",
			"Guess I’ll hang in there a bit longer."
		],
        "5": [
            "\\nl< >\\}\"Mmyaa—zzZ\"\\{"
		],
        "6": [
            "……",
			"……"
		],	
        "7": [
            "Nope, \\str[120]’s already about to fall asleep.",
			"That’s it for today—let’s go to bed."
		],	
        "8": [
            "Gently picked up the already-sleeping \\str[120] ",
			"and carried her back to bed."
		],
        "9": [
            "Alright, I'll go to sleep too."
		],	
        "10": [
            "\\nl< >\"I'm sleepy! I'm going to bed—",
			"\\str[121], you're in the way, ",
			"so hurry up and get out!\""
		],
        "11": [
            "\"But I’m not done ye—!\"\\w[60]\\^"
		],	
        "12": [
            "\\nl< >\"Go awayyy—go awayyy—\"\\w[60]\\^"
		]		
    },
  "44": {
        "0": [
            "Hmm... I feel like drinking something..."
		],
        "1": [
            "But there’s no drink at home at all..."
		],
        "2": [
            "Hmm... I feel like drinking something..."
		],
        "3": [
            "Guess I don’t really feel like ",
			"drinking it that much anymore..."
		],			
        "4": [
            "\"Do you want some\\ii[\\v[90]]?\""
		],
        "5": [
            "\\nl< >\"Whatever! \\str[121] can drink whatever he likes!\""
		],
        "6": [
            "\\nl< >\"Ohh! Yes, yes, I’ll drink!\""
		],
        "7": [
            "\\nl< >\"Mm, thanks for the hard work, \\str[121].\""
		],
        "8": [
            "\\nl< >\"Doesn't sound very tasty, but I guess it's fine.\""
		],
        "9": [
            "\\nl< >\"I don't like bitter things...",
			"are you really going to drink it?\""
		],
        "10": [
            "Oh, by the way, ",
			"I also bought some snacks from that weird little shopkeeper...",
			"should I let \\str[120] try some too?"
		],
        "11": [
            "Try some",
			"Forget it"
		],
        "12": [
            "Maybe next time."
		],
        "13": [
            "\"There's still some snacks today!",
			"It’s\\ii[\\v[90]], want to try some?\""
		],
        "14": [
            "\\nl< >\"Yes, I’ll eat... snacks are innocent.\""
		],
        "15": [
            "\\nl< >\"Eh? ",
			"This pairing makes even snacks taste bad...\""
		],
        "16": [
            "\\nl< >\"Yay! We can eat snacks together!\""
		],
        "17": [
            "We enjoyed a bit of tea time together."
		],
        "18": [
            "\\nl< >\"\\str[121], I'm a bit thirsty. ",
			"I want some water.\""
		],
        "19": [
            "Thirsty? Good thing I bought\\ii[\\v[90]] today."
		],
        "20": [
            "\"Do you want some\\ii[\\v[90]]?\""
		],
        "21": [
            "\\nl< >\"Huh, where did that come from?\""
		],
        "22": [
            "\"I got it from a vending machine in the",
			"forest earlier today\""
		],
        "23": [
            "\\nl< >\"What? Why is there a vending machine ",
			"in the forest...?\""
		],	
        "24": [
            "\"It’s strange, right? But after I put in a coin, ",
			"it gave me a drink like normal, ",
			"and the expiration date is pretty new.\""
		],	
        "25": [
            "\"It’s strange, right? ",
			"but it did give out a drink, ",
			"and the expiration date is quite new.\""
		],
        "26": [
            "But I accidentally broke the machine,",
			"I wonder if someone’s going to come after me ",
			"for compensation...",
			"Now that I think about it, this feels kinda bad..."
		],
        "27": [
            "\\nl< >\"Well, pour me a glass then.\""
		],	
        "28": [
            "I poured a glass of\\ii[\\v[90]]",
			"for both my sister and myself."
		],
        "29": [
            "It was cold and refreshing, really tasty."
		],
        "30": [
            "We enjoyed a bit of tea time together."
		],	
        "31": [
            "Next time you buy a drink,",
			"you can share it with \\str[120]!    \\w[60]"
		],
        "32": [
            "I took out the small bottle ",
			"containing the Elixir Rubrum,",
			"but just as I was about to give it to her, ",
			"fear suddenly crept over me—"
		],
        "33": [
            "What if...",
			"it doesn’t actually work on her? Or worse, ",
			"what if it makes her condition even worse...?  \\w[60]",
			"Father’s research should be sound, but still…!"
		],
        "34": [
            "\\nl< >\"\\str[121]? What’s wrong?  \\w[45] ",
			"You’re shaking...\""
		],	
        "35": [
            "\"…Ah, it’s nothing.\""
		],	
        "36": [
            "I made her worry.   \\w[45]",
			"But I still couldn’t bring myself to decide ",
			"whether to let her drink it or not—"
		],
        "37": [
            "\\nl< >\"That’s the medicine you’ve been looking for ",
			"all this time, right?   \\w[90]\"",
			"Are you worried about me, \\str[121]?"
		],	
        "38": [
            "She suddenly held the hand ",
			"I was using to hold the Elixir Rubrum."
		],	
        "39": [
            "\\nl< >\"\\str[121], you’ve been working so hard for me.  \\w[90]",
			"That’s why I want to try my best for you too...\""
		],
        "40": [
            "\\nl< >\"So, let me try this medicine.\""
		],	
        "41": [
            "I could feel her determination in her words."
		],	
        "42": [
            "\"…If something feels off, ",
			"promise me you’ll spit it out, okay?\""
		],	
        "43": [
            "There was no point in running away now.",
			"I poured the red elixir into a glass of milk ",
			"and handed it to her."
		],
        "44": [
            "She drank the milk with the Elixir Rubrum ",
			"mixed in almost immediately, ",
			"and I watched her anxiously for any reaction."
		],	
        "45": [
            "\\nl< >\"Ugh...\""
		],	
        "46": [
            "She suddenly made a pained expression."
		],
        "47": [
            "\"Does it… taste weird!?\""
		],
        "48": [
            "\\nl< >\"It’s delicious! Sweet and tangy, ",
			"I feel like I could drink another glass~!\""
		],
        "49": [
            "To my surprise, she actually liked the taste. ",
			"All my worries suddenly felt so unnecessary..."
		],
        "50": [
            "In the end, nothing seemed to change ",
			"after she drank the Elixir Rubrum.",
			"Could it really have no effect at all?"
		]
    },		
  "51": {
        "0": [
            "\\nl< >\"I’m back…\""
		],
        "1": [
            "\\str[120] cheeks are flushed, and there’s a faint, ",
			"sweet scent coming from her body, this is…"
		],
        "2": [
            "\"What’s wrong? You were in such a hurry just now—\""
		],
        "3": [
            "\\nl< >\"N-no, it’s nothing…!     \\w[90]",
			"It’s just that the milk tasted weird and made me ",
			"feel like I had to rush to the toilet…!\""
		],
        "4": [
            "\\nl< >\\}\"Uuehh……      \\w[60]",
			"My body still feels hot…\"         ",
			" \\w[180]\\^"
		]	
    },		
  "53": {
        "0": [
            "\\nl< >\"\\str[121], ",
			"don’t bring up weird topics right now...\""
		],
        "1": [
            "With a cheerful smile, ",
			"I asked \\str[120] what kind of panties she’s wearing now."
		],
        "2": [
            "\\nl< >\"Mm... \\str[121],",
			"do you really want to know that much?\""
		],
        "3": [
            "\\str[120] didn’t seem too resistant,",
			"is this a chance?"
		],
        "4": [
            "\\nl< >\"What’s wrong, \\str[121]? ",
			"Asking such a weird question...\""
		],
        "5": [
            "\"Ah... uh... it’s nothing...\""
		],
        "6": [
            "Seeing \\str[120]’s innocent expression, ",
			"I turned my head away in shame."
		],
        "7": [
            "Unwilling to give up, I pressed \\str[120] again about ",
			"the kind of panties she’s wearing now."
		],
        "8": [
            "\\nl< >\"Geez, I really can’t say no to you...\""
		],
        "9": [
            "\\nl< >\\}\"I'm not wearing anything at all...\""
		],
        "10": [
            "\\nl< >\\}\"It's a blue-and-white striped one...\""
		],
        "11": [
            "\\nl< >\\}\"It's a pink-and-white striped one...\""
		],
        "12": [
            "\\nl< >\\}\"It's a plain white one...\""
		],
        "13": [
            "She trotted over and leaned close, whispering softly in my ear.",
			"A faint citrus fragrance, carried on her warm breath, brushed against me—",
			"sending a tingling shiver down my spine."
		],
        "14": [
            "\\nl< >\"Does this make \\str[121] happy~?\""
		],
        "15": [
            "\\nl< >\"Eh... \\str[121],",
			"what are you trying to do by asking that...?\""
		],
        "16": [
            "\\str[120] just looked at me with a confused expression."
		],
        "17": [
            "Summoning all my courage, ",
			"I asked \\str[120] one last time what kind of panties ",
			"she’s wearing now."
		],
        "18": [
            "\\nl< >\"\\str[121] already knows, doesn’t? ",
			"I’m not telling you again!\""
		],
        "19": [
            "\\nl< >\"Geez, \\str[121], you’re so annoying!\""
		],
        "20": [
            "I ended up making her angry..."
		]		
    }			
}