{
  "2": {
        "0": [
            "\\nl< >\"\\str[121]... держись...    \\w[90]",
            "Ты обязательно поправишься.\""
		],
        "1": [
            "Что же будет с моим достоинством, как её \\str[121]..."
		],
        "2": [
            "\\nl< >\"\\str[121]... не грусти.\""
		],
        "3": [
            "\\nl< >\"\\{Геморрой\\}? Наверное, это из-за плохих привычек...\""
		],
        "4": [
            "Плохо. Недоразумение становится только сильнее —"
		],
        "5": [
            "\"А, вот почему я не——\"",
			"\\w[45]\\^"
		],
        "6": [
            "\\nl< >\\{  \"Неужели это что-то ещё серьёзнее!?\"   "
		],
        "7": [
            "\"Прости, это просто геморрой.\""
		],
        "8": [
            "И так, причина того, почему я так долго сидел в туалете, ",
            "официально определена…"
		],
        "9": [
            "\\nl< >\"…Значит, это правда был запор?\""
		],
        "10": [
            "Не хорошо —",
            "\\str[120] начинает неправильно всё понимать."
		],
        "11": [
            "\"Дорогая \\str[120], твой \\str[121] ",
            "просто размышлял о высоком, знаешь ли?\""
		],
        "12": [
            "\\nl< >\"Понятно...! Это впечатляет, \\str[121].\""
		],
        "13": [
            "Круто, да? ",
            "Твой \\str[121] просто временно перешёл в режим мудреца."
		],
        "14": [
            "\"Ладно, давай начинать готовить ужин!\""
		],
        "15": [
            "\\nl< >\"\\str[121], ты опять так долго сидел в туалете.\""
		],
        "16": [
            "Даже отрицать не выйдет... Я и правда там засиделся..."
		],
        "17": [
            "\"Кхм…! Сейчас это не важно,",
            "давай уже приступим к ужину!\""
		],
        "18": [
            "\\nl< >\"Какая подозрительность…\""
		],
        "19": [
            "\\nl< >\"Ты такой медленный, \\str[121]! У тебя запор?!\""
		],
        "20": [
            "\"Ахаха… да ну…\""
		],
        "21": [
            "\"Ты уже проголодался, верно? ",
            "Тогда приступим к ужину—!!\""
		]
    },
  "4": {
        "0": [
            "Я хотел ещё немного подбодрить \\str[120],",
            "но меня выставили из комнаты.\""
		],
        "1": [
            "Ну что ж, пожалуй, пока просто посплю —",
            "придумаю что-нибудь завтра..."
		]
    },		
  "6": {
        "0": [
            "Фух... хорошо, что я не опозорился ",
            "перед \\str[120]...",
            "Но———"
		],
		"1": [
            "\\{\"Угх———\"  \\w[60]"
        ],
        "2": [
            "Всё хуже, чем я думал...",
            "Это уже больше получаса длится...?"
        ],
        "3": [
            "Будто все силы из меня уходят...",
            "Может, и правда что-то было не так ",
            "с ужином?"
        ],
        "4": [
            "\\nl< >\"\\str[121]... ты в порядке...?",
            "Я слышала... какие-то очень страшные звуки...\""
        ],
        "5": [
            "\"Ахаха… может, я съел что-то не то…",
            "Не подходи… тут опасно…\""
        ],	
        "6": [
            "Снаружи двери послышался обеспокоенный голос \\str[120]. ",
            "Как бы я ни хотел поскорее выбраться отсюда, ",
            "даже силы встать ",
            "покидали меня..."
        ],	
        "7": [
            "\\{\"Уоооох—\"  \\w[60]"
        ],
        "8": [
            "Я не могу…",
            "Это просто не заканчивается..."
        ],
        "9": [
            "\\nl< >\"\\str[121]… ты всё ещё там?\""
        ],
        "10": [
            "\\nl< >\"Э-эм... на самом деле...",
            "мне тоже... нужно в туалет...\""
        ],
        "11": [
            "\\{\"Гвоооаахх—\" \\w[60]"
        ],	
        "12": [
            "\\{\"Е-ещё нет—",
            "я всё ещё... не могу выйти—!\""
        ],
        "13": [
            "\\nl< >\"Эх... прошло уже ещё десять минут...\\w[120]",
            "мне... мне правда тоже нужно...\""
        ],	
        "14": [
            "\"Увоооаааххх—!",
            "О-оно не прекращается—!\""
        ],
        "15": [
            "\\nl< >\"\\str[121]... уже...\""
        ],	
        "16": [
            "\"Увоооаааоооокасвдектфрвтгхууниёпоиёпйох——!\""
        ],
        "17": [
            "\\nl< >\"Увааааахх——!",
            "Я больше не могу сдерживаться...!\""
        ],
        "18": [
            "\"Уваааааааххххх——!\"",
            "\"Увооооохххххх——!\""
        ],
        "19": [
            "В ту ночь из одного неприметного дома",
            "доносился мучительный рёв дикого зверя,",
            "перемежаемый заставляющими краснеть криками ",
            "и неописуемыми стонами."
        ],	
        "20": [
            "То низкие, как предсмертные хрипы зверя,",
            "то пронзительные, как крик застенчивой девочки,",
            "они сливались в хаотичную и двусмысленную ",
            "симфонию."
        ],	
        "21": [
            "Тем временем, глубоко в ночной дали,",
            "даже искатели приключений, продолжавшие бой ",
            "на краю бездны, вздрогнули,",
            "инстинктивно застынув с мечами в руках,",
            "переглянулись, на мгновение задумавшись,",
            "не родилось ли где-то в тенях новое ",
            "неведомое бездное создание."
        ]
    }
		
}
