{
  "autoUpdateReminder": {
        "0": [
            "アップデートは翌朝起床時に自動で開始されます。",
			"その間はネットワーク接続が安定していることをご確認ください！",
			"\\w[120]"
		],
		"1": [
            "更新履歴を確認できません！",
			"ネットワーク接続に失敗した可能性があります！",
			"\\w[120]"
        ]		
    },  
  "ElixirCraft": {
        "0": [
            " 秘薬錬成 "
		],
		"1": [
            " 紅髄液が錬成されました！ "
        ]		
    },	
  "gainRedHeart": {
        "0": [
            " 春心蕩れ "
		],
		"1": [
            " \\str[120]がドキッとしちゃった！ "
        ]		
    },	
  "gainGoldenHeart": {
        "0": [
            " 金色魅惑 "
		],
		"1": [
            " 金色に迷い込んでしまった "
        ]		
    },	
  "NinjasFate": {
        "0": [
            " 忍の宿命 "
		],
		"1": [
            " 己の存在を消し、仲間のために刃を振るう…… "
        ]		
    },
  "maidBunnyBoss": {
        "0": [
            "前には本当に何もないんだウサ！",
			"だからわざわざ見に行かなくていいウサ！"
		],
		"1": [
            "ここには何もないウサ、絶対近づいちゃダメ！",
			"どうせここには絶対に何も隠してないウサ！"
        ],
		"2": [
            "……ウサ？",
			"なんだか変な物音がする？"
        ],
		"3": [
            "……ウサ！？",
			"どうやってここを見つけたんだ——！"
        ],
		"4": [
            "……ウサ！？",
			"人間……！！"
        ],
		"5": [
            "ウサ、この野郎——               \\w[45]",
			"\\{ニンジンを盗みに来たのか！！       \\w[60]\\^"
        ],
		"6": [
            "ウサ！？僕のニンジン！！      \\w[45]",
			"\\{ニンジン泥棒だ！！         \\w[60]\\^"
        ]		
    },
  "noBombFishing": {
        "0": [
            "爆弾を川に投げ込むこと厳禁！",
			"違反した場合は自己責任！"
		]		
    },	  
  "sela": {
		"1": [
            "（看来暂时不会醒来了…",
			"还是等等再过来吧…）"
        ],
        "2": [
            "……ん？",
            "駅に着いたのかな……？"
        ],
        "3": [
            "あれれ？ここ、車両の中じゃない…？",
            "あんなにあったかかったのに……"
        ],
        "4": [
            "焚き火……あぁ……",
            "だから、こんなにあったかいんだね。"
        ],
        "5": [
            "でも…なんだか変だなぁ……",
            "さっきまで、窓の外の星の川を見てたのに…"
        ],
        "6": [
            "きっと、見とれすぎちゃって……",
            "乗り過ごしちゃったんだね。"
        ],
        "7": [
            "『列車』って……なんだっけ……？",
            "ふふふ……『列車』だよ〜"
        ],
        "8": [
            "それはね……ガタン、ゴトンって音を立てながら、",
            "キラキラした星の間を走っていく…光の列車なの〜"
        ],
        "9": [
            "汽笛の音はね、",
            "歌うクジラさんみたいなんだよ〜"
        ],
        "10": [
            "ふふふ、まだわかんない？",
            "じゃあ、切符を見せてあげるね〜"
        ],
        "11": [
            "銀河列車の切符はね、",
            "とっても――"
        ],
        "12": [
            "あれれ……あれれれ？",
            "切符……なくなっちゃった……"
        ],
        "13": [
            "黒い蔓の模様がくるくるしてて、",
            "真ん中にはね……変な十字の印があるんだよ……"
        ],
        "14": [
            "ごめんね……銀河を見せてあげたかったのに……",
            "どうやら、切符をなくしちゃったみたい……"
        ],
        "15": [
            "それがないと、もう列車に乗れないんだ……",
            "うぅぅ……"
        ],
        "16": [
            "……このあと、どうするかって？",
            "ここで待ってたら……次の列車が、気づいてくれるかも。"
        ],
        "17": [
            "それにね、ごめん……",
            "この火がね、あったかすぎるの……"
        ],
        "18": [
            "座ってるだけで、眠気がね……潮みたいに……",
            "どんどん……押し寄せてきて……"
        ],
        "19": [
            "（こ、この子……",
            "ほんとに寝ちゃった！？）"
        ],
        "20": [
            "ここ……本当にあったかいね。",
            "でも、太陽のあたたかさとは違うんだよ。"
        ],
        "21": [
            "太陽は外の世界のぬくもり。",
            "焚き火はね、旅の途中のぬくもりなの。"
        ],
        "22": [
            "……ふあぁ？",
            "列車……迎えに来てくれたのかな……？"
        ],
        "23": [
		    "……あれれ？",
		    "さっきの冒険者さんだぁ。"
        ],
        "24": [
		    "さっきまでお話してたのに…",
		    "なんだか、すごく長い時間が経った気がするね…"
        ],
        "25": [
		    "『切符をなくした場所』…だっけ？",
		    "う〜ん……もうあんまり覚えてないや〜"
        ],
        "26": [
		    "あれはね、この世界のコインみたいに重たくなくて……",
		    "とっても軽いの。白鳥の羽よりも軽いよ〜"
        ],
        "27": [
		    "色はね、眠ってる湖を閉じこめたみたいで、",
		    "光にかざすと、星のかけらが流れてるんだ〜"
        ],
        "28": [
		    "きっとね……",
		    "どこかに落としちゃったんだと思うの……"
        ],
        "29": [
		    "青いラベンダーが咲く草原かもしれないし、",
		    "人を怖がらないキツネさんが巣に持ってったのかも。"
        ],
        "30": [
		    "それかもしかして……朝いちばんの露になって、",
		    "誰かのお家の窓辺に、ぶら下がってるのかもね〜"
        ],
        "31": [
		    "（な、なぞなぞ……？",
		    "ぜんぜんわかんない……）"
        ],
        "32": [
		    "ごめんね……思い出せるのは、",
		    "そんな…ぼんやりした景色だけなんだ……"
        ],
        "33": [
            "これ……あげるね……列車の中でも、",
            "これを読むのが好きだったの……"
        ],
        "34": [
            "中にはね……面白い記録がたくさんあるの……",
            "きっと、冒険者さんにも役に立つと思うの……"
        ],
        "35": [
            "（真剣に絵を描いている……",
            "今は邪魔しないほうがいいかも……）"
        ],
        "36": [
            "(ちょっと気になるな……",
            "何を描いてるんだろう……）"
        ],
        "37": [
            "(こ、これは……",
            "な、なんだ！？）"
        ],
        "38": [
            "(なんだか……",
            "見ちゃいけないものを見た気がする……）"
        ]	
    },	
  "PhilosophersFragment": {
        "title": [
            "天上の石欠片"
		],
        "description50": [
            "紅獣から手に入れた特別な欠片",
			"いろいろな欠片をたくさん集めれば",
			"${}の病気に役立つかもしれないね"
		],
        "description56": [
            "メイドバニーから手に入れた特別な欠片",
			"いろいろな欠片をたくさん集めれば",
			"${}の病気に役立つかもしれないね"
		]		
    },		
  "imoutoAhoge": {
        "0": [
            "うっかり\\str[120]のアホ毛を折ってしまった。"
		],
		"1": [
            "\\str[120]は気づいてないみたいだし、すぐにまた生えてきた。",
			"……まさか再生可能資源なのか？"
        ],
        "2": [
            "\\nl< >「……どうしたの\\str[121]？",
			"すごく真剣な顔してるけど。」"
        ],
        "3": [
            "ややこしそうだから、",
			"もうあんまり深く考えない方がいいな。"
        ],
        "4": [
            "もう触らない方がいいな……"
        ],	
        "5": [
            "\\nl< >「……頭がちょっとかゆいんだけど、   \\w[30]",
			"\\str[121]、何かしたの？」"
        ],
        "6": [
            "「な、何もしてないよ？」"
        ]		
    },
  "cookingSystem": {
        "0": [
            "\\ii[\\v[\\v[85]]]の準備はできた、さて何を作ろう？"
		],
		"1": [
            "他のにする",
			"これを外す"
        ],
        "2": [
            "まだ食材を選んでる！！"
        ]	
    },	
  "inventoryExpansion": {
        "0": [
            "\\ii[312] を使って",
			"バッグの容量を拡張できるみたいだけど…"
		],	  
        "1": [
            "武器スロットを拡張",
			"装備スロットを拡張",
			"やめよう…"
		],
        "2": [
            "\\ii[312]の数が",
			"足りないみたい…"
		]	
    },
  "loadingEasterEgg": {
        "0": [
            "\\nl< >「ハンバーグは最高の食べ物。」  \\w[180] \\^"
		],	  
        "1": [
            "\\nl< >「\\str[121]は\\str[120]に山のようなお肉を絶対持ってきて",
			"くれるんだから……」   \\w[360] \\^"
		],
        "2": [
            "\\str[120]が何か話しているみたいだ……"
		],
        "3": [
            "\\nl< >「でもピーマンは敵だ。       \\w[120]",
			"全部\\str[121]が食べてくれる…       \\w[120]",
			"緑の敵をやっつけてね〜！」          \\w[120]\\^"
		],	  
        "4": [
            "\\nl< >「あ、起きた…   \\w[60]",
			"\\str[121]、よく眠れた？」"
		],
        "5": [
            "「いや…っていうか、さっきから",
			"なんか変なことばっかり聞こえてるような……」"
		],	
        "6": [
            "\\nl< >「えへへ、   \\w[60]",
			"さっきのは\\str[121]への安眠サービスだよ！」"
		],	
        "7": [
            "\\nl< >「\\str[120]とってもかわいいよ……        \\w[120]",
			"\\str[120]は俺が世界一大好きな女の子だよ……    \\w[210]",
			"\\str[120]は俺の――                        \\w[150]\\^"
		],	
        "8": [
            "\\str[120]が何か話しているみたいだ……"
		],	
        "9": [
            "\\nl< >「あっ、\\str[121]！おはよう————！」"
		],
        "10": [
            "\\nl< >「あの……さっき言ったこと全部聞こえた？」"
		],
        "11": [
            "\\nl< >「\\str[121]さっきの寝相が面白かったよ〜」"
		],
        "12": [
            "\\nl< >「珍しくうとうとしてるね~」"
		]		
    },
  "rubberDuck": {
        "0": [
            "ぽつんとしたゴムのアヒルが",
			"水面に浮かんでいる……"
		],	  
        "1": [
            "拾い上げる",
			"放っておく"
		],
        "2": [
            "誰かに捨てられたのかな…",
			"ちょっと可哀想だな…"
		],	
        "3": [
            "そういえば、俺もさっき上から",
			"流されてきたばかりだし…"
		],	
        "4": [
            "こんなものを持って帰ったら…",
			"\\str[120]は喜ぶかな？"
		],
        "5": [
            "ちょっと汚れてるみたいだし、",
			"やっぱり放っておこう……"
		]
    },
  "drowning": {
        "0": [
            "うわぁぁ…危なかった……",
			"川辺からうっかり落ちて、もう少しで溺れるところだった——"
		]
    },
  "mecha": {
        "0": [
            "長い間埃をかぶったままの奇妙なメカが",
			"ここに立っている……触っても反応がない。"
		],
        "1": [
            "あれ……？",
			"ここに何かある？"
		],
        "2": [
            "落ちてきた部品？",
			"まだ起動できそうに見える……"
		]
    },
  "erohon": {
        "0": [
            "（周りにはまだ人やモンスターがいるし…",
			"こんな本は出さない方がいいかな…）"
		]
    },
  "ninja": {
        "0": [
            "こんな場所に人工の隠し部屋…",
			"誰が作ったの…？"
		],
        "1": [
            "えっ……！？",
			"女の子が倒れてる……"
		],
        "2": [
            "そういえば、さっきから変な音が…",
			"お腹の音だったのか…"
		],	
        "3": [
            "うぅ……",
			"お腹すいた……"
		],	
        "4": [
            "…………",
			"意識もうろうとしてる…？"
		],	
        "5": [
            "ちょうど焚き火もあるし、",
			"何か作ってあげよう！"		
		],
        "6": [
            "\\ii[\\v[90]] を使って、  ",
			"簡単な料理を作る？"
		],	
        "7": [
            "やろう！",
			"やめろ"
		],	
        "8": [
            "うーん…食材を",
			"変えた方がいいかも…"
		],	
        "9": [
            "ほら、あったかいご飯だよ？",
			"食べられそう？"
		],	
        "10": [
            "くんくん……",
			"いい匂い……"
		],		
        "11": [
            "ご飯の匂い！！"
		],		
        "12": [
            "\\{いただきまーす！！"
		],		
        "13": [
            "お、おい……",
			"それ俺が作ったんだけど…"
		],		
        "14": [
            "（一瞬で完食か……",
			"本当にお腹すいてたんだな…）"
		],		
        "15": [
            "もぐもぐ……助かったよ〜！",
			"何日も食べてなくて……もぐもぐ……"
		],			
        "16": [
            "このまま地縛霊になるかと思った…",
			"ぐるるる…"
		],		
        "17": [
            "まぁ落ち着いて食べて……で、",
			"なんでこんなとこに一人で？"
		],		
        "18": [
            "あっ、そうそう！",
			"ちゃんと任務中だったの！"
		],		
        "19": [
            "この辺に宝があるって聞いて、",
			"隠し部屋を掘ったんだよ！"
		],		
        "20": [
            "でもね…もぐもぐ、",
			"出入口が墓石で塞がれちゃって！"
		],		
        "21": [
            "うぅ、予想外だったし、",
			"非常食もすぐ尽きて……"
		],	
        "22": [
            "忍者なのにこんなミスするなんて……",
			"組織に顔向けできないよ…"
		],	
        "23": [
            "は、はあ？なんでわざわざ",
			"隠し部屋を掘ったんだよ……"
		],	
        "24": [
            "だって宝物は常にあるわけじゃないし、",
			"長期戦になるかもって思って…もぐもぐ。"
		],	
        "25": [
            "しかもこの情報は極秘なんだよ、",
			"あのお方から託された極秘任務なんだから！"
		],	
        "26": [
            "他の人に、知られたら……",
			"どうなるか……"
		],	
        "27": [
            "もちろん、静かに始末するしか……",
			"じゃないと忍者失格だし…もぐもぐ。"
		],	
        "28": [
            "……はっ！",
			"情報漏らしちゃった！"
		],	
        "29": [
            "あの…俺、絶対口外しません……",
			"だから……"
		],		
        "30": [
            "……え！？"
		],		
        "31": [
            "またこんな初歩的なミスを……",
			"うぅぅ……たとえ命の恩人でも……"
		],		
        "32": [
            "ま、待って！",
			"そんな理由で……！"
		],		
        "33": [
            "忍者ってのはそういうもの……",
			"戦わなきゃ生き残れない……"
		],		
        "34": [
            "できるなら手を出したくないよ、",
			"まだご飯のお礼もしてないのに…"
		],	
        "35": [
            "そ、そうだ————",
			"\\^"
		],	
        "36": [
            "答えは一つ——！",
			"あなたも忍者になって！"
		],	
        "37": [
            "あなたも組織に入れば、",
			"もう戦う必要はないよ！"
		],	
        "38": [
            "ま、待って！",
			"それって断れないじゃん！？"
		],	
        "39": [
            "大丈夫、",
			"優しくするから……"
		],
        "40": [
            "……ひぃ！？",
			"こっち来ないで！！"
		],
        "41": [
            "ほんとに忍者の才能あるよ……！",
			"こんな短時間で体が覚えちゃってる！"
		],
        "42": [
            "これであなたも、",
			"私たちの仲間だね！"
		],
        "43": [
            "でもあのお方に会わせるのは、",
			"私の任務が終わってからね！"
		],
        "44": [
            "もう……",
			"なんでもいい……"
		]		
    }	
}
