{
  "0": [
    "✦\\str[120]が好きなマグカップ。",
    "奇妙なウサギのイラストが描かれており、",
    "どうやら逆流茶会の人気商品らしい。"
  ],
  "1": [
    "✦父が残した小さなランタン、",
    "どうやら魔術礼装の一種のようだ。",
    "かなり古いが今でも非常に使いやすく、暖かい光を放つ。"
  ],
  "2": [
    "✦可愛いデザインの小型ナイトライト。",
    "光がとても柔らかく、夜中にトイレに行く時に便利。"
  ],
  "3": [
    "✦「フィカスウンベラータ」という観葉植物。",
    "非常に元気に育っていて、",
    "\\str[120]が毎日丁寧に世話をしている様子。"
  ],
  "4": [
    "✦「ポトス」という観葉植物。",
    "あまり元気に育っていないため、\\str[120]が窓際に置いている。",
    "でも、ポトスは日光が苦手だと教えるべきかな…？"
  ],
  "5": [
    "✦\\str[120]が父の書斎から選んだ本の数々。",
    "主に哲学書で、まったく意味が分からない。"
  ],
  "6": [
    "✦帰り道で拾った乾燥した白樺の枝。",
    "カッコいいと思って\\str[120]に見せたら、",
    "\\str[120]が丁寧に花瓶に保存してくれた。"
  ],
  "7": [
    "✦\\str[120]が描いた鳥のスケッチ。",
    "窓越しに近所で見かけた鳥を観察して描いたみたいです。"
  ],
  "8": [
    "✦型が古く、風力もあまり強くない小型扇風機。",
    "近くに寄らないと涼しい風を感じられない。"
  ],
  "9": [
    "✦最新型のドライヤー。風力が非常に強く、",
    "顔に直接当てると皮膚が風で持ち上がるように感じる。"
  ],
  "10": [
    "✦浴槽の温度を調節できる。",
    "ただし、最高温度99度、最低温度-10度",
    "という設定は本当に大丈夫なのか！？"
  ],
  "11": [
    "✦\\str[120]が好きなフルーツの香りがするシャンプー。",
    "洗った後髪が非常にサラサラになるが、",
    "減りが早いのが欠点。",
    "現在の残量：\\c[20]${$gameSelfVariables.value([6, 8, 'shampoo'])}%"
  ],
  "12": [
    "✦\\str[120]がさっき脱いだ下着みたいだ…",
    "きちんと畳んであるな。"
  ],
  "13": [
    "✦伝説のゲーム機。現在では非常に珍しく、",
    "一台手に入れればゲーマーの間で伝説の人物になれる。"
  ],
  "14": [
    "✦\\str[120]の誕生日に父が贈ったぬいぐるみ。",
    "\\str[120]はこのぬいぐるみをとても大切にしていて、",
    "いつもそばに置いている。"
  ],
  "15": [
    "\\fr\\fs[20]\\c[10]遺された魔法陣",
    "\\fs[22]\\i[16]???\\fr",
    "✦父から受け継いだ魔法カードが生み出した異空間。",
    "時空を完全に隔絶し、収納した物が消えることはない。",
    "家の玄関と繋がり、安全に帰還できるようになっている。",
    "これが父親が自分の子供が将来必ずアビスに",
    "踏み入れると予見して、特別に用意したものなのか、",
    "今となっては誰も知らない……"
  ],
  "16": [
    "\\fr\\fs[28]\\c[114]大迷宮",
    "\\fr\\fs[22]\\i[16]400",
    "✦遺跡迷宮の入口。深淵の気配により、多くの魔物が湧き出している。",
    "危険だが、冒険者にとっては魅力的な機会に満ちた場所でもある。",
    "最下層にはアビスの秘密が隠されていると言われているが、",
    "ここはアビスを探索するための選択肢の一つに過ぎない。"
  ],
  "17": [
    "✦最新技術で作られた85インチのテレビで、",
	"映像のクオリティはとても高い。 ただ、",
    "普段受信できるチャンネルはあまり多くないので、",
	"面白い番組を見たければ、ビデオテープを探すしかない。"
  ]
}