{
  "imoutoAhoge": {
        "0": [
            "不小心拔下了\\str[120]的呆毛。"
		],
		"1": [
            "\\str[120]似乎没有注意到、而且呆毛很快就长出来了。",
			"……难道这是什么可再生资源吗？"
        ],
        "2": [
            "\\nl< >「……怎么了\\str[121]？",
			"突然表情变得这么严肃。」"
        ],
        "3": [
            "看起来有点复杂，最好不要再深入思考了。"
        ],
        "4": [
            "还是不要再碰了……"
        ],	
        "5": [
            "\\nl< >「……头感觉痒痒的、   \\w[30]",
			"\\str[121]、你做了什么吗？」"
        ],
        "6": [
            "「什、什么也没有做哦？」"
        ]		
    },
  "cookingSystem": {
        "0": [
            "\\ii[\\v[\\v[85]]]已经准备好了、要做些什么？"
		],
		"1": [
            "换其他食材",
			"还是不要了"
        ],
        "2": [
            "还在选择食材！!"
        ]	
    },	
  "inventoryExpansion": {
        "0": [
            "似乎可以使用\\ii[312]",
			"来扩充背包容量…要怎么做？"
		],	  
        "1": [
            "扩充武器格",
			"扩充装备格",
			"还是算了"
		],
        "2": [
            "\\ii[312]的数量",
			"好像不够…"
		]	
    },
  "loadingEasterEgg": {
        "0": [
            "\\nl< >「汉堡肉是最好吃的食物。」  \\w[180] \\^"
		],	  
        "1": [
            "\\nl< >「\\str[121]一定会把堆积如山的肉带回来给\\str[120]……」   \\w[360] \\^"
		],
        "2": [
            "嗯…\\str[120]好像在耳边说些什么……"
		],
        "3": [
            "\\nl< >「但是青椒是敌人。   \\w[120]",
			"全部都由\\str[121]来吃掉…        \\w[120]",
			"去打倒绿色的敌人吧〜！」    \\w[120]\\^"
		],	  
        "4": [
            "\\nl< >「啊、醒来了…    \\w[60]",
			"\\str[121]、睡得还好吗？」"
		],
        "5": [
            "「感觉不好…话说从刚才开始就一直",
			"能听到奇怪的声音啊……」"
		],	
        "6": [
            "\\nl< >「诶嘿嘿、    \\w[60]",
			"刚才是给\\str[121]的安眠福利噢！」"
		],	
        "7": [
            "\\nl< >「\\str[120]很可爱哦……          \\w[120]",
			"\\str[120]是我世界上最喜欢的女孩子哦……  \\w[210]",
			"\\str[120]是我的――                    \\w[150]\\^"
		],	
        "8": [
            "\\str[120]好像在说些什么……"
		],	
        "9": [
            "\\nl< >「啊、\\str[121]！晚上好———！」"
		],
        "10": [
            "\\nl< >「那个……刚才的话全都听到啦？」"
		],
        "11": [
            "\\nl< >「\\str[121]刚才的睡相很有趣呢〜」"
		],
        "12": [
            "\\nl< >「难得见到打瞌睡呢~」"
		]		
    },
  "rubberDuck": {
        "0": [
            "有一个孤零零的橡胶鸭",
			"浮在水面上……"
		],	  
        "1": [
            "捡起来",
			"放着不管"
		],
        "2": [
            "是谁扔掉的吗？",
			"看起来有点可怜啊…"
		],	
        "3": [
            "说起来…",
			"我也是从上面被冲下来的…"
		],	
        "4": [
            "带这样的东西回家，",
			"\\str[120]会高兴吗？"
		],
        "5": [
            "看起来有点脏，",
			"还是不要管它了。"
		]
    },
  "drowning": {
        "0": [
            "唔啊啊…好危险……",
			"不小心从河边摔下来、差点淹死了——"
		]
    },
  "erohon": {
        "0": [
            "（附近还有人或者魔物……",
			"还是不要拿出这种东西出来了…）"
		]
    },
  "ninja": {
        "0": [
            "这种地方居然有一个人造的密室、",
			"是谁制作的啊……"
		],
        "1": [
            "这……！？",
			"居然还有一个女孩子倒在这里……"
		],
        "2": [
            "话说回来、之前就一直能听到奇怪的咕隆声…",
			"原来是她的肚子发出来的吗…"
		],	
        "3": [
            "呜诶……",
			"好饿啊……"
		],	
        "4": [
            "…………",
			"已经饿到没什么意识了吗……"
		],	
        "5": [
            "正好这里有一个篝火、",
			"给她做点吃的吧！"		
		],
        "6": [
            "要用 \\ii[\\v[90]]     ",
			"简单地做点料理吗？"
		],	
        "7": [
            "动手吧！",
			"算了吧…"
		],	
        "8": [
            "嗯…也许应该换个",
			"食材更好……"
		],	
        "9": [
            "喂~有热腾腾的食物了噢？",
			"能吃得下去吗？"
		],	
        "10": [
            "嗅嗅……嗅嗅……",
			"食物的香味……"
		],		
        "11": [
            "食物的香味！！"
		],		
        "12": [
            "\\{我不客气了！！"
		],		
        "13": [
            "你…你这家伙……",
			"那可是我做的啊……"
		],		
        "14": [
            "（三两下就吃光了……",
			"看来真的很饿啊……）"
		],		
        "15": [
            "嚼嚼……真是被你救了呀！",
			"好几天没吃东西……嚼嚼……"
		],			
        "16": [
            "还以为要变成地牢里的饿鬼幽灵了…",
			"咕噜噜…"
		],		
        "17": [
            "嗯……慢点吃就好……话说回来、",
			"为什么你会一个人在这种地方？"
		],		
        "18": [
            "啊！就是说嘛——！",
			"本来我正在认真地执行任务！"
		],		
        "19": [
            "为了探索这个地区隐藏的宝物、",
			"特意选了一块隐蔽的地方挖好了密室！"
		],		
        "20": [
            "结果这个地方……嚼嚼。",
			"在我进来以后，洞口居然被墓碑挡住了！"
		],		
        "21": [
            "呜呜、因为没能预料到这种情况、",
			"干粮也很快吃完了……结果……"
		],	
        "22": [
            "作为忍者，结果出现了这种事故……",
			"真是无颜面对组织呢…"
		],	
        "23": [
            "哈…哈啊？那为什么你要挖",
			"一个密室出来……"
		],	
        "24": [
            "因为那个宝物并不是一直会出现的嘛，",
			"所以我得做好长期作战的打算…嚼嚼。"
		],	
        "25": [
            "而且这个情报是不能让其他人知道的、",
			"这可是那位大人拜托给我的极隐秘任务！"
		],	
        "26": [
            "被其他人知、知道了……",
			"会怎么样……"
		],	
        "27": [
            "当然是赶紧悄悄灭口处理了……",
			"不然就是忍者失格了…嚼嚼。"
		],	
        "28": [
            "……哈啊！",
			"我泄漏情报了！"
		],	
        "29": [
            "那个…我是不会泄密的……",
			"所以说……"
		],		
        "30": [
            "……诶！？"
		],		
        "31": [
            "我居然又犯了这么低级的错误……",
			"呜呜呜……即便你是救命恩人……"
		],		
        "32": [
            "等、等等！",
			"只是因为这种理由就……！"
		],		
        "33": [
            "所谓忍者就是这种存在……",
			"不战斗就无法活下去……"
		],		
        "34": [
            "可以的话我也不想动手、",
			"呜呜呜、我还有一餐之恩没报答呢…"
		],	
        "35": [
            "既、既然如此——",
			"\\^"
		],	
        "36": [
            "答案只有一个了——",
			"你也来成为忍者吧！"
		],	
        "37": [
            "只要你也加入到组织里，",
			"我们就没有互相战斗的理由了！"
		],	
        "38": [
            "等、等等！",
			"这我不还是没法拒绝吗！？"
		],	
        "39": [
            "没事的、",
			"我会很温柔的……"
		],
        "40": [
            "……噫！？",
			"你不要过来啊！！"
		],
        "41": [
            "你真的有当忍者的才能诶……！",
			"这么短的时间，身体居然全记忆下来了！"
		],
        "42": [
            "这样一来、",
			"你也是我们的一员了！"
		],
        "43": [
            "但是引荐你去面见那位大人",
			"还是得等我的任务结束呢！"
		],
        "44": [
            "已经、",
			"什么都无所谓了……"
		]		
    }	
}
