{
  "2": {
        "0": [
            "\\nl< >「\\str[121]……要加油…   \\w[90]",
			"一定可以治好的。」"
		],
        "1": [
            "我作为\\str[121]的威严最后到底会怎么样啊……"
		],
        "2": [
            "\\nl< >「\\str[121]……不要伤心了。」"
		],
        "3": [
            "\\nl< >「\\{痔疮\\}肯定是不好的生活习惯导致的…」"
		],
        "4": [
            "不好了。误会越来越深了——"
		],
        "5": [
            "「啊、所以说我才————」   \\w[45]\\^"
		],
        "6": [
            "\\nl< >\\{  「难道是更严重的症状！？」   "
		],
        "7": [
            "「抱歉，就是痔疮。」"
		],
        "8": [
            "最后，我长时间在厕所的理由就被固定成了这样……"
		],
        "9": [
            "\\nl< >「……果然是便秘了？」"
		],
        "10": [
            "有点不妙、\\str[120]开始有了奇怪的误会。 "
		],
        "11": [
            "「吾妹哟。\\str[121]只是、在思考一些很深刻的问题而已哦？」"
		],
        "12": [
            "\\nl< >「原来如此…！\\str[121]、不得了呢。」"
		],
        "13": [
            "不得了吧、\\str[121]只是暂时成为了贤者而已哦？"
		],
        "14": [
            "「总而言之、开始来做晚饭吧。」"
		],
        "15": [
            "\\nl< >「\\str[121]又在厕所里待了很长时间呢。」"
		],
        "16": [
            "无法反驳…我好像确实在厕所里消磨了很长时间…"
		],
        "17": [
            "「咳咳…！那种事情怎样都行啦、",
			"走吧走吧、来开始准备晚饭咯！」"
		],
        "18": [
            "\\nl< >「好可疑呀…」"
		],
        "19": [
            "\\nl< >「\\str[121]好慢！便秘了吗？！」"
		],
        "20": [
            "「啊哈哈……怎么会…」"
		],
        "21": [
            "「已经肚子饿了是吧？好、来准备晚饭吧——！!」"
		]
    },
  "4": {
        "0": [
            "虽然还想努力让\\str[120]恢复心情、",
			"但已经被从房间里赶出来了。」"
		],
        "1": [
            "没办法、今天就先睡吧，明天再想办法做点什么…"
		]
    },		
  "6": {
        "0": [
            "呼……还好没有在\\str[120]面前出丑……",
			"不过——"
		],
		"1": [
            "\\{「唔——」  \\w[60]"
        ],
        "2": [
            "现在情况比想象得还糟糕、",
            "好像已经持续有半个小时以上了吧……？"
        ],
        "3": [
            "感觉身体都要被掏空了……",
            "果然还是今天的晚饭有什么问题吗？"
        ],
        "4": [
            "\\nl< >「\\str[121]……身体还好吗……",
			"我听到……声音很吓人……」"
        ],
        "5": [
            "「啊哈哈…可能是吃坏了肚子吧……",
			"你先别靠近……这里很危险的……」"
        ],	
        "6": [
            "从门外传来了\\str[120]担心的声音。",
			"虽然很想赶紧离开这儿，",
			"但我甚至快要离站起来的力气都要流尽了……"
        ],	
        "7": [
            "\\{「唔噢噢——」  \\w[60]"
        ],
        "8": [
            "不行了……",
			"完全停不下来的样子……"
        ],
        "9": [
            "\\nl< >「\\str[121]…你还在里面吗？」"
        ],
        "10": [
            "\\nl< >「那、那个……其实……我也有点想上厕所了……」"
        ],
        "11": [
            "\\{「咕噢噢噢噢——！」 \\w[60]"
        ],	
        "12": [
            "\\{「还、还不行噢——",
			"\\str[121]现在、还出不去——！」"
        ],
        "13": [
            "\\nl< >「诶……已经又过了十分钟了…… \\w[120]",
			"我……我也想上……」"
        ],	
        "14": [
            "「呜喔噢噢噢噢——！",
			"停、停不下来——！」"
        ],
        "15": [
            "\\nl< >「\\str[121]……已经……」"
        ],	
        "16": [
            "「呜喔噢ooooaqswdectfrvtghunijopioijoh——！」"
        ],
        "17": [
            "\\nl< >「呜诶诶诶诶——！",
			"要忍不住啦……！」 "
        ],
        "18": [
            "「呜诶诶诶诶诶诶诶诶——！」",
			"「呜喔噢噢噢噢噢噢噢——！」"
        ],
        "19": [
            "这一晚，从一间鲜为人知的小屋中，",
			"传出了仿佛野兽痛苦咆哮般的声音，",
			"夹杂着令人面红耳赤的悲鸣与难以名状的呻吟。"
        ],	
        "20": [
            "那声音时而低沉如困兽挣扎，",
			"时而尖锐如少女羞怯的呼喊，",
			"交织成一种混乱而暧昧的交响曲。"
        ],	
        "21": [
            "与此同时，在遥远的夜幕深处，",
			"仍在深渊边缘奋战的冒险者们也不禁背脊一凉，",
			"下意识地停下手中的剑，面面相觑，一度怀疑是不是",
			"某个阴暗的角落又悄然诞生了某种前所未见的深渊魔物。"
        ]
    }	
}
