{
  "2": {
        "0": [
            "走进星之门后，背包里的石头碎片突然散发出了强烈的热浪。  \\w[60]",
			"我急忙拿出碎片，这才发现原本一直非常安定的碎片，",
			"已经开始了异变——"
		],
		"1": [
            "「这…这究竟是……」"
        ],
        "2": [
            "完全不知道发生了什么，",
            "在一阵阵强烈的波动下，石头变得璀璨夺目起来。"
        ],
        "3": [
            "下一瞬间，石头突然开始融化——"
        ],
        "4": [
            "「啊…啊啊啊！？   \\w[60]",
			"不好、要全漏了！！！」"
        ],
        "5": [
            "看着石头出乎意料地迅速地融化成液态，",
			"我慌忙地从背包中找出随身携带的玻璃瓶，",
			"将依旧残留在手上的红色液体收集起来。"
        ],
        "6": [
            "…………",
			"…………"
        ],
        "7": [
            "难道这就是父亲提过的红髓液吗……?",
			"但是为什么会在这个门里发生反应…"
        ]		
    }
}