{
  "3": {
        "0": [
            "我本来是这么打算的，但是最后还是没能战胜诱惑，",
			"回过神来时人已经在洗面所了。"
		],
        "1": [
            "明明还是自己熟悉的场所，但是因为是偷偷潜入进来的，",
			"感觉非常地兴奋和新奇…"
		],
        "2": [
            "蹑手蹑脚地潜入进来了……！",
			"很好、安全潜入……！"
		],
        "3": [
            "离\\str[120]出来的时间也不多了…就这么离开盥洗室吗？"
		],
        "4": [
            "离开",
			"算了"
		],	
        "5": [
            "今天就到此为止吧，被\\str[120]发现了就不好了。"
		],
        "6": [
            "是啊、再过不久\\str[120]就要出来了——"
		],
        "7": [
            "再坚持一下好了……"
		],
        "8": [
            "已经潜入到了盥洗室、",
			"动静得小点以免被\\str[120]注意到……"
		],
        "9": [
            "跳舞吧！",
			"进行冥想",
			"再观察下"
		],
        "10": [
            "嗯……得小心谨慎一些，",
			"不要让\\str[120]产生警戒…"
		],
        "11": [
            "是啊、我得冷静下来才行、",
			"来冥想吧—— \\w[30]"
		],
        "12": [
            "冥想的世界里只有我一个人，",
			"这总会让人的精神安定下来……"
		],
        "13": [
            "……………………",
			"……………………"
		],
        "14": [
            "哎呀，精神高度集中后，",
			"浴室里传来的淋浴声也变得格外清晰，",
			"甚至连\\str[120]的声音都听得一清二楚—— \\w[45]"
		],
        "15": [
            "感觉这样变得更兴奋了……"
		],		
        "16": [
            "现在气氛有点太紧张了……必须找点事情分散注意力呀。",
			"那就——\\w[60]\\{跳个舞吧！"
		],	
        "17": [
            "\\{在这个洗面所里！",
			"在这危机四伏的狭小空间里！",
			"一边舞动身体！",
			"一边锤炼忍者的感知与平衡！"
		],	
        "18": [
            "\\{在这个洗面所里！",
			"在这危机四伏的狭小空间里！",
			"尽情地舞动身体！"
		],	
        "19": [
            "\\{……哈啊！\\w[60]哈啊！  \\w[60]"
		],
        "20": [
            "呼吸，心跳，舞动的节奏，全都融为一体……",
			"这已经超越了修行，这是“艺术”。",
			"只有最强的忍者，才配在如此危机四伏的战场上表演！"
		],
        "21": [
            "——\\str[120]永远不会知道。",
			"她的背后，曾有一道黑影，翩翩起舞，悄然退场。"
		],
        "22": [
            "洗面所的地板回响着舞步，却又被我的动作悄然抹去。",
			"这已经不是单纯的舞蹈了……",
			"这是仪式，是我向潜行之道献上的修炼与执念。"
		],
        "23": [
            "……\\str[120]还毫无察觉。",
			"我已经，可以在这家中来去无声。"
		],
        "24": [
            "我是影子！我是风！我是——  \\w[60]",
			"……不，我只是个在洗面所跳舞的笨蛋……"
		],	
        "25": [
            "……话说回来，我是不是太入戏了一点？"
		],
        "26": [
            "……感觉自己的潜行水平得到了些许锻炼。"
		],
        "27": [
            "……呜！脚滑了，差点撞上洗衣机……！"
		],
        "28": [
            "呼——这种心跳加速的感觉……",
			"有种莫名其妙的成就感。",
			"好像，有点上头？"
		]
  },
  "11": {
        "0": [
            "洗完脸后，\\str[120]似乎恢复了不少精神。",
			"现在我们并排站在镜子前刷牙。"
		],
        "1": [
            "早上和\\str[120]一起刷牙的光景非常难得，",
			"一度让我开始感觉有些坐立不安。",
			"没办法……只好随便聊点什么了——"
		],
        "2": [
            "「澡上要吃什么豪呢……」"
		],
        "3": [
            "\\nl< >「嗨ー没ー有ー香ー发ー哟ー」  \\w[330]\\^"
		],
        "4": [
            "「哈齿横着杀、会更看净噢……」"
		],
        "5": [
            "\\nl< >「科ー科ー尼ー菜ー是ーー」    \\w[330]\\^"
		],
        "6": [
            "唔嗯…完全听不懂在讲什么了。",
			"嘴里有泡沫真是不方便啊。"		
		],
        "7": [
            "和\\str[120]一边用互相听不懂的语言聊天一边刷完牙了。"
		]		
  },
  "13": {
        "0": [
            "\\nl< >「……新的恶作剧套路？」"
		],
        "1": [
            "\\str[120]虽然还是一副强烈抗拒的态度，",
			"但也只是象征性地抱怨了几句，并没有像往常那样",
			"把我直接赶出来。"
		],
        "2": [
            "我明白的——这是在害羞呢。",
			"这种时候，只是差临门一脚的刺激了！"
		],
        "3": [
            "「实际上我好像又被森林里的恶魔给诅咒了。」"
		],
        "4": [
            "我直接当着\\str[120]的面快速脱下了裤子，",
			"露出了已经变得十分坚挺、临阵待命中的肉棒。"
		],
        "5": [
            "\\nl< >「诶？！\\str[121]……！    \\w[30]",
			"干嘛在这里脱……？」"
		],
        "6": [
            "\\str[120]看起来有点动摇，想要捂住自己的眼睛，",
			"但是为了遮住胸部又空不出来手。"		
		],
        "7": [
            "「可恶的恶魔，居然用诅咒把我的肉棒变成了计时炸弹，",
			"如果不快点想办法弄出来的话，我们家会被整个炸飞的……！」"
		],
        "8": [
            "\\nl< >「……那、那要怎么办？」"
		],
        "9": [
            "「用手就好了，只要用手不断抚摸它，就会出来的…」"
		],
        "10": [
            "\\nl< >「那\\str[121]为什么不用自己的手？」"
		],
        "11": [
            "被\\str[120]突如其来地的反问给噎住了。"	
		],
        "12": [
            "用拙劣的谎言愚弄了\\str[120]好几次，",
			"已经让\\str[120]产生了抗性吗……？！"
		],
        "13": [
            "「用可爱的\\str[120]的手握住，  \\}",
			"感觉会没那么紧张……」"
		],
        "14": [
            "说到后面我的声音越来越小了。"	
		],
        "15": [
            "\\nl< >「太可疑了，\\str[121]是不是又想捉弄人家……」"
		],
        "16": [
            "\\str[120]的怀疑被加深了，如果不做些什么，",
			"接下来肯定要被赶走了……"		
		],
        "17": [
            "\\nl< >「等——？！\\str[121]、这是……！」"	
		],
        "18": [
            "「\\str[120]犹豫的时候，\\str[121]可还一直在忍受着诅咒的痛苦哦，",
			"\\str[120]难道忍心看着\\str[121]一直受苦吗？」"
		],
        "19": [
            "我一边装出无辜可怜的表情哄着\\str[120]，一边凑近了\\str[120],",
			"然后掏出早已变得兴奋的肉棒顶在\\str[120]的脸上",
            "不停地揉搓着。"			
		],
        "20": [
            "\\nl< >「但是…\\str[121]明明看起来一点都不难受……   \\w[120]",
			"不对，不要把奇怪的东西贴在人家脸上呀……」"
		],
        "21": [
            "「看哪~肉棒也在不断变大着要抱怨快要爆炸了噢？」"
		],
        "22": [
            "\\nl< >「嗯……嗯哼……」"
		],
        "23": [
            "「要是爆炸了，我们温馨的家可就没有了哦。」"
		],
        "24": [
            "\\nl< >「……真是的，\\str[121]总是……   \\w[90]",
			"骗人骗得一脸正经……」"
		],
        "25": [
            "\\str[120]满脸通红着，耳根也染上了薄红，",
			"就连象征性的反抗也没有，就差一步了……！",
			"就差一步就能让那层害羞的壳，彻底裂开！"
		],
        "26": [
            "拿出\\str[120]券",
			"许诺约定",
			"给零花钱"
		],
        "27": [
            "\\nl< >「唔……我知道啦…   \\w[60]",
			"这一次就帮帮\\str[121]吧……」"
		],
        "28": [
            "最后的贿赂似乎也起效了，从\\str[120]的回复里已经完全",
			"感受不到一丝想要继续反抗的想法。"
		],
        "29": [
            "\\nl< >「这样就好了吗？」"
		],
        "30": [
            "\\str[120]用手轻轻的握住了我的肉棒，",
			"看起来对做这种事情非常陌生。"
		],
        "31": [
            "虽然只是被非常正常地握住了肉棒，",
			"但是\\str[120]手心软软的热热的触感还是让我感觉到一阵兴奋。"
		],
        "32": [
            "「只是握住不行哦，得用手上下来回抚摸才行。」"
		],
        "33": [
            "看\\str[120]不明白我在说什么，",
			"我只好自己用手上下摇晃给\\str[120]做示范。"
		],
        "34": [
            "\\nl< >「………………？？」"
		],
        "35": [
            "\\nl< >「这、这样吗？」"
		],
        "36": [
            "\\str[120]开始慢慢地上下撸动肉棒，虽然手法很笨拙，",
			"但是可以这么近距离感觉到\\str[120]手的温度已经兴奋到不行了。"
		],
        "37": [
            "\\nl< >「……要做到什么时候才行呀？」"
		],
        "38": [
            "「不要急嘛，马上就好了——」"
		],
        "39": [
            "\\str[120]似乎逐渐掌握了要领，加快了撸动的速度，",
			"这突如其来的刺激让我忍耐不住，也来不及提醒下\\str[120]——"
		],
        "40": [
            "\\nl< >「……诶？   \\w[30]\\{",
			"噫噫噫呀呀呀呀呀啊啊啊啊——"
		],
        "41": [
            "\\str[120]因为突如其来的大爆射慌张了起来，",
			"下意识伸手堵住肉棒不让精液继续喷射。"
		],
        "42": [
            "「没事噢、这不是什么危险的东西————",
			"\\w[20]\\^"
		],
        "43": [
            "\\nl< >「————\\str[121]的肉棒已经爆炸了？！",
			"而且眼睛…？！好烫好黏啊啊啊……！！」"
		],
        "44": [
            "「呜噢噢噢噢哦哦啊啊啊啊啊——？！！」"
		],
        "45": [
            "受到惊吓的\\str[120]更加用力地捏住了肉棒，强烈的绞痛感让我",
			"也不禁开始尖叫起来。"
		],
        "46": [
            "「噫噫噫呀呀呀呀呀啊啊啊啊——」",
			"「呜噢噢噢噢哦哦啊啊啊啊啊——」"
		],
        "47": [
            "\\nl< >「唔，身上都黏黏的……    \\w[90]",
			"都怪\\str[121]、都没告诉我会发生这种事……」"
		],
        "48": [
            "「啊…啊啊……说得也是呢……」"
		],
        "49": [
            "我虚弱得只能随意回应下，虽然前不久刚被\\str[120]侍奉地",
			"十分舒服，但最后的小意外还是让我差点有了心理阴影…"
		],
        "50": [
            "\\nl< >「好了！结束了就快点出去啦！  \\w[60]",
			"我还要赶快去洗澡！！」"
		],
        "51": [
            "「还想…一起洗澡……来着的……」"
		],
        "52": [
            "感觉接下去一起去洗澡会发生更有趣的事情、",
			"但已经被\\str[120]赶出了盥洗室。"
		]	
  },		
  "15": {
        "0": [
            "啊、说起来…那个忍者少女教的一堆乱七八糟的知识里，",
			"有一个「忍者门结构原理」好像挺有意思的，",
			"也许可以对浴室的门进行改造呢——"
		],
		"1": [
            "比如如果能从这个角度挖开一条只对我开放的小视野通道——",
			"只要控制得好，不破坏隔音和防水结构……就能——",
			"嘿嘿嘿~~~~~"
        ],
        "2": [
            "\\{咳！\\}\\w[45]我可不是为了做什么奇怪的事。",
            "是为了万一\\str[120]泡澡时突发昏倒，我能第一时间察觉。",
			"纯粹出于安全考量！对，就是这样！"
        ],
        "3": [
            "\\{好、趁现在开工吧！"
        ],	
        "4": [
            "呼……今天就做到这吧，太久了让\\str[120]起疑心也不好。",
			"估计再改造个两三次就可以用了~~！"
        ],
        "5": [
            "昨天的忍者门改造工作完成得不错、",
			"今天可以继续推进了！"
        ],
        "6": [
            "呼……！好危险，刚刚差点凿穿旁边的墙壁了、",
			"还好\\str[120]没来敲门……"
        ],
        "7": [
            "今天就做到这吧，太久了让\\str[120]起疑心也不好。",
			"估计再改造个一次就可以用了~~！"
        ],
        "8": [
            "好了……今天是决胜的一天。",
			"前两次已经构建好基础，现在只要小心削薄这最后一层……",
			"再贴上半透明隔热膜，就不会引起\\str[120]怀疑了……"
        ],
        "9": [
            "……搞定！视角调整完美，隐蔽性也满分！",
			"能从奇妙的角度观测到整个浴室内部情况！",
			"这样明天开始就可以正式启用了吧~！"
        ],
        "10": [
            "当然，是出于\\str[120]的保健健康问题才这么做的！",
			"绝对不是想做什么奇怪的事情！"
        ],
        "11": [
            "出了一身汗、赶紧去洗澡吧！"
        ],
		"12": [
            "咚咚咚咚咚咚咚咚咚咚~~!"
        ]
  },	
  "17": {
        "0": [
            "马上\\str[120]就要出浴了……",
			"还是尽快离开吧。"
		],
		"1": [
            "从浴室的门里已经看不见\\str[120]的身影了…",
			"看起来正在泡澡呢…"
        ],
        "2": [
            "从浴室的门里能看见\\str[120]的身影、",
            "看起来还在洗澡呢…"
        ],
        "3": [
            "\\str[120]还没有注意到我正站在浴室前，",
            "要做些什么呢？ "
        ],
        "4": [
            "突入!",
			"偷窥",
			"算了"
        ],
        "5": [
            "那么……就看一眼……"
        ],	
        "6": [
            "\\str[120]的轮廓非常清晰的浮现在玻璃上，令人遐想万千。"
        ],	
        "7": [
            "继续探索",
			"该回去了"
        ],	
        "8": [
            "一切安全，继续探索吧！"
        ],
        "9": [
            "\\str[120]已经洗完了,赶紧离开吧。"
        ],	
        "10": [
            "……噢噢！看得见了！"
        ],	
        "11": [
            "\\str[120]在用心地擦拭手臂呢。"
        ],		
        "12": [
            "沐浴露吗？",
			"泡沫太多感觉要看不清细节了…"
        ],
        "13": [
            "\\str[120]还在仔细地擦拭胸部，",
			"看起来好色情噢…"
        ],
        "14": [
            "还要继续看吗？"
        ],
        "15": [
            "继续偷窥",
			"使用忍者门",
			"算了吧"
        ],
        "16": [
            "……\\str[120]已经快要注意我的气息了。",
			"还是不要继续看下去了。"
        ],
        "17": [
            "\\str[120]正在泡澡。"
        ],
        "18": [
            "\\str[120]正在玩小黄鸭。"
        ],
        "19": [
            "这时候就该启用这个杰作来继续欣赏了……！"
        ],
        "20": [
            "——这不是已经在好好使用着了嘛。"
        ],
        "21": [
            "\\str[120]还在仔细地擦拭胸部，",
			"看起来好色情噢…"
        ]		
    },	
  "23": {
        "0": [
            "偷偷摸摸地过来了…………  \\w[30]",
			"要偷窥的话、得小心点拉开门不要被\\str[120]察觉到呢——"
		],
		"1": [
            "噢噢噢——！能看见了！",
			"\\str[120]看起来正准备脱胖次啊。",
			"不知道这个视角能不能看到小穴呢！？"
        ],
        "2": [
            "噢噢噢——！能看见了！",
            "\\str[120]看起来正准备脱衣服啊。",
			"只穿着胖次的模样并不常见呢，能看见被脱下的瞬间吗！？"
        ],
        "3": [
            "噢噢噢——！能看见了！",
            "\\str[120]看起来正准备脱衣服啊。",
			"下半身已经光溜溜的，真想凑近些看看啊……"
        ],
        "4": [
            "不、不好、门推过头了……！"
        ],
        "5": [
            "……感觉看见了好景色~       \\w[30]",
			"差不多还是先退下吧。"
        ],	
        "6": [
            "接下来怎么办呢，要继续潜入进盥洗室吗？"
        ],	
        "7": [
            "继续潜入",
			"回去吧"
        ],	
        "8": [
            "这时候继续下去说不定还能发现些什么……！"
        ],
        "9": [
            "今天就到此为止吧，被\\str[120]发现了就不好了。"
        ],
        "10": [
            "……偷窥被\\str[120]察觉到了！",
			"我马上也被赶出去了。"
        ]
    },	
  "25": {
        "0": [
            "\\nl< >「哥、\\str[121]！？怎么进来了？」"		
		],
		"1": [
            "\\nl< >「……是\\str[121]在门后面吗？」"
        ],
        "2": [
            "咕……！",
            "果然还是暴露了吗。"
        ],
        "3": [
            "\\nl< >「果然是\\str[121]、鬼鬼祟祟地做什么呢？」"
        ],
        "4": [
            "\\nl< >「……\\str[121]？    \\w[30]",
			"鬼鬼祟祟地躲在门后、在干什么呢？」"
        ],
        "5": [
            "已经闯入进去了…",
			"也没有后路了……！"
        ],	
        "6": [
            "偷窥已经暴露了……",
			"要怎么向\\str[120]解释呢……"
        ],	
        "7": [
            "健康诊断",
			"让我看看！",
			"随便编理由",
			"最后的手段",
			"想要色色！"
        ],	
        "8": [
            "啊啊……！",
			"这样就只剩下最后的手段了！"
        ],
        "9": [
            "「走为上策啦——!!!」"
        ],
        "10": [
            "我迅速逃离了现场。      \\w[30]",
			"当然，就算这样做，最后还是免不了被\\str[120]狠狠地训了一顿。"
        ],
        "11": [
            "\\{",
			"(……要动手吗！？",
			"现在！就在这里！！)"
        ],
        "12": [
            "\\nl< >「\\str[121]！？又来偷窥了吗……！」"
        ],
        "13": [
            "……好像被\\str[120]发现我在偷看了！",
			"但是我的错觉吗？",
			"她好像还主动把小穴露给我看——"
        ],	
        "14": [
            "「冷静一点、吾妹哟。",
			"\\str[121]绝对不是来做什么坏事的。」"
        ],
        "15": [
            "\\{「我只是想在阴影处守望着",
			"越来越可爱的\\str[120]而已！」"
        ],
        "16": [
            "「没错、只是健康诊断而已！」"
        ],
        "17": [
            "\\nl< >「这种借口之前就听过啦！」"
        ],
        "18": [
            "「不对！这一次和上一次是两码事！」"
        ],
        "19": [
            "\\nl< >「意、意义不明啦…",
			"为什么\\str[121]要做这种事情不可……」"
        ],
        "20": [
            "「这可是非常重要的事情！",
			"要是\\str[120]的身体出现什么状况、",
			"\\str[121]又没有察觉到的话……！」"
        ],
        "21": [
            "\\nl< >「唔唔唔……结果\\str[121]到底想干什么嘛？」"
        ],
        "22": [
            "「首先给我看看胸部吧。」    \\w[40]\\^"
        ],
        "23": [
            "啊、糟糕。不小心吐露心声了。"
        ],
        "24": [
            "\\nl< >「……这真的有什么关联吗？」"
        ],
        "25": [
            "\\nl< >「我知道啦、\\str[121]想看的话会给你看啦…     \\w[120]",
			"\\}\\str[121]太狡猾了…\\{」"
        ],
        "26": [
            "\\nl< >「这样就满足了吧？」"
        ],
        "27": [
            "「啊、嗯嗯、非常漂亮呢。」"
        ],
        "28": [
            "没想到\\str[120]真的给我看了胸部。",
			"因为太震惊，感觉都没仔细看清楚。"
        ],
        "29": [
            "\\nl< >「好啦、就这样啦！",
			"\\str[121]已经健康诊断看够了吧？",
			"我要去洗澡了、赶紧出去啦！」"
        ],
        "30": [
            "\\nl< >\\{",
			"「怎么可能啦！\\str[121]是大笨蛋！」"
        ],
        "31": [
            "被\\str[120]推出了盥洗室。     \\w[30]",
			"……下次这个借口还通用吗？"
        ],
        "32": [
            "「其实、\\str[121]我啊、",
			"得了不看到裸体就会死的病……！」"
        ],
        "33": [
            "虽然是随便想到的借口、",
			"但我还是很自然地流露出痛苦的表情。"
        ],
        "34": [
            "\\nl< >「诶！？\\str[121]得了这样的病！？」"
        ],
        "35": [
            "「已经不记得是什么时候患上的…",
			"但发作的时候全身就会开始发痒、",
			"只有看到裸体时才会恢复！」"
        ],
        "36": [
            "\\nl< >「真的、有这种病吗？」"
        ],
        "37": [
            "「啊…啊啊…！！浑身开始痒起来啦…！」"
        ],
        "38": [
            "我故意摔倒在了地上、",
			"全身不自然地抖动起来。"
        ],
        "39": [
            "\\nl< >\\{「…………………………」"
        ],
        "40": [
            "\\nl< >「我知道啦、",
			"\\str[121]都说到这份上了、会给你看啦…」"
        ],
        "41": [
            "单纯的\\str[120]马上就相信了我的话、",
			"露出了羞涩又可爱的表情。"
        ],
        "42": [
            "\\nl< >「这样满足了吧？」"
        ],
        "43": [
            "因为\\str[120]的动作实在是太可爱了，",
			"我只是一直盯着看，完全忘记了还要一边演戏。"
        ],
        "44": [
            "\\nl< >「……已经不痒了？」"
        ],
        "45": [
            "「嗯、现在感觉神清气爽哦。」"
        ],
        "46": [
            "我迅速从地上爬起来，对着\\str[120]露出了非常满足的笑容。"
        ],
        "47": [
            "\\nl< >「唔唔呜呜呜……！果然\\str[121]从刚才起",
			"就只是在捉弄我吧！？」"
        ],
        "48": [
            "\\nl< >「\\str[121]是大笨蛋！赶紧出去啦！」"
        ],
        "49": [
            "\\str[120]气呼呼地鼓着脸颊把我从盥洗室推出来了。",
			"唔嗯…果然是最后演砸了吧？"
        ],
        "50": [
            "\\nl< >「诶！？\\str[121]想看我的……！？」"
        ],
        "51": [
            "\\nl< >「怎么可能啦！\\str[121]真是大笨蛋！」"
        ],
        "52": [
            "\\nl< >「为什么要拜托这种事！？太奇怪啦…！」"
        ],
        "53": [
            "\\nl< >\\{「真是的\\str[121]是大笨蛋！！！」"
        ],
        "54": [
            "\\str[120]生气地将我赶出去了。",
			"果然还是要求太过分了吗…"
        ]
    }
		
}