{	
  "beginnersGuide": {
        "0": [
            "鼠标悬停在\\str[120]身上可以检查\\str[120]状态",		
            "鼠标左键点击\\str[120]可以和\\str[120]进行互动"
		],
		"1": [
            "长按背景空白处可以将\\str[120]叫到身边来"
        ],
		"2": [
            "在\\str[120]身上点击或长按就可以和\\str[120]进行亲密接触"
        ],
		"3": [
            "点击或长按鼠标右键",
			"可以退出亲密接触模式"
        ]		
    },	
  "AndroidBeginnersGuide": {
        "0": [
            "点击\\str[120]可以进行查看\\str[120]状态",
			"长按\\str[120]可以和\\str[120]进行互动"
		],
		"1": [
            "长按背景空白处可以将\\str[120]叫到身边来"
        ],
		"2": [
            "在\\str[120]身上来回触摸就可以和\\str[120]进行亲密接触"
        ],
		"3": [
            "点击左下角返回键或双指点击屏幕",
			"都可以退出亲密接触模式"
        ],
		"4": [
            "游戏的存档文件将保存于手机的\\TC[#fff94e]Documents/sister_save\\TC[#ffffff]文件夹下",
			"你可以自由复制进行保存备份或者转移进新的存档文件进行覆盖!",
			"来自其他终端的存档也没问题，电脑端和安卓端的存档可互相兼容适配！"
        ],
		"5": [
			"但需要注意!当前只能覆盖已存在的存档文件，",
			"如果转移了没有记录的存档文件游戏将无法识别！"
        ]		
    },	
  "exitGame": {
        "0": [
            "要返回到游戏的标题界面吗？",
			"现在未保存的数据将丢失——"
		],
		"1": [
            "是的",
			"算了"
        ]
    },
  "2": {
        "0": [
            "感觉有点无聊了啊、来玩点什么好呢。"
		],
		"1": [
            "\\{\\nl< >「来打游戏吧！」     \\w[30]"
        ],
        "2": [
            "在新手村遇到了魔王、",
			"「不能就这样让你活下去！」被这么说了",
			"然后勇者就被一击秒杀了。",
			"游戏结束。"
		],
		"3": [
            "……什么啊这个展开、  \\w[60]\\{",
			"粪作游戏啊！"
        ],
        "4": [
            "\\nl< >「输掉了……」"
		],
		"5": [
            "我操作的角色因为不小心踩中了陷阱当场死亡……",
			"最后的BOSS战也输掉了。",
			"游戏结束。"
        ],
		"6": [
            "\\nl< >「\\str[121]…好弱……」"
        ],
		"7": [
            "\\an[2]凭借着超强的运气在赌场赢到了最强武器、",
			"早早地就杀入进魔王城。",
			"游戏结束。"
        ],
		"8": [
            "……真不公平啊。"
        ],
		"9": [
            "\\nl< >「真有趣呢！」"
        ],
		"10": [
            "「唔噢噢噢噢————！！",
			"见识下我的无敌零前摇连击吧！！」"
        ],
		"11": [
            "在\\str[120]面前表演了一番单挑打倒BOSS。"
        ],
		"12": [
            "\\nl< >「\\str[121]、好帅气！」"
        ],
		"13": [
            "和\\str[120]一起紧张地玩了一阵子角色扮演游戏。"
        ],
		"14": [
            "和\\str[120]一起开心地玩了一阵子角色扮演游戏。"
        ],
		"15": [
            "……\\an[2]似乎在专注地玩游戏呢。",
			"怎么办…要去搭话吗？"
        ],
		"16": [
            "凑近点",
			"算了吧"
        ],
		"17": [
            "虽然有点觉得寂寞、",
			"但还是别太打扰她了——"
        ]		
    },		
  "4": {
        "0": [
            "\\nl< >「咕努努……！\\w[45]\\str[121]是故意的吧！？」  ",
			"\\w[150]\\^"
		],
		"1": [
            "\\nl< >「——呜诶诶诶！？」  ",
			"\\w[20]\\^"
        ],
		"2": [
            "\\nl< >「\\str[121]~~！！」  ",
			"\\w[120]\\^"
        ],
		"3": [
            "……\\str[121]？"
        ],
        "4": [
            "唔嗯…现在…不要摸……"
		],
        "5": [
            "\\nl< >「真是的、头发还没干就不要摸啦…」",
			"\\w[180]\\^"
		],
        "6": [
            "头发又被弄乱啦…",
			"嗯……奇怪的感觉……",
			"诶嘿嘿…",
			"\\str[121]的手、好温暖…",
			null,
			"\\str[121]…",
			null,
			"呜喵ー"
		],
        "7": [
            "\\nl< >\\{「真是的——\\str[121]摸过头啦！」",
			"\\w[150]\\^"
		]		
    },	
  "5": {
        "0": [
            "\\nl< >「呜诶诶、\\str[121]…这不是可以按的按钮啦！」  \\w[240]\\^"
		],
		"1": [
            "\\nl< >「咕努努……！\\w[45]\\str[121]是故意的吧！？」  \\w[150]\\^"
        ],
		"2": [
            "\\nl< >「现在不行…！ \\w[60]",
			"被\\str[121]这么摸感觉都要变得奇怪了…」  \\w[400]\\^"
        ],
		"3": [
            "\\nl< >「诶！？毛巾被……！」   \\w[60]\\^"
        ],
		"4": [
            "\\nl< >「唔唔唔…\\str[121]、又在欺负人……」    \\w[120]\\^"
        ],
		"5": [
            "\\nl< >「呀！？\\w[30]\\str[121]、你在摸哪里呀！」   \\w[120]\\^"
        ],
		"6": [
            "\\nl< >「真是的、\\w[30]\\str[121]是故意的吧！」    \\w[120]\\^"
        ],
		"7": [
            "\\nl< >「嗯啊——   \\w[45]\\^"
        ],
		"8": [
            "\\nl< >「啊、\\str[121]！不要过来！」   \\w[300]\\^"
        ],
		"9": [
            "\\nl< >「呜诶诶…还给我毛巾啦……」   \\w[90]\\^"
        ],	
		"10": [
            "\\nl< >「\\str[121]又欺负人……」    \\w[120]\\^"
        ],
		"11": [
            "\\nl< >「\\str[121]……\\w[90]感觉好奇怪……」    \\w[60]\\^"
        ],
		"12": [
            "\\nl< >「哈啊……\\w[60]\\str[121]……\\w[60]这样就满足了吗？」   \\w[60]\\^"
        ],
		"13": [
            "\\nl< >「好痒哦〜」  \\w[90]\\^"
        ],
		"14": [
            "\\nl< >「啊哈哈ー\\w[60]\\str[121]、好痒啊~」   \\w[120]\\^"
        ],
		"15": [
            "\\nl< >「哼嗯……！」   \\w[45]\\^"
        ],
		"16": [
            "\\nl< >「\\str[121]……   \\w[150]",
			"不小心的吗……我、我知道了…」    \\w[210]\\^"
        ],	
		"17": [
            "\\nl< >「不、不要这样捉弄人家了！  \\w[150]",
			"感觉很奇怪……！」    \\w[150]\\^"
        ],	
		"18": [
            "\\nl< >「诶……难道有变胖吗…」    \\w[180]\\^"
        ],
		"19": [
            "\\nl< >「努努……！摸耳朵会很痒， \\w[180]",
			"\\str[121]要适可而止！」    \\w[210]\\^"
        ],	
		"20": [
            "\\nl< >「那个…\\str[121]、摸这里会很痒,  \\w[180]",
			"还是不要了吧…」    \\w[180]\\^"
        ],
		"21": [
            "\\nl< >「真是的，不要在人家身上乱戳啦！」    \\w[240]\\^",
			"\\nl< >「不要把\\str[120]当成玩具了！」    \\w[120]\\^"
        ],
		"22": [
            "\\nl< >「呜诶诶诶……\\str[121]、 \\w[150]",
			"感觉变得更兴奋了……！？」    \\w[180]\\^"
        ]		
    },
  "7": {
        "0": [
            "\\an[2]看起来睡得很安稳……"
		],
		"1": [
            "悄悄靠近",
			"肌肉锻炼！",
			"回去睡觉"
        ],
		"2": [
            "「终于到了展示练习多日的无声移动术的时候了——」"
        ],	
		"3": [
            "鬼鬼祟祟、鬼鬼祟祟…"
        ],	
		"4": [
            "是啊、已经很晚了，",
			"早点回去休息好了——"
        ],
		"5": [
            "回去睡觉",
			"再等等"
        ],
		"6": [
            "还是再待一会儿……"
        ],
		"7": [
            "反正也有点睡不着……   \\w[30]",
			"\\{来肌肉锻炼吧！"
        ],
		"8": [
            "\\{为了不吵到\\an[2]、必须高精密性",
			"地控制动作幅度不发出声音！",
			"正是绝佳的锻炼环境啊！"
        ],
		"9": [
            "哼哧——！哼哧——！哼哧——！",
			"哼哧——！哼哧——！哼哧——！"
        ],
		"10": [
            "精神高度专注地在熟练的\\str[120]身边做了好几组俯卧撑。"
        ],
		"11": [
            "精神高度专注地在熟练的\\str[120]身边做了好几组深蹲。"
        ],	
		"12": [
            "尽情地进行了一次紧张的锻炼，",
			"感觉自己的肌肉得到了不错的成长……"
        ],
		"13": [
            "\\nl< >「唔ー……嗯嗯……」"
        ],
		"14": [
            "不好、已经快要吵醒\\str[120]了，",
			"还是不要继续逗留下去了……",
			"赶紧回去吧…"
        ],
		"15": [
            "啊嘞？怎么\\str[120]看起来样子和平时不太一样？"
        ],
		"16": [
            "「……\\an[2]？」"
        ],
		"17": [
            "是平时的\\an[2]。",
			"果然只是我做梦了而已……"
        ]		
    },
  "8": {
        "0": [
            "「——啊啊、这次是熟悉的天花板。」"
		],
		"1": [
            "看起来我昏迷了一阵子，",
			"但现在反而觉得神清气爽……",
			"之前身上的伤口似乎也开始慢慢愈合了……"
        ],
		"2": [
            "「不过刚才在那个梦里————     \\w[60]\\^"
        ],
		"3": [
            "\\nl< >「\\str[121]!!!」"
        ],
		"4": [
            "\\nl< >「呜呜呜……太好了……",
			"还以为不会再睁开眼睛了……」"
        ],
		"5": [
            "\\an[2]猛地扑过来，哭得梨花带雨，",
            "看起来是把刚才发生的事都归咎于自己了……"
        ],
		"6": [
            "「让你担心了啊……不过已经没事了哦。」"
        ],
		"7": [
            "\\nl< >「\\str[121]、肯定是因为刚才吃了我做的东西才——」"
        ],
		"8": [
            "「看呀、现在我可是非常健康哦！」"
        ],
		"9": [
            "为了不让\\str[120]担心，我立刻从床上一跃而起，",
			"当场给\\str[120]表演了几个后空翻。"
        ],
		"10": [
            "\\nl< >「真是……！\\str[121]才刚醒来、",
			"不要做那种危险动作啦！」"
        ],
		"11": [
            "「真的、很厉害啊！伤口都好了、",
			"一定是因为\\str[120]的心意传达过来了啊！」"
        ],
		"12": [
            "\\nl< >「……是这样的话就太好了。",
			"以后我也能帮上\\str[121]的忙了呢。」"
        ],
		"13": [
            "\\nl< >「其实我偷偷练习了很久呢。",
			"但是、一直都担心\\str[121]不喜欢吃…」"
        ],
		"14": [
            "\\nl< >「之后就没问题了呢。",
			"\\str[121]喜欢吃的话、我会再努力的哦！」"
        ],
		"15": [
            "诶……！？还会做的吗……好不安……"
        ]	
    },	
  "10": {
        "0": [
            "我开动了——"
		],
		"1": [
            "噗哈——"
        ],
		"2": [
            "诶嘿嘿..."
        ],
		"3": [
            "刚洗完澡的\\an[2]，一口气喝光了一整瓶牛奶……"
        ]		
    },		
  "13": {
        "0": [
            "……\\str[121]？",
			"嗯？怎么了？"
		],
		"1": [
            "\\nl< >「\\str[121]真是粗心大意呢！",
			"偷窥又被发现了哟！」"
        ],
        "2": [
            "\\nl< >「……\\str[121]大色鬼。」"
        ],
        "3": [
            "\\nl< >「\\str[121]、在盯着哪看呢？」"
        ],
        "4": [
            "\\nl< >「擦头发擦累了…\\str[121]、帮帮忙嘛〜」"
        ],
        "5": [
            "\\nl< >「怎么了、\\str[121]？」"
        ],	
        "6": [
            "看着\\str[120]有些无聊地擦头发的模样，我不禁有了一些想法……   \\w[60]",
			"好！让我来给\\str[120]吹干头发吧！"
        ],
        "7": [
            "\\nl< >「……\\str[121]？」"
        ],
        "8": [
            "「让\\str[121]来帮你吹干吧。平时自己打理很辛苦吧？」"
        ],
        "9": [
            "我俯下身子，一手拿着吹风机，一手轻轻托起\\str[120]的一缕发丝。",
			"虽然她已经用毛巾擦过一遍，但那缠绕指尖的湿润仍清晰可感。"
        ],
        "10": [
            "「好了、低下头吧，要吹咯！」"
        ],
        "11": [
            "\\nl< >「嗯〜」"
        ],
        "12": [
            "我打开吹风机，开始小心地向手里吹着热风。"
        ],
        "13": [
            "\\an[2]低着头，静静地闭着眼睛摆弄着手指，",
			"从我这边看不太清她的表情，但感觉她似乎有什么想说的——"
        ],
        "14": [
            "已经有多久没有这样和\\str[120]安静地相处了呢？",
			"不知为何，记忆开始变得有些模糊了。"
        ],
        "15": [
            "「头发、已经很长了呢，",
			"记得小时候还没有这么长……」"
        ],
        "16": [
            "\\nl< >「嗯……\\str[121]是喜欢短发吗？」"
        ],		
        "17": [
            "「长度吗…果然还是很喜欢长发吧？",
			"不能浪费了这么漂亮的头发呢。」"
        ],
        "18": [
            "毕竟，",
			"那可是\\str[120]从小细心养护、健康长大的证明啊。"
        ],
        "19": [
            "\\nl< >「嘿嘿……被\\str[121]夸奖了……」"
        ],
        "20": [
            "就这么和\\str[120]闲聊着，\\an[2]的头发逐渐变得干爽起来了。"
        ],
        "21": [
            "\\nl< >「\\str[121]……明天还是会继续去探索吗？」"
        ],
        "22": [
            "「——怎么了？」"
        ],
        "23": [
            "\\an[2]看起来有些扭扭捏捏的，",
			"但从这个角度看不清她的表情，",
			"映入眼帘的，只有那被浴巾紧紧包裹的饱满曲线，",
			"让我一时不知该将视线放在哪里才好。"
        ],
        "24": [
            "\\an[2]突如其来的提问让我一瞬间分了心，",
			"握着吹风机的右手下意识地朝着旁边移动，然后——"	
        ],
        "25": [
            "「……………！？」"
        ],
        "26": [
            "\\an[2]睡衣的肩带被强劲的风流吹动，",
			"从肩膀处快速地滑落下去了。"
        ],
        "27": [
            "\\nl< >「因为游戏更新了，有两个人一起的玩法内容了   \\w[90]",
			"明天、想和\\str[121]一起玩……」"	
        ],
        "28": [
            "\\nl< >「会不会让\\str[121]感觉困扰了……」"
        ],
        "29": [
            "\\an[2]那撒娇的模样格外惹人怜爱，",
			"让我不由自主地露出了会心的微笑。"
        ],
        "30": [
            "「好啊、明天我会早点回来的，到时一起来玩吧。」"
        ],
        "31": [
            "\\an[2]似乎正认真地说着什么重要的话，",
			"但我的注意力早已被那抹桃色所彻底夺走，",
			"根本听不进去她的声音。"
        ],
        "32": [
            "「困扰吗…说的好像也是呢……」"
        ],
        "33": [
            "我死死地盯着\\str[120]无意泄漏出来的春光，",
			"这个状况确实让\\str[121]感到很困扰呢。"			
        ],
        "34": [
            "\\nl< >「这样啊……」"		
        ],	
        "35": [
            "「——！！！」"		
        ],	
        "36": [
            "听到\\str[120]语气中明显透着一丝难过，我终于冷静了下来。",
			"手忙脚乱地装作若无其事，一边替她整理好衣服，一边轻声安慰着。"
        ],	
        "37": [
            "「一起玩是吗…！很不错呢！",
			"明天就一起玩吧！我会早点回来的噢！」"
        ],
        "38": [
            "\\nl< >「真的吗？那约定好了呢！」"		
        ],	
        "39": [
            "「……约好了！」"		
        ],
        "40": [
            "在\\str[120]为新的约定感到开心时，",
			"头发也刚好顺利吹干了。"
        ],	
        "41": [
            "\\an[2]并没有察觉刚才那场小小的意外，",
            "只是单纯地因为新的约定而感到高兴。",
            "这时，她的头发也刚好吹干了。"			
        ],
        "42": [
            "\\nl< >「头发软篷篷……！     \\w[45] ",
			"\\str[121]、谢谢~！」"		
        ],	
        "43": [
            "「太好了呢！」"		
        ],	
        "44": [
            "「太好了呢！     \\w[60]\\}",
			"啊~累了……」"		
        ],
        "45": [
            "我一边细心地调整吹风机的角度，一边轻柔地梳理着她的长发，",
			"\\an[2]也安静地配合着，我们彼此无言，却一同享受着这份宁静时光。"		
        ],	
        "46": [
            "但由于角度的关系，",
            "只要低头一瞥，便能清楚看见\\str[120]那饱满的胸部轮廓，",
            "以及仿佛能将手掌都吞没的深深乳沟。"			
        ],
        "47": [
            "怎、怎么办……好想看看里面！     \\w[45]",
			"我忍不住开始胡思乱想，一边强忍着伸手的冲动,",
            "一边突然灵光一闪，冒出了一个自认为相当机智的主意"			
        ],
        "48": [
            "仔细想想，我不是拿着吹风机嘛！",
			"是不是可以用这阵风来创造奇迹呢！？"		
        ],	
        "49": [
            "试试看吧！",
            "算了吧…"			
        ],	
        "50": [
            "说干就干！",
			"我若无其事地悄悄调转了吹风机的方向，",
			"将热风朝着\\str[120]胸口吹去——"
        ],
        "51": [
            "风啊、创造奇迹吧！"	
        ],	
        "52": [
            "然而奇迹没有发生…"
        ],	
        "53": [
            "\\an[2]那条包裹得紧紧的浴巾，在强劲的风流面前依然纹丝不动，",
			"完全没有要松脱的迹象！"
        ],
        "54": [
            "\\nl< >「嗯？\\str[121]……吹风机歪了噢？」"	
        ],	
        "55": [
            "「啊啊、抱歉。」"
        ],
        "56": [
            "\\an[2]还好没有察觉到发生了什么，",
			"我抱着遗憾的心情只能继续吹着头发。"
        ],	
        "57": [
            "\\{奇迹发生了！"
        ],
        "58": [
            "风流成功推开了\\str[120]的衣领，露出了里面的樱桃小点。"	
        ],	
        "59": [
            "\\an[2]似乎没有察觉到发生了什么，",
			"我若无其事地扶好\\str[120]的肩带，心满意足地继续吹着头发。"
        ],
        "60": [
            "现在可是在给\\str[120]吹头发，怎么能老是想这种事呢！"	
        ],
        "61": [
            "目前这副美景已经很不错了、",
			"我这么说服了自己，默默地继续手上的工作。"
        ],
        "62": [
            "「好了、吹干了哟！」"
        ],	
        "63": [
            "受到激烈的风流的影响，",
			"\\an[2]包裹在身上的浴巾迅速地就被吹散开，直接滑落下去——"
        ],
        "64": [
            "\\nl< >「诶……？！」"	
        ],
        "65": [
            "但浴巾突然脱落下来，\\an[2]马上就察觉到了异样。"
        ],
        "66": [
            "\\nl< >\\{「呜诶诶、浴巾掉了……！」"
        ],
        "67": [
            "\\nl< >「……刚才是\\str[121]搞得鬼吧？」"	
        ],
        "68": [
            "「啊、怎么说呢…   \\w[45]",
			"今天的风、很喧嚣啊。」"
        ],
        "69": [
            "不好、说完连我自己都觉得羞耻了……"
        ],
        "70": [
            "虽然出现了些小插曲，但结果来说还是帮\\str[120]吹干头发了！"
        ]
    },	
  "15": {
        "0": [
            "感觉有点无聊了啊、来玩点什么好呢。"
		],
		"1": [
            "\\{\\nl< >「来打游戏吧！」\\w[30]"
        ],
        "2": [
            "……前不久才刚进过浴室哦？"
        ],
        "3": [
            "嗯……差不多该去洗澡了呢…"
        ],
        "4": [
            "邀请\\str[120]一起",
			"自己先去洗"
        ],
        "5": [
            "机会难得、试试邀请\\str[120]一起去洗澡吧…"
        ],	
        "6": [
            "\\nl< >「\\str[121]现在要去洗澡吗？那么等会见~」"
        ],
        "7": [
            "\\nl< >「哈啊…哈啊—— \\w[180]\\^」"
        ],
        "8": [
            "\\nl< >啊、\\str[121]……」"
        ],
        "9": [
            "\\nl< >「好困.\\w[45].\\w[45].\\w[45]\\str[121]、怎么了？」"
        ],
        "10": [
            "\\nl< >\\{「\\str[121]!!!」\\}"
        ],
        "11": [
            "\\nl< >「怎么了、\\str[121]？」"
        ],
        "12": [
            "\\nl< >「...\\str[121]?」"
        ],
        "13": [
            "\\nl< >\\{「\\str[121]大笨蛋！\\w[60]不理你了！」"
        ],
        "14": [
            "\\nl< >「啊、\\str[121]？\\w[60]",
			"现在可以不要找我搭话吗？」"
        ],
        "15": [
            "随意地摸了摸\\str[120]的头。"
        ],		
        "16": [
            "充满气势的摸了摸\\str[120]的头。"
        ],
        "17": [
            "\\an[2]头发软绵绵的，忍不住多摸了两下，",
			"轻轻地温柔摸了\\str[120]的头。"
        ],
        "18": [
            "这可是\\str[121]的特权！",
			"充满爱意的摸了\\str[120]的头。"
        ],
        "19": [
            "\\an[2]最棒了，想一直摸下去！",
			"氛围热烈的摸了\\str[120]的头。"
        ],
        "20": [
            "\\nl< >「……嗯？  \\w[30]",
			"\\str[121]你额头上写着杂鱼的字诶～！」"
        ]		
    },
  "18": {
        "0": [
            "聊天",
			"亲密接触",
			"来做点什么吧",
			"去洗澡",
			"困了…"
		],
        "1": [
            "\\nl< >「差不多该去把头发吹干了呢~」"
        ],
        "2": [
            "来喝点什么吧",
			"来玩点什么吧"
		],
        "3": [
            "\\nl< >「头发还没擦干呢、之后再喝吧。」"
		],
        "4": [
            "\\nl< >「头发还没擦干呢、之后再来玩吧。」"
		],	
        "5": [
            "\\nl< >「\\str[121]的手法太色了所以不行！」"
		],
        "6": [
            "\\nl< >「啊——！     \\w[40]",
			"已经这么晚了——！   \\w[60]",
			"完全错过开播的时间了——！」"
		],	
        "7": [
            "\\nl< >「但还好已经事先录制了、准备完全！」"
		],
        "8": [
            "\\nl< >「啊——！     \\w[40]",
			"已经这么晚了——！   \\w[60]",
			"没有赶上开播的时间——！」"
		],	
        "9": [
            ""
		],	
        "10": [
            "\\nl< >「啊——！     \\w[40]",
			"已经是新的动画开播的时间了——！」"
		],	
        "11": [
            "\\nl< >「我现在要去看动画了~！\\str[121]要一起来吗？」"
		],	
        "12": [
            "嗯？动画吗…？",
			"是\\str[120]喜欢看的电视节目吗？"
		],	
        "13": [
            "啊啊、一起去看吧。"
		],	
        "14": [
            "\\nl< >\\{「那我先过去了——！」"
		],	
        "15": [
            "……难得看到\\str[120]这么兴奋的样子，去看看好了！"
		]		
    },			
  "19": {
        "0": [
            "\\nl< >「啊…\\str[121]…」"
		],
		"1": [
            "不妙呀、前不久才刚发生了那么令人尴尬的事情、",
			"得趁现在赶紧道歉——"
        ],
        "2": [
            "\\nl< >「\\str[121]、对不起！」  \\w[60]\\^"
        ],
        "3": [
            "「对不……！  \\w[45]",
			"啊、啊嘞？」"
        ],		
        "4": [
            "为什么是\\str[120]先对我道歉了？"
        ],
        "5": [
            "\\nl< >「刚才太兴奋了、  \\w[180]",
			"才对\\str[121]说了那么多过分的话。  \\w[90]"
        ],
        "6": [
			"\\nl< >……没事吧？」   \\w[60]"
        ],
        "7": [
            "多么温柔的孩子啊……",
			"\\str[121]明明做了这么过分的事情，",
			"却还是一个劲为\\str[121]着想——"
        ],
        "8": [
            "\\nl< >「冷静下来想一下的话，   \\w[120]",
			"\\str[121]说不定是最近压力太大了。    \\w[160]",
			"每天都在外面战斗，肯定很辛苦吧。」"
        ],
        "9": [
            "\\nl< >「所以、所以说、考虑过后……   \\w[360]\\^"
        ],	
        "10": [
            "\\an[2]似乎拼命地想要向我交代着什么——",
			"真是温柔的\\str[120]呀，\\str[121]要被感动地泪流满面了哦？"
        ],
        "11": [
            "\\nl< >\\{「我也能做到的报答就只有这个了！」   \\w[240]\\^"
        ],
        "12": [
            "\\nl< >「来！收下这个——！  \\w[60]",
			"\\str[121]原来喜欢这种东西、     \\w[60]",
			"以前我都不知道！」"  
        ],
        "13": [
            "\\{得到了\\ia[\\v[84]]！  \\w[60]"
        ],
        "14": [
            "是胖次。              \\w[60]",
			"还残留着体温的胖次。   \\w[60]",
			"难道说————"
        ],	
        "15": [
            "\\nl< >「\\str[121]也是男孩子嘛、所以不要紧的哦。    \\w[150]",
			"唔嗯唔嗯、一定是这样、不要紧的哦…」"
        ],
        "16": [
            "额头上冷汗开始冒个不停……",
			"不行了，任由这样下去发展的话——"
        ],
        "17": [
            "\\nl< >「就是这样、",
			"一直以来承蒙\\str[121]照顾了。   \\w[300]",
			"\\{谢谢！然后晚安——！     \\}」\\w[120]\\^"
        ],
        "18": [
            "…………",
			"…………"
        ],	
        "19": [
            "「不对——！不是这样的！」"
        ],	
        "20": [
            "「\\str[121]想要的才不是这个——啊不对！」"
        ],	
        "21": [
            "「我的意思是我根本没有动过这种歪念头啊————」"
        ],
        "22": [
            "\\nl< >「不要ーー！\\str[121]的表情好可怕！",
			"不要靠近我！！」"
        ],	
        "23": [
            "「听我好好解释——！",
			"事情不是那样的——」"
        ],
        "24": [
            "\\nl< >「\\str[121]的表情变得更可怕了——」"
        ],
        "25": [
            "「不要讨厌\\str[121]呀——」"
        ],
        "26": [
            "\\nl< >「\\str[121]什么的，最讨厌了啦……！!」  "
        ],
        "27": [
            "\\{「咕啊……！」"
        ],
        "28": [
            "在\\str[120]像是发现了蟑螂一样的尖叫声中，我放弃了思考。"
        ]		
    },
  "20": {
        "0": [
            "「————」    \\w[60]\\^"
		],
		"1": [
            "「————\\str[121]」    \\w[60]\\^"
        ],
        "2": [
            "好像在被谁呼唤着。"
		],
		"3": [
            "\\nl< >「\\str[121]没事吧？脸色看起来很糟糕哦？」 "
        ],
		"4": [
            "「——是\\str[120]吗？」 "
        ],
		"5": [
            "我是在这里打盹了吗、 ",
			"头脑昏昏沉沉的，什么也想不起来…"
        ],	
		"6": [
            "\\nl< >「还没睡醒吗？呐ー」  \\w[90]\\^"
        ],
		"7": [
            "抱住\\an[2]",
			"「已经醒了。」"
        ],	
		"8": [
            "少女那张可爱的脸就在眼前，",
			"我下意识地伸出手，把她紧紧抱住。"
        ],	
		"9": [
            "嗯嗯……软软的，味道也好香——",
			"鼻子里全是那种像橘子一样的甜香味。",
			"啊……感觉困意又涌上来了……"
        ],
		"10": [
            "\\nl< >「真是的、\\str[121]又睡过去了！」"
        ],	
		"11": [
            "是错觉吗？总感觉……",
			"眼前的\\an[2]，跟记忆里的样子比，好像长大了不少。"
        ],	
		"12": [
            "我不由自主地伸出手，在她身上轻轻摸索——",
			"很快就碰到了某个软软的地方。"
        ],
		"13": [
            "\\nl< >「呀啊ー！\\str[121]！？」"
        ],
		"14": [
            "「嗯————果然感觉变得更大了啊——」"
        ],	
		"15": [
            "\\nl< >「才没有变大呢……  \\w[60]",
			"话说\\str[121]、你在摸什么地方呀！」"
        ],	
		"16": [
            "\\{「咕……！」"
        ],	
		"17": [
            "感觉被什么沉重的东西砸中了头、",
			"一瞬间眼前感觉变得天旋地转起来。"
        ],	
		"18": [
            "\\nl< >「已经清醒过来了吗？」"
        ],	
		"19": [
            "「多亏了您这一拳、现在已经完全清醒了。」"
        ],
		"20": [
            "\\nl< >「那么、知道现在是什么情况吗？」"
        ],
		"21": [
            "「知道、刚刚摸到了\\str[120]的屁股、",
			"手感非常不错————」  \\w[60]\\^"
        ],
		"22": [
            "\\nl< >\\{「才没有在问摸的感想！",
			"\\str[121]大笨蛋！」"
        ],
		"23": [
            "哎呀，好像有点捉弄过头了。",
			"不过刚才被那么来了一下，确实完全清醒过来了。"
        ],	
		"24": [
            "而且……刚才好像做了个特别重要的梦，",
			"但现在怎么都想不起来了——"
        ],	
		"25": [
            "算了，就先这样吧，迟早会想起来的。",
			"眼下还是得先哄哄\\str[120]才行。"
        ],
		"26": [
            "\\nl< >「太好了。做噩梦了？看起来很难受的样子呢。」"
        ],
		"27": [
            "噩梦吗……确实感觉刚才做了个不得了的梦。",
			"现在这阵隐隐作痛的头疼，就跟宿醉一样难受，",
			"眼角也还残留着点泪痕……"		
        ],
		"28": [
            "身体这种说不清的异样感，好像自己真的经历了什么似的，",
			"一点点在印证那个梦的痕迹……"
        ],
		"29": [
            "\\nl< >「哦〜都梦见了什么呢？」"
        ],
		"30": [
            "是啊、我到底梦见了什么？"
        ],	
		"31": [
		    "和父亲最后一次见面",
            "梦见了小时候",
			"梦见了\\an[2]",
			"梦见了牛排",
			"什么也想不起来…"
        ],
		"32": [
            "\\nl< >「小时候的\\str[121]吗？",
			"好想见一见还是小孩子的\\str[121]呀~」"
        ],	
		"33": [
            "\\nl< >「拿着木剑到处奔跑、  \\w[60]",
			"大声喊着『将来我要成为勇者！』的那个样子  \\w[90]",
			"肯定超级可爱的呀！」"
        ],	
		"34": [
            "不不不、那是谁的可爱黑历史啊。",
			"现在让我看到那副场景、",
			"可是会一边哭一边挖个洞躲起来哦？"
        ],	
		"35": [
            "「啊、不过说起这个、",
			"仓库里好像确实放着以前父亲用过的装备。",
			"以前父亲好像是当过一阵子冒险者的……」"
        ],	
		"36": [
            "「父亲大人还做过这种事情吗？」"
        ],			
		"37": [
            "「那个男人年轻时可是做过不少笨蛋一样的事情啊——  \\w[60]",
			"好、机会难得、去找找看吧！」"
        ],	
		"38": [
            "这里是父亲曾经进行各种炼金术研究的房间，",
			"但现在也已经和荒废了没什么区别……"
        ],	
		"39": [
            "「嘿咻！」"
        ],	
		"40": [
            "在已经不再使用的地下室里。",
			"我环顾着四周，寻找有用的东西。"
        ],	
		"41": [
            "「嗯……\\w[30]哦？\\w[30]哦哦！？ \\w[30]",
			"噢噢噢噢噢ー！\\w[30]",
			"这是——————！」"
        ],
		"42": [
            "「这是父亲以前用过的装备啊！",
			"好耶、看起来真帅啊！」"
        ],	
		"43": [
            "\\nl< >「啊、嗯……  \\w[60]",
			"\\str[121]开心就好呢…」"
        ],	
		"44": [
            "「看啊、吾妹哟、只要有了这个、",
			"就算是在深渊里\\str[121]也能畅通无阻了！」"
        ],
		"45": [
            "\\nl< >(\\str[121]……看起来像小孩子一样兴奋呢……)"
        ],
		"46": [
            "我兴奋地挥舞着还沾满灰尘的装备、",
			"不过\\str[120]看起来并没有什么兴趣的样子啊。"
        ],
		"47": [
            "哎呀、没想到真能找到宝贝……",
			"不过说起来我是不是忘记了什么重要的事情啊。"
        ],
		"48": [
            "算了、记不清了也就那样了。",
			"好想赶紧明天快点用上新装备啊！"
        ],
		"49": [
            "因为我也想不起来梦里到底发生了什么，",
			"所以就随便编了一段。"
        ],
		"50": [
            "\\nl< >「啊————太狡猾了！牛排自助餐！",
			"我也想吃！」"
        ],
		"51": [
            "啊、忘记了\\str[120]是一个肉食主义者呢。",
			"不限量的牛排盛宴、一定很享受吧。"
        ],
		"52": [
            "「那\\str[121]下次就多带点肉回来、",
			"一起来开一个烤肉派对吧？」"
        ],
		"53": [
            "\\nl< >「好耶！\\str[121]最棒了！」"
        ],
		"54": [
            "\\nl< >「菲力〜♪沙朗〜♪    \\w[90]",
			"夏多布里昂〜♪还有T骨和肋眼〜♪」   \\w[90]"
        ],
		"55": [
            "\\an[2]看起来很开心的样子、开始唱起了跑调又奇怪的歌。",
			"算了、\\an[2]开心就好了…",
			"只是这个约定、希望最近就能实现呀…"
        ],
		"56": [
            "\\nl< >「\\str[121]…真的没事吗？   \\w[60]",
			"已经像是老爷爷一样变得健忘了哦？」"
        ],
		"57": [
            "是啊、为什么呢？",
			"就好像有什么看不见的东西在妨碍我回忆起来。"
        ],
		"58": [
            "嗯……算了。",
			"以后总会想起来的吧、",
			"现在就没必要为这个事情烦恼了。"
        ]	
    },		
  "23": {
        "0": [
            "\\nl< >「不要！一起洗澡什么的绝对不要！」"
		],
		"1": [
            "被\\str[120]全力拒绝了。",
			"果然听到了还是很心痛啊…"
        ],
        "2": [
            "\\nl< >「诶诶…和\\str[121]一起洗吗？\\w[120]",
            "又不是小孩子了哦…」"
        ],
        "3": [
            "被\\str[120]拒绝了。",
            "想想看这也是理所当然的吧… "
        ],
        "4": [
            "\\nl< >「好耶、向浴室出发~!」"
        ],
        "5": [
            "\\nl< >「好耶、去洗澡~」"
        ],	
        "6": [
            "\\nl< >「……可以哟♥」"
        ],	
        "7": [
            "\\nl< >「嗯……\\w[80]\\str[121]这么希望的话…\\w[90]",
			"一起去洗吧…」"
        ],	
        "8": [
            "\\nl< >「不要！一起洗澡什么的绝对不要！」"
        ],
        "9": [
            "被\\str[120]全力拒绝了。",
			"果然听到了还是很心痛啊…"
        ],	
        "10": [
            "\\nl< >「呜啊…",
			"\\str[121]真的变得像小孩子一样呢…」\\w[150]"
        ],	
        "11": [
            "\\nl< >「真是的…\\str[121]真是让人困扰、可以哟…」"
        ],		
        "12": [
            "不断地拜托\\str[120]成功了…!"
        ],
        "13": [
            "\\nl< >\\{「不——行————！！\\w[90]",
			"\\str[121]的话肯定是在考虑什么坏坏的事情！」\\}"
        ],
        "14": [
            "呜呜呜…被\\str[120]狠狠地训斥了一顿…"
        ],
        "15": [
            "拼命拜托",
			"算了"
        ],
        "16": [
            "……前不久才刚进过浴室哦？"
        ],
        "17": [
            "嗯……差不多该去洗澡了呢…"
        ],		
        "18": [
            "邀请\\str[120]一起",
			"自己先去洗"
        ],
        "19": [
            "机会难得、试试邀请\\str[120]一起去洗澡吧…"
        ],	
        "20": [
            "\\nl< >「\\str[121]现在要去洗澡吗？那么等会见~」"
        ]		
    },
  "24": {
        "0": [
            "\\nl< >「到睡觉的时间了呢。",
			"\\str[121]也早点休息吧……」"
		],
        "1": [
            "\\nl< >「没事的、没事的！我也准备要睡了！」"
		],
        "2": [
            "去睡觉",
			"再等等"
		],
        "3": [
            "嗯、还有些想做的事情呢。"
		],
        "4": [
            "\\nl< >「也是呢、是时候休息了呢、   \\w[120]",
			"晚安\\str[121]。」"
		],
        "5": [
            "\\nl< >「\\str[121]今天也辛苦了、        \\w[120]",
			"那么晚安…」"
		],
        "6": [
            "\\nl< >「最近\\str[121]都非常早睡呢、     \\w[150]",
			"感觉有点孤独呢…」"
		],
        "7": [
            "\\nl< >「时间真早呢、\\str[121]没事吧？   \\w[120]",
			"今天觉得累了吗？」"
		],
        "8": [
            "\\nl< >「这样啊、好好休息哦。       \\w[120]",
			"晚安\\str[121]。」"
		]
    },
  "25": {
        "0": [
		    "色色的话题",
            "讨好\\an[2]",
			"冒险的话题",
			"随便闲聊"
		],
        "1": [
            "和\\str[120]随便闲聊了一些话题。"
		],
        "2": [
            "「今天有了新料理的创意了哦！」",
			"「头发、变长了呢。」",
			"「明天的天气会怎么样呢…」",
			"「这个游戏啊……」",
			"「之前有听说过……」"
		],
        "3": [
            "交给我吧！           \\w[30]",
	        "沙拉沙拉——\\w[30]沙拉沙拉——\\w[30]沙拉沙拉—\\w[30]",
	        "仔细地为\\str[120]梳了梳头。"
		],
        "4": [
            "「比昨天更加可爱了呢！」",
	        "非常努力地夸奖了一番\\an[2]。"
		],
        "5": [
            "「好乖好乖好乖——！」",
	        "来回抚摸了\\str[120]的头。"
		],
        "6": [
            "「在迷宫深处啊——」",
	        "和\\str[120]聊了关于在深渊中的冒险的话题。"
		],
        "7": [
            "「其实有很多很多道具有着非常神奇的效果哟——」",
	        "和\\str[120]聊了关于魔法道具的话题。"
		],
        "8": [
            "「我昨天发现了——」",
	        "和\\str[120]聊了最近自己的冒险见闻的话题。"
		],
        "9": [
            "「所谓冒险者呢、就是会为了庆祝胜利而聚集在酒场里…」",
	        "和\\str[120]聊了关于冒险者们的日常的话题。"
		],
        "10": [
            "「知道吗？其实有会跑步的蘑菇哦！」",
	        "和\\str[120]聊了关于在深渊中遭遇到的奇妙魔物的冒险话题。"
		],
        "11": [
            "「实际上\\str[121]是喜欢……」"
		],
        "12": [
            "「说色色不行什么的绝对是错误的！」"
		],
        "13": [
            "「女孩子的身体呢——」"
		],
        "14": [
            "「这个部位呀——」"
		],
        "15": [
            "和\\str[120]聊了一些有大人感的话题。"
		]
    },
  "29": {
        "0": [
		    "\\nl< >「\\str[121]…这时候就不要提这种奇怪的话题啦……」"
		],
        "1": [
            "\\an[2]扭扭捏捏地小声抱怨着，",
			"但迷离的眼神似乎在述说着别的含义……"
		],
        "2": [
            "\\nl< >「很有趣呢~」"
		],
		"3": [
            "\\an[2]饶有兴趣地听着、太好了呢。"
		],
        "4": [
            "\\nl< >「嗬~是这样的啊。」"
		],
        "5": [
            "\\nl< >「啊、嗯……是呢。」"
		],
        "6": [
            "\\an[2]看起来很无聊的样子、是这个话题不够有趣吗？"
		],
        "7": [
            "\\nl< >「是很深奥的话题呢。」"
		],
        "8": [
            "\\nl< >「那个、\\str[121]……不要再说这个了哟…」"
		],
        "9": [
            "\\an[2]好像不喜欢这个话题，下次还是注意点…"
		],
        "10": [
            "\\nl< >「\\str[121]……对不起、但不要再说了…」"
		],
        "11": [
            "\\an[2]有点生气了…"
		],
        "12": [
            "\\nl< >「嗯……这样啊……」"
		],
        "13": [
            "\\an[2]心不在焉地听着，似乎在忍耐着什么。"
		],
        "14": [
            "\\nl< >「——\\str[121]~！」"
		],
        "15": [
            "让\\str[120]开心起来了！"
		],
        "16": [
            "\\nl< >「\\str[121]、辛苦了。」"
		],
        "17": [
            "\\an[2]的心情变好了。"
		],
        "18": [
            "\\nl< >「嗯…」"
		],
        "19": [
            "\\an[2]的反应看起来有点微妙。"
		],
        "20": [
            "\\nl< >「\\str[121]…已经够了吧…」"
		],
        "21": [
            "\\an[2]的反应不是很好呀。"
		],
        "22": [
            "\\nl< >「\\str[121]有点烦人哟！」"
		],
        "23": [
            "被\\str[120]讨厌了…"
		],
        "24": [
            "\\nl< >「\\str[121]大笨蛋！快住手呀！」"
		],
        "25": [
            "被\\str[120]强烈拒绝了…"
		],
        "26": [
            "\\nl< >「……感觉有点不好意思呢。」"
		],
        "27": [
            "\\nl< >「\\str[121]真是的…又在捉弄人家了。」"
		],
        "28": [
            "\\an[2]看起来有点心动了。"
		]
    },	
  "30": {
        "0": [
            "唔嗯…现在…不要摸……"
		],
        "1": [
            "\\nl< >「真是的、头发还没干就不要摸啦…」",
			"\\w[180]\\^"
		],
        "2": [
            "头发又被弄乱啦…",
			"嗯……奇怪的感觉……",
			"诶嘿嘿…",
			"\\str[121]的手、好温暖…",
			null,
			"\\str[121]…",
			null,
			"呜喵ー"
		],
        "3": [
            "\\nl< >\\{「真是的——\\str[121]摸过头啦！」",
			"\\w[150]\\^"
		]
    },
  "34": {
        "0": [
            "\\{「看啊！          \\w[40]\\}",
			"这就是最新版本的——          \\^"
		],
        "1": [
            "\\nl< >\\{「噢噢噢噢噢——！是JoyStation V啊！」",
			"\\w[120]\\^"
		],
        "2": [
            "「没错没错、是JoyStation V哟——     \\w[30]",
			"……啊嘞？        \\w[30]",
			"已经知道了吗？」"
		],
        "3": [
            "\\nl< >「说什么呢\\str[121]！这个作为业内人士，",
			"可是必须要知道的事情呀！」"
		],
        "4": [
            "「诶…业界？」"
		],
        "5": [
            "失策了…",
			"好不容易趁着拿出礼物的时候摆出了一个帅气的姿势、",
			"结果完全没有惊喜的效果…"
		],
        "6": [
            "\\nl< >「机子里还安装好了《暗影之魂》的游戏本体、",
			"真是太好了！」"
		],
        "7": [
            "\\nl< >「好开心！\\str[121]最棒了、好喜欢！」"
		],
        "8": [
            "算了，结果来说倒也成了个惊喜，",
			"毕竟\\str[120]都这么开心了。"
		],
        "9": [
            "\\nl< >「\\str[121]、不要傻站着了！",
			"快点来一起玩吧！」"
		],
        "10": [
            "「噢、一起来玩吧！」"
		],
        "11": [
            "结果两个人一起沉迷游戏通宵了一晚、",
			"连晚饭这回事也完全忘记了。"
		],
        "12": [
            "\\c[2]\\{",
			"之后可以一起和\\str[120]玩游戏了！",
			"\\w[120]"
		],
        "13": [
            "嗯……？游戏机还开着？",
			"忘记切断电源了吗？"
		],
        "14": [
            "「啊——」"
		],
        "15": [
		    "在微弱的光线下，能看到\\str[120]在打游戏。"
		],
        "16": [
            "\\nl< >「啊——」"
		],
        "17": [
            "看起来\\str[120]也注意到我过来了。"
		],
        "18": [
            "\\nl< >「啊哇哇呜啊哇哇————」"
		],
        "19": [
            "\\an[2]飞快地钻回床上，把脸埋进枕头里一动不动。",
			"看样子是打算彻底装睡到底了啊……"
		],
        "20": [
		    "仔细一看发现\\str[120]的身体还在微微颤抖着。",
			"怎么办…有点想捉弄下了——"
		],
        "21": [
            "摸摸屁股"
		],
        "22": [
            "看着\\str[120]被蓬松的短裤包裹着的圆润饱满的屁股，",
			"我忍不住伸出手摸了摸。"
		],
        "23": [
            "\\nl< >「睡着了…睡着了…」"
		],
        "24": [
            "\\nl< >「咕唔唔唔唔…」"
		],
        "25": [
            "\\nl< >「看不见、\\str[121]看不见哦…」"
		],
        "26": [
            "……还是算了吧。虽然\\str[120]的反应确实很有趣，",
			"但看她那样已经有点可怜了，还是别再逗她了。"
		],
        "27": [
            "「要好好睡觉哦。」"
		],
        "28": [
            "最后摸了摸\\str[120]的头，我也准备回去睡觉了。"
		]
    },
  "39": {
        "0": [
            "\\{「唔……！？ 」\\w[60]"
		],
        "1": [
            "「肚、肚子怎么突然好痛……」"
		],
        "2": [
            "\\nl< >「\\str[121]？怎么了？\\w[40]",
			"好像从肚子里面传来奇怪的声音——」"
		],
        "3": [
            "\\{「唔噢噢噢噢——！？ 」\\w[60]"
		],	
        "4": [
            "能感觉到胃部真的在急剧地抽搐着。",
			"诶、难道刚刚吃了什么不好的东西吗？"
		],
        "5": [
            "我下意识开始担心起\\str[120]的情况，",
			"但看过去\\str[120]的表情却显得十分平静自然。",
			"明明吃的都是同样的东西……"
		],
        "6": [
            "\\an[2]没和我一样遭受这种折磨倒也是件好事……",
			"毕竟家里只有一个厕所，要是\\str[120]也中招的话，",
			"那眼前的局面恐怕就会演变成难以想象的灾难……"
		],	
        "7": [
            "「 抱、抱歉，看来\\str[121]需要先去一趟厕所了……」"
		],
        "8": [
            "\\nl< >「……诶、\\{痔疮\\}又发作了吗？」"
		],	
        "9": [
            "\\nl< >「是肚子不舒服吗？",
			"\\str[121]好可怜……」"
		],
        "10": [
            "\\nl< >「……去一下厕所呢。」"
		],
        "11": [
            "妹妹去上厕所了……",
			"随便做点什么打发时间好了。"
		],
        "12": [
            "————说起来、",
			"之前也没能消灭掉Z啊。"
		],
        "13": [
            "总感觉有不好的预感，察觉到了Z的气息。",
			"为了保护妹妹，我是不是该去看着呢……"
		],
        "14": [
            "去看看",
			"算了吧"
		],
        "15": [
            "嗯…这是为了保护妹妹，也是为了将Z绳之以法……",
			"并不是我想偷看什么的……"
		],
        "16": [
            "……还是算了。",
			"就凭这么点理由跑去偷窥，果然不行吧。"
		]		
    },
  "41": {
        "0": [
            "\\an[2]因为输掉了游戏，",
			"现在把自己裹进被子里，一动也不动。"
		],
        "1": [
            "这下麻烦了…看来捉弄过头了。"
		],
        "2": [
			"必须要让\\str[120]振作起来啊……"
		],
        "3": [
            "讨好\\an[2]",
			"摸摸屁股",
			"安慰\\an[2]"
		],	
        "4": [
			"我一边说着好话，一边轻轻地拍拍她的背，",
			"小心翼翼地试图逗她笑起来。"
		],
        "5": [
            "我端来\\str[120]最喜欢的草莓牛奶，",
			"一边陪着说话，一边偷偷观察她情绪有没有缓和。"
		],
        "6": [
            "我轻轻地伸出手抚摸了一下\\str[120]暴露在被子外、",
			"因不满而撅起来的小屁股，试图引起她的注意。"
		],	
        "7": [
			"我拿来\\str[120]的兔玩偶放在她身边，",
			"装作玩偶在说话的样子逗她开心。"
		],
        "8": [
            "\\nl< >「够了……已经原谅\\str[121]了……」"
		],	
        "9": [
            "\\nl< >「和\\str[120]的约定、不要忘了呢。」"
		],
        "10": [
            "虽然还有些闷闷不乐的样子，",
			"但\\str[120]已经恢复了不少精神，终于从被子里探出了脑袋。"
		],	
        "11": [
            "\\nl< >「\\str[121]欺负人……」"
		],	
        "12": [
            "\\nl< >「不想理\\str[121]了……」"
		],	
        "13": [
            "\\an[2]似乎恢复了些精神。"
		],	
        "14": [
            "\\nl< >「\\str[121]是坏蛋……」"
		],	
        "15": [
            "\\nl< >「\\str[121]好过分……」"
		],	
        "16": [
            "\\an[2]看起来还是有些忧郁的样子。"
		],	
        "17": [
            "\\nl< >「\\str[121]……讨厌……」"
		],	
        "18": [
            "\\an[2]看起来还是非常沮丧的样子。"
		],	
        "19": [
            "\\nl< >「那\\str[121]……     \\w[60]",
			"可以答应一个请求吗？」"
		],	
        "20": [
            "「嗯、\\str[121]什么都会答应的！」"
		],	
        "21": [
            "\\nl< >「明天不要再带着一身伤回家…」"
		],	
        "22": [
            "\\nl< >「明天想吃肉料理……」"
		],	
        "23": [
            "「啊啊、约定好了。」"
		],	
        "24": [
            "这样的内容，比起提要求更像是在单纯地撒娇。",
			"说起来，\\an[2]一直都是这么惹人疼爱的好孩子啊……"
		]	
    },		
  "42": {
        "0": [
            "\\nl< >「好困——\\w[90]",
			"\\str[121]、已经很晚了、是睡觉时间了哦…」"
		],
        "1": [
            "是啊、已经这个点了。就这么去睡觉吗？"
		],
        "2": [
            "睡觉",
			"再等等"
		],
        "3": [
            "已经很晚了、去睡觉吧——"
		],
        "4": [
            "……还想做做点什么。再坚持一下好了。"
		],
        "5": [
            "\\nl< >\\}「唔喵——zzZ」\\{"
		],
        "6": [
            "……",
			"……"
		],	
        "7": [
            "不行呀、\\an[2]已经快睡着了。",
			"今天就到此为止了，睡觉吧。"
		],	
        "8": [
            "小心地把已经睡着的\\str[120]抱起来，送回到了床上。"
		],
        "9": [
            "好、我也去睡吧。"
		],	
        "10": [
            "\\nl< >「我困啦！要去睡觉了、",
			"\\str[121]在这碍事、快点出去啦！」"
		],
        "11": [
            "「但是、我还没——！」\\w[60]\\^"
		],	
        "12": [
            "\\nl< >「快走啦——快走啦——」\\w[60]\\^"
		]		
    },		
  "44": {
        "0": [
            "嗯……想喝点什么了呢……"
		],
        "1": [
            "但是家里什么饮料也没有。"
		],
        "2": [
            "嗯……想喝点什么了呢……"
		],
        "3": [
            "感觉也不是那么想喝了……"
		],			
        "4": [
            "「要喝点\\ii[\\v[90]]吗？」"
		],
        "5": [
            "\\nl< >「随便！\\str[121]想喝什么都好了！」"
		],
        "6": [
            "\\nl< >「噢噢ー！要喝要喝！」"
		],
        "7": [
            "\\nl< >「嗯、辛苦\\str[121]了。」"
		],
        "8": [
            "\\nl< >「听起来不太好喝的样子呢，也可以啦。」"
		],
        "9": [
            "\\nl< >「讨厌苦味……真的要喝吗？」"
		],
        "10": [
            "说起来，之前还从奇怪的小鬼店长那买到了零食，",
			"要拿点出来给\\str[120]试试看吗……"
		],
        "11": [
            "要吃",
			"算了"
		],
        "12": [
            "还是下次再吃吧。"
		],
        "13": [
            "「今天还有零食哦~!",
			"是\\ii[\\v[90]]、要吃点吗？」"
		],
        "14": [
            "\\nl< >「要吃…零食是无罪的。」"
		],
        "15": [
            "\\nl< >「诶诶……感觉这么搭配就连零食都要变得难吃了…」"
		],
        "16": [
            "\\nl< >「耶！还有零食可以一起吃！」"
		],
        "17": [
            "和\\str[120]一起享受了一阵子茶会的时光。"
		],
        "18": [
            "\\nl< >「\\str[121]，我有点口渴了，想喝水呢……」"
		],
        "19": [
            "口渴了吗？正好今天买了\\ii[\\v[90]]呢。"
		],
        "20": [
            "「要喝点\\ii[\\v[90]]吗？」"
		],
        "21": [
            "\\nl< >「诶，那是哪来的？」"
		],
        "22": [
            "「今天白天在森林里的自动贩售机买的。」"
		],
        "23": [
            "\\nl< >「诶，为什么森林里会有自动贩售机呀……？」"
		],	
        "24": [
            "「确实很奇怪呢，",
			"不过投币之后正常的吐出饮料了，",
			"保质期也是很新的。」"
		],	
        "25": [
            "「确实很奇怪呢，",
			"不过真的吐出饮料了，",
			"保质期也是很新的。」"
		],
        "26": [
            "不过机器也已经不小心让我搞坏了，",
			"会不会有人来找我索赔啊…",
			"这么一想感觉就有点糟糕……"
		],
        "27": [
            "\\nl< >「那来一杯吧。」"
		],	
        "28": [
            "给\\str[120]和自己各倒了一杯\\ii[\\v[90]]。"
		],
        "29": [
            "嗯…冰冰凉凉的，感觉很美味。"
		],
        "30": [
            "和\\str[120]一起享受了一阵子茶会的时光。"
		],	
        "31": [
            "以后要是买了饮料，",
			"可以和\\str[120]一起分享了!    \\w[60]"
		],
        "32": [
            "我拿出了装有红髓液的小瓶子，",
			"但临近关头我才突然开始害怕起来——"
		],
        "33": [
            "万一、这个其实对\\str[120]没有效果，甚至还加重症状的话……  \\w[60]",
			"父亲的研究应该是没有问题，但是……！"
		],
        "34": [
            "\\nl< >「\\str[121]？怎么了？\\w[45]身体在颤抖呢………」"
		],	
        "35": [
            "「……啊、没事呢。」"
		],	
        "36": [
            "让\\str[120]担心了。   \\w[45]",
			"但我依旧无法决定下来要不要让\\str[120]喝下——"
		],
        "37": [
            "\\nl< >「那个就是\\str[121]一直在寻找的药吧……  \\w[90]",
			"\\str[121]是在担心我吗？」"
		],	
        "38": [
            "\\an[2]突然握住了我拿着红髄液的手。"
		],	
        "39": [
            "\\nl< >「\\str[121]一直都在为我拼命努力， \\w[90]",
			"所以我也很想为了\\str[121]而加油噢…」"
		],
        "40": [
            "\\nl< >「所以、让我试试这个药吧。」"
		],	
        "41": [
            "从\\str[120]的回答中感受了强烈的决心。"
		],	
        "42": [
            "「……感觉不对劲时一定要想办法吐出来噢？」"
		],	
        "43": [
            "事到如今也没有继续逃避的理由了，",
			"我将红髓液倒入牛奶中，递给了\\an[2]。"
		],
        "44": [
            "\\an[2]很快喝完了掺入了红髓液的牛奶，",
			"我紧张地观察着\\str[120]的反应。"
		],	
        "45": [
            "\\nl< >「唔……」"
		],	
        "46": [
            "\\an[2]马上露出了像是很难受的表情。"
		],
        "47": [
            "「味道、很奇怪吗！？」"
		],
        "48": [
            "\\nl< >「很好喝噢！酸酸甜甜的，",
			"感觉还想再喝一杯~！」"
		],
        "49": [
            "结果出乎意料，\\an[2]反而很中意药的味道。",
			"感觉自己的担心一下子变得无所谓起来了……"
		],
        "50": [
            "最终\\str[120]并没有因为喝下了红髓液发生什么变化，",
			"难道药其实没有效果吗？"
		]
    }		
}