{
    "13": {
        "0": [
            "...Ồ? Lại có một ",
			"bé cừu dễ thương khác lạc vào sao?"
		],
		"1": [
            "Hehehe~ Cậu đến đây để tìm kiếm sức mạnh từ tôi à?",
			"Đây là một giao kèo với ác quỷ đấy nhé~"
        ],
        "2": [
            "Nhưng tiếc là, 'chưa đến lúc' đâu~",
            "Chưa đến lúc cậu phải đối mặt với định mệnh của mình đâu~"
        ],
        "3": [
            "Hiện tại, cậu vẫn chỉ là một bé cừu lạc đường thôi~",
			"Một bé cừu vô tri chưa biết và chưa nhận ra điều gì cả~"
        ],
        "4": [
            "Nàyyy~~ Cậu ngồi ở đó để ",
			"mong được nghe lời nguyện cầu của tôi hả?"
        ],
        "5": [
            "Tiếc quá♥ Tôi là một đại ác quỷ mà~",
			"Tôi không làm mấy chuyện đó cho cậu đâu~"
        ]		
    },	
    "16": {
        "0": [
            "Bằng mồ hôi trên trán, ngươi sẽ kiếm miếng ăn ",
			"cho đến khi trở về với đất mẹ,",
			"vì từ đất mà ngươi được tạo ra; ",
			"từ bụi tro mà ngươi sinh ra, và sẽ trở về bụi tro."
		],
		"1": [
            "Ta đã thấy hết mọi việc dưới ánh mặt trời; ",
			"tất cả đều vô nghĩa, như theo đuổi cơn gió."
        ],
        "2": [
            "Và chúng ta biết rằng mọi sự đều hợp lại ",
            "cho điều tốt đẹp với những ai yêu Chúa,",
			"những người được gọi theo mục đích của Ngài."
        ],
        "3": [
            "Bởi ai cũng phạm tội và thiếu ",
			"vẻ vinh quang của Chúa."
        ],
        "4": [
            "Nhưng tầm nhìn vẫn còn cho thời điểm đã định;",
			"nó nhắc đến kết thúc và không bao giờ sai lầm.",
			"Dù chậm chạp, hãy chờ đợi nó; ",
			"nó chắc chắn sẽ đến và không trì hoãn."
        ],
        "5": [
            "Lỗi lầm của ta chồng chất như gánh nặng ",
			"quá nặng để có thể mang nổi."
        ]		
    },
    "17": {
        "0": [
            "Chúa Giê-su hỏi: \"Ngươi tên là gì?\"",
			"Hắn đáp: \"Danh ta là Quân Đoàn, bởi vì chúng ta là số đông.\""
		],
		"1": [
            "Rồi một dấu lạ khác hiện ra trên trời: ",
			"một con rồng đỏ vĩ đại, có bảy đầu và mười sừng,",
			"trên các đầu mang bảy vương miện. Đuôi nó quét sạch ",
			"một phần ba các vì sao khỏi bầu trời và ném xuống đất."
        ],
        "2": [
            "Hỡi kẻ rạng ngời, con trai của bình minh! ",
            "Sao ngươi đã sa ngã từ trời cao?",
			"Ngươi từng khiến muôn dân run sợ, ",
			"mà nay bị ném xuống đất sâu?"
        ],
        "3": [
            "Và ta thấy một con thú trồi lên từ biển cả. ",
            "Nó có mười sừng và bảy đầu,",
            "trên các sừng mang mười vương miện, ",
            "và trên đầu đầy những danh hiệu phạm thượng."
        ],
        "4": [
            "Dầu ta bước qua thung lũng của bóng chết, ",
            "ta chẳng sợ điều ác nào, vì Ngài ở cùng ta;",
            "cây gậy và cây trượng của Ngài, ",
            "chúng nâng đỡ và an ủi lòng ta."
        ],
        "5": [
            "Đức Chúa phán cùng Sa-tan: \"Ngươi từ đâu đến?\"",
            "Sa-tan thưa: \"Ta đã đi khắp mặt đất, ",
            "lang thang ngược xuôi nơi ấy.\""
        ]		
    },
    "18": {
        "0": [
			"...Đây là ma pháp trận dịch chuyển.",
            "Rời khỏi nơi này ngay sao...?"
		],
		"1": [
            "Rời đi",
            "Chờ một chút..."
        ]
    }	
}