{
    "1": {
        "0": [
            "Mesmo tendo concordado em tomar banho juntos",
            "Nos dois ainda estávamos um pouco tímidos.",
            "Então, mesmo que pudéssemos ver um ao outro nus",
            "Nos dois se enrolamos em toalhas e entramos no box."
        ],
        "1": [
            "\nl< >\"Pedra, papel, tesoura, vái!    \\w[120]",
            "Ehehe~ Hoje eu venci!\""
        ],
        "2": [
            "\"Pedra, papel, tesoura, vái!    \\w[120]",
            "Isso aí! Eu ganhei!\""
        ],
        "3": [
            "Por ter perdido o jogo, eu não tive outra opção",
            "se não esperar silenciosamente na banheira ",
            "enquanto a \\str[120] terminava de se lavar."
        ],
        "4": [
            "Por ter vencido o jogo",
            "Eu pude tomar o banho primeiro hoje.",
            "Enquanto isso, a \\str[120] sentou na banheira com um olhar entediado."
        ],
        "5": [
            "Depois de tomar um banho rápido",
            "Eu sentei na banheira e silenciosamente esperei a \\str[120] terminar."
        ],
        "6": [
            "Vendo a \\str[120] lavando seu cabelo com nervosismo",
            "ficou difícil controlar a vontade de ajudá-la…"
        ],
        "7": [
            "Vendo a \\str[120] esfregando seu corpo com nervosismo,",
            "ficou difícil controlar a vontade de ajudá-la…"
        ],
        "8": [
            "Ajudá-la",
            "Ficar na banheira"
        ],
        "9": [
            "Eu tentei pedir se a \\str[120] precisava de ajuda pra lavar seu cabelo—"
        ],
        "10": [
            "Eu tentei pedir se a \\str[120] precisava de ajuda pra esfregar suas costas—"
        ],
        "11": [
            "\nl< >\"Eh—?",
            "Eu tô bem, eu consigo fazer isso sozinha! ",
            "\\str[121], você é muito desajeitado, ",
            "você ia completamente bagunçar as coisas!\""
        ],
        "12": [
            "Ugh… a \\str[120] me deu um fora. Talvez eu precise esperar ",
            "até estarmos um pouco mais próximo antes de tentar novamente."
        ],
        "13": [
            "\\str[120] está crescendo e eu acho que",
            "ela não gosta mais de ser tratada como criança.",
            "Melhor não continuar com isso…"
        ],
        "14": [
            "Depois da \\str[120] cuidadosamente terminar seu banho,",
            "era minha vez de ir pro chuveiro."
        ],
        "15": [
                " ",
                " "
            ],
        "16": [
                "\\nl< >\"...\\str[121], vai um pouco pro lado...\""
            ],
        "17": [
                "\\nl< >\"Daí eu também estou entrando...\""
            ],
        "18": [
                "\\nl< >\"Eu estou entrando agora... ",
            "\\str[121], não olha pra cá ainda...\""
            ],
        "19": [
                "\\str[120] sentou do outro lado, abraçando suas pernas pouco envergonhada.",
                "Como o esperado, essa banheira é realmente muito pequena pra duas pessoas..."
            ],
        "20": [
            "\"Por falar nisso, eu tinha pego isso antes.\""
        ],
        "21": [
            "\"...Ah sim, eu peguei essa coisa antes.\""
        ],
        "22": [
            "Eu cuidadosamente lavei o patinho de borracha e gentilmente coloquei ele na banheira.",
            "Ele flutuou silenciosamente na água, pacífico e adorável."
        ],
        "23": [
            "\"Mhm... o ambiente ficou muito melhor agora.\""
        ],
        "24": [
            "\\nl< >\"Quu~ que, um pato fofinho!",
            "Você trouxe ele pra casa, \\str[121]?\""
        ],
        "25": [
            "\"É, parece que ele foi levado pelo rio igual aconteceu comigo.",
            "Ele parecia muito triste lá, então eu trouxe ele pra casa.\""
        ],
        "26": [
            "\\nl< >\"Eh? O rio...? Te levou?",
            "...Você não ta fazendo coisas perigosas de novo, não é?\""
        ],
        "27": [
            "\"Pois é, ele estava jogado sozinho na beira do rio,",
            "pareceu tão triste, então eu trouxe ele comigo.\""
        ],
        "28": [
            "\\nl< >\"Parece que nossa família ganhou mais um membro~\""
        ],
        "29": [
            "Sentar Juntos",
            "Apertar o Pato",
            "Bater papo"
        ],
        "30": [
            "Parece que vai levar um tempo até nossos corpos aquecerem...",
            "Acho que deveria fazer algo com a \\str[120] até lá?"
        ],
        "31": [
            "Eu gostaria de poder chegar um pouco mais próximo dela...",
            "Pensando nisso, eu cuidadosamente pedi se eu poderia chegar um pouco mais perto."
        ],
        "32": [
            "Eu só queria chegar um pouco mais perto dela...!",
            "Pensando nisso, eu pedi com um sorriso se eu podia chegar mais perto."
        ],
        "33": [
            "Ainda querendo chegar mais perto...!",
            "Pensando nisso, eu descaradamente pedi novamente se eu podia me aproximar."
        ],
        "34": [
            "\\nl< >\"Eh...!?",
            "\\str[121], você tá se passando \\str[121]!\""
        ],
        "35": [
            "\\nl< >\"...Nem pensa nisso!",
            "\\str[121], sua cara tá entregando que você quer fazer,",
            "algo tarado...\""
        ],
        "36": [
            " ",
            " "
        ],
        "37": [
            "\\nl< >\"\\str[121], para agora!",
            "O patinho parece tão indefeso!\""
        ],
        "38": [
            "\\nl< >\"\\str[121]? Por que você tá abusando do pato asim?\""
        ],
        "39": [
            "Ugh... Levei uma bronca da \\str[120] por apertar de mais o pato."
        ],
        "40": [
            "Me sentindo entediado, Eu dei uma apertada no pato flutuando na água.",
            "Ele soltou um leve “pfffft—”, até parece que ele tá um pouco irritado"
        ],
        "41": [
            "O que eu devo conversar com a \\str[120]...?"
        ],
        "42": [
            "Assuntos Tarados",
            "Conversa Casual"
        ],
        "43": [
            "\\nl< >\"Eu mal posso esperar pra tomar um leite de morango depouis do banho~\""
        ],
        "44": [
            "\\nl< >\"\\str[121], seus músculos ficaram mais definidos?\""
        ],
        "45": [
            "\\nl< >\"Parece que a água fica ainda mais quente com nos dois juntos~\""
        ],
        "46": [
            "Eu conversei casualmente com a \\str[120] por um tempo, ",
            "nossos corpos aqueceram gradualmente..."
        ],
        "47": [
            "Yeah... momentos como esse são perfeitos pra apimentar as coisas com uma conversa tarada!     \\w[45]",
            "Pensando nisso, eu empolgadamente pedi pra \\str[120] se ela podia ",
            "tirar sua toalha."
        ],
        "48": [
            "Yeah... momentos como esse são perfeitos pra apimentar as coisas com uma conversa tarada!     \\w[45]",
            "Pensando nisso, eu empolgadamente sugeri pra \\str[120] que",
            "falassemos sobre algumas coisas taradas."
        ],
        "49": [
            "\\nl< >\"...Taradas? Acho que não entendi...",
            "Então, o que o \\str[121] quer falar...?\""
        ],
        "50": [
            "\\nl< >\"...De novo? \\str[121], Você é tão provocador—  \\w[120]",
            "Então, o que é dessa vez?\""
        ],
        "51": [
            "Estilo de Vida Nudista",
            "Locais Sensíveis"
        ],
        "52": [
            "\\nl< >\"Geez, \\str[121] tá sempre sempre mechendo comigo!",
            "To saindo fora!\""
        ],
        "53": [
            "Ugh... Parece que eu exagerei um pouco na piada.",
            "\\str[120] fugiu com seu rosto super avermelhado..."
        ],
        "54": [
            "Phew... Meu corpo tá cozinhando; acho que é hora de sair."
        ],
        "55": [
            "\\nl< >\"Geez... você não tá nem tentando não olhar.",
            "\\str[121], você totalmente consegue ver tudo...\""
        ],
        "56": [
            "\\nl< >\"Eh...? Por que você faria isso...?\""
        ],
        "57": [
            "Eu só Quero Ver",
            "Parece Estranho",
            "Vai Parecer Gostosa"
        ],
        "58": [
            "\\nl< >\"...Bem, acho que não tem problema.\""
        ],
        "59": [
            "\\nl< >\"\\str[121]... você tá sempre pensando nesse tipo de coisa.",
            "É realmente preocupante, sabe..."
        ]
    },
    "2": {
        "0": [
            "\nl< >\"Vamos começar o banho lavando seu braço…\""
        ],
        "1": [
            "\\str[120] levantou gentilmente meu braço e o colocou entre suas macias coxas.",
            "Nossos dois corpos estavam cobertos em uma leve espuma, tornando nossa pele ",
            "escorregadia e macia ao toque.",
            "\\w[60]  ",
            "Ela suavemente apertou suas pernas uma na outra, e aquela sensação macia ",
            "e curvada foi transmitida claramente pelo meu braço."
        ],
        "2": [
            "Antes que eu pudesse falar qualquer coisa, suas coxas começaram a ",
            "se mover lentamente para a frente e pra trás, a sensação das nossas peles ",
            "se esfregando uma na outra aumentava a cada movimento, eu conseguia sentir ",
            "o ritmo sutil e o calor do seu corpo apertando e soltando em volta do meu braço.",
            "",
            ""
        ],
        "3": [
            "Essa ação audaz e inesperada deixou meu rosto momentaneamente avermelhado e incapaz de reagir da forma correta.",
            "Mas o calor e maciez que eu só podia imaginar nos meus sonhos no meu braço, drenou completamente qualquer força que tinha pra revidar.",
            "No final, eu parei de resistir e deixei ela continuar com essa forma peculiar de ‘serviço de limpeza‘",
            "",
            "",
            ""
        ],
        "4": [
            "\nl< >\"E ai, como foi... \\str[121]...♥",
            "Você não se sente... mais limpo quando lava seu braço com sua própria mão?\""
        ],
        "5": [
            "Isso foi muito bom",
            "Eu me senti meio estranho"
        ],
        "6": [
            "\nl< >\"O sentimento foi estranho...?",
            "Então... \\str[121], ",
            "você poderia me ensinar como eu devo fazer isso~?\""
        ],
        "7": [
            "\nl< >\"...Estranho? O que tem de estranho nisso?",
            "Teu braço tá limpo não tá, \\str[121]?\""
        ],
        "8": [
            "\nl< >\"O que foi, \\str[121]?",
            "Não foi você que veio com a ideia de ajudar a te limpar?\""
        ],
        "9": [
            "\nl< >\"\\str[121], você não parece muito feliz...",
            "Você não gosta que eu ajude a tomar banho? ",
            "Eu to falando bem sério~",
            "Sobre ajudar você aqui, sabe~?\""
        ],
        "10": [
            "\nl< >\"Se sentindo bem? Mas isso é só eu lavando seu corpo~",
            "E ainda assim você diz que é bom... \\str[121],",
            "você realmente... gosta desse tipo de coisa, não é♥\""
        ],
        "11": [
            "\nl< >\"Ehehe♥ \\str[121], você é um garoto tão honesto~",
            "Isso só me faz querer te recompensar ainda mais♥\""
        ],
        "12": [
            "\nl< >\"\\str[121]... você acabou de fazer um som fofinho?",
            "É sempre você que fica me provocando... mas dessa vez,",
            "eu vou fazer você se sentir do mesmo jeito♥\""
        ],
        "13": [
            "\nl< >\"Hehe... \\str[121], você parece meio preocupado...",
            "Talvez seja melhor eu parar por aqui~?\""
        ],
        "14": [
            "\nl< >\"Seus braços estão limpinhos... agora vamos pro seu peito~",
            "\\str[121], vc precisa virar pra mim agora—\""
        ],
        "15": [
            "\"Es–espera—eh!? O que você ta—\"",
            "\\w[30]\\^"
        ],
        "16": [
            "\\nl< >\"Os braços foram completamente limpos...",
            "O resto, \\str[121], você pode se virar sozinho~\""
        ],
        "17": [
            "Como uma demônia travessa, \\str[120] me mostrou a língua,",
            "então escappou e se deitou dentro da banheira."
        ],
        "18": [
            "Eu me forçei a segurar o desejo que seus doces gestos ",
            "agitaram em mim e so pude continuar ",
            "lavando meu corpo com um pequeno sentimento de frustração."
        ],
        "19": [
            "\\str[120] afloxou suas pernas e de repente sentou no meu colo,",
            "colocando suas mãos em meus ombros e lentamente deixando seu peso",
            "descansar em mim."
        ],
        "20": [
            "Em algum momento., as nossas toalhas cairam pro lado,",
            "seu lugar macio e confortável, pressionando diretamente contra a ",
            "minha vara latejante sem nada nos separando. A sensação de culpa dessa ",
            "nova posição era completamente diferente de antes!"
        ],
        "21": [
            "Ela não parece ter notado o quão perigosa essa posição era, ",
            "assim que ela sentou completamente, ",
            "ela começou a lentamente mover seus quadris no meu colo."
        ],
        "22": [
            "O que me deixou ainda mais maluco era sentir os delicados lábios ",
            "continuavam pressionados firmemente contra mim,",
            "cada movimento sutil, faziam eles deslizarem pelo meu comprimeito, ",
            "engolindo e soltando ele pouco a pouco."
        ],
        "23": [
            "\\nl< >\"Que tal isso~?",
            "Estou fazendo isso só pra você, \\str[121]〜♪      \\w[180]",
            "Então, como você quer que eu te lave agora〜？\""
        ],
        "24": [
            "Ahh... então ela realmente so queria me ajudar a lavar meu corpo, huh...",
            "Bem, não tem jeito! ",
            "Sendo da bondade da \\str[120], eu vou aceitar apropriadamente!",
            "Mesmo se alguma coisa... inesperada aconteça, eu tenho certeza que ela vai me desculpar~"
        ],
        "25": [
            "Confiar na \\str[120]",
            "Mais rápido...",
            "Mais devagar..."
        ],
        "26": [
            "\\str[120] continua dedicadamente movendo seus quadris,",
            "ondas escorregadias, um prazer formigante correu pelo meu corpo como eletricidade, ",
            "misturada com um uma doce e errada emoção—",
            "Então, como a \\str[120] deve continuar a partir daqui?"
        ],
        "27": [
            "\\str[120] continua dedicadamente movendo seus quadris,",
            "seu lugar mais secreto começou a escorrer com seu nectar, ",
            "cada movimento produzia um silencioso som de 'squish'—",
            "Como eu posso fazer ela colocar ainda mais esforço?"
        ],
        "28": [
            "\\str[120] continua dedicadamente movendo seus quadris,",
            "Eu sinto que não vou conseguir segurar por muito mais...!",
            "Então, de qual forma eu devo pedir pra ela finalizar!?"
        ],
        "29": [
            "\\nl< >\"Se eu posso fazer o que eu quiser—um, o-ok...              \\w[120]",
            "Isso significa \\str[121], pode deixar tudo comigo agora♥♥\"     \\w[180]"
        ],
        "30": [
            "\\nl< >\"I-Isso parece tão escorregadio... ",
            "\\str[121] aqui em baixo... está se movendo junto comigo♥",
            "Você está sendo tão mau~? Se você não conseguir se conter e se mexer um pouco mais...",
            "Você cometeria um erro, não é?♥\"     \\w[210]"
        ],
        "31": [
            "\\nl< >\"Hah♥ Hah♥",
            "\\str[121]♥ está tremendo tanto♥♥",
            "Será que minha limpeza é assim tão boa?\"     \\w[210]"
        ],
        "32": [
            "\\nl< >\"Você está prestes a perder o controle?♥",
            "\\str[121]♥ você está prestes a deixar de se conter?♥",
            "Será que eu deveria... Tentar um pouco mais forte?♥♥\"     \\w[210]"
        ],
        "33": [
            "\\nl< >\"M-mais rápido?",
            "O-Ok... Eu vou tentar...\"       \\w[210]"
        ],
        "34": [
            "\\nl< >\"E-eu vou dar o meu melhor...!",
            "Heave... ho...                   \\w[120]",
            "Isso te faze sentir bem?\"     \\w[120]"
        ],
        "35": [
            "\\nl< >\"Hah♥ Hah♥",
            "Hehe~ \\str[121], aqui embaixo está latejando~    \\w[120]",
            "É estimulação de mais?\"                        \\w[120]"
        ],
        "36": [
            "\\nl< >\"Mais rápido♥ Mais Rápido♥",
            "O \\str[121] ficou todo pegajoso♥    \\w[120]",
            "S-Só aguenta um pouco mais...♥\"               \\w[120]"
        ],
        "37": [
            "\\nl< >\"M-Mais devagar?",
            "O-Ok... Eu vou tentar...\"       \\w[210]"
        ],
        "38": [
            "\\nl< >\"Li-limpando lentamente...",
            "Ah, parece que algo acabou de me cutucar♥\"   \\w[210]"
        ],
        "39": [
            "\\nl< >\"Hah♥ Hah♥",
            "Aqui em baixo, tá tão quente♥                          \\w[120]",
            "E-Eu vou ser gentil... pra fazer lentamente... você se sentir bem♥\"   \\w[120]"
        ],
        "40": [
            "\\nl< >\"\\str[121]♥\\str[121]♥               \\w[120]",
            "Eu gosto de você♥Eu quero te fazer se sentir bem também♥\"    \\w[120]"
        ],
        "41": [
            "\\{Já... no limite...!!"
        ],
        "42": [
            "\\{\\nl< >\"Aah~~♥♥\"",
            "\\w[60]\\^"
        ],
        "43": [
            "Sobre o meticuloso e rítmico serviço de limpeza da \\str[120],",
            "Eu finalmente sucumbi ao prazer crescente, ",
            "não podendo mais segurar,",
            "ondas de fluídos se espalharam como se uma repressa tivesse rompido."
        ],
        "44": [
            "\\str[120] soltou um grito silencioso e assutado, ",
            "mas ela ainda não parou e continuou cuidadosamente seus movimentos,",
            "com medo de deixar a trabalho pela metade, ",
            "continuando a gentilmente mover o seu corpo."
        ],
        "45": [
            "\\nl< >\"\\str[121]...? Você tá bem?",
            "V-você ainda está se sentindo bem? ",
            "Eu vou te... a-ajudar se se limpar maism ok?\""
        ],
        "46": [
            "\\nl< >\"\\str[121]...? Você tá bem?",
            "E-eu esfreguei... muito forte?\""
        ],
        "47": [
            "\"Eu to bem, eu fui \"limpo\" muito bem, eu me sinto incrível~",
            "Você fez um bom trabalho~\""
        ],
        "48": [
            "\\nl< >\"Ehehe♥",
            "\\str[121] aqui... ainda tá quente, e pulsando...♥",
            "Eu devo limpar ele um pouco mais pra você?♥\""
        ],
        "49": [
            "Quero mais",
            "Já chega"
        ],
        "50": [
            "Embora a \\str[120] raramente mostre esse seu lado ardente, ",
            "querendo ter intimidade comigo dessa forma, ",
            "nós já ficamos muito tempo enrolados no banheiro, ",
            "e se a \\str[120] pegar um resfriado dessa mudança de temperatura, isso seria muito ruim...!",
            "No final, eu relutantemente puxei a \\str[120] pra perto e rápidamente enxaguei",
            "os rastros em nossos corpos pra finalizar."
        ] 
    },
  "3": {
        "0": [
            "\\nl< >\"...Mas, não vai ficar um pouco apertado?\""
        ],
        "1": [
            "\\nl< >\"Mm... bem... se o \\str[121] quer...\""
        ],
        "2": [
            "\\nl< >\"Okay! Pode vir \\str[121]!\""
        ],
        "3": [
            "Mesmo que a \\str[120] não tivesse recusado—",
            "ela só deu um silencioso aceno consentindo.",
            "Eu imediatamente fui pro outro lado da banheira ",
            "e gentilmente puxei ela para os meus braços."
        ],
        "4": [
            "\\str[120] se encostou gentilmente, pressionando seu pequeno corpo contra o meu.",
            "Mesmo apertado na banheira, o formato do seu corpo descansou confortavelmente nos meus braços",
            "sem o menor problema."
        ],
        "5": [
            "Gotas coladas em seu cabelo encharcado, suas bochechas suavemente coradas,",
            "Nesse momento, tudo sobre ela parecia tão... novo,",
            "eu não fazia ideia de como reagir."
        ],
        "6": [
            "Percebendo meu intenso olhar, eu pude sentir seu corpo ficando tenso."
        ],
        "7": [
            "\"Então... Você acha que está mesmo muito apertado?\""
        ],
        "8": [
            "\"Não... os braços do \\str[121] são quentes. E...",
            "Você está sendo tão gentil, então eu realmente não me sinto desconfortável.\""
        ],
        "9": [
            "Ahh... \\str[120] sempre diz as coisas mais doces—",
            "ela é fofa de mais, é difícil de controlar...!"
        ],
        "10": [
            "Sem conseguir resistir, eu envolvi meus braços firmemente ao redor dela.",
            "Uma emoção estranha começou a crescer e se espalhar pelo meu peito."
        ],
        "11": [
            "Tendo o concentimento da \\str[120], eu imediatamente fui para o outro lado",
            "da banheira e gentilmente puxei ela para os meus braços."
        ],
        "12": [
            "\\nl< >\"\\str[121]? Você está com frio?\""
        ],
        "13": [
            "\"Yeah… Você é quentinha e fofa,",
            "me faz querer te segurar assim pra sempre…\""
        ],
        "14": [
            "\\nl< >\"Oh qual é—! \\str[121], ",
            "você tá me tratando igual uma garotinha de novo...!\""
        ],
        "15": [
            "\\nl< >\"Eu sou uma dama por completo agora, entendeu! ",
            "Você realmente deveria começar a me tratar como uma \\str[121]!\""
        ],
        "16": [
            "Como se ela estivesse emburrada, ",
            "\\str[120] ficou levantando sua testa e batendo contra o meu queixo—",
            "como  se ela estivesse querendo mostrar o quanto ela cresceu."
        ],
        "17": [
            "Especialmente quando eu olhava pra baixo, meus olhos eram imediatamente atraídos",
            "para as macias e fartas cuvas dos peitos da \\str[120].",
            "É… nesse ponto, eu acho que podemos chamar isso um claro",
            "simbolo de se tornar uma dama."
        ],
        "18": [
            "O movimento não intencional da \\str[120] instantaneamente ",
            "acendeu um desejo dentro de mim.",
            "Uma necessidade de sentir aquelas formas macias com minhas mãos ",
            "começou a surgir de maneira incontrolável—"
        ],
        "19": [
            "Tocar Agora",
            "Pedir Antes"
        ],
        "20": [
            "It seemed she’d already gotten used to this kind of moment—",
            "\\str[120] leaned against me on her own,",
            "and we just quietly held each other like that."
        ],
        "21": [
            "Last time, I let my impulses get the better of me ",
            "and she ended up fainting in the bathroom—",
            "—there’s no way I can let that happen again!",
            "\\w[30]",
            "I warned myself in my heart to treasure her properly this time.",
            "So I just gently took her soft little hand and wrapped it in mine."
        ],
        "22": [
            "\\nl< >\"\\str[121]...? What’s wrong? ",
            "You’ve been frowning this whole time.\""
        ],
        "23": [
            "\"It’s nothing—just thinking about how cute you always are.\""
        ],
        "24": [
            "\\nl< >\"Uuueeh... What’s that supposed to mean...?\""
        ],
        "25": [
            "I reached out with my other hand and casually ruffled her hair.",
            "She looked a bit unhappy about being brushed off like that."
        ],
        "26": [
            "Without thinking any further, I instinctively reached out and ",
            "grabbed the softness that was right in front of me.    \\w[30]",
            "—Why?                   \\w[60]\\^"
        ],
        "27": [
            "\\>Without thinking any further, I instinctively reached out and ",
            "\\>grabbed the softness that was right in front of me. ",
            "\\>—Why?                 \\<\\{",
            "Because it was there!    \\w[120]"
        ],
        "28": [
            "\\nl< >\"...Yah! \\str[121], not again...!?\""
        ],
        "29": [
            "\\nl< >\"Yah!? \\str[121]… what are you doing…!?\""
        ],
        "30": [
            "My sudden action clearly left \\str[120] confused.",
            "How should I even explain this...?"
        ],
        "31": [
            "Wanna Squeeze It!",
            "Hand Slipped..."
        ],
        "32": [
            "Instead of answering, I let my actions speak.",
            "My left hand continued to roam across \\str[120]’s breast, ",
            "taking in the softness with my palm."
        ],
        "33": [
            "\\nl< >\"even if that's the case, ",
            "don’t just suddenly reach out and scare me like that...\""
        ],
        "34": [
            "Huh? So as long as it’s not sudden, it’s okay...?"
        ],
        "35": [
            "\\nl< >\"Well, if your hand slipped, ",
            "I guess there’s nothing you can do...\""
        ],
        "36": [
            "Even though I hadn’t moved my hand at all,",
            "\\str[120] was somehow fooled by that simple excuse...!"
        ],
        "37": [
            "I forced down the urge to reach out and touch her, ",
            "and seriously asked for permission instead."
        ],
        "38": [
            "\\nl< >\"Eh!? That’s so sudden...\""
        ],
        "39": [
            "\"Of course! It’s to confirm whether or not ",
            "you’ve got the grace of a proper lady!\""
        ],
        "40": [
            "\\nl< >\"Mmm... You just want an excuse to touch, don’t you?\""
        ],
        "41": [
            "\\nl< >\"You always do this... ",
            "Your weird technique always makes me feel all tingly...\""
        ],
        "42": [
            "\"D-Do you hate it when I do that?\""
        ],
        "43": [
            "Getting told \\str[120] hates me...",
            "That’s the one thing I never want to hear...!"
        ],
        "44": [
            "\\nl< >\"Hate it? Not really... I guess it’s fine...",
            "As long as you’re gentle, \\str[121]...\""
        ],
        "45": [
            "OHHHHHHH—!!!"
        ],
        "46": [
            "I held back the urge to knead them recklessly,",
            "and simply rested my hand gently on \\str[120]’s breast, slowly caressing it."
        ],
        "47": [
            "\\nl< >\"\\str[121], your face looks kinda scary right now...\""
        ],
        "48": [
            "\\nl< >\"Hehe... it kinda tickles...\""
        ],
        "49": [
            "\\nl< >\"Mmm... mmn...\""
        ],
        "50": [
            "Even though the towel was in the way, ",
            "the way it wrapped around her body made her curves even more pronounced.",
            "The way it shaped and contained that fullness only made the soft, ",
            "firm weight feel more real in my hand."
        ],
        "51": [
            "With the towel gone, my hand slid freely over \\str[120]’s bare skin.",
            "When my fingertips brushed lightly over the nipple, ",
            "I could feel her body tremble."
        ],
        "52": [
            "It’ll take a bit more time before our whole bodies warm up...",
            "I gently played with \\str[120]’s little hand ",
            "while thinking about what we should do next—"
        ],
        "53": [
            "It’ll take a bit more time before our whole bodies warm up...",
            "I was freely touching \\str[120]’s breasts ",
            "while thinking about what we should do next—"
        ],
        "54": [
            "Touch breasts",
            "Take off towel",
            "Whisper to \\str[120]",
            "Squeeze ducky"
        ],
        "55": [
            "\\nl< >\"Ha... haa...             \\[60]",
            "I... I can’t... anymore...       \\[60]",
            "\\str[121], take it off yourself...\""
        ],
        "56": [
            "\\str[120] leaned softly against my chest, ",
            "her whole body weak and pliant, completely at my mercy.",
            "Without hesitation, I loosened the towel wrapped around her."
        ],
        "57": [
            "Maybe I shouldn’t mess with it any more..."
        ],
        "58": [
            "Hmm... this ducky’s kinda in the way... ",
            "guess I’ll move it aside first."
        ],
        "59": [
            "—Was it just my imagination?",
            "Why does it feel like it’s staring right at me... so intensely?"
        ],
        "60": [
            "\\nl< > \"N-no! You can’t touch me anymore!",
            "It’s all your fault, \\str[121]... ",
            "now my whole body feels weird!\""
        ],
        "61": [
            "Uh... looks like I went a bit too far with the teasing—",
            "her face turned bright red as she ran away..."
        ],
        "62": [
            "\\nl< >\"a…\\str[121]……      \\w[160]\\^"
        ],
        "63": [
            "\\^\\nl< >\"Ugh...!\"        \\w[40]\\^"
        ],
        "64": [
            "\\{Oh no!",
            "We stayed in too long—",
            "\\str[120]’s passed out from the heat…!!"
        ],
        "65": [
            "I hurriedly carried \\str[120] out of the bathroom—",
            "her whole body was burning hot and flushed red,",
            "I couldn’t tell if it was from the heat or… from excitement.",
            "\\w[30]",
            "Thankfully, after some careful tending, ",
            "she slowly came back to her senses.",
            "I really need to be more careful next time…!"
        ],
        "66": [
            "Whew... my body’s getting all hot now.",
            "Guess it’s about time to get out."
        ],
        "67": [
            "\\nl< > \"W-wait, \\str[121]…    \\w[60]",
            "It’s starting to feel weird…\""
        ],
        "68": [
            "\"It’s okay, I’ll be gentle.",
            "Just relax your body, alright?\""
        ],
        "69": [
            "\\nl< > \"Hngh… ahh…   \\w[60]",
            "Really…? It feels like… \\str[121]’s just…    \\w[120]\"",
            "teasing me the whole time…\""
        ],
        "70": [
            "\"Well, you’re not wrong~ ",
            "I mean, you’re just way too cute right now~!\""
        ],
        "71": [
            "\\nl< > \"Mmm… ngh…    \\w[90]",
            "I… I don’t even know what’s happening anymore…\""
        ],
        "72": [
            "Seeing \\str[120] in such a state of infatuation, ",
            "the string of reason in my mind suddenly snapped.      \\w[60]",
            "Aah… maybe I should just go all the way…!           \\w[30]\\^"
        ],
        "73": [
            "\\nl< > \"Um… this is a bit too much…\""
        ],
        "74": [
            "\\str[120] muttered softly, looking confused—",
            "she still wasn’t used to this kind of stimulation.",
            "But the faint tremors running through her from the unfamiliar pleasure ",
            "only made my heart race faster, and my hands moved even more on their own."
        ],
        "75": [
            "\\nl< >\"Ahh… \\str[121]…   \\w[60]",
            "are we… still going?\""
        ],
        "76": [
            "\\nl< > \"Mmm… ngh…  \\w[30]\\{",
            "Ah—!?\""
        ],
        "77": [
            "\\nl< > \"Haah… haa…\""
        ],
        "78": [
            "\\str[120] tried to suppress her voice restlessly… could it be—",
            "she’s actually starting to feel pleasure?",
            "That thought alone made my pulse quicken,",
            "and pushed my movements to grow bolder."
        ],
        "79": [
            "\\nl< > \"Mmm… ngh…\""
        ],
        "80": [
            "\\nl< > \"Hehe… it kinda tickles…\""
        ],
        "81": [
            "Even though I couldn’t resist touching her soft breasts again,",
            "she only trembled lightly and silently let me continue."
        ],
        "82": [
            "I continued my movements while cautiously asking \\str[120] how she felt."
        ],
        "83": [
            "\\nl< >\"I-I don’t even understand what you’re saying anymore…\""
        ],
        "84": [
            "\\nl< >\"I don’t really get what you mean by… feeling good…\""
        ],
        "85": [
            "\\str[120]’s flushed, embarrassed face was amusing to watch."
        ]
    },
    "8": {
        "0": [
            "Já tem bastante espuma…!",
            "Eu realmente preciso usar mais shampoo?!"
        ],
        "1": [
            "Já tá cheio de espuma...",
            "Será que devo passar um pouco mais de shampoo?"
        ],
        "2": [
            "Acho que as espumas poderiam ser um pouco mais fofas...",
            "Será que preciso usar mais shampoo?"
        ],
        "3": [
            "Pedir para \\str[120]",
            "Passar mais",
            "É o suficiente"
        ],
        "4": [
            "\\{...O shampoo acabou, se foi!"
        ],
        "5": [
            "Eu acho que vou ter que terminar assim mesmo ",
            "e tenho que me lembrar de comprar mais amanhã..."
        ],
        "6": [
            "Já tem espuma mais que o suficiente!?",
            "Melhor não desperdiçar mais shampoo—"
        ],
        "7": [
            "Huh? Será que eu preciso desse tanto de shampoo?",
            "Meu escalpo tá começando a pinicar—"
        ],
        "8": [
            "Whoa, já tem muita espuma—",
            "essa quantidade deve ser o suficiente, tem que ser~?"
        ],
        "9": [
            "Yeah, vamos fazer mais um pouco de espuma—"
        ],
        "10": [
            "Mmm, mais bolhas realmente fazem o humor melhorar—"
        ],
        "11": [
            "Tomei um banho bom e relaxante."
        ],
        "12": [
            "\"...Certo, Aquela coisa que eu peguei mais cedo.\""
        ],
        "13": [
            "Eu cuidadosamente lavei o pato de borracha e gentilmente o coloquei na banheira.",
            "Ele flutuou calmamente sobre a água, tão pacífico e adorável."
        ],
        "14": [
            "\"Mhm... o ambiente parece estar muito melhor agora.\""
        ],
        "15": [
            "\"Phew... acho que é hora de sair.\""
        ],
        "16": [
            "\"...Finalmente consegui me livrar daquele cheiro estranho impregnado em mim.\""
        ],
        "17": [
            "Eu me escovei de novo e denovo com muito sabão, ",
            "eu senti que até a minha alma foi purificada..."
        ],
        "18": [
            "Tudo limpo, hora de ir."
        ],
        "19": [
            "\nl< >\"\\str[121]!? ",
            "Para já de brincar com o shampoo!\""
        ],
        "20": [
            "\nl< >\"O shampoo tem acabado tão rápido ultimamente—",
            "então isso foi obra sua, \\str[121]!\""
        ],
        "21": [
            "Ugh... fui repreendido pela \\str[120]."
        ],
        "22": [
            "Eu pedi a \\str[120] se ela podia ajudar a escovar minhas costas—"
        ],
        "23": [
            "\nl< >\"Okay! Só um segundo~!\""
        ],
        "24": [
            "\nl< >\"Tudo bem se eu esfregar um pouco mais forte, ",
            "certo, \\str[121]?\""
        ],
        "25": [
            "\"Ah... sim, tudo bem.\""
        ],
        "26": [
            "\nl< >\"Ok, lá vou eu—!  \\w[90]",
            "Heave-ho—heave-ho—!           \\w[120]",
            "Heave-ho—heave-ho—!           \\w[120]\""
        ],
        "27": [
            "\\str[120] esfregou energicamente minhas costas com uma toalha.",
            "Ela não tinha muita força, mas eu me senti como se tivesse,",
            "sendo escovado como um chão sujo..."
        ],
        "28": [
            "\nl< >\"Phew... Cansei...    \\w[60]",
            "\\str[121], Isso foi gostoso?\""
        ],
        "29": [
            "Lavar a frente…",
            "Elogiar a \\str[120]"
        ],
        "30": [
            "\nl< >\"O lado da frente também precisa ser lavado?       \\w[60]",
            "Geez, \\str[121]…          \\w[60]",
            "Você não é mais uma criança, ",
            "você realmente precisa de alguém pra te limpar…?\"",
            "\\w[120]"
        ],
        "31": [
            "Acho que eu me deixei levar um pouco…",
            "O rosto da \\str[120] ficou completamente vermelho de constrangimento.",
            "Melhor esperar ficarmos um pouco mais próximos antes de ",
            "tentar pedir isso novamente."
        ],
        "32": [
            "\nl< >\"O lado da frente também precisa ser lavado?       \\w[60]",
            "Geez, \\str[121]…         \\w[60]",
            "Você não é mais uma criança, mas ainda assim, continua tão mimado…\""
        ],
        "33": [
            "\nl< >\"Então… O \\str[121] não sendo mais criança,               \\w[120]",
            "eu vou ter que te lavar como um adulto de agora em diante… okay?\"       \\w[120]"
        ],
        "34": [
            "\nl< >\"Heh-heh-heh... Ná próxima,                              \\w[60]",
            "eu vou te mostrar uma técnica ainda melhor de esfregar as costas!\"        \\w[120]"
        ]
    },
    "12": {
        "0": [
            "\\str[120] consentiu com um pouco de vergonha, a sua reação me encheu de ",
            "uma esmagadora vontade de segurar ela bem perto e a cuidar.",
            "Enquanto eu estava perdido naquela emoção vibrante,",
            "um estranho sentimento não familiar subiu no meu corpo..."
        ],
        "1": [
            "\nl< >\"Ah… \\str[121], suas bolas tão brilhando?\""
        ],
        "2": [
            "\"Yeah, você sabe, ",
            "as bolas dos meninos sempre brilham quando eles tomam banho—",
            "\\w[45]\\^"
        ],
        "3": [
            "\\>\"É, sabe, ",
            "\\>as bolas dos meninos sempre brilham quando tomam banh—",
            "N-\\<\\{que isso!!\"",
            "\\}\\w[60]"
        ],
        "4": [
            "Olhando para o repentino flash de luz vindo da parte de baixo do meu corpo, ",
            "Eu fiquei completamente perplexo."
        ],
        "5": [
            "Poderia ser que um monstro do Abismo me seguiu até em casa!?",
            "No momento que esse pensamento de perigo passou pela minha cabeça,",
            "Eu arremessei a toalha pra longe sem hesitação—"
        ],
        "6": [
            "Ah— são mesmo as minhas bolas que tão brilhando—"
        ],
        "7": [
            "\nl< >\"Ahwa, ahwahwahwahwah!     \\w[30]",
            "\\As bolas do str[121] estão ficando ainda mais brilhantes!!?\"   \\w[30]"
        ],
        "8": [
            "《Ritual de Contrato Demoniado: ",
            "O Humano de coração puro foi completamente amaldiçoado =",
            "De hoje em diante, sua vida estará no modo Infernal》!!",
            "VocÊ foi amaldiçoado— (Ciallo～(∠・ω< )⌒☆)"
        ],
        "9": [
            "Nesse momento, ",
            "as palavras daquela demoniazinha travessa da lojinha",
            "passaram pela minha mente."
        ],
        "10": [
            "Então é isso que a maldição significa!?",
            "Aquela demoniazinha mal travessa—!!!"
        ],
        "11": [
            "\\c[2]Com as minhas emoções chegando no limite, eu soltei um rugido silencioso.",
            "A luz emitida da minha parte de baixo se espalhou rapidamente, ",
            "engolindo o cômodo inteiro em um instante—"
        ],
        "12": [
            "\nl< >\"\\O str[121] tá virando uma lâmpada!!?\""
        ],
        "13": [
            "No vazio puro e branco, onde nada podia ser visto, ",
            "Eu parei completamente de pensar."
        ]
    }
}
