{
    "1": {
        "0": [
            "Mesmo tendo concordado em tomar banho juntos",
            "Nos dois ainda estávamos um pouco tímidos.",
            "Então, mesmo que pudéssemos ver um ao outro nus",
            "Nos dois se enrolamos em toalhas e entramos no box."
        ],
        "1": [
            "\nl< >\"Pedra, papel, tesoura, vái!    \\w[120]",
            "Ehehe~ Hoje eu venci!\""
        ],
        "2": [
            "\"Pedra, papel, tesoura, vái!    \\w[120]",
            "Isso aí! Eu ganhei!\""
        ],
        "3": [
            "Por ter perdido o jogo, eu não tive outra opção",
            "se não esperar silenciosamente na banheira ",
            "enquanto a \\str[120] terminava de se lavar."
        ],
        "4": [
            "Por ter vencido o jogo",
            "Eu pude tomar o banho primeiro hoje.",
            "Enquanto isso, a \\str[120] sentou na banheira com um olhar entediado."
        ],
        "5": [
            "Depois de tomar um banho rápido",
            "Eu sentei na banheira e silenciosamente esperei a \\str[120] terminar."
        ],
        "6": [
            "Vendo a \\str[120] lavando seu cabelo com nervosismo",
            "ficou difícil controlar a vontade de ajudá-la…"
        ],
        "7": [
            "Vendo a \\str[120] esfregando seu corpo com nervosismo,",
            "ficou difícil controlar a vontade de ajudá-la…"
        ],
        "8": [
            "Ajudá-la",
            "Ficar na banheira"
        ],
        "9": [
            "Eu tentei pedir se a \\str[120] precisava de ajuda pra lavar seu cabelo—"
        ],
        "10": [
            "Eu tentei pedir se a \\str[120] precisava de ajuda pra esfregar suas costas—"
        ],
        "11": [
            "\nl< >\"Eh—?",
            "Eu tô bem, eu consigo fazer isso sozinha! ",
            "\\str[121], você é muito desajeitado, ",
            "você ia completamente bagunçar as coisas!\""
        ],
        "12": [
            "Ugh… a \\str[120] me deu um fora.",
            "Talvez eu precise esperar até estarmos um pouco",
            "mais próximo antes de tentar novamente."
        ],
        "13": [
            "\\str[120] está crescendo e eu acho que",
            "ela não gosta mais de ser tratada como criança.",
            "Melhor não continuar com isso…"
        ],
        "14": [
            "Depois da \\str[120] cuidadosamente terminar seu banho,",
            "era minha vez de ir pro chuveiro."
        ]
    },
    "2": {
        "0": [
            "\nl< >\"Vamos começar o banho lavando seu braço…\""
        ],
        "1": [
            "\\str[120] levantou gentilmente meu braço e o colocou entre suas macias coxas.",
            "Nossos dois corpos estavam cobertos em uma leve espuma, tornando nossa pele ",
            "escorregadia e macia ao toque.",
            "\\w[60]  ",
            "Ela suavemente apertou suas pernas uma na outra, e aquela sensação macia ",
            "e curvada foi transmitida claramente pelo meu braço."
        ],
        "2": [
            "Antes que eu pudesse falar qualquer coisa, suas coxas começaram a ",
            "se mover lentamente para a frente e pra trás, a sensação das nossas peles ",
            "se esfregando uma na outra aumentava a cada movimento, eu conseguia sentir ",
            "o ritmo sutil e o calor do seu corpo apertando e soltando em volta do meu braço."
        ],
        "3": [
            "Essa ação audaz e inesperada deixou meu rosto momentaneamente avermelhado e incapaz de reagir da forma correta.",
            "Mas o calor e maciez que eu só podia imaginar nos meus sonhos no meu braço, drenou completamente qualquer força que tinha pra revidar.",
            "No final, eu parei de resistir e deixei ela continuar com essa forma peculiar de ‘serviço de limpeza‘"
        ],
        "4": [
            "\nl< >\"E ai, como foi... \\str[121]...♥",
            "Você não se sente... mais limpo quando lava seu braço com sua própria mão?\""
        ],
        "5": [
            "Isso foi muito bom",
            "Eu me senti meio estranho"
        ],
        "6": [
            "\nl< >\"O sentimento foi estranho...?",
            "Então... \\str[121], ",
            "você poderia me ensinar como eu devo fazer isso~?\""
        ],
        "7": [
            "\nl< >\"...Estranho? O que tem de estranho nisso?",
            "Teu braço tá limpo não tá, \\str[121]?\""
        ],
        "8": [
            "\nl< >\"O que foi, \\str[121]?",
            "Não foi você que veio com a ideia de ajudar a te limpar?\""
        ],
        "9": [
            "\nl< >\"\\str[121], você não parece muito feliz...",
            "Você não gosta que eu ajude a tomar banho? ",
            "Eu to falando bem sério~",
            "Sobre ajudar você aqui, sabe~?\""
        ],
        "10": [
            "\nl< >\"Se sentindo bem? Mas isso é só eu lavando seu corpo~",
            "E ainda assim você diz que é bom... \\str[121],",
            "você realmente... gosta desse tipo de coisa, não é♥\""
        ],
        "11": [
            "\nl< >\"Ehehe♥ \\str[121], você é um garoto tão honesto~",
            "Isso só me faz querer te recompensar ainda mais♥\""
        ],
        "12": [
            "\nl< >\"\\str[121]... você acabou de fazer um som fofinho?",
            "É sempre você que fica me provocando... mas dessa vez,",
            "eu vou fazer você se sentir do mesmo jeito♥\""
        ],
        "13": [
            "\nl< >\"Hehe... \\str[121], você parece meio preocupado...",
            "Talvez seja melhor eu parar por aqui~?\""
        ],
        "14": [
            "\nl< >\"Seus braços estão limpinhos... agora vamos pro seu peito~",
            "\\str[121], vc precisa virar pra mim agora—\""
        ],
        "15": [
            "\"Es–espera—eh!? O que você ta—\"",
            "\\w[30]\\^"
        ]
    },
    "8": {
        "0": [
            "Já tem bastante espuma…!",
            "Eu realmente preciso usar mais shampoo?!"
        ],
        "1": [
            "Já tá cheio de espuma...",
            "Será que devo passar um pouco mais de shampoo?"
        ],
        "2": [
            "Acho que as espumas poderiam ser um pouco mais fofas...",
            "Será que preciso usar mais shampoo?"
        ],
        "3": [
            "Pedir para \\str[120]",
            "Passar mais",
            "É o suficiente"
        ],
        "4": [
            "\\{...O shampoo acabou, se foi!"
        ],
        "5": [
            "Eu acho que vou ter que terminar assim mesmo ",
            "e tenho que me lembrar de comprar mais amanhã..."
        ],
        "6": [
            "Já tem espuma mais que o suficiente!?",
            "Melhor não desperdiçar mais shampoo—"
        ],
        "7": [
            "Huh? Será que eu preciso desse tanto de shampoo?",
            "Meu escalpo tá começando a pinicar—"
        ],
        "8": [
            "Whoa, já tem muita espuma—",
            "essa quantidade deve ser o suficiente, tem que ser~?"
        ],
        "9": [
            "Yeah, vamos fazer mais um pouco de espuma—"
        ],
        "10": [
            "Mmm, mais bolhas realmente fazem o humor melhorar—"
        ],
        "11": [
            "Tomei um banho bom e relaxante."
        ],
        "12": [
            "\"...Certo, Aquela coisa que eu peguei mais cedo.\""
        ],
        "13": [
            "Eu cuidadosamente lavei o pato de borracha e gentilmente o coloquei na banheira.",
            "Ele flutuou calmamente sobre a água, tão pacífico e adorável."
        ],
        "14": [
            "\"Mhm... o ambiente parece estar muito melhor agora.\""
        ],
        "15": [
            "\"Phew... acho que é hora de sair.\""
        ],
        "16": [
            "\"...Finalmente consegui me livrar daquele cheiro estranho impregnado em mim.\""
        ],
        "17": [
            "Eu me escovei de novo e denovo com muito sabão, ",
            "eu senti que até a minha alma foi purificada..."
        ],
        "18": [
            "Tudo limpo, hora de ir."
        ],
        "19": [
            "\nl< >\"\\str[121]!? ",
            "Para já de brincar com o shampoo!\""
        ],
        "20": [
            "\nl< >\"O shampoo tem acabado tão rápido ultimamente—",
            "então isso foi obra sua, \\str[121]!\""
        ],
        "21": [
            "Ugh... fui repreendido pela \\str[120]."
        ],
        "22": [
            "Eu pedi a \\str[120] se ela podia ajudar a escovar minhas costas—"
        ],
        "23": [
            "\nl< >\"Okay! Só um segundo~!\""
        ],
        "24": [
            "\nl< >\"Tudo bem se eu esfregar um pouco mais forte, ",
            "certo, \\str[121]?\""
        ],
        "25": [
            "\"Ah... sim, tudo bem.\""
        ],
        "26": [
            "\nl< >\"Ok, lá vou eu—!  \\w[90]",
            "Heave-ho—heave-ho—!           \\w[120]",
            "Heave-ho—heave-ho—!           \\w[120]\""
        ],
        "27": [
            "\\str[120] esfregou energicamente minhas costas com uma toalha.",
            "Ela não tinha muita força, mas eu me senti como se tivesse,",
            "sendo escovado como um chão sujo..."
        ],
        "28": [
            "\nl< >\"Phew... Cansei...    \\w[60]",
            "\\str[121], Isso foi gostoso?\""
        ],
        "29": [
            "Lavar a frente…",
            "Elogiar a \\str[120]"
        ],
        "30": [
            "\nl< >\"O lado da frente também precisa ser lavado?       \\w[60]",
            "Geez, \\str[121]…          \\w[60]",
            "Você não é mais uma criança, ",
            "você realmente precisa de alguém pra te limpar…?\"",
            "\\w[120]"
        ],
        "31": [
            "Acho que eu me deixei levar um pouco…",
            "O rosto da \\str[120] ficou completamente vermelho de constrangimento.",
            "Melhor esperar ficarmos um pouco mais próximos antes de ",
            "tentar pedir isso novamente."
        ],
        "32": [
            "\nl< >\"O lado da frente também precisa ser lavado?       \\w[60]",
            "Geez, \\str[121]…         \\w[60]",
            "Você não é mais uma criança, mas ainda assim, continua tão mimado…\""
        ],
        "33": [
            "\nl< >\"Então… O \\str[121] não sendo mais criança,               \\w[120]",
            "eu vou ter que te lavar como um adulto de agora em diante… okay?\"       \\w[120]"
        ],
        "34": [
            "\nl< >\"Heh-heh-heh... Ná próxima,                              \\w[60]",
            "eu vou te mostrar uma técnica ainda melhor de esfregar as costas!\"        \\w[120]"
        ]
    },
    "12": {
        "0": [
            "\\str[120] consentiu com um pouco de vergonha, a sua reação me encheu de ",
            "uma esmagadora vontade de segurar ela bem perto e a cuidar.",
            "Enquanto eu estava perdido naquela emoção vibrante,",
            "um estranho sentimento não familiar subiu no meu corpo..."
        ],
        "1": [
            "\nl< >\"Ah… \\str[121], suas bolas tão brilhando?\""
        ],
        "2": [
            "\"Yeah, você sabe, ",
            "as bolas dos meninos sempre brilham quando eles tomam banho—",
            "\\w[45]\\^"
        ],
        "3": [
            "\\>\"É, sabe, ",
            "\\>as bolas dos meninos sempre brilham quando tomam banh—",
            "N-\\<\\{que isso!!\"",
            "\\}\\w[60]"
        ],
        "4": [
            "Olhando para o repentino flash de luz vindo da parte de baixo do meu corpo, ",
            "Eu fiquei completamente perplexo."
        ],
        "5": [
            "Poderia ser que um monstro do Abismo me seguiu até em casa!?",
            "No momento que esse pensamento de perigo passou pela minha cabeça,",
            "Eu arremessei a toalha pra longe sem hesitação—"
        ],
        "6": [
            "Ah— são mesmo as minhas bolas que tão brilhando—"
        ],
        "7": [
            "\nl< >\"Ahwa, ahwahwahwahwah!     \\w[30]",
            "\\As bolas do str[121] estão ficando ainda mais brilhantes!!?\"   \\w[30]"
        ],
        "8": [
            "《Ritual de Contrato Demoniado: ",
            "O Humano de coração puro foi completamente amaldiçoado =",
            "De hoje em diante, sua vida estará no modo Infernal》!!",
            "VocÊ foi amaldiçoado— (Ciallo～(∠・ω< )⌒☆)"
        ],
        "9": [
            "Nesse momento, ",
            "as palavras daquela demoniazinha travessa da lojinha",
            "passaram pela minha mente."
        ],
        "10": [
            "Então é isso que a maldição significa!?",
            "Aquela demoniazinha mal travessa—!!!"
        ],
        "11": [
            "\\c[2]Com as minhas emoções chegando no limite, eu soltei um rugido silencioso.",
            "A luz emitida da minha parte de baixo se espalhou rapidamente, ",
            "engolindo o cômodo inteiro em um instante—"
        ],
        "12": [
            "\nl< >\"\\O str[121] tá virando uma lâmpada!!?\""
        ],
        "13": [
            "No vazio puro e branco, onde nada podia ser visto, ",
            "Eu parei completamente de pensar."
        ]
    }
}
