{
    "2": {
        "0": [
            "\nl< >\"\\str[121]... espere aqui...    \\w[90]",
            "Você definitivamente vai melhorar.\""
        ],
        "1": [
            "O que aconteceria com a minha dignidade |enquanto| ela \\str[121]..."
        ],
        "2": [
            "\nl< >\"\\str[121]... não fique triste.\""
        ],
        "3": [
            "\nl< >\"\\{Hemorroidas\\}? Isso deve ter sido causado por maus hábitos...\""
        ],
        "4": [
            "Isso é mal. O desentendimento só piora—"
        ],
        "5": [
            "\"Ah, é por isso que eu não sou——\"",
            "\\w[45]\\^"
        ],
        "6": [
            "\nl< >\\{  \"Isso poderia ser algo ainda mais sério!?\"   "
        ],
        "7": [
            "\"Desculpa, realmente é só hemorroidas.\""
        ],
        "8": [
            "Então, a razão de eu ficar tanto tempo no banheiro ",
            "foi oficialmente explicada…"
        ],
        "9": [
            "\nl< >\"…Então, era constipação mesmo?\""
        ],
        "10": [
            "Isso não é bom—",
            "\\str[120] começou a ter a ideia errada."
        ],
        "11": [
            "\"Oh querida \\str[120], seu \\str[121] estava só ",
            "ponderando sobre alguns pensamentos profundos, você sabe?\""
        ],
        "12": [
            "\nl< >\"Eu entendo...! Isso é incrível, \\str[121].\""
        ],
        "13": [
            "Incrível, né? ",
            "Seu \\str[121] apenas ascendeu temporariamente ao modo sábio."
        ],
        "14": [
            "\"De qualquer forma, vamos começar a fazer o jantar!\""
        ],
        "15": [
            "\nl< >\"\\str[121], você ficou no banheiro por muito tempo de novo.\""
        ],
        "16": [
            "Eu não posso nem negar... Parece que eu estava uma eternidade lá..."
        ],
        "17": [
            "\"Ahem…! Isso não importa agora,",
            "vamos, vamos começar a fazer o jantar!\""
        ],
        "18": [
            "\nl< >\"Tão suspeito…\""
        ],
        "19": [
            "\nl< >\"Você está tão lento, \\str[121]! Você está constipado?!\""
        ],
        "20": [
            "\"Ahaha… sem chance…\""
        ],
        "21": [
            "\"Você já está com fome, né? ",
            "Okay, vamos começar o jantar—!!\""
        ]
    },
    "4": {
        "0": [
            "Eu queria animar a \\str[120] um pouco mais,",
            "mas eu fui chutado do quarto.\""
        ],
        "1": [
            "Então, acho que vou dormir por enquanto—",
            "Eu vou pensar em algo amanhã..."
        ]
    },
    "6": {
        "0": [
            "Phew... ainda bem que eu não passei vergonha ",
            "na frente da \\str[120]...",
            "But———"
        ],
        "1": [
            "\\{\"Ugh———\"  \\w[60]"
        ],
        "2": [
            "Isso é pior do que eu pensava...",
            "Já faz mais de meia hora...?"
        ],
        "3": [
            "Eu senti como se todo o meu corpo estivesse sendo drenado...",
            "Talvez realmente algo estava errado ",
            "com o jantar?"
        ],
        "4": [
            "\nl< >\"\\str[121]... você está bem...?",
            "Eu escutei alguns sons muito assustadores...\""
        ],
        "5": [
            "\"Ahaha… talvez eu tenha comigo algo estragado…",
            "Não chega perto… aqui tá perigoso…\""
        ],
        "6": [
            "Eu escutei a voz preocupada da \\str[120] de ",
            "fora da porta. Por mais que eu quisesse ",
            "sair daqui voando, até mesmo a força para ",
            "me manter em pé estava se esvaindo de mim ..."
        ],
        "7": [
            "\\{\"Uooohhhh—\"  \\w[60]"
        ],
        "8": [
            "Eu não posso…",
            "Parece que isso não vai parar nunca..."
        ],
        "9": [
            "\nl< >\"\\str[121]… você ainda está ai dentro?\""
        ],
        "10": [
            "\nl< >\"U-um... Eu ...",
            "Eu meio que preciso usar o banheiro também...\""
        ],
        "11": [
            "\\{\"Gwoooaaahhh—\" \\w[60]"
        ],
        "12": [
            "\\{\"A-ainda não—",
            "Eu ainda... não posso sair—!\""
        ],
        "13": [
            "\nl< >\"Eh... já se passaram mais dez minutos...\\w[120]",
            "Eu... Eu preciso muito ir agora...\""
        ],
        "14": [
            "\"Uwooaaahhhh—!",
            "I-Isso não vai acabar—!\""
        ],
        "15": [
            "\nl< >\"\\str[121]... já é...\""
        ],
        "16": [
            "\"Uwooaaaaooooqaswdectfrvtghunijopioijoh——!\""
        ],
        "17": [
            "\nl< >\"Uwaaaahhh——!",
            "Eu não consigo mais segurar...!\""
        ],
        "18": [
            "\"Uwaaaaahhhhhhh——!\"",
            "\"Uwooooohhhhhhh——!\""
        ],
        "19": [
            "Aquela noite, de uma casa obscura,",
            "se ouviu os rugidos agoniados de uma besta selvagem,",
            "misturados com gritos que deixariam qualquer um rosado ",
            "e gemidos indescritíveis."
        ],
        "20": [
            "Ora grave como sofrimento de uma fera ao morrer,",
            "ora agudo como o grito de uma garota envergonhada,",
            "eles se misturaram em uma sinfonia ,",
            "caótica e ambígua."
        ],
        "21": [
            "Enquanto isso, nas profundezas da noite,",
            "até mesmo os aventureiros que ainda lutam ",
            "na borda do abismo estremeceram,",
            "instintivamente parando com espadas em mãos,",
            "trocando olhares e brevemente imaginando",
            "se em algum lugar nas trevas, uma nova criatura ",
            "abissal desconhecida acabou de nascer."
        ]
    }
}
