{
    "1": {
        "0": [
            "Mặc dù chúng tôi đã đồng ý tắm cùng nhau, ",
			"nhưng cả hai vẫn còn hơi ngại ngùng,",
			"vì vậy dù sắp được nhìn thấy nhau khỏa thân, ",
			"chúng tôi đều quấn khăn tắm và bước vào phòng tắm."
		],
		"1": [
            "\\nl< >\"Kéo, búa, bao, ra này!    \\w[120]",
			"Ehehe~ Hôm nay em thắng rồi!\""
        ],
		"2": [
            "\"Kéo, búa, bao, ra này!    \\w[120]",
			"À há! anh thắng rồi!\""
        ],		
        "3": [
		    "Vì tôi đã thua trò chơi,",
			"tôi không còn cách nào khác ngoài việc lặng lẽ chờ trong bồn tắm   ",
			"cho đến khi \\str[120] tắm xong."
        ],
        "4": [
		    "Vì tôi đã thắng trò chơi,",
			"hôm nay tôi được tắm trước.",
			"Trong khi đó, \\str[120] ngồi chờ trong bồn tắm, trông hơi buồn chán."
        ],
        "5": [
		    "Sau khi tắm nhanh xong,",
			"tôi ngồi vào bồn tắm và yên lặng chờ \\str[120] tắm xong."
        ],
        "6": [
		    "Nhìn \\str[120] gội đầu có chút bối rối,",
			"tôi không kìm được cảm giác muốn ra giúp em ấy…"
        ],		
        "7": [
		    "Nhìn \\str[120] lau người có chút bối rối,",
			"tôi không kìm được cảm giác muốn ra giúp em ấy…"
        ],
        "8": [
		    "Giúp em ấy",
			"Thôi quên đi"
        ],
        "9": [
		    "Tôi ngại ngùng hỏi \\str[120] xem em ấy có muốn tôi giúp gội đầu không—"
        ],
        "10": [
		    "Tôi ngại ngùng hỏi \\str[120] xem em ấy có muốn tôi giúp kì cọ lưng không—"
        ],		
        "11": [
		    "\\nl< >\"Eh—?",
			"Không sao đâu, em tự làm được mà! ",
			"\\str[121], anh vụng về lắm,",
			"chắc chắn anh sẽ làm hỏng việc mất!\""
        ],		
        "12": [
		    "Ugh… \\str[120] từ chối mình rồi.",
			"Có lẽ tôi sẽ phải chờ đến khi cả hai gần gũi hơn thì mới thử lại."
        ],		
        "13": [
		    "\\str[120] đã lớn rồi, ",
			"và có lẽ em ấy không thích bị đối xử như một đứa trẻ nữa.",
			"Tốt hơn là không nên ép buộc…"
        ],
		"14": [
            "Sau khi \\str[120] tắm xong một cách cẩn thận,",
			"thì đến lượt tôi đi tắm."
        ],
        "15": [
            " ",
			" "
        ],
		"16": [
            "\\nl< >\"...\\str[121], anh di chuyển qua một chút đi...\""
        ],	
		"17": [
            "\\nl< >\"Vậy em cũng vào đây nhé...\""
        ],	
		"18": [
            "\\nl< >\"Em vào đây nhé... ",
			"\\str[121], đừng nhìn sang bên này vội...\""
        ],	
		"19": [
            "\\str[120] ngồi đối diện tôi, khẽ ôm đôi chân mình lại, có chút ngượng ngùng.",
			"Quả nhiên, bồn tắm này hơi chật chội để hai người cùng ngồi..."
        ],	
		"20": [
            "\"……说起来我之前把那东西捡回来了呢。\""
        ],	
        "21": [
            "\"...À đúng rồi, tôi đã nhặt được thứ đó lúc nãy.\""
        ],	
        "22": [
            "Tôi cẩn thận rửa sạch con vịt cao su rồi nhẹ nhàng đặt nó vào bồn tắm.",
			"Nó lặng lẽ nổi trên mặt nước — trông thật yên bình và dễ thương." 
        ],	
        "23": [
            "\"Mhm... bầu không khí giờ cảm giác dễ chịu hơn hẳn.\""
        ],	
        "24": [
            "\\nl< >\"Waa~ Con vịt dễ thương quá!",
			"Là anh mang về đấy à, \\str[121]?\""
        ],	
        "25": [
            "\"Phải, có vẻ như nó bị cuốn trôi theo dòng giống hệt anh lúc đó.",
			"Thấy nó trông tội nghiệp nên anh đã mang nó về.\""
        ],	
        "26": [
            "\\nl< >\"Eh? Dòng sông...? Bị cuốn trôi á?",
			"...Đừng nói là anh lại làm gì nguy hiểm nữa đấy nhé?\""
        ],	
        "27": [
            "\"Không hề..., nó chỉ nằm một mình bên bờ sông thôi,",
			"trông hơi buồn nên anh mang nó về.\""
        ],	
        "28": [
            "\\nl< >\"Xem ra gia đình mình lại có thêm một thành viên mới rồi~\""
        ],	
        "29": [
            "Ngồi cùng nhau",
			"Bóp con vịt",
			"Trò chuyện"
        ],	
        "30": [
            "Chắc còn mất một lúc nữa trong khi cơ thể chúng tôi",
            "đang ngâm trong nước ấm...",
			"Có lẽ tôi nên làm gì đó với \\str[120] trong lúc chờ đợi?"
        ],	
        "31": [
            "Tôi muốn được gần gũi với em ấy hơn một chút...",
			"Nghĩ vậy, tôi cẩn thận hỏi xem mình có thể ngồi sát hơn một chút không."
        ],	
        "32": [
            "Tôi chỉ muốn được gần gũi với em ấy thêm một chút thôi...!",
			"Nghĩ vậy, tôi mỉm cười hỏi xem mình có thể nhích lại gần hơn được không."
        ],	
        "33": [
            "Vẫn muốn được gần gũi hơn nữa...!",
			"Nghĩ thế, tôi lại mặt dày hỏi thêm một lần nữa xem có thể lại gần hơn không."
        ],	
        "34": [
            "\\nl< >\"Eh...!?",
			"\\str[121], anh bắt đầu hơi quá trớn rồi đó!\""
        ],	
        "35": [
            "\\nl< >\"...Không đời nào!",
			"\\str[121], Nhìn mặt anh là biết sắp làm chuyện gì đó",
			"hư hỏng rồi...\""
        ],
        "36": [
            " ",
			" "
        ],
        "37": [
            "\\nl< >\"\\str[121], dừng lại đi!",
			"Con vịt trông tội nghiệp quá\""
        ],
        "38": [
            "\\nl< >\"\\str[121]? Sao anh cứ bắt nạt con vịt thế?\""
        ],
        "39": [
            "Ugh... Tôi bị \\str[120] mắng do bóp con vịt hơi quá tay."
        ],
        "40": [
            "Cảm thấy hơi chán, tôi bóp nhẹ con vịt đang nổi trên mặt nước.",
			"Nó phát ra tiếng “pfffft—” nghe hơi khó chịu."
        ],
        "41": [
            "Mình nên nói chuyện gì với \\str[120] đây nhỉ...?"
        ],
        "42": [
            "Chủ đề nhạy cảm",
			"Tán gẫu"
        ],		
        "43": [
            "\\nl< >\"Em nóng lòng muốn uống sữa dâu sau khi tắm xong quá~\""
        ],		
        "44": [
            "\\nl< >\"\\str[121], cơ bắp của anh trông săn chắc hơn thì phải?\""
        ],		
        "45": [
            "\\nl< >\"Cảm giác nước còn nóng hơn khi chúng ta tắm cùng nhau nữa~\""
        ],		
        "46": [
            "Tôi trò chuyện vu vơ với \\str[120] một lúc, ",
			"và cơ thể hai chúng tôi dần ấm lên..."
        ],		
        "47": [
            "Ừ thì... những lúc như thế này là hoàn hảo để thêm",
            "chút “gia vị” bằng một chủ đề nhạy cảm!      \\w[45]",
			"Nghĩ vậy, tôi hào hứng hỏi \\str[120] xem em ấy có thể ",
			"bỏ khăn tắm ra không."
        ],		
        "48": [
            "Ừ thì... những lúc như thế này là hoàn hảo để thêm",
            "chút “gia vị” bằng một chủ đề nhạy cảm!      \\w[45]",
			"Nghĩ vậy, tôi phấn khích đề nghị với \\str[120] rằng hay là chúng ta",
			"nói chuyện một chút về cái gì đó nghịch ngợm đi."
        ],		
        "49": [
            "\\nl< >\"...Nhạy cảm á? Em cũng không hiểu lắm...",
			"Vậy \\str[121] định nói gì thế...?\""
        ],		
        "50": [
            "\\nl< >\"…Lại nữa à? \\str[121], anh đúng là hay trêu thật đấy—  \\w[120]",
			"Thế lần này là chuyện gì đây?\""
        ],	
        "51": [
            "Cách sống khỏa thân",
			"Điểm nhạy cảm"		
        ],	
        "52": [
            "\\nl< >\"Geez, \\str[121] lúc nào cũng chọc ghẹo em thôi!",
			"Em đi đây!\""		
        ],	
        "53": [
            "Ugh... Có lẽ tôi đùa hơi quá rồi —\\str[120] chạy đi, ",
			"mặt đỏ bừng..."		
        ],	
        "54": [
            "Phew... Cơ thể mình nóng ran cả lên; chắc cũng đến lúc ra khỏi bồn thôi."		
        ],		
        "55": [
            "\\nl< >\"Geez... anh chẳng thèm quay mặt đi nữa.",
			"\\str[121], anh thấy hết cả rồi đó...\""
        ],		
        "56": [
            "\\nl< >\"Eh...? Sao anh lại muốn làm vậy...?\""
        ],		
        "57": [
            "Chỉ muốn nhìn thôi",
			"Trông hơi lạ mắt",
			"Nhìn em quyến rũ lắm"
        ],		
        "58": [
            "\\nl< >\"...Được thôi, em nghĩ chắc là ổn.\""
        ],		
        "59": [
            "\\nl< >\"\\str[121]... anh lúc nào cũng chỉ nghĩ đến mấy chuyện đó thôi.",
			"Thật là làm người ta khó xử đấy, anh biết không...\""
        ]
    },
    "2": {
        "0": [
            "\\nl< >\"Hãy bắt đầu bằng việc rửa cánh tay của anh trước nhé.…\""
		],
        "1": [
            "\\str[120] dịu dàng nâng tay tôi lên và đặt vào giữa đùi mềm mại của em ấy.",
            "Cơ thể của cả hai chúng tôi đều được phủ đầy xà phòng, ",
			"khiến làn da của cả hai trơn mượt và mịn màng khi chạm vào.",
			"\\w[60]  ",
            "Em ấy nhẹ nhàng ép hai chân lại với nhau, và cảm giác mềm mại",
			"tròn trịa đó truyền tải rõ ràng qua cánh tay tôi."
		],	
        "2": [
		    "Trước khi tôi kịp nói gì, ",
            "đùi em ấy bắt đầu chuyển động chậm rãi, nhẹ nhàng,",
            "qua lại, cảm giác da thịt chúng tôi chạm vào nhau",
            "trở nên rõ ràng hơn với mỗi chuyển động,",
			"và tôi có thể cảm nhận được nhịp điệu cùng hơi ấm áp từ cơ thể em ấy ",
			"siết chặt rồi thả lỏng quanh cánh tay tôi."
		],
        "3": [
            "Hành động đột ngột và táo bạo của em ấy khiến tôi sững người.",
            "Không kịp phản ứng, nhưng sự ấm áp,",
            "mềm mại như trong mơ quanh cánh tay khiến tôi",
            "tôi đành từ bỏ việc chống cự và để",
            "chẳng còn chút sức để rút ra. Cuối cùng,",
            "em ấy tiếp tục ‘dịch vụ tắm rửa đặc biệt.’ kì lạ của mình."
		],
        "4": [
            "\\nl< >\"Nó như thế nào... \\str[121]...♥",
			"Cảm giác... nó có sạch hơn so với khi tự rửa bằng tay không?\""
		],		
        "5": [
			"Cảm giác dễ chịu",
			"Cảm giác hơi lạ"
		],		
        "6": [
            "\\nl< >\"Cảm giác hơi lạ...?",
			"Vậy thì... \\str[121], ",
			"chỉ cho em biết phải làm thế nào được không~?\""
		],
        "7": [
            "\\nl< >\"...Lạ à? Có gì đâu mà lạ?",
			"Cánh tay của anh giờ sạch sẽ rồi còn gì, đúng không, \\str[121]?\""
		],
        "8": [
            "\\nl< >\"Có chuyện gì vậy, \\str[121]?",
			"Chẳng phải anh mới là người nói muốn em giúp rửa cho mà?\""
		],
        "9": [
            "\\nl< >\"\\str[121], anh trông không được vui lắm...",
			"Hay là anh không thích em giúp anh rửa à ",
			"Em đang rất nghiêm túc đấy nhé~",
			"Thật sự là đang giúp anh mà~?\""
		],		
        "10": [
            "\\nl< >\"Cảm thấy dễ chịu chứ? Nhưng chỉ là rửa cơ thể của anh thôi~",
			"Vậy thế mà anh lại nói cảm giác thật tuyệt... \\str[121],",
			"thực ra anh... thích kiểu chuyện thế này đúng không♥\""
		],
        "11": [
            "\\nl< >\"Ehehe♥ \\str[121], Anh đúng là một cậu bé ngoan~",
			"Khiến em cũng muốn thưởng cho anh một chút.♥\""
		],
        "12": [
            "\\nl< >\"\\str[121]... Anh vừa phát ra một âm thanh dễ thương đó hả?",
			"Anh luôn là người trêu chọc em đó... nên lần này,",
			"em cũng sẽ cho anh nếm thử cảm giác đó xem sao~♥\""
		],
        "13": [
            "\\nl< >\"Hehe... \\str[121], trông anh có vẻ hơi bối rối...",
			"Có lẽ em nên dừng lại thôi nhỉ~?\""
		],
        "14": [
            "\\nl< >\"Cánh tay anh giờ đã sạch sẽ rồi... tiếp theo là phía trước nhé~",
			"\\str[121], Anh quay người lại cho em nào.—\""
		],
        "15": [
            "\"Cái gì–khoan—eh!? Em đang làm gì thế—\"",
			"\\w[30]\\^"
		],
        "16": [
            "\\nl< >\"TCánh tay thì em đã rửa sạch hết rồi...",
			"Phần còn lại, \\str[121], anh tự lo nhé~\""
		],
        "17": [
            "Giống như một tiểu ác quỷ tinh nghịch, \\str[120] lè lưỡi trêu tôi,",
			"rồi nhẹ nhàng lách người trượt xuống, chui vào trong bồn tắm."
		],
        "18": [
            "Tôi cố gắng kiềm nén ngọn lửa khao khát đang bùng lên",
			"bởi những cử chỉ ngọt ngào của em ấy,",
			"mình chỉ còn biết tiếp tục tắm trong tâm trạng hơi bứt rứt."
		],
        "19": [
            "\\str[120] nới lỏng chân và đột nhiên ngồi lên hông tôi,",
			"sau đó đặt tay lên vai tôi và nhẹ nhàng dồn  ",
			"trọng lượng cơ thể lên tôi."
		],
        "20": [
            "Một lúc sau, chiếc khăn tắm của cả hai người đều rơi xuống,",
            "nơi mềm mại, kín đáo của em ấy áp trực tiếp vào cái dương vật",
			"đang cương cứng của tôi mà không có gì cản trở. Cảm giác tội lỗi",
            "từ tư thế mới này mang lại cảm giác hoàn toàn khác biệt so với trước đây"
		],
        "21": [
			"Em ấy dường như không nhận ra vị trí này nguy hiểm đến mức nào,",
			"Vừa ổn định, ",
            "em ấy bắt đầu nhẹ nhàng xoay hông trên người tôi."
		],
        "22": [
			"Điều khiến tôi điên đảo hơn nữa là những nếp gấp mỏng manh, ướt át",
			"của em ấy đang ép chặt vào tôi. Mỗi cú lắc hông tinh tế lại",
			"khiến chúng trượt dài, nhầy nhụa dọc theo chiều dài cương cứng của tôi, ",
			"nuốt trọn rồi lại nhả ra từng chút một."
		],
        "23": [
			"\\nl< >\"Thế này thì sao~?",
			"Em chỉ dành riêng cho anh thôi đấy, \\str[121]〜♪      \\w[180]",
			"Nào, anh muốn em “rửa” tiếp theo ở chỗ nào đây〜？\""
		],
        "24": [
			"Ahh... ra là em ấy thật sự chỉ muốn giúp mình tắm thôi, huh...",
			"Thôi thì đành chịu vậy! Vì đây là lòng tốt của \\str[120], ",
			"nên mình sẽ ngoan ngoãn đón nhận vậy! Dù có chuyện gì... ",
			"ngoài ý muốn xảy ra đi nữa, chắc chắn em ấy sẽ tha thứ cho mình thôi~"
		],		
        "25": [
            "Tin tưởng \\str[120]",
			"Nhanh hơn...",
			"Chậm lại..."
		],		
        "26": [
            "\\str[120] tiếp tục xoay hông một cách cần mẫn,",
			"những đợt khoái cảm trơn trượt, tê rần như điện giật lan khắp cơ thể tôi, ",
			"hòa lẫn với cảm giác ngọt ngào cấm kỵ—",
			"Vậy, tiếp theo tôi nên để \\str[120] làm gì đây?"
		],		
        "27": [
            "\\str[120] vẫn chăm chỉ vặn vẹo vòng eo,",
			"nơi bí mật ướt át của em ấy đã bắt đầu rỉ mật hoa, ",
			"mỗi lần cọ xát lại phát ra tiếng 'lách tách' khe khẽ—",
			"Làm sao để em ấy cố gắng thêm nữa đây?"
		],		
        "28": [
            "\\str[120] vẫn miệt mài xoay hông,",
			"tôi cảm giác mình sắp không kìm chế được nữa…!",
			"Cuối cùng, tôi nên để em ấy kết thúc thế nào!?"
		],
        "29": [
			"\\nl< >\"Nếu em có thể làm theo ý mình —ừm, đ-được rồi...              \\w[120]",
			"Vậy nghĩa là \\str[121] có thể giao hết cho em lo, đúng không♥♥\"     \\w[180]"
		],
        "30": [
			"\\nl< >\"N-Nó trơn trượt quá... ",
			"chỗ dưới của \\str[121]... đang chuyển động theo kìa♥",
			"Anh hư quá đó~? Nếu anh không kìm được mà nhúc nhích thêm chút nữa...",
			"Anh sẽ phạm sai lầm đấy, biết không nè?♥\"     \\w[210]"
		],
        "31": [
			"\\nl< >\"Hah♥ Hah♥",
			"\\str[121]♥ đang run lẩy bẩy thế kia♥♥",
			"Hiệu quả làm sạch tốt quá chăng?\"     \\w[210]"
		],
        "32": [
			"\\nl< >\"Anh sắp không kìm được nữa rồi à?♥",
			"\\str[121]♥ anh sắp buông xuôi hết rồi nhỉ?♥",
			"Em có nên cố gắng thêm chút nữa không?♥♥\"     \\w[210]"
		],
        "33": [
			"\\nl< >\"N-Nhanh hơn á?",
			"Đ-Được rồi... Em sẽ thử...\"       \\w[210]"
		],
        "34": [
			"\\nl< >\"E-Em sẽ cố gắng hết sức...!",
			"Haa... haa...                   \\w[120]",
			"Anh cảm thấy dễ chịu chứ?\"     \\w[120]"
		],
        "35": [
			"\\nl< >\"Hah♥ Hah♥",
			"Hehe~ ở dưới đó của \\str[121] đang co giật kìa~    \\w[120]",
			"Có kích thích quá không nhỉ?\"                        \\w[120]"
		],
        "36": [
			"\\nl< >\"Nhanh hơn♥ Nhanh hơn nữa♥",
			"Chỗ đó của \\str[121] ướt nhẹp hết rồi à♥    \\w[120]",
			"C-Cố chịu thêm chút nữa thôi...♥\"               \\w[120]"
		],
        "37": [
			"\\nl< >\"C-Chậm lại à?",
			"Được rồi... Em sẽ thử...\"       \\w[210]"
		],
        "38": [
			"\\nl< >\"Từ tốn lau...",
			"Ah, cảm giác như vừa rồi có gì đó chọc vào em vậy♥\"   \\w[210]"
		],
        "39": [
			"\\nl< >\"Hah♥ Hah♥",
			"Ở dưới nóng ran quá♥                                 \\w[120]",
			"E-Em sẽ nhẹ nhàng... để nó từ từ... thấy sướng hơn nhé♥\"   \\w[120]"
		],
        "40": [
			"\\nl< >\"\\str[121]♥\\str[121]♥               \\w[120]",
			"Em thích anh♥ Em cũng muốn làm anh sướng hơn nữa♥\"    \\w[120]"
		],
        "41": [
			"\\{Đã... tới giới hạn rồi...!!"
		],
        "42": [
			"\\{\\nl< >\"Aah~~♥♥\"",
			"\\w[60]\\^"
		],
        "43": [
			"Dưới sự dịch vụ chăm sóc tỉ mỉ liên tục của \\str[120],",
			"cuối cùng tôi cũng khuất phục trước khoái cảm dâng trào ấy, ",
            "không thể kìm nén thêm nữa, ",
			"từng đợt chất lỏng nóng hổi tuôn ra như đê vỡ."
		],
        "44": [
			"\\str[120] khẽ kêu lên một tiếng giật mình, ",
			"nhưng vẫn cẩn thận không ngừng chuyển động,",
			"như sợ việc bỏ dở giữa chừng, ",
            "tiếp tục nhẹ nhàng lắc hông thân mình."
		],
        "45": [
			"\\nl< >\"\\str[121]...? Anh ổn chứ??",
			"C-Có cảm thấy sướng không? ",
			"Em sẽ... g-giúp anh lau sạch thêm nhé?\""
		],
        "46": [
			"\\nl< >\"\\str[121]...? Anh ổn chứ?",
			"E-Em có chà... mạnh quá không?\""
		],
        "47": [
			"\"Ổn rồi, đã được 'làm sạch' rất kỹ, cảm giác tuyệt vời lắm~",
			"Anh giỏi quá~\""
		],
        "48": [
			"\\nl< >\"Ehehe♥",
			"Chỗ này của \\str[121]... vẫn còn nóng ran, đang co giật nè...♥",
			"Em lau thêm cho anh nữa nhé?♥\""
		],
        "49": [
			"Làm thêm nữa",
			"Đủ rồi"
		],
        "50": [
			"Mặc dù \\str[120] hiếm khi thể hiện mặt háo hức đến vậy, ",
			"muốn gần gũi với tôi đến thế này, ",
			"nhưng chúng tôi đã quấn quýt nhau trong phòng tắm quá lâu rồi, ",
			"nếu \\str[120] bị cảm lạnh vì thế thì sẽ tệ lắm...!",
			"Cuối cùng, tôi miễn cưỡng ôm chặt \\str[120] vào lòng và nhanh chóng ",
			"rửa sạch những dấu vết trên cơ thể hai đứa để kết thúc mọi chuyện."
		]		
    },
    "3": {
        "0": [
            "\\nl< >\"...Nhưng mà có hơi chật chội quá không?\""
		],
        "1": [
            "\\nl< >\"Mm... ừm... nếu \\str[121] muốn thì...\""
		],
        "2": [
            "\\nl< >\"Được rồi! Vào đây nào, \\str[121]!\""
		],		
		"3": [
            "Dù vậy, \\str[120] cũng không thực sự từ chối—",
			"em ấy chỉ khẽ gật đầu đồng ý trong im lặng.",
			"Tôi lập tức dịch sang một bên bồn tắm ",
			"và nhẹ nhàng ôm em ấy vào lòng."
        ],
		"4": [
            "\\str[120] khẽ tựa vào, áp thân hình nhỏ nhắn của mình sát vào tôi.",
			"Dù trong bồn tắm chật hẹp, thân thể em ấy vẫn nằm gọn trong",
			"vòng tay tôi mà không hề khó khăn."
        ],
		"5": [
            "Những giọt nước đọng trên mái tóc ẩm ướt, má em ấy ửng hồng nhè nhẹ,",
			"Khoảnh khắc ấy, mọi thứ về em ấy đều toát lên vẻ tươi mới đến mức",
			"tôi thậm chí không biết phải phản ứng thế nào."
        ],
		"6": [
            "Nhận thấy ánh mắt chăm chú của tôi, tôi cảm nhận được cơ thể em ấy đột nhiên co lại."
        ],
		"7": [
            "\"Có chật chội quá không?\""
        ],
		"8": [
            "\\nl< >\"Không đâu... vòng tay của \\str[121] ấm lắm. Và...",
			"anh rất dịu dàng, nên em chẳng thấy khó chịu chút nào cả.\""
        ],		
		"9": [
            "Ahh... \\str[120] lúc nào cũng nói những lời ngọt ngào nhất—",
			"em ấy dễ thương đến mức không chịu nổi...!"
        ],
		"10": [
            "Không kìm được, tôi siết chặt vòng tay ôm lấy em ấy.",
			"Một cảm xúc lạ lùng, trào dâng bắt đầu lan tỏa trong lồng ngực tôi."
        ],		
		"11": [
            "Sau khi nhận được sự đồng ý từ \\str[120], tôi lập tức dịch sang một bên bồn tắm",
			"và nhẹ nhàng ôm em ấy vào lòng."
        ],
		"12": [
            "\\nl< >\"\\str[121]? Anh cảm thấy lạnh à?\""
        ],
		"13": [
            "\"Phải đó… Em ấm áp và dễ thương quá,",
			"khiến anh chỉ muốn ôm em mãi như thế này thôi…\""
        ],
		"14": [
            "\\nl< >\"Thôi đi mà—! \\str[121], ",
			"anh lại coi em như con nít nữa rồi...!\""
        ],
		"15": [
            "\\nl< >\"giờ em là một quý cô thực thụ rồi đấy nhé. ",
			"Anh phải bắt đầu đối xử với em như quý cô mới đúng, \\str[121]!\""
        ],
		"16": [
            "Như thể đang hờn dỗi, ",
			"\\str[120] liên tục ngẩng trán lên khẽ cụng vào cằm tôi—",
			"như muốn khoe rằng mình đã cao hơn một chút."
        ],
		"17": [
            "Đặc biệt khi tôi cúi nhìn xuống, ánh mắt lập tức bị hút vào những ",
			"đường cong mềm mại, đầy đặn từ bầu ngực của \\str[120].",
			"Ừ thì… giờ thì đúng là có thể gọi đó",
			"biểu tượng của một quý cô rồi."
        ],
		"18": [
            "Chuyển động vô thức của \\str[120] lập tức thổi bùng lên ",
			"dục vọng trong tôi.",
			"Một thôi thúc muốn cảm nhận hình dáng mềm mại ấy ",
			"bằng đôi tay ngày càng trào dâng không thể kiềm chế—"
        ],		
		"19": [
            "Chạm nhẹ",
			"Hỏi trước"
        ],		
		"20": [
            "Dường như em ấy đã quen với những khoảnh khắc thế này—",
			"\\str[120] tựa hẳn vào tôi,",
			"và chúng tôi cứ lặng lẽ ôm nhau như vậy."
        ],		
		"21": [
            "Lần trước, tôi đã để cảm xúc lấn át lý trí ",
			"và khiến em ấy ngất xỉu trong phòng tắm—",
			"—không thể để chuyện đó lặp lại lần nữa!",
			"\\w[30]",
			"Tôi tự nhủ trong lòng phải trân trọng em ấy thật nghiêm túc lần này.",
            "Thế nên tôi chỉ nhẹ nhàng nắm lấy bàn tay nhỏ nhắn mềm mại của em ấy đan vào tay mình."
        ],
		"22": [
            "\\nl< >\"\\str[121]...? Có chuyện gì vậy? ",
			"Anh cứ cau mày suốt thế..\""
        ],
		"23": [
            "\"Không có gì đâu— anh chỉ đang nghĩ rằng em lúc nào cũng dễ thương quá thôi..\""
        ],
		"24": [
            "\\nl< >\"Uuueeh... Ý anh là sao chứ...?\""
        ],	
		"25": [
		    "Tôi đưa tay còn lại ra, vuốt mái tóc của em ấy một cách tùy hứng .",
            "Em ấy có vẻ hơi bất mãn vì bị gạt đi như thế."
        ],	
		"26": [
		    "Không kịp nghĩ thêm gì nữa, tôi theo bản năng đưa tay ra và nắm lấy ",
			"phần mềm mại ngay trước mặt.    \\w[30]",
			"—Tại sao à?                   \\w[60]\\^"
        ],	
		"27": [
		    "\\>Không kịp nghĩ thêm gì nữa, tôi theo bản năng đưa tay ra và nắm lấy ",
			"\\>phần mềm mại ngay trước mặt. ",
			"\\>—Tại sao à?                 \\<\\{",
			"Vì nó ở ngay đó!    \\w[120]"
        ],	
		"28": [
		    "\\nl< >\"...Yah! \\str[121], lại nữa rồi...!?\""
        ],	
		"29": [
		    "\\nl< >\"Yah!? \\str[121]… anh đang làm gì vậy…!?\""
        ],	
		"30": [
		    "Hành động đột ngột của tôi rõ ràng khiến \\str[120] bối rối.",
			"Giờ tôi phải giải thích thế nào đây...?"
        ],
		"31": [
		    "Muốn bóp thử!",
			"Trượt tay..."
        ],	
		"32": [
		    "Thay vì trả lời, tôi để hành động lên tiếng.",
			"Tay trái tiếp tục lướt trên bầu ngực của \\str[120], ",
			"bàn tay cảm nhận trọn vẹn sự mềm mại ấy."
        ],		
		"33": [
		    "\\nl< >\"Dù có là vậy đi nữa, ",
			"cũng đừng đột ngột đưa tay ra làm em giật mình thế chứ...\""
        ],		
		"34": [
		    "Huh? Thế tức là chỉ cần không đột ngột thì được phải không...?"
        ],
		"35": [
		    "\\nl< >\"Ừm thì, nếu tay anh lỡ bị trượt",
			"thì cũng chả trách được...\""
        ],
		"36": [
		    "Dù tay tôi chẳng hề nhúc nhích,",
		    "vậy mà \\str[120] lại bị lừa bởi cái cớ đơn giản ấy...!"
        ],
		"37": [
		    "Tôi cố kìm nén ham muốn đưa tay ra chạm vào em ấy, ",
			"thay vào đó là nghiêm túc xin phép."
        ],
		"38": [
		    "\\nl< >\"Eh!? Đột ngột quá đó...\""
        ],
		"39": [
		    "\"Tất nhiên rồi! Để kiểm tra xem em đã có vẻ duyên dáng ",
			"của một quý cô thực thụ chưa chứ!\""
        ],
		"40": [
		    "\\nl< >\"Mmm... Anh chỉ muốn kiếm cớ để sờ thôi, đúng không?\""
        ],
		"41": [
		    "\\nl< >\"Anh lúc nào cũng thế... ",
			"hành động kỳ quặc của anh luôn làm em râm ran hết cả người...\""
        ],
		"42": [
		    "\"C-Có phải em thấy ghét khi anh làm vậy không?\""
        ],
		"43": [
		    "Nghe \\str[120] nói ghét mình...",
			"Đó là điều mình không bao giờ muốn nghe...!"
        ],
		"44": [
		    "\\nl< >\"Ghét à? Không hẳn... Em nghĩ cũng được thôi...",
			"Miễn là anh nhẹ nhàng, \\str[121]...\""
        ],
		"45": [
		    "OHHHHHHH—!!!"
        ],
		"46": [
		    "Tôi kìm nén ham muốn muốn xoa bóp thô bạo,",
			"chỉ nhẹ nhàng đặt tay lên bầu ngực của \\str[120], chậm rãi vuốt ve nó."
        ],
		"47": [
		    "\\nl< >\"\\str[121], mặt anh trông hơi đáng sợ đó...\""
        ],
		"48": [
		    "\\nl< >\"Hehe... hơi nhột nhột...\""
        ],
		"49": [
		    "\\nl< >\"Mmm... mmn...\""
        ],
		"50": [
		    "Dù có khăn tắm chắn ngang, ",
			"cách nó quấn quanh cơ thể lại khiến đường cong của em ấy càng thêm nổi bật.",
			"Cách khăn ôm trọn và định hình phần đầy đặn ấy chỉ khiến sức nặng mềm mại, ",
			"săn chắc trong tay tôi càng trở nên chân thực hơn."
        ],
		"51": [
		    "Khi khăn đã được cởi bỏ, tay tôi tự do lướt trên làn da trần của \\str[120].",
			"Khi đầu ngón tay khẽ chạm qua núm vú, ",
            "tôi cảm nhận được cơ thể em ấy khẽ run lên."
        ],
		"52": [
		    "Còn cần một chút thời gian nữa để cả hai chúng tôi ấm lên hoàn toàn...",
			"Tôi nhẹ nhàng đùa nghịch với bàn tay nhỏ nhắn của \\str[120]",
			"trong khi nghĩ xem tiếp theo nên làm gì—"
        ],
		"53": [
		    "Còn cần một chút thời gian nữa để cả hai chúng tôi ấm lên hoàn toàn...",
			"Tôi đang thoải mái vuốt ve bầu ngực của \\str[120]",
			"trong khi nghĩ xem tiếp theo nên làm gì—"
        ],
		"54": [
		    "Sờ ngực",
			"Cởi khăn",
			"Thì thầm với \\str[120]",
			"Bóp con vịt"
        ],
		"55": [
		    "\\nl< >\"Ha... haa...             \\[60]",
			"Em... em không... chịu nổi nữa...       \\[60]",
			"\\str[121], tự cởi nó ra đi...\""
        ],
		"56": [
		    "\\str[120] mềm nhũn tựa vào ngực tôi, ",
			"toàn thân em ấy yếu ớt và ngoan ngoãn, hoàn toàn phó mặc.",
			"Không do dự, tôi nới lỏng chiếc khăn quấn quanh người em ấy."
        ],
		"57": [
		    "Có lẽ mình không nên đùa thêm nữa..."
        ],
		"58": [
		    "Hmm... con vịt này hơi vướng... ",
			"để mình gạt nó sang một bên trước đã."
        ],
		"59": [
		    "—Hay là mình tưởng tượng thôi?",
			"Sao cảm giác nó đang nhìn chằm chằm mình... dữ dội thế nhỉ?"
        ],
		"60": [
		    "\\nl< > \"K-Không được! Anh không được sờ em nữa!",
			"Tại anh hết đấy, \\str[121]... ",
			"giờ cả người em cảm thấy kỳ lạ quá!\""
        ],
		"61": [
            "Uh... hình như mình trêu quá đà rồi—",
			"mặt em ấy đỏ bừng rồi chạy mất tiêu..."
        ],
		"62": [
            "\\nl< >\"a…\\str[121]……      \\w[160]\\^"
        ],
		"63": [
            "\\^\\nl< >\"Ugh...!\"        \\w[40]\\^"
        ],
		"64": [
            "\\{Ối!",
			"Chúng tôi ở trong đó lâu quá—",
			"\\str[120] gất xỉu vì nóng rồi…!!"
        ],
		"65": [
            "Tôi vội vàng bế \\str[120] ra khỏi phòng tắm—",
            "cả người em ấy nóng bừng và đỏ ửng,",
			"tôi không thể phân biệt nổi là do hơi nóng hay… do kích thích.",
			"\\w[30]",
			"May thay, sau một hồi chăm sóc cẩn thận, ",
			"em ấy dần tỉnh lại.",
			"Lần sau nhất định phải cẩn thận hơn…!"
        ],
		"66": [
            "Phù... người mình giờ nóng ran hết rồi.",
			"Chắc cũng đến lúc ra ngoài thôi."
        ],	
		"67": [
            "\\nl< > \"K-khoan, \\str[121]…    \\w[60]",
			"em bắt đầu cảm thấy kỳ lạ rồi…\""
        ],	
		"68": [
            "\"Không sao đâu, anh sẽ nhẹ nhàng.",
			"Em cứ thả lỏng người ra nhé, được chứ?\""
        ],	
		"69": [
            "\\nl< > \"Hngh… ahh…   \\w[60]",
			"Thật không…? Cảm giác như… \\str[121] cứ…    \\w[120]\"",
			"trêu chọc em suốt thôi…\""
        ],	
		"70": [
            "\"À thì, em nói cũng không sai đâu~ ",
			"Ý anh là, em bây giờ dễ thương quá mức luôn ấy~!\""
        ],	
		"71": [
            "\\nl< > \"Mmm… ngh…    \\w[90]",
			"Em… em còn chẳng biết chuyện gì đang xảy ra nữa…\""
        ],	
		"72": [
            "Nhìn \\str[120] trong trạng thái say đắm như vậy, ",
			"sợi dây lý trí trong đầu tôi đột nhiên đứt ngang.      \\w[60]",
			"Aah… hay là cứ… đi đến cùng luôn…!           \\w[30]\\^"
        ],	
		"73": [
            "\\nl< > \"Um… cái này hơi quá rồi…\""
        ],	
		"74": [
            "\\str[120] khẽ lẩm bẩm, vẻ mặt ngơ ngác—",
			"em ấy vẫn chưa quen với loại kích thích này.",
			"Nhưng những cơn run rẩy nhẹ nhàng lan khắp người em ấy vì khoái cảm lạ lẫm",
			"chỉ khiến tim tôi đập nhanh hơn, và hai tay càng tự động di chuyển thêm."
        ],	
		"75": [
            "\\nl< >\"Ahh… \\str[121]…   \\w[60]",
			"chúng ta… vẫn tiếp tục sao?\""
        ],	
		"76": [
            "\\nl< > \"Mmm… ngh…  \\w[30]\\{",
			"Ah—!?\""
        ],	
		"77": [
            "\\nl< > \"Haah… haa…\""
        ],	
		"78": [
            "\\str[120] cố gắng kìm nén giọng nói đầy bất an… hay là—",
			"em ấy thực sự bắt đầu cảm nhận được khoái cảm?",
			"Chỉ nghĩ đến điều đó thôi đã khiến mạch tôi đập nhanh hơn,",
			"và thúc đẩy các động tác trở nên táo bạo hơn."
        ],	
		"79": [
            "\\nl< > \"Mmm… ngh…\""
        ],	
		"80": [
            "\\nl< > \"Hehe… hơi nhột nhột…\""
        ],	
		"81": [
            "Dù tôi không kìm được mà lại chạm vào bầu ngực mềm mại của em ấy,",
			"em ấy chỉ khẽ run và im lặng để tôi tiếp tục."
        ],	
		"82": [
            "Tôi tiếp tục chuyển động trong khi cẩn thận hỏi \\str[120] cảm thấy thế nào."
        ],		
		"83": [
            "\\nl< >\"E-Em còn chẳng hiểu anh đang nói gì nữa…\""
        ],		
		"84": [
            "\\nl< >\"E-Em không thực sự hiểu... ý anh nói cảm thấy sướng là sao…\""
        ],		
		"85": [
            "Gương mặt đỏ bừng, ngượng ngùng của \\str[120] trông có hơi thú vị."
        ]	
    },
    "8": {
        "0": [
            "Đã có rất nhiều bọt rồi…!",
			"Mình có thực sự cần phải thêm nữa không?!"
		],
		"1": [
            "Bọt đã rất nhiều rồi...",
			"Mình có nên thêm ít dầu gội nữa không?"
        ],
        "2": [
            "Cảm giác như bọt vẫn có thể mịn và bồng hơn một chút nữa...",
            "Mình có nên thêm ít dầu gội nữa không?"
        ],
        "3": [
		    "Gọi \\str[120]",
            "Thêm nữa",
			"Đủ rồi"
        ],
        "4": [
            "\\{...Dầu gội đã hết rồi!"
        ],
        "5": [
            "Thôi thì cứ dùng tạm thế này đã",
			"rồi lần sau nhớ mua thêm là được..."
        ],
        "6": [
            "Đã có quá nhiều bọt rồi!?",
			"Tốt nhất là đừng lãng phí thêm dầu gội—"
        ],	
        "7": [
            "Huh? Mình có thực sự cần nhiều dầu gội đến thế không?",
			"Da đầu tôi bắt đầu hơi rát rồi—"
        ],	
        "8": [
            "Oa, đã có rất nhiều bọt rồi—",
			"Thế này chắc đủ rồi, nhỉ~?"
        ],	
        "9": [
            "Ừ, làm thêm một chút bọt nữa đi—"
        ],	
        "10": [
            "Mmm, nhiều bọt hơn làm tâm trạng thoải mái hẳn—"
        ],	
        "11": [
            "Đã có một bồn tắm thư giãn, dễ chịu."
        ],	
        "12": [
            "\"...À đúng rồi, hồi nãy mình có nhặt được cái đó mà.\""
        ],	
        "13": [
            "Tôi cẩn thận rửa sạch con vịt cao su, rồi nhẹ nhàng đặt nó xuống bồn tắm.",
			"Nó trôi lơ lửng trên mặt nước—trông thật yên bình và dễ thương."
        ],	
        "14": [
            "\"Mhm... bầu không khí giờ thấy dễ chịu hơn hẳn.\""
        ],	
        "15": [
            "\"Phù... chắc cũng đến lúc đi ra thôi.\""
        ],	
        "16": [
            "\"...Cuối cùng cũng rửa sạch được cái mùi kỳ lạ trên người rồi.\""
        ],	
        "17": [
            "Tôi kỳ cọ người kỹ không biết bao nhiêu lần với đống sữa tắm,",
            "và thậm chí tâm hồn tôi cũng cảm thấy như đã được thanh tẩy..."
        ],	
        "18": [
            "Sạch hết rồi—đến lúc ra ngoài thôi."
        ],	
        "19": [
            "\\nl< >\"\\str[121]!? ",
			"Đừng có nghịch dầu gội nữa!\""
        ],	
        "20": [
            "\\nl< >\"Dầu gội dạo này dùng nhanh hết quá—",
			"vậy là đúng là do anh làm à, \\str[121]!\""
        ],	
        "21": [
            "Ugh... bị mắng bởi \\str[120]."
        ],	
        "22": [
            "Tôi hỏi \\str[120] xem em ấy có thể giúp tôi cọ lưng không—"
        ],	
        "23": [
            "\\nl< >\"Được thôi! Chờ một chút nhé~!\""
        ],	
        "24": [
            "\\nl< >\"Kỳ mạnh thêm chút cũng không sao đâu ha,",
			"\\str[121]?\""
        ],	
        "25": [
            "\"Ah... ừ, không sao đâu.\""
        ],	
        "26": [
            "\\nl< >\"Được rồi, em bắt đầu nhé—!  \\w[90]",
			"Hây-yo—Hây-yo—!           \\w[120]",
			"Hây-yo—Hây-yo—!           \\w[120]\""
        ],	
        "27": [
            "\\str[120] hăng hái kỳ lưng cho tôi bằng chiếc khăn tắm.",
			"Sức của em ấy không mạnh lắm nên chẳng đau gì cả,",
			"nhưng cảm giác cứ như mình đang bị lau như cái sàn bẩn vậy..."
        ],	
        "28": [
            "\\nl< >\"Phù... em mệt quá...    \\w[60]",
			"\\str[121], Cảm giác có thoải mái không?\""
        ],	
        "29": [
            "Rửa phía trước...",
			"Khen ngợi \\str[120]"
        ],
        "30": [
            "\\nl< >\"Phía trước… cũng phải rửa nữa à?       \\w[60]",
			"Geez, \\str[121]…          \\w[60]",
			"anh đâu còn là con nít nữa đâu, ",
			"chẳng lẽ vẫn cần người khác rửa giúp à…?\"",
			"\\w[120]"
        ],	
        "31": [
		    "Có vẻ mình hơi quá trớn rồi…",
			"Mặt của \\str[120] đỏ bừng lên vì xấu hổ.",
			"Có lẽ mình nên đợi đến khi cả hai thân thiết hơn một chút ",
			"rồi mới thử lại lần nữa."
        ],
        "32": [
		    "\\nl< >\"Phía trước… cũng phải rửa nữa sao?       \\w[60]",
            "Geez, \\str[121]…         \\w[60]",
			"Anh đâu còn là con nít nữa, vậy mà vẫn còn nhõng nhẽo như thế…\""
        ],		
        "33": [
		    "\\nl< >\"Vậy… vì \\str[121] không còn là trẻ con nữa,               \\w[120]",
            "từ giờ em sẽ phải rửa cho anh như người lớn đấy nhé… được chứ?\"       \\w[120]"
        ],
        "34": [
		    "\\nl< >\"Heh-heh-heh... Lần sau,                              \\w[60]",
            "em sẽ cho anh xem kỹ thuật chà lưng còn tuyệt vời hơn nữa!\"        \\w[120]"
        ]		
    },
    "12": {
        "0": [
            "\\str[120] khẽ gật đầu một cách ngượng ngùng và phản ứng đáng yêu đó",
            "khiến mình tràn ngập cảm giác muốn ôm lấy thật chặt và trân trọng em ấy.",
            "Ngay khi mình còn đang đắm chìm trong cảm xúc xao xuyến ấy,",
            "một cảm giác lạ lẫm, khó hiểu bỗng dâng lên từ bên dưới..."
		],
		"1": [
            "\\nl< >\"Ah… \\str[121], bi của anh đang phát sáng kìa?\""
        ],
		"2": [
            "\"Phải đấy, em biết không, ",
			"bi của con trai luôn phát sáng khi tắm—",
			"\\w[45]\\^"
        ],
		"3": [
            "\\>\"Phải đấy, em biết không, ",
			"\\>bi của con trai luôn phát sáng khi tắm—",
			"Đ-\\<\\{Đùa nhau à!!\"",
			"\\}\\w[60]"
        ],
		"4": [
            "Nhìn chằm chằm vào luồng ánh sáng đột ngột phát ra từ phần dưới cơ thể, ",
			"tôi hoàn toàn bối rối."
        ],
		"5": [
        	"Chẳng lẽ một con quái vật từ Vực Thẳm đã theo tôi đến đây sao!?",
        	"Ngay khi ý nghĩ nguy hiểm đó lóe lên trong đầu tôi, tôi liền vứt khăn tắm",
        	"sang một bên mà không một chút do dự—"
        ],
		"6": [
            "Đùa—đúng là hai hòn bi của tôi đang phát sáng thật—"
        ],
		"7": [
            "\\nl< >\"Ahwa, ahwahwahwahwah!     \\w[30]",
			"\\str[121], bi của anh ngày càng sáng hơn kìa!!?\"   \\w[30]"
        ],
		"8": [
            "《Nghi lễ Hợp đồng Ác Quỷ: ",
			"Lời Nguyền tuyệt đối dành cho Con Người Thuần Khiết =",
			"Từ hôm nay, cuộc đời bạn chính là Chế Độ Địa Ngục》!!",
			"Bạn đã bị nguyền rủa— (Ciallo～(∠・ω< )⌒☆)"
        ],
		"9": [
            "Ngay khoảnh khắc đó, ",
			"những lời nói của con nhỏ chủ tiệm ác quỷ láu cá đó",
            "chợt hiện lên trong đầu mình."
        ],
		"10": [
        	"Vậy là lời nguyền này có nghĩa là vậy sao!?",
        	"Cái con bé ác quỷ ranh mãnh chết tiệt đó—!!!"
        ],
		"11": [
        	"\\c[2] Khi cảm xúc của tôi dâng trào đến đỉnh điểm, tôi thầm gầm lên một tiếng.",
            "Luồng sáng bùng lên từ phía dưới lan tỏa nhanh chóng, ",
			"nuốt chửng toàn bộ không gian chỉ trong chốc lát—"
        ],
		"12": [
            "\\nl< >\"\\str[121] đang biến thành ánh sáng!!?\""
        ],
		"13": [
            "Trong khoảng trống trắng tinh, chẳng nhìn thấy gì cả, ",
			"Tôi hoàn toàn ngừng suy nghĩ."
        ]		
    }	
}
