{
    "1": {
        "name": [
            "茶点心券"
        ],
        "subtitle": "",
        "description": [
            "茶会发行的兑换券，可以用于兑换美味的茶点心",
            "话说……店在哪里啊？"
        ],
        "ability": [
		    "投喂给扭蛋机时，可以不对扭蛋机造成伤害并获得1次11抽",
			"这轮11抽中，必定出现一个金色扭蛋"
		]
    },
	"3": {
        "name": [
            "垃圾"
        ],
        "subtitle": "",
        "description": [
            "各种各样的废料，没什么价值",
            "为什么我要捡这种玩意啊？"
        ],
        "ability": ""
    },
    "4": {
        "name": [
            "10元"
        ],
        "subtitle": "",
        "description": [
            ""
        ],
        "ability": ""
    },
    "5": {
        "name": [
            "50元"
        ],
        "subtitle": "",
        "description": [
            ""
        ],
        "ability": ""
    },
    "6": {
        "name": [
            "100元"
        ],
        "subtitle": "",
        "description": [
            ""
        ],
        "ability": ""
    },
    "7": {
        "name": [
            "500元"
        ],
        "subtitle": "",
        "description": [
            ""
        ],
        "ability": ""
    },
    "8": {
        "name": [
            "1000元"
        ],
        "subtitle": "",
        "description": [
            ""
        ],
        "ability": ""
    },
    "9": {
        "name": [
            "5000元"
        ],
        "subtitle": "",
        "description": [
            ""
        ],
        "ability": ""
    },
    "10": {
        "name": [
            "10000元"
        ],
        "subtitle": "",
        "description": [
            ""
        ],
        "ability": ""
    },	
    "11": {
        "name": [
            "50000元"
        ],
        "subtitle": "",
        "description": [
            ""
        ],
        "ability": ""
    },	
    "12": {
        "name": [
            "100000元"
        ],
        "subtitle": "",
        "description": [
            ""
        ],
        "ability": ""
    },
    "14": {
        "name": [
            "魔导映写器"
        ],
        "subtitle": "",
        "description": [
            "据说是来自东方的魔导具，工艺精湛，但不知为何流落到了深渊……",
            "只要使用它，就能将所见之景定格成画。不过可能是年久失修，",
            "很容易受到魔力干扰，偶尔会拍到奇怪的东西…"
        ],
        "ability": [
            "点击F7快捷键可以拍摄照片"
        ]
    },
    "15": {
        "name": [
            "JoyStation V"
        ],
        "subtitle": "",
        "description": [
            ""

        ],
        "ability": [
            ""
        ]
    },
    "16": {
        "name": [
            "暗影之魂DLC"
        ],
        "subtitle": "",
        "description": [
            ""

        ],
        "ability": [
            ""
        ]
    },	
    "17": {
        "name": [
            "\\str[120]的呆毛"
        ],
        "subtitle": "",
        "description": [
            "从\\str[120]头上获得的呆毛，本人似乎没意识到……",
            "这根呆毛依旧被不可思议的弹性支撑并顽强地挺立着"
        ],
        "ability": ""
    },
    "18": {
        "name": [
            "橡胶鸭"
        ],
        "subtitle": "",
        "description": [
            ""

        ],
        "ability": [
            ""
        ]
    },
    "19": {
        "name": [
            "电风扇"
        ],
        "subtitle": "",
        "description": [
            ""

        ],
        "ability": [
            ""
        ]
    },
    "20": {
        "name": [
            "天上之石碎片"
        ],
        "subtitle": [
            "「此乃全然坚毅之大坚毅，渗透所有坚固之物，胜过任何精妙之物。」"	
        ],
        "description": [
            "即使只是一枚碎片，也蕴含有无比强大的力量——"
        ],
        "ability": ""
    },
    "23": {
        "name": [
            "好喝的牛奶"
        ],
        "subtitle": [
            "「广告赞助商：逆流茶会」"
        ],
        "description": [
            "从奇妙的自动贩售机里拿到的饮料",
            "味道且不提，为什么会在深渊里发现自动贩售机啊…"
        ],
        "ability": [
            "体力恢复120点、并获得真美味！！状态"
        ]
    },
    "24": {
        "name": [
            "胡萝卜牛奶"
        ],
        "subtitle": [
            "「广告赞助商：逆流茶会」"
        ],
        "description": [
            "从奇妙的自动贩售机里拿到的饮料",
            "味道且不提，为什么会在深渊里发现自动贩售机啊…"
        ],
        "ability": [
            "体力恢复75点、并随机消除一种异常状态"
        ]
    },
    "25": {
        "name": [
            "草莓味牛奶"
        ],
        "subtitle": [
            "「广告赞助商：逆流茶会」"
        ],
        "description": [
            "从奇妙的自动贩售机里拿到的饮料",
            "味道且不提，为什么会在深渊里发现自动贩售机啊…"
        ],
        "ability": [
            "体力恢复75点、并在一定时间内提升50%攻击力"
        ]
    },
    "26": {
        "name": [
            "蜜瓜味牛奶"
        ],
        "subtitle": [
            "「广告赞助商：逆流茶会」"
        ],
        "description": [
            "从奇妙的自动贩售机里拿到的饮料",
            "味道且不提，为什么会在深渊里发现自动贩售机啊…"
        ],
        "ability": [
            "体力恢复75点、并在一定时间内提升50%魔力"
        ]
    },
    "27": {
        "name": [
            "香蕉味牛奶"
        ],
        "subtitle": [
            "「广告赞助商：逆流茶会」"
        ],
        "description": [
            "从奇妙的自动贩售机里拿到的饮料",
            "味道且不提，为什么会在深渊里发现自动贩售机啊…"
        ],
        "ability": [
            "体力恢复75点、并在一定时间内提升移动速度"
        ]
    },
    "30": {
        "name": [
            "粉色金平糖"
        ],
        "subtitle": [
            "「呋呋呋…原料是什么你还是不了解比较好噢♥」"
        ],
        "description": [
            "大恶魔亲手制作，外观精致的金平糖",
            "散发着蜜桃般的香味，只是闻闻就开始让人感到飘飘然…"
        ],
        "ability": [
            "食用后使人感到浑身燥热"
        ]
    },
    "31": {
        "name": [
            "蓝色金平糖"
        ],
        "subtitle": [
            "「呋呋呋…原料是什么你还是不了解比较好噢♥」"
        ],
        "description": [
            "大恶魔亲手制作，外观精致的金平糖",
            "散发着蓝莓般的香味，只是闻闻就开始让人感到平静…"
        ],
        "ability": [
            "食用后使人感到心情平稳"
        ]
    },
    "32": {
        "name": [
            "绿色金平糖"
        ],
        "subtitle": [
            "「呋呋呋…原料是什么你还是不了解比较好噢♥」"
        ],
        "description": [
            "大恶魔亲手制作，外观精致的金平糖",
            "散发着蜜瓜般的香味，只是闻闻就开始让人感到精神振奋…"
        ],
        "ability": [
            "效果未实装"
        ]
    },
    "33": {
        "name": [
            "超敏软Q水馒头"
        ],
        "subtitle": [
            "「呋呋呋…原料是什么你还是不了解比较好噢♥」"
        ],
        "description": [
            "大恶魔亲手制作，Q弹爽口的水馒头",
            "入口的瞬间就会感觉浑身像触电一样刺激！"
        ],
        "ability": [
            "效果未实装"
        ]
    },
    "35": {
        "name": [
            "大瓶逆流可乐"
        ],
        "subtitle": [
            "「广告赞助商：逆流茶会」"
        ],
        "description": [
            "从奇妙的自动贩售机里拿到的饮料",
            "味道且不提，为什么会在深渊里发现自动贩售机啊…"
        ],
        "ability": [
            "剧烈摇晃时可以引发强烈的爆炸"
        ]
    },
    "42": {
        "name": [
            "卢恩符文Kenaz"
        ],
        "subtitle": [
            "「爆破之力」"
        ],
        "description": [
            "刻印了魔法符文的石头，被设计成了就算是不懂魔法的新手",
            "也能简单发动效果的形式"
        ],
        "ability": [
            "投掷后会将触碰到的目标变成炸弹",
			"炸弹3秒后爆炸，且目标体型越大，爆炸范围越广"
        ]
    },
    "43": {
        "name": [
            "卢恩符文Ansuz"
        ],
        "subtitle": [
            "「启示之力」"
        ],
        "description": [
            "刻印了魔法符文的石头，被设计成了就算是不懂魔法的新手",
            "也能简单发动效果的形式"
        ],
        "ability": [
            "使用后可以在原地留下有文字记录的标记",
            "更新后该标记能够对其他玩家显示"
        ]
    },
    "44": {
        "name": [
            "卢恩符文Raido"
        ],
        "subtitle": [
            "「骑乘之力」"
        ],
        "description": [
            "刻印了魔法符文的石头，被设计成了就算是不懂魔法的新手",
            "也能简单发动效果的形式"
        ],
        "ability": [
            "投掷后制作出点击便能交换位置的标记"
        ]
    },
    "45": {
        "name": [
            "卢恩符文Ehwaz"
        ],
        "subtitle": [
            "「改变之力」"
        ],
        "description": [
            "刻印了魔法符文的石头，被设计成了就算是不懂魔法的新手",
            "也能简单发动效果的形式"
        ],
        "ability": [
            "投掷后会与触碰到的目标交换位置"
        ]
    },
    "46": {
        "name": [
            "愚者"
        ],
        "subtitle": [
            "「愚蠢冒险者的无尽好奇心」"
        ],
        "description": [
            "施加了术式的魔法卡片。被设计成了就算是",
            "不懂魔法的新手也能简单发动效果的形式"
        ],
        "ability": [
            "使用时、强制转移到随机地图"
        ]
    },
    "47": {
        "name": [
            "魔术师"
        ],
        "subtitle": [
            "「炼金术师的杰作」"
        ],
        "description": [
            "施加了术式的魔法卡片。被设计成了就算是",
            "不懂魔法的新手也能简单发动效果的形式"
        ],
        "ability": [
            "使用时、召唤出随机数量的元素从者"
        ]
    },
    "48": {
        "name": [
            "女祭司"
        ],
        "subtitle": [
            "「愿你能获得她的宠爱……」"
        ],
        "description": [
            "施加了术式的魔法卡片。被设计成了就算是",
            "不懂魔法的新手也能简单发动效果的形式"
        ],
        "ability": [
            "使用时、召唤出可以前往堕落教堂的门"
        ]
    },
    "49": {
        "name": [
            "女帝"
        ],
        "subtitle": [
            "「一顾倾人城，再顾倾人国」"
        ],
        "description": [
            "施加了术式的魔法卡片。被设计成了就算是",
            "不懂魔法的新手也能简单发动效果的形式"
        ],
        "ability": [
            "使用时、赋予玩家持续7秒的倾国倾城状态"
        ]
    },
    "50": {
        "name": [
            "皇帝"
        ],
        "subtitle": [
            "「龙之威严、不可侵犯」"
        ],
        "description": [
            "施加了术式的魔法卡片。被设计成了就算是",
            "不懂魔法的新手也能简单发动效果的形式"
        ],
        "ability": [
            "使用时、对画面内所有对象使用巨龙咆哮使其眩晕"
        ]
    },
    "51": {
        "name": [
            "教皇"
        ],
        "subtitle": [
            "「此刻正是觉醒之时」"
        ],
        "description": [
            "施加了术式的魔法卡片。被设计成了就算是",
            "不懂魔法的新手也能简单发动效果的形式"
        ],
        "ability": [
            "使用时、赋予玩家心眼和贤者模式状态"
        ]
    },
    "52": {
        "name": [
            "恋人"
        ],
        "subtitle": [
            "「魔女的残香」"
        ],
        "description": [
            "施加了术式的魔法卡片。被设计成了就算是",
            "不懂魔法的新手也能简单发动效果的形式"
        ],
        "ability": [
            "使用时、一段时间内魔物生成效率提升并得到强化"
        ]
    },
    "53": {
        "name": [
            "战车"
        ],
        "subtitle": [
            "「随叫随到！地狱特快！」"
        ],
        "description": [
            "施加了术式的魔法卡片。被设计成了就算是",
            "不懂魔法的新手也能简单发动效果的形式"
        ],
        "ability": [
            "使用时、出现一辆茶会配送车撞向玩家"
        ]
    },
    "54": {
        "name": [
            "力"
        ],
        "subtitle": [
            "「解放巨神兵之力」"
        ],
        "description": [
            "施加了术式的魔法卡片。被设计成了就算是",
            "不懂魔法的新手也能简单发动效果的形式"
        ],
        "ability": [
            "使用时，近战武器暂时巨大化并提升伤害"
        ]
    },
    "55": {
        "name": [
            "隐者"
        ],
        "subtitle": [
            "「揭开这个世界的秘密」"
        ],
        "description": [
            "施加了术式的魔法卡片。被设计成了就算是",
            "不懂魔法的新手也能简单发动效果的形式"
        ],
        "ability": [
            "使用时、一段时间内标记特殊的单位或地点"
        ]
    },
    "56": {
        "name": [
            "命运之轮"
        ],
        "subtitle": [
            "「赌上灵魂的命运轮盘」"
        ],
        "description": [
            "施加了术式的魔法卡片。被设计成了就算是",
            "不懂魔法的新手也能简单发动效果的形式"
        ],
        "ability": [
            "使用时、获得随机增益或减益效果"
        ]
    },
    "57": {
        "name": [
            "正义"
        ],
        "subtitle": [
            "「尘归尘土归土」"
        ],
        "description": [
            "施加了术式的魔法卡片。被设计成了就算是",
            "不懂魔法的新手也能简单发动效果的形式"
        ],
        "ability": [
            "使用时，消除玩家身上所有的状态"
        ]
    },
    "58": {
        "name": [
            "倒吊人"
        ],
        "subtitle": [
            "「太空坠落了…」"
        ],
        "description": [
            "施加了术式的魔法卡片。被设计成了就算是",
            "不懂魔法的新手也能简单发动效果的形式"
        ],
        "ability": [
            "使用时、引发重力颠倒而坠落空中"
        ]
    },
    "59": {
        "name": [
            "死神"
        ],
        "subtitle": [
            "「死亡是所有生命的终点」"
        ],
        "description": [
            "施加了术式的魔法卡片。被设计成了就算是",
            "不懂魔法的新手也能简单发动效果的形式"
        ],
        "ability": [
            "使用时、让死之恶魔的力量现世"
        ]
    },
    "60": {
        "name": [
            "节制"
        ],
        "subtitle": [
            "「深渊的潘多拉魔盒」"
        ],
        "description": [
            "施加了术式的魔法卡片。被设计成了就算是",
            "不懂魔法的新手也能简单发动效果的形式"
        ],
        "ability": [
            "使用时、在玩家附近位置召唤出奇怪的扭蛋机"
        ]
    },
    "61": {
        "name": [
            "恶魔"
        ],
        "subtitle": [
            "「永不熄灭的诅咒之炎」"
        ],
        "description": [
            "施加了术式的魔法卡片。被设计成了就算是",
            "不懂魔法的新手也能简单发动效果的形式"
        ],
        "ability": [
            "使用时、在指定地点燃起地獄火"
        ]
    },
    "62": {
        "name": [
            "塔"
        ],
        "subtitle": [
            "「深渊狂宴的邀请函」"
        ],
        "description": [
            "施加了术式的魔法卡片。被设计成了就算是",
            "不懂魔法的新手也能简单发动效果的形式"
        ],
        "ability": [
            "使用时、召唤出深渊方尖碑"
        ]
    },
    "63": {
        "name": [
            "星"
        ],
        "subtitle": [
            "「星乃归乡之道标」"
        ],
        "description": [
            "施加了术式的魔法卡片。被设计成了就算是",
            "不懂魔法的新手也能简单发动效果的形式"
        ],
        "ability": [
            "使用时、在玩家附近位置召唤出可以回到起始点的星之门"
        ]
    },
    "64": {
        "name": [
            "月"
        ],
        "subtitle": [
            "「背负变若的诅咒」"
        ],
        "description": [
            "施加了术式的魔法卡片。被设计成了就算是",
            "不懂魔法的新手也能简单发动效果的形式"
        ],
        "ability": [
            "使用时、对玩家赋予「变若之力」状态"
        ]
    },
    "65": {
        "name": [
            "日"
        ],
        "subtitle": [
            "「浴火重生」"
        ],
        "description": [
            "施加了术式的魔法卡片。被设计成了就算是",
            "不懂魔法的新手也能简单发动效果的形式"
        ],
        "ability": [
            "使用时，获得火鸟的祝福"
        ]
    },
    "66": {
        "name": [
            "审判"
        ],
        "subtitle": [
            "「细数你这家伙的罪恶吧！」"
        ],
        "description": [
            "施加了术式的魔法卡片。被设计成了就算是",
            "不懂魔法的新手也能简单发动效果的形式"
        ],
        "ability": [
            "使用时、朝指定方向发射变成其他生物的魔法矢"
        ]
    },
    "67": {
        "name": [
            "世界"
        ],
        "subtitle": [
            "「邀请你前往那个神秘的箱庭世界…」"
        ],
        "description": [
            "施加了术式的魔法卡片。被设计成了就算是",
            "不懂魔法的新手也能简单发动效果的形式"
        ],
        "ability": [
            "使用后重置掉落物相关事件的倒计时"
        ]
    },
    "70": {
        "name": [
            "杰克爆弹"
        ],
        "subtitle": [
            "「给我看这边啊…！」"
        ],
        "description": [
            "充满了狂热火元素的炼金炸弹，因为极不稳定的性质",
            "只是拿在手上也会马上被引爆",
            "在炎热环境中会瞬间被引爆！"
        ],
        "ability": ""
    },
    "71": {
        "name": [
            "冰霜杰克爆弹"
        ],
        "subtitle": [
            "「给我看这边啊…！」"
        ],
        "description": [
            "充满了严寒冰元素的炼金炸弹，因为极不稳定的性质",
            "只是拿在手上也会马上被引爆"
        ],
        "ability": ""
    },
    "72": {
        "name": [
            "猛毒杰克爆弹"
        ],
        "subtitle": [
            "「给我看这边啊…！」"
        ],
        "description": [
            "充满了剧毒的炼金炸弹，因为极不稳定的性质",
            "只是拿在手上也会马上被引爆"
        ],
        "ability": ""
    },
    "75": {
        "name": [
            "封存的时计"
        ],
        "subtitle": "",
        "description": [
            "一种特殊的魔法道具，内部封印着强力的时间术式",
            "只要将其打碎，便会瞬间释放出效果，令包括时间在内的一切事物",
            "在一定范围内停滞数秒"
        ],
        "ability": ""
    },
    "77": {
        "name": [
            "寿司布丁"
        ],
        "subtitle": "",
        "description": [
            "某只大恶魔的使魔，放飞它便能找到大恶魔的行踪",
            "但这到底是猫、寿司还是布丁呢？不管怎么说它都看起来很好吃…"
        ],
        "ability": ""
    },
    "86": {
        "name": [
            "肉排片"
        ],
        "subtitle": "",
        "description": [
            "从野兽身上狩取得到的肉片",
            "富含蛋白质，简单烤一下就会很香！"
        ],
        "ability": ""
    },
    "88": {
        "name": [
            "鸡腿肉"
        ],
        "subtitle": "",
        "description": [
            "从各种各样的鸟类身上狩取的腿肉",
            "肉质肥美，非常适合肉类菜肴"
        ],
        "ability": ""
    },
    "89": {
        "name": [
            "大块兽肉"
        ],
        "subtitle": "",
        "description": [
            "从魔物身上狩猎得到的肉。可以用来制作美味的肉料理",
            "魔物吃人、人吃魔物，这是自然而然的事情"
        ],
        "ability": ""
    },
    "90": {
        "name": [
            "小块兽肉"
        ],
        "subtitle": "",
        "description": [
            "从魔物身上狩猎得到的肉。可以用来制作美味的肉料理",
            "魔物吃人、人吃魔物，这是自然而然的事情"
        ],
        "ability": ""
    },
    "97": {
        "name": [
            "水怪的粘液"
        ],
        "subtitle": "",
        "description": [
            "水怪分泌的粘液，是炼金术中常用的材料",
            "有时也会作为润滑剂被使用"
        ],
        "ability": ""
    },
    "98": {
        "name": [
            "走路菇"
        ],
        "subtitle": "",
        "description": [
            "从走路菇魔物身上摘下的蘑菇，已经不会动弹了",
            "切开后和普通的蘑菇看起来没什么两样"
        ],
        "ability": ""
    },
    "100": {
        "name": [
            "史莱姆的粘液"
        ],
        "subtitle": "",
        "description": [
            "史莱姆分泌的粘液，是炼金术中常用的材料",
            "有时也会作为润滑剂被使用"
        ],
        "ability": ""
    },
    "101": {
        "name": [
            "苹果"
        ],
        "subtitle": "",
        "description": [
            "新鲜采摘的水果，充满了清凉感",
            "直接吃也有稍微回复体力的效果"
        ],
        "ability": ""
    },
    "102": {
        "name": [
            "咖喱块"
        ],
        "subtitle": "",
        "description": [
            "用异国的香辛料浓缩制成的辣味咖喱块",
            "和米饭的相性非常不错、也可以放入各种各样的食材"
        ],
        "ability": ""
    },
    "103": {
        "name": [
            "白米饭"
        ],
        "subtitle": "",
        "description": [
            "虽然很朴素，但是令人感到安心的白米饭",
            "可以直接吃，但也适合加入各种食材"
        ],
        "ability": ""
    },
    "104": {
        "name": [
            "胡萝卜"
        ],
        "subtitle": "",
        "description": [
            "常见的蔬菜，但在深渊中也能采集到就挺奇怪的",
            "要吃的话得好好料理一下"
        ],
        "ability": ""
    },
    "105": {
        "name": [
            "土豆"
        ],
        "subtitle": "",
        "description": [
            "常见的蔬菜，但在深渊中也能采集到就挺奇怪的",
            "要吃的话得好好料理一下"
        ],
        "ability": ""
    },
    "106": {
        "name": [
            "辣椒"
        ],
        "subtitle": "",
        "description": [
            "常见的蔬菜，但在深渊中也能采集到就挺奇怪的",
            "要吃的话得好好料理一下"
        ],
        "ability": ""
    },
    "107": {
        "name": [
            "番茄"
        ],
        "subtitle": "",
        "description": [
            "常见的蔬菜，但在深渊中也能采集到就挺奇怪的",
            "要吃的话得好好料理一下"
        ],
        "ability": ""
    },
    "108": {
        "name": [
            "香蕉"
        ],
        "subtitle": "",
        "description": [
            "新鲜采摘的水果，充满了清凉感",
            "直接吃也有稍微回复体力的效果"
        ],
        "ability": ""
    },
    "109": {
        "name": [
            "草莓"
        ],
        "subtitle": "",
        "description": [
            "新鲜采摘的水果，充满了清凉感",
            "直接吃也有稍微回复体力的效果"
        ],
        "ability": ""
    },
    "110": {
        "name": [
            "葡萄"
        ],
        "subtitle": "",
        "description": [
            "新鲜采摘的水果，充满了清凉感",
            "直接吃也有稍微回复体力的效果"
        ],
        "ability": ""
    },
    "111": {
        "name": [
            "菠萝"
        ],
        "subtitle": "",
        "description": [
            "新鲜采摘的水果，充满了清凉感",
            "直接吃也有稍微回复体力的效果"
        ],
        "ability": ""
    },
    "112": {
        "name": [
            "西瓜"
        ],
        "subtitle": "",
        "description": [
            "新鲜采摘的水果，充满了清凉感",
            "直接吃也有稍微回复体力的效果"
        ],
        "ability": ""
    },
    "113": {
        "name": [
            "意大利面"
        ],
        "subtitle": "",
        "description": [
            "柔韧有弹性的面条、什么料理都适合放进去",
            "浇上酱汁就可以很美味"
        ],
        "ability": ""
    },
    "114": {
        "name": [
            "番茄酱"
        ],
        "subtitle": "",
        "description": [
            "用番茄制成的酱汁、酸酸甜甜的",
            "但还是不去思考为什么怪物会掉落这个了…"
        ],
        "ability": ""
    },
    "115": {
        "name": [
            "小麦粉"
        ],
        "subtitle": "",
        "description": [
            "磨碎小麦制成的面粉，可用于多种料理"
        ],
        "ability": ""
    },
    "116": {
        "name": [
            "平菇"
        ],
        "subtitle": "",
        "description": [
            "在外面经常见到的普通蘑菇",
            "然而，在深渊中能发现它却很不寻常……"
        ],
        "ability": ""
    },
    "117": {
        "name": [
            "香菇"
        ],
        "subtitle": "",
        "description": [
            "在外面经常见到的普通蘑菇",
            "然而，在深渊中能发现它却很不寻常……"
        ],
        "ability": ""
    },
    "118": {
        "name": [
            "蟹味菇"
        ],
        "subtitle": "",
        "description": [
            "在外面经常见到的普通蘑菇",
            "然而，在深渊中能发现它却很不寻常……"
        ],
        "ability": ""
    },
    "119": {
        "name": [
            "紫丁香蘑"
        ],
        "subtitle": "",
        "description": [
            "在外面经常见到的普通蘑菇",
            "然而，在深渊中能发现它却很不寻常……"
        ],
        "ability": ""
    },
    "120": {
        "name": [
            "月夜茸"
        ],
        "subtitle": "",
        "description": [
            "在外面经常见到的普通蘑菇",
            "然而，在深渊中能发现它却很不寻常……"
        ],
        "ability": ""
    },
    "121": {
        "name": [
            "长裙竹荪"
        ],
        "subtitle": "",
        "description": [
            "在外面也不经常见到的高级蘑菇",
            "然而，在深渊中能发现它却很不寻常……"
        ],
        "ability": ""
    },
    "122": {
        "name": [
            "ASABA的草莓"
        ],
        "subtitle": [
		    "「唔唔…草莓……我的草莓……」"
		],
        "description": [
            "ASABA极为珍视、舍不得吃下的高品质草莓",
            "但即使拼命守护到最后，最终还是变成了战利品——"
        ],
        "ability": ""
    },
    "127": {
        "name": [
            "章鱼触手"
        ],
        "subtitle": "",
        "description": [
            "从海里捞到的断掉的章鱼触须，烤一下就会很香",
            "也可以和其他食材一起烹调"
        ],
        "ability": ""
    },
    "128": {
        "name": [
            "支配者の触手"
        ],
        "subtitle": [
            "「お兄ちゃん、これ何？きもいな…」"
        ],
        "description": [
            "支配者の切れた触手だ、まだ動いてて、生きてるみたい",
            "通常のものよりも遥かに強靭である"
        ],
        "ability": ""
    },
    "130": {
        "name": [
            "鲷鱼"
        ],
        "subtitle": "",
        "description": [
            "从海里捕获的新鲜鱼类，可以做成刺身",
            "也可以和其他食材一起烹调"
        ],
        "ability": ""
    },
    "131": {
        "name": [
            "金枪鱼"
        ],
        "subtitle": "",
        "description": [
            "从海里捕获的新鲜鱼类，可以做成刺身",
            "也可以和其他食材一起烹调"
        ],
        "ability": ""
    },
    "132": {
        "name": [
            "条石鲷"
        ],
        "subtitle": "",
        "description": [
            "从海里捕获的新鲜鱼类，可以做成刺身",
            "也可以和其他食材一起烹调"
        ],
        "ability": ""
    },
    "133": {
        "name": [
            "石斑鱼"
        ],
        "subtitle": "",
        "description": [
            "从海里捕获的新鲜鱼类，可以做成刺身",
            "也可以和其他食材一起烹调"
        ],
        "ability": ""
    },
    "134": {
        "name": [
            "秋刀鱼"
        ],
        "subtitle": "",
        "description": [
            "从海里捕获的新鲜鱼类，可以做成刺身",
            "也可以和其他食材一起烹调"
        ],
        "ability": ""
    },
    "135": {
        "name": [
            "甜虾"
        ],
        "subtitle": "",
        "description": [
            "从海里捕获的新鲜虾类，可以做成刺身",
            "也可以和其他食材一起烹调"
        ],
        "ability": ""
    },
    "136": {
        "name": [
            "大龙虾"
        ],
        "subtitle": "",
        "description": [
            "从海里捕获的新鲜龙虾，要小心被夹到手",
            "也可以和其他食材一起烹调"
        ],
        "ability": ""
    },
    "137": {
        "name": [
            "毛蟹"
        ],
        "subtitle": "",
        "description": [
            "从海里捕获的新鲜螃蟹，要小心被夹到手",
            "也可以和其他食材一起烹调"
        ],
        "ability": ""
    },
    "138": {
        "name": [
            "椰子蟹"
        ],
        "subtitle": "",
        "description": [
            "岸上捕获的新鲜螃蟹，要小心被夹到手",
            "也可以和其他食材一起烹调"
        ],
        "ability": ""
    },
    "142": {
        "name": [
            "鲑鱼"
        ],
        "subtitle": "",
        "description": [
            "从海里捕获的新鲜虾类，可以做成刺身",
            "也可以和其他食材一起烹调"
        ],
        "ability": ""
    },
    "143": {
        "name": [
            "帝王鲑"
        ],
        "subtitle": "",
        "description": [
            "从海里捕获的新鲜虾类，可以做成刺身",
            "也可以和其他食材一起烹调"
        ],
        "ability": ""
    },
    "153": {
        "name": [
            "很大的蛋"
        ],
        "subtitle": "",
        "description": [
            "从深渊里带回来的巨大的蛋。到底是什么生物的蛋呢",
            "并没有深入思考这个问题，反正都是蛋嘛"
        ],
        "ability": ""
    },
    "173": {
        "name": [
            "香蕉妖精"
        ],
        "subtitle": "",
        "description": [
            "……这到底是什么玩意？"
        ],
        "ability": ""
    },
    "175": {
        "name": [
            "苹果妖精"
        ],
        "subtitle": "",
        "description": [
            "……这到底是什么玩意？"
        ],
        "ability": ""
    },
    "190": {
        "name": [
            "百合同人本"
        ],
        "subtitle": [
            "「姐姐…我好像…再也离不开你了……」"
        ],
        "description": [
            "一本美术精良的同人志。",
            "但内容却是描绘两位美少女之间的禁忌之恋…",
            "情节之火热，甚至连纸张都散发出淡淡的粉色香气。"
        ],
        "ability": [
            "阅读后性欲上升！"
        ]
    },
    "191": {
        "name": [
            "萌萌同人本"
        ],
        "subtitle": [
            "「萌萌——哒~♡」"
        ],
        "description": [
            "充满了粉色泡泡和心形特效的同人志。",
            "主角们动不动就脸红心跳，甜到掉牙…",
            "据说看完后，整个人都会不自觉地发出「萌化了——」的呓语。"
        ],
        "ability": [
            "阅读后性欲上升！"
        ]
    },
    "192": {
        "name": [
            "猫娘同人本"
        ],
        "subtitle": [
            "「主人…喵~可以摸摸头吗？」"
        ],
        "description": [
            "散发着猫薄荷气息的同人志。",
            "描绘了猫耳少女撒娇打滚、尾巴轻晃的可爱日常…",
            "据说看完会忍不住开始思考要不要养一只会说「喵~」的老婆。"
        ],
        "ability": [
            "阅读后性欲上升！"
        ]
    },
    "197": {
        "name": [
            "红髓液"
        ],
        "subtitle": [
            "「此乃全然坚毅之大坚毅，渗透所有坚固之物，胜过任何精妙之物。」"
        ],
        "description": [
            "红化后的天上之石，如血液般流淌着",
			"尚不知道它的正确使用方法，但总之试试当作饮料喝下去吧…"
        ],
        "ability": [
            ""
        ]
    },
    "199": {
        "name": [
            "\\str[120]的「什么都行」券"
        ],
        "subtitle": [
            "「奖励券上有很多涂涂改改的痕迹…」"
        ],
        "description": [
            "为了表扬一直以来非常努力的\\str[121]、\\str[120]亲手画的奖励券",
            "凭着这张券就能随意向\\str[120]撒娇、不管是多么任性的请求都会被同意",
            "但就算没有这个，\\str[120]也一直都想多为\\str[121]做些什么——"
        ],
        "ability": ""
    },
    "200": {
        "name": [
            "茶会拍立得#1"
        ],
        "subtitle": [
            "「干什么啦、一直盯着这边看…！」"
        ],
        "description": [
            "记录了茶会的少女们日常生活的照片，但是…",
            "到底是谁拍下的这些照片呢？"
        ],
        "ability": ""
    },
    "201": {
        "name": [
            "茶会拍立得#2"
        ],
        "subtitle": [
            "「这就是兔子的示爱方式哦~」"
        ],
        "description": [
            "记录了茶会的少女们日常生活的照片，但是…",
            "到底是谁拍下的这些照片呢？"
        ],
        "ability": ""
    },
    "202": {
        "name": [
            "茶会拍立得#3"
        ],
        "subtitle": [
            "「……已经擦干净了吧？」"
        ],
        "description": [
            "记录了茶会的少女们日常生活的照片，但是…",
            "到底是谁拍下的这些照片呢？"
        ],
        "ability": ""
    },
    "203": {
        "name": [
            "茶会拍立得#4"
        ],
        "subtitle": [
            "「不、不好…药的效果太强烈了…！」"
        ],
        "description": [
            "记录了茶会的少女们日常生活的照片，但是…",
            "到底是谁拍下的这些照片呢？"
        ],
        "ability": ""
    },
    "204": {
        "name": [
            "茶会拍立得#5"
        ],
        "subtitle": [
            "「啊啊、主啊、请宽恕被金钱诱惑的我…」"
        ],
        "description": [
            "记录了茶会的少女们日常生活的照片，但是…",
            "到底是谁拍下的这些照片呢？"
        ],
        "ability": ""
    },
    "205": {
        "name": [
            "茶会拍立得#6"
        ],
        "subtitle": [
            "「汪呜…已经够了吧汪……」"
        ],
        "description": [
            "记录了茶会的少女们日常生活的照片，但是…",
            "到底是谁拍下的这些照片呢？"
        ],
        "ability": ""
    },
    "206": {
        "name": [
            "茶会拍立得#7"
        ],
        "subtitle": [
            "「欸嘿~♥什么都没看见吧？」"
        ],
        "description": [
            "记录了茶会的少女们日常生活的照片，但是…",
            "到底是谁拍下的这些照片呢？"
        ],
        "ability": ""
    },
    "207": {
        "name": [
            "茶会拍立得#8"
        ],
        "subtitle": [
            "「真是的、这个姿势总可以了吧？」"
        ],
        "description": [
            "记录了茶会的少女们日常生活的照片，但是…",
            "到底是谁拍下的这些照片呢？"
        ],
        "ability": ""
    },
    "208": {
        "name": [
            "茶会拍立得#9"
        ],
        "subtitle": [
            "「什么啊？一脸看笑话的样子…」"
        ],
        "description": [
            "记录了茶会的少女们日常生活的照片，但是…",
            "到底是谁拍下的这些照片呢？"
        ],
        "ability": ""
    },
    "209": {
        "name": [
            "茶会拍立得#10"
        ],
        "subtitle": [
            "「已经…没力气唱下去啦…！」"
        ],
        "description": [
            "记录了茶会的少女们日常生活的照片，但是…",
            "到底是谁拍下的这些照片呢？"
        ],
        "ability": ""
    },
    "210": {
        "name": [
            "茶会拍立得#11"
        ],
        "subtitle": [
            "「所以这就是你的新年愿望了？」"
        ],
        "description": [
            "记录了茶会的少女们日常生活的照片，但是…",
            "到底是谁拍下的这些照片呢？"
        ],
        "ability": ""
    },
    "211": {
        "name": [
            "茶会拍立得#12"
        ],
        "subtitle": [
            "「啊啊、红茶也开始变得甘甜起来了呢！」"
        ],
        "description": [
            "记录了茶会的少女们日常生活的照片，但是…",
            "到底是谁拍下的这些照片呢？"
        ],
        "ability": ""
    },
    "212": {
        "name": [
            "茶会拍立得#13"
        ],
        "subtitle": [
            "「毕竟是打工，真拿你没办法呢…」"
        ],
        "description": [
            "记录了茶会的少女们日常生活的照片，但是…",
            "到底是谁拍下的这些照片呢？"
        ],
        "ability": ""
    },
    "213": {
        "name": [
            "茶会拍立得#14"
        ],
        "subtitle": [
            "「啊啦、不敲门就进来了呢~」"
        ],
        "description": [
            "记录了茶会的少女们日常生活的照片，但是…",
            "到底是谁拍下的这些照片呢？"
        ],
        "ability": ""
    },
    "214": {
        "name": [
            "茶会拍立得#15"
        ],
        "subtitle": [
            "「这样吗…没听说过的忏悔方式呢…」"
        ],
        "description": [
            "记录了茶会的少女们日常生活的照片，但是…",
            "到底是谁拍下的这些照片呢？"
        ],
        "ability": ""
    },
    "215": {
        "name": [
            "茶会拍立得#16"
        ],
        "subtitle": [
            "「哈啊…哈啊…身体已经…！」"
        ],
        "description": [
            "记录了茶会的少女们日常生活的照片，但是…",
            "到底是谁拍下的这些照片呢？"
        ],
        "ability": ""
    },
    "216": {
        "name": [
            "茶会拍立得#17"
        ],
        "subtitle": [
            "「啊啊、主哟…请宽恕我…」"
        ],
        "description": [
            "记录了茶会的少女们日常生活的照片，但是…",
            "到底是谁拍下的这些照片呢？"
        ],
        "ability": ""
    },
    "217": {
        "name": [
            "茶会拍立得#18"
        ],
        "subtitle": [
            "「汪呜…已经够了吧汪呜…」"
        ],
        "description": [
            "记录了茶会的少女们日常生活的照片，但是…",
            "到底是谁拍下的这些照片呢？"
        ],
        "ability": ""
    },
    "218": {
        "name": [
            "茶会拍立得#19"
        ],
        "subtitle": [
            "「……喵？」"
        ],
        "description": [
            "记录了茶会的少女们日常生活的照片，但是…",
            "到底是谁拍下的这些照片呢？"
        ],
        "ability": ""
    },
    "219": {
        "name": [
            "茶会拍立得#20"
        ],
        "subtitle": [
            "「…哈啊？还没有擦干净吗？」"
        ],
        "description": [
            "记录了茶会的少女们日常生活的照片，但是…",
            "到底是谁拍下的这些照片呢？"
        ],
        "ability": ""
    },
    "220": {
        "name": [
            "茶会拍立得#21"
        ],
        "subtitle": [
            "「哈啊…第11首了……已经够了吧？」"
        ],
        "description": [
            "记录了茶会的少女们日常生活的照片，但是…",
            "到底是谁拍下的这些照片呢？"
        ],
        "ability": ""
    },
    "221": {
        "name": [
            "茶会拍立得#22"
        ],
        "subtitle": [
            "「怎么感觉视线越来越火热了…」"
        ],
        "description": [
            "记录了茶会的少女们日常生活的照片，但是…",
            "到底是谁拍下的这些照片呢？"
        ],
        "ability": ""
    },
    "222": {
        "name": [
            "茶会拍立得#23"
        ],
        "subtitle": [
            "「新年愿望第一天就实现了，开心了吧！？」"
        ],
        "description": [
            "记录了茶会的少女们日常生活的照片，但是…",
            "到底是谁拍下的这些照片呢？"
        ],
        "ability": ""
    },
    "223": {
        "name": [
            "茶会拍立得#24"
        ],
        "subtitle": [
            "「感受到兔子的爱意了吗~♥」"
        ],
        "description": [
            "记录了茶会的少女们日常生活的照片，但是…",
            "到底是谁拍下的这些照片呢？"
        ],
        "ability": ""
    },
    "224": {
        "name": [
            "茶会拍立得#25"
        ],
        "subtitle": [
            "「有只奇怪的兔子被遗弃了…」"
        ],
        "description": [
            "记录了茶会的少女们日常生活的照片，但是…",
            "到底是谁拍下的这些照片呢？"
        ],
        "ability": ""
    },
    "225": {
        "name": [
            "茶会拍立得#26"
        ],
        "subtitle": [
            "「差点暴露了…」"
        ],
        "description": [
            "记录了茶会的少女们日常生活的照片，但是…",
            "到底是谁拍下的这些照片呢？"
        ],
        "ability": ""
    },
    "226": {
        "name": [
            "茶会拍立得#27"
        ],
        "subtitle": [
            "「不敲门就进来…是想做什么吗~♥」"
        ],
        "description": [
            "记录了茶会的少女们日常生活的照片，但是…",
            "到底是谁拍下的这些照片呢？"
        ],
        "ability": ""
    },
    "227": {
        "name": [
            "茶会拍立得#28"
        ],
        "subtitle": [
            "「好奇怪…系不上了…」"
        ],
        "description": [
            "记录了茶会的少女们日常生活的照片，但是…",
            "到底是谁拍下的这些照片呢？"
        ],
        "ability": ""
    },
    "228": {
        "name": [
            "茶会拍立得#29"
        ],
        "subtitle": [
            "「……没人盯着这边看吧？」"
        ],
        "description": [
            "记录了茶会的少女们日常生活的照片，但是…",
            "到底是谁拍下的这些照片呢？"
        ],
        "ability": ""
    },
    "229": {
        "name": [
            "茶会拍立得#30"
        ],
        "subtitle": [
            "「欸嘿~♥什么也没发生哟？」"
        ],
        "description": [
            "记录了茶会的少女们日常生活的照片，但是…",
            "到底是谁拍下的这些照片呢？"
        ],
        "ability": ""
    },
    "230": {
        "name": [
            "茶会拍立得#31"
        ],
        "subtitle": [
            "「唔嗯…红茶变得更加甘甜了……！」"
        ],
        "description": [
            "记录了茶会的少女们日常生活的照片，但是…",
            "到底是谁拍下的这些照片呢？"
        ],
        "ability": ""
    },
    "231": {
        "name": [
            "茶会拍立得#32"
        ],
        "subtitle": [
            "「虽然是在打工没办法，但就这一次哦？」"
        ],
        "description": [
            "记录了茶会的少女们日常生活的照片，但是…",
            "到底是谁拍下的这些照片呢？"
        ],
        "ability": ""
    },
    "232": {
        "name": [
            "茶会拍立得#33"
        ],
        "subtitle": [
            "「请、请不要乱触碰商品呢！」"
        ],
        "description": [
            "记录了茶会的少女们日常生活的照片，但是…",
            "到底是谁拍下的这些照片呢？"
        ],
        "ability": ""
    },
    "233": {
        "name": [
            "茶会拍立得#34"
        ],
        "subtitle": [
            "「嚼嚼嚼…马马虎虎吧…」"
        ],
        "description": [
            "记录了茶会的少女们日常生活的照片，但是…",
            "到底是谁拍下的这些照片呢？"
        ],
        "ability": ""
    },
    "234": {
        "name": [
            "茶会拍立得#35"
        ],
        "subtitle": [
            "「主人？请不要在这时候捉弄人了…」"
        ],
        "description": [
            "记录了茶会的少女们日常生活的照片，但是…",
            "到底是谁拍下的这些照片呢？"
        ],
        "ability": ""
    },
    "235": {
        "name": [
            "茶会拍立得收藏集"
        ],
        "subtitle": [
            "「软呼呼可爱的女孩子♥ 每一张都好想抱回家——！」"
        ],
        "description": [
            "专为收藏可爱少女的写真而定制的相册。",
            "翻开时还会飘出淡淡的红茶香气..."
        ],
        "ability": [
		    "拍立得收藏数：\\c[6]${QJ.MPMZ.tl.checkPolaroidCount()}\\c[0]/35"
		]
    },
    "236": {
        "name": [
            "茶会拍立得收藏集"
        ],
        "subtitle": [
            "「软呼呼可爱的女孩子♥ 每一张都好想抱回家——！」"
        ],
        "description": [
            "专为收藏可爱少女的写真而定制的相册。",
            "翻开时还会飘出淡淡的红茶香气..."
        ],
        "ability": [
		    "完全收集！幸运永久提升！"
		]
    },
    "311": {
        "name": [
            "蓝辉石"
        ],
        "subtitle": "",
        "description": [
            "散发着迷人光芒的蓝色宝石，虽然没有什么实用价值，",
            "但在某个角落，或许有人愿意为它支付高昂的价格……又或者另有所图？"
        ],
        "ability": ""
    },
    "312": {
        "name": [
            "魔力小凝胶"
        ],
        "subtitle": "",
        "description": [
            "纯粹由纯净的魔力凝固而成的胶状物质",
            "可以食用，但根据魔法素养的差异，感受到的味道似乎区别很大？",
            "最常见的用途还是作为构筑魔法的耗材而使用"
        ],
        "ability": ""
    }
}