﻿{
  "3": {
    "0": [
      "saya kembali."
    ],
    "1": [
      "\\nl< >\\str[121]? Anda kembali lebih awal hari ini."
    ],
    "2": [
      "Ya, aku merasa sedikit lelah hari ini,",
      "jadi aku tidak memaksakan diri untuk menjelajah…"
    ],
    "3": [
      "\\nl< >Ini yang… disebut May Sickness, kan?"
    ],
    "4": [
      "Mungkin…? Tapi sekarang sudah pertengahan musim panas."
    ],
    "5": [
      "\\nl< >Saya sering merasakan hal yang sama…",
      "Saya pikir ini masih siang, tetapi ketika saya bangun,",
      "\\str[121] sudah membuat makan malam…"
    ],
    "6": [
      "...Bukankah itu hanya tidur berlebihan?"
    ],
    "7": [
      "\\nl< >Terkadang menyenangkan untuk bersantai, \\str[121].",
      "Ayo bermain denganku!"
    ],
    "8": [
      "\\nl< >Istirahat yang cukup juga penting,",
      "jadi berhati-hatilah lain kali."
    ],
    "9": [
      "\\nl< >Saya mengerti,",
      "kalau begitu biarkan aku memijatmu, \\str[121]!"
    ],
    "10": [
      "Ya, ada banyak waktu—mari kita bersantai dan istirahat hari ini."
    ],
    "11": [
      "Anda benar, masih banyak waktu—mari kita bersantai dan istirahat hari ini."
    ],
    "12": [
      "l< >Lalu kenapa kamu tidak mencoba tidur siang juga, \\str[121]…",
      "rasanya enak sekali, tahu?"
    ],
    "13": [
      "Pada akhirnya, saya tidur siang dengan \\str[120] sampai matahari terbenam."
    ],
    "14": [
      "Saya menghabiskan sepanjang hari bermain game dengan \\str[120]."
    ],
    "15": [
      "Saya menghabiskan hari santai dengan \\str[120]."
    ],
    "16": [
      "\\str[120] dengan antusias memijat saya untuk waktu yang lama,",
      "dan karena rasanya sangat menyenangkan, saya tertidur…"
    ]
  },
  "9": {
    "0": [
      "Sentuhan hangat di pelukanku selalu mengingatkanku bahwa aku memiliki obat yang kuimpikan.",
      "Namun pengalaman tidak nyata ini masih membuat saya sulit untuk melepaskannya."
    ],
    "1": [
      "Terhubung ke kartu Bintang Tarot di depan pintu Anda.",
      "Ini adalah salah satu barang peninggalan ayah saya.",
      "Meskipun ayah saya telah mencari cara untuk mengembalikan \\str[120] ke normal,",
      "Tapi kenapa...bereaksi begitu mudah..."
    ],
    "2": [
      "Tidak peduli bagaimana Anda memikirkannya, Anda tidak dapat mencapai kesimpulan apa pun, dan tidak ada gunanya memikirkannya.",
      "Hasilnya, saya sudah mendapat cairan sumsum merahnya. Biarkan \\str[120] mencobanya jika saya punya kesempatan."
    ],
    "3": [
      "Warnanya seperti jus stroberi,",
      "Mungkin rasanya sama dengan susu strawberry yang dia suka..."
    ],
    "4": [
      "\\nl< >Selamat datang di rumah, \\str[121]."
    ],
    "5": [
      "\\nl< >Aku sudah lapar..."
    ],
    "6": [
      "Aku tahu, aku tahu, aku akan segera menyiapkan makan malam."
    ],
    "7": [
      "Dia dengan lembut menyentuh kepala \\str[120] dan menghiburnya beberapa kata.",
      "Oke – apa yang harus dilakukan selanjutnya?"
    ],
    "8": [
      "menyiapkan makan malam",
      "pergi ke toilet"
    ],
    "9": [
      "Ya, ini sudah larut, aku harus menyiapkan makan malam."
    ],
    "10": [
      "Apa yang ingin kamu makan malam ini?"
    ],
    "11": [
      "\\nl< >\\{Hidangan daging sudah siap!"
    ],
    "12": [
      "Hmm...jawaban yang diharapkan...",
      "Sepertinya saya masih harus mencari kesempatan untuk berbicara dengan \\str[120] tentang pentingnya pola makan seimbang."
    ],
    "13": [
      "Hmm, aku agak ingin ke toilet..."
    ],
    "14": [
      "Maaf, harap tunggu sebentar dan siapkan makan malam nanti."
    ],
    "15": [
      "\\nl< >Saya mengerti."
    ]
  },
  "13": {
    "0": [
      "\\nl< >\\str[121]Seperti yang dijanjikan hari ini, saya tidak membuat kesalahan. Itu bagus!",
      "Saya ingin memuji \\str[121] yang bekerja keras!"
    ],
    "1": [
      "\\nl< >\\str[121] juga memenuhi janjinya hari ini. Ini adalah pujian hari ini!"
    ],
    "2": [
      "\\nl< >\\str[121] telah bekerja keras akhir-akhir ini. Ini adalah pujian hari ini——"
    ],
    "3": [
      "\\nl< >Sebentar lagi sebulan,",
      "\\str[121]Terima kasih atas kerja keras Anda. Ayolah, ini pujian hari ini——"
    ],
    "4": [
      "\\nl< >\\str[121]! Hebat, sudah sebulan!",
      "\\str[121]Sungguh menakjubkan!"
    ],
    "5": [
      "\\nl< >Bagaimanapun, ini adalah pujian terakhir!"
    ],
    "6": [
      "\\nl< >Oke! Selesai!",
      "Ini bukti kalau \\str[121] itu anak baik!",
      "Anda tidak diperbolehkan mencucinya hari ini!"
    ],
    "7": [
      "Saya melihat tangan kanan saya dan \\str[120] menggambar pola lucu di punggung tangan saya dengan kuas."
    ],
    "8": [
      "Ini benar-benar sebuah pujian yang luar biasa...tapi..."
    ],
    "9": [
      "\\nl< >Eh? \"Apakah ada imbalan khusus jika terus mengumpulkan\"?",
      "…\\str[121]Apakah Anda ingin lebih banyak pujian?"
    ],
    "10": [
      "l< >Hmm... Lalu \\str[121] terus seperti ini selama sebulan,",
      "Izinkan saya memberi Anda hadiah yang lebih istimewa..."
    ],
    "11": [
      "\\nl< >Karena saya terlalu malu, saya belum bisa memberi tahu Anda apa hadiahnya..."
    ],
    "12": [
      "Awalnya itu hanya lelucon,",
      "Namun \\str[120] sepertinya serius mempertimbangkan hadiah spesial apa pun.",
      "Saya merasa lebih termotivasi!"
    ],
    "13": [
      "\\nl< >Hadiah spesial masih dirahasiakan, saya tidak bisa memberi tahu \\str[121] sekarang...!"
    ],
    "14": [
      "\\nl< >Ayo, \\str[121]! Sesuai kesepakatan, ini adalah hadiah spesial untuk Anda!"
    ],
    "15": [
      "\\nl< >Hehe...ini kupon \"apa saja\" yang saya buat."
    ],
    "16": [
      "\\nl< >\\str[121] selalu demi kepentinganku, tapi sebagai \\str[120],",
      "Saya juga berharap \\str[121] dapat melepaskan beban tersebut dan beristirahat dengan baik..."
    ],
    "17": [
      "\\nl< >Jadi, \\str[121] bisa menggunakan ini untuk bertindak genit!",
      "Anda bisa meminta apa saja, \\str[121] pikirkan saja untuk bersantai!"
    ],
    "18": [
      "\\nl< >Eh!? \\w[30]",
      "\"Bolehkah melakukan hal-hal cabul...?\"",
      "Itu, itu..."
    ],
    "19": [
      "\\nl< >Oke...jika \\str[121] ingin melakukan hal semacam ini,",
      "aku tidak akan menolak..."
    ],
    "20": [
      "\\nl< >Lagipula, \\str[121] hanya menindas orang sepanjang waktu..."
    ],
    "21": [
      "\\>Menerima \\str[120] dari \\ii[199]! \\w[60]",
      "\\>Anda dapat membuat permintaan centil ke \\str[120]! \\w[60]"
    ]
  },
  "15": {
    "0": [
      "…Aku kembali."
    ],
    "1": [
      "aku menyapa dengan lemah,",
      "dan begitu aku melangkah masuk,",
      "rasa panas yang membara di sekujur tubuhku seketika memudar.",
      "Cuaca yang buruk… tak disangka cuaca bisa sepanas ini…"
    ],
    "2": [
      "—Hm? Itu aneh."
    ],
    "3": [
      "Saya menyadari \\str[120] tidak datang untuk menyambut saya seperti biasanya.",
      "Apakah dia masih tidur?"
    ],
    "4": [
      "\\nl< >\\str[121], selamat datang di rumah…"
    ],
    "5": [
      "Hanya mengenakan T-shirt,",
      "\\str[120] berjalan keluar dengan lesu untuk menyambutku,",
      "jelas sekali panasnya juga membuatnya lelah…"
    ],
    "6": [
      "\\nl< >\\{Panas sekali…!",
      "\\w[40]\\^"
    ],
    "7": [
      "\\nl< >\\str[121], badanmu panas sekali…!"
    ],
    "8": [
      "Menatap tubuhku yang masih mengepul karena panas,",
      "untuk sesaat aku bahkan merasa seperti akan meledak…"
    ],
    "9": [
      "\\nl< >\\str[121], selamat datang di rumah… \\w[60]",
      "Pasti panas sekali di luar, ya?"
    ],
    "10": [
      "Ya, rasanya seperti berada di dalam oven… \\w[60]",
      "Ada apa dengan cuaca seperti ini…"
    ],
    "11": [
      "Tapi semuanya baik-baik saja sekarang!!    \\w[40]",
      "Ta-da! Aku punya penggemar untuk kita!"
    ],
    "12": [
      "\\nl< >Bagus sekali! Cepat, cepat!   \\w[60]",
      "Siapkan sekarang juga!"
    ],
    "13": [
      "\\nl< >Aku sudah menyiapkan kipas angin dan es lolinya, ayo!"
    ],
    "14": [
      "Ohhh—!"
    ],
    "15": [
      "Pulang ke tempat sejuk dengan es loli untuk dimakan,",
      "perasaan ini tidak terlalu buruk sama sekali…"
    ],
    "16": [
      "Setelah menunggu beberapa saat, \\str[120] masih belum keluar.",
      "Aneh… mungkinkah dia masih tidur siang?"
    ],
    "17": [
      "Apa yang harus saya lakukan…"
    ],
    "18": [
      "Menyelinap",
      "Hubungi \\str[120]"
    ],
    "19": [
      "Baiklah! Aku akan diam-diam menyelinap ke kamarnya,",
      "sayang sekali jika aku membangunkannya saat dia sedang tidur siang."
    ],
    "20": [
      "\\{Aku pulangー!"
    ],
    "21": [
      "Aku berseru dengan santai,",
      "dan tak lama kemudian aku bisa mendengarnya",
      "langkah kaki tergesa-gesa turun ke bawah."
    ],
    "22": [
      "…Wow, secepat itu?"
    ],
    "23": [
      "\\nl< >\\str[121]!?",
      "Anda kembali sangat awal hari ini—"
    ],
    "24": [
      "Mungkin karena dia berlari,",
      "Pipi \\str[120] memerah dan dia",
      "pernapasan sangat cepat dan tidak merata."
    ],
    "25": [
      "………Hah?    \\w[45]",
      "\\str[120], mungkinkah kamu—"
    ],
    "26": [
      "\\nl< >Eek!?"
    ],
    "27": [
      "Tadi kamu diam-diam makan keripik, kan!?",
      "Lihat, ada remah-remah di sudut mulutmu!"
    ],
    "28": [
      "\\nl< >Eh… ah… \\w[45] umm… ya, benar, \\w[45]",
      "ehehe… Saya sedang ngemil sedikit… \\w[45]"
    ],
    "29": [
      "\\str[120] merasa canggung dengan alasannya,",
      "dan itu terlihat lebih mencurigakan…"
    ],
    "30": [
      "\\nl< >Baiklah, baiklah, aku juga punya porsi untukmu,",
      "Ayo makan bersama…!"
    ],
    "31": [
      "Tidak memberiku kesempatan untuk menanyainya lebih jauh,",
      "\\str[120] menyelinap pergi."
    ],
    "32": [
      "Kembali ke pintu masuk, pikiranku terus tertuju",
      "mengulangi gambaran sosok Imouto yang ceroboh dan terbuka.     \\w[60]",
      "…Yah, ini musim panas."
    ],
    "33": [
      "Ahem ahem… \\w[60]\\{",
      "Aku pulangー!"
    ],
    "34": [
      "Aku berpura-pura tidak memperhatikan apa pun",
      "saat aku memanggil \\str[120] di dalam."
    ]
  }
}