﻿{
  "2": {
    "0": [
      "Setelah melangkah ke Gerbang Bintang,",
      "pecahan batu di ranselku tiba-tiba",
      "memancarkan gelombang panas yang hebat.",
      " ",
      "Saya buru-buru mengeluarkan pecahan itu, hanya untuk menemukannya",
      "bahwa apa yang selama ini tenang dan stabil",
      "waktu telah mulai mengalami transformasi—"
    ],
    "1": [
      "A-Apa ini..."
    ],
    "2": [
      "Saya tidak tahu apa yang baru saja terjadi.",
      "Batu itu tiba-tiba mulai bersinar",
      "seperti orang gila di bawah denyut aneh itu..."
    ],
    "3": [
      "Pada saat berikutnya,",
      "batu itu tiba-tiba mulai meleleh—"
    ],
    "4": [
      "Ah… aaah!?   \\w[60]",
      "Tidak, tidak—itu akan tumpah!!"
    ],
    "5": [
      "Saat batu itu berputar secara tak terduga dan cepat",
      "menjadi cair, aku dengan panik mengobrak-abrik milikku",
      "ranselnya dan mengeluarkan botol kaca, dengan tergesa-gesa",
      "mengumpulkan cairan merah yang masih menempel di tanganku."
    ],
    "6": [
      "…………",
      "…………"
    ],
    "7": [
      "Mungkinkah ini Elixir Rubrum milikku",
      "ayah menyebutkan...?",
      "Tapi kenapa dia bereaksi di dalam gerbang ini...?"
    ]
  }
}