﻿{
  "2": {
    "0": [
      "\\nl< >\\str[121]... bertahanlah... \\w[90]",
      "Anda pasti akan menjadi lebih baik."
    ],
    "1": [
      "Apa yang akan terjadi pada martabatku sebagai dia \\str[121]..."
    ],
    "2": [
      "\\nl< >\\str[121]... jangan sedih."
    ],
    "3": [
      "\\nl< >\\{Wasir\\}? Itu pasti disebabkan oleh kebiasaan buruk..."
    ],
    "4": [
      "Ini buruk. Kesalahpahaman semakin memburuk—"
    ],
    "5": [
      "Ah, itu sebabnya aku tidak—",
      "\\w[45]\\^"
    ],
    "6": [
      "\\nl< >\\{ Mungkinkah ini sesuatu yang lebih serius!?"
    ],
    "7": [
      "Maaf, itu hanya wasir."
    ],
    "8": [
      "Jadi, alasanku menghabiskan waktu terlalu lama di toilet",
      "secara resmi diputuskan…"
    ],
    "9": [
      "\\nl< >…Jadi itu benar-benar sembelit?"
    ],
    "10": [
      "Tidak bagus—",
      "\\str[120] mulai salah paham."
    ],
    "11": [
      "Ya ampun \\str[120], \\str[121] kamu",
      "hanya memikirkan pemikiran yang mendalam, kau tahu?"
    ],
    "12": [
      "\\nl< >Begitu...! Luar biasa, \\str[121]."
    ],
    "13": [
      "Luar biasa, bukan?",
      "\\str[121] Anda baru saja naik ke mode bijak untuk sementara."
    ],
    "14": [
      "Pokoknya, ayo mulai membuat makan malam!"
    ],
    "15": [
      "\\nl< >\\str[121], kamu lama sekali berada di toilet lagi."
    ],
    "16": [
      "Bahkan tidak dapat disangkal... Aku benar-benar berada di sana selamanya..."
    ],
    "17": [
      "Ehem…! Itu tidak penting saat ini,",
      "ayo, kita mulai makan malamnya!"
    ],
    "18": [
      "\\nl< >Sangat mencurigakan…"
    ],
    "19": [
      "\\nl< >Kamu lambat sekali, \\str[121]! Apakah kamu sembelit?!"
    ],
    "20": [
      "Ahahaha… tidak mungkin…"
    ],
    "21": [
      "Anda sudah lapar, bukan?",
      "Oke, mari kita mulai makan malam—!!"
    ]
  },
  "4": {
    "0": [
      "Saya ingin menghibur \\str[120] sedikit lagi,",
      "tapi aku diusir dari kamar."
    ],
    "1": [
      "Oh baiklah, kurasa aku akan tidur saja dulu—",
      "Aku akan memikirkan sesuatu besok..."
    ]
  },
  "6": {
    "0": [
      "Fiuh... untung aku tidak mempermalukan diriku sendiri",
      "di depan \\str[120]...",
      "Tetapi---"
    ],
    "1": [
      "\\{Ugh——— \\w[60]"
    ],
    "2": [
      "Ini lebih buruk dari yang kukira...",
      "Apakah ini sudah berlangsung selama lebih dari setengah jam sekarang...?"
    ],
    "3": [
      "Rasanya seluruh tubuhku terkuras...",
      "Mungkin memang ada sesuatu yang salah",
      "dengan makan malam?"
    ],
    "4": [
      "\\nl< >\\str[121]... kamu baik-baik saja...?",
      "Aku mendengar... suara-suara yang sangat menakutkan..."
    ],
    "5": [
      "Ahaha… mungkin aku makan sesuatu yang buruk…",
      "Jangan mendekat… berbahaya di sini…"
    ],
    "6": [
      "Saya mendengar suara khawatir \\str[120] dari",
      "di luar pintu. Sebanyak yang saya inginkan",
      "cepat keluar dari sini, bahkan dengan kekuatan untuk itu",
      "berdiri menjauh dariku..."
    ],
    "7": [
      "\\ {Uooohhhh— \\w[60]"
    ],
    "8": [
      "saya tidak bisa…",
      "Itu tidak akan berhenti..."
    ],
    "9": [
      "\\nl< >\\str[121]… apakah kamu masih di dalam?"
    ],
    "10": [
      "\\nl< >U-um... sebenarnya...",
      "Aku juga perlu ke toilet..."
    ],
    "11": [
      "\\ {Gwoopaahh awh {\\w[60]"
    ],
    "12": [
      "\\{T-belum—",
      "Aku masih... tidak bisa keluar—!"
    ],
    "13": [
      "\\nl< >Eh... sudah sepuluh menit lagi...\\w[120]",
      "Aku... aku benar-benar harus pergi juga..."
    ],
    "14": [
      "UwoodAno WHHH",
      "I-itu tidak akan berhenti—!"
    ],
    "15": [
      "\\nl< >\\str[121]... sudah..."
    ],
    "16": [
      "UWAYAAAOOOOOOOOOOOOOOOOOOOOOOOOOOOOOOOOOI-"
    ],
    "17": [
      "\\nl< >Uwaaaahhh——!",
      "Aku tidak tahan lagi...!"
    ],
    "18": [
      "Uwaaaaahhhhhhhh——!",
      "Uwooohhhhhhhh——!"
    ],
    "19": [
      "Malam itu, dari sebuah rumah yang tidak dikenal,",
      "terdengar auman binatang buas yang kesakitan,",
      "bercampur dengan tangisan yang memerah",
      "dan erangan yang tak terlukiskan."
    ],
    "20": [
      "Terkadang rendah seperti perjuangan binatang yang sekarat,",
      "terkadang tajam seperti jeritan gadis pemalu,",
      "mereka berbaur menjadi kacau dan ambigu,",
      "simfoni."
    ],
    "21": [
      "Sementara itu, jauh di tengah malam,",
      "bahkan para petualang masih bertarung",
      "tepi jurang bergetar,",
      "secara naluriah berhenti dengan pedang di tangan,",
      "bertukar pandang, bertanya-tanya sebentar",
      "jika di suatu tempat dalam bayang-bayang, yang baru dan",
      "makhluk jurang tak dikenal telah lahir."
    ]
  }
}