﻿{
  "1": {
    "0": [
      "Sekarang adalah era bertahun-tahun setelahnya",
      "Raja Iblis dikalahkan oleh Pahlawan."
    ],
    "1": [
      "Pahlawan dan Sage yang dulunya terkenal,",
      "legenda mereka kini tidak ada lagi",
      "daripada dongeng yang digunakan orang dewasa untuk memarahi anak-anak."
    ],
    "2": [
      "Ini adalah nama yang diberikan untuk labirin raksasa misterius",
      "yang tiba-tiba muncul ke permukaan sepuluh tahun lalu."
    ],
    "3": [
      "Kedalamannya yang tampaknya tak ada habisnya,",
      "daerah yang dipenuhi dengan berbagai reruntuhan,",
      "dan monster berkembang biak dengan cepat di bawah kekuatan magisnya."
    ],
    "4": [
      "Dengan Raja Iblis yang tidak lagi mengancam umat manusia,",
      "kelahiran tiba-tiba dari labirin yang tidak diketahui ini,",
      "seketika menghancurkan kedamaian singkat di dunia manusia."
    ],
    "5": [
      "Guild Petualang mengorganisir banyak tim eksplorasi",
      "untuk menyelidikinya, tetapi mereka tidak pernah membuat kemajuan yang berarti.",
      "Namun, labirin tidak pernah menunjukkan niat untuk menyerang",
      "atau menyerang dunia luar."
    ],
    "6": [
      "Penguasa lokal dan berbagai kekuatan,",
      "semua mencoba memberi nama dan mengelola labirin."
    ],
    "7": [
      "Namun semua nama itu terlupakan seiring berjalannya waktu,",
      "dan pada akhirnya, hanya 'Abyss' yang tersisa,",
      "tertanam kuat dalam ingatan orang-orang."
    ],
    "8": [
      "Karena labirin tidak menunjukkan tanda-tanda",
      "berkembang untuk mengkonsumsi dunia,",
      "Guild Petualang akhirnya memutuskan——",
      "membuka hak eksplorasinya kepada masyarakat."
    ],
    "9": [
      "Jadi, profesi yang pernah terlupakan,",
      "'petualang',",
      "menyambut era baru yang penuh kejayaan dan semangat."
    ],
    "10": [
      "Dan di labirin besar terakhir ini,",
      "Aku hanya punya satu tujuan——",
      "untuk menemukan cara untuk sepenuhnya menyembuhkan kondisi \\str[120]ku———"
    ]
  },
  "4": {
    "0": [
      "Ayah saya adalah seorang alkemis yang brilian."
    ],
    "1": [
      "Bahkan di era damai dimana tidak perlu lagi melawan iblis,",
      "dia masih aktif memecahkan beberapa misteri alkimia."
    ],
    "2": [
      "maafkan aku… tentang ibumu…"
    ],
    "3": [
      "Saya sudah mencoba segalanya…",
      "Tetapi…!"
    ],
    "4": [
      "Namun pria ini, yang dikagumi oleh semua orang,",
      "sekarang berlutut dengan lemah di tanah,",
      "berulang kali meminta maaf",
      "untuk aku yang masih muda."
    ],
    "5": [
      "Cengkeramannya di bahuku semakin erat,",
      "dan aku tidak bisa menahan tangisnya.",
      "Mungkin menyadari dia kehilangan kendali,",
      "dia perlahan mengendurkan tangannya dan dengan lembut menepuk kepalaku."
    ],
    "6": [
      "Tidak apa-apa sekarang… ini salah Ayah,",
      "Aku seharusnya tidak menyerah begitu saja…"
    ],
    "7": [
      "Kamu anak yang baik,",
      "kamu tidak harus menanggung semua ini…",
      "serahkan sisanya pada Ayah."
    ],
    "8": [
      "Itu benar… meskipun itu harus mengorbankan segalanya… aku harus…"
    ],
    "9": [
      "Suaranya mulai bergetar,",
      "apakah dia takut pada sesuatu?"
    ],
    "10": [
      "Saat itu aku tidak mengerti satupun,",
      "tapi aku ingat setelah hari itu,",
      "dia tidak pernah kembali menjadi ayah yang baik dan lembut yang pernah kukenal."
    ]
  }
}