{
  "1": {
        "0": [
            "Even though we agreed to take a bath together, ",
			"we were both still a little shy,",
			"so even though we were about to see each other naked, ",
			"we both wrapped ourselves in towels and walked into the bathroom."
		],
		"1": [
            "\\nl< >\"Rock, paper, scissors, shoot!    \\w[120]",
			"Ehehe~ I won today!\""
        ],
		"2": [
            "\"Rock, paper, scissors, shoot!    \\w[120]",
			"Yes! I won!\""
        ],		
        "3": [
		    "Since I lost the game,",
			"I had no choice but to quietly wait in the tub ",
			"while \\str[120] finished washing."
        ],
        "4": [
		    "Since I won the game,",
			"I got to take a shower first today.",
			"Meanwhile, \\str[120] sat in the tub, looking a bit bored."
        ],
        "5": [
		    "After taking a quick shower,",
			"I sat down in the tub and quietly waited for \\str[120] to finish."
        ],
        "6": [
		    "Watching \\str[120] washing her hair a bit nervously,",
			"I couldn’t help but feel the urge to go help her…"
        ],		
        "7": [
		    "Watching \\str[120] wiping her body a bit nervously,",
			"I couldn’t help but feel the urge to go help her…"
        ],
        "8": [
		    "Help her",
			"Forget it"
        ],
        "9": [
		    "I tried asking \\str[120] if she wanted me to help wash her hair—"
        ],
        "10": [
		    "I tried asking \\str[120] if she wanted me to help wash her back—"
        ],		
        "11": [
		    "\\nl< >\"Eh—?",
			"It’s fine, I can do it myself! ",
			"\\str[121], you’re so clumsy,",
			"you’d totally mess it up!\""
        ],		
        "12": [
		    "Ugh… \\str[120] turned me down.",
			"Maybe I’ll have to wait until we’re a bit closer before trying again."
        ],		
        "13": [
		    "\\str[120] is growing up, ",
			"and I guess she doesn’t like being treated like a kid anymore.",
			"Better not push it…"
        ],
		"14": [
            "After \\str[120] carefully finished her bath,",
			"it was my turn to take a shower."
        ],
		"15": [
            " ",
			" "
        ],
		"16": [
            "\\nl< >\"...\\str[121], move over a little...\""
        ],	
		"17": [
            "\\nl< >\"Then I’m coming in too...\""
        ],	
		"18": [
            "\\nl< >\"I’m getting in now... ",
			"\\str[121], don’t look this way just yet...\""
        ],	
		"19": [
            "\\str[120] sat across from me, hugging her legs a bit shyly.",
			"As expected, this bathtub really is a little too small for two people..."
        ],	
		"20": [
            "\"……说起来我之前把那东西捡回来了呢。\""
        ],	
        "21": [
            "\"...Oh right, I picked that thing up earlier.\""
        ],	
        "22": [
            "I carefully washed the rubber duck clean and gently placed it in the tub.",
			"It floated quietly on the water—peaceful and adorable."
        ],	
        "23": [
            "\"Mhm... the atmosphere feels so much nicer now.\""
        ],	
        "24": [
            "\\nl< >\"Waa~ what a cute ducky!",
			"Did you bring it back, \\str[121]?\""
        ],	
        "25": [
            "\"Yeah, it looked like it was washed down the river just like me.",
			"It seemed a little pitiful, so I took it home.\""
        ],	
        "26": [
            "\\nl< >\"Eh? The river...? Washed down?",
			"...You didn’t do something dangerous again, did you?\""
        ],	
        "27": [
            "\"Yeah, it was just sitting alone by the riverside,",
			"looked kinda sad, so I brought it back.\""
        ],	
        "28": [
            "\\nl< >\"Looks like our family’s got one more member now~\""
        ],	
        "29": [
            "Sit Together",
			"Squeeze Ducky",
			"Chat Idly"
        ],	
        "30": [
            "It’ll still take a while before our whole bodies are warmed up...",
			"Maybe I should do something with \\str[120] in the meantime?"
        ],	
        "31": [
            "I wish I could get a little closer to her...",
			"Thinking that, I carefully asked if I could move a bit closer."
        ],	
        "32": [
            "I just wanted to get a bit closer to her...!",
			"Thinking that, I asked with a smile if I could scoot a little nearer."
        ],	
        "33": [
            "Still wanting to get closer...!",
			"Thinking that, I shamelessly asked again if I could move closer."
        ],	
        "34": [
            "\\nl< >\"Eh...!?",
			"\\str[121], you’re getting carried away!\""
        ],	
        "35": [
            "\\nl< >\"...No way!",
			"\\str[121], your face is totally saying you’re about ",
			"to do something naughty...\""
        ],
        "36": [
            " ",
			" "
        ],
        "37": [
            "\\nl< >\"\\str[121], stop it!",
			"The ducky looks so pitiful!\""
        ],
        "38": [
            "\\nl< >\"\\str[121]? Why are you bullying the ducky like that?\""
        ],
        "39": [
            "Ugh... I got scolded by \\str[120] for squeezing the ducky too much."
        ],
        "40": [
            "Feeling a bit bored, I gave the ducky floating on the water a squeeze.",
			"It let out a slightly annoyed “pfffft—.”"
        ],
        "41": [
            "What should I talk about with \\str[120]...?"
        ],
        "42": [
            "Lewd Topics",
			"Casual Topics"
        ],		
        "43": [
            "\\nl< >\"I can’t wait to have some strawberry milk after the bath~\""
        ],		
        "44": [
            "\\nl< >\"\\str[121], have your muscles gotten more toned?\""
        ],		
        "45": [
            "\\nl< >\"It feels like the water’s even hotter when we bathe together~\""
        ],		
        "46": [
            "I chatted idly with \\str[120] for a while, ",
			"and our bodies gradually warmed up..."
        ],		
        "47": [
            "Yeah... times like this are perfect for spicing things up with a lewd topic!     \\w[45]",
			"Thinking that, I excitedly asked \\str[120] if she could ",
			"take off her towel."
        ],		
        "48": [
            "Yeah... times like this are perfect for spicing things up with a lewd topic!     \\w[45]",
			"Thinking that, I excitedly suggested to \\str[120] that ",
			"we talk about something naughty."
        ],		
        "49": [
            "\\nl< >\"...Lewd? I don’t really get it...",
			"So, what did \\str[121] want to say...?\""
        ],		
        "50": [
            "\\nl< >\"...Again? \\str[121], you’re such a tease—  \\w[120]",
			"So, what is it this time?\""
        ],	
        "51": [
            "Nude Life Style",
			"Sensitive Spots"		
        ],	
        "52": [
            "\\nl< >\"Geez, \\str[121]’s always picking on me!",
			"I’m leaving!\""		
        ],	
        "53": [
            "Ugh... Guess I took the joke a little too far—\\str[120] ran off, ",
			"blushing bright red..."		
        ],	
        "54": [
            "Phew... My body’s burning up; guess it’s about time to get out."		
        ],		
        "55": [
            "\\nl< >\"Geez... you’re not even trying to look away.",
			"\\str[121], you can totally see everything...\""
        ],		
        "56": [
            "\\nl< >\"Eh...? Why would you do that...?\""
        ],		
        "57": [
            "Just wanna see",
			"Look kinda weird",
			"You look hot"
        ],		
        "58": [
            "\\nl< >\"...Well, I guess that’s fine.\""
        ],		
        "59": [
            "\\nl< >\"\\str[121]... you’re always thinking about that kind of stuff.",
			"It’s really troubling, you know...\""
        ]		
   },	
  "2": {
        "0": [
            "\\nl< >\"Let’s start by washing your arm first…\""
		],
        "1": [
            "\\str[120] gently lifted my arm and placed it between her soft thighs.",
            "Both of our bodies were covered in body soap, ",
			"making our skin slick and smooth to the touch.",
			"\\w[60]  ",
            "She lightly pressed her legs together, and that soft, ",
			"rounded sensation transmitted vividly through my arm."
		],	
        "2": [
		    "Before I could say anything, ",
			"her thighs began to move—slowly, gently, back and forth,",
            "the touch of our skin rubbing together ",
			"growing clearer with every motion,",
			"and I could feel the subtle rhythm and warmth of her ",
			"body squeezing and releasing around my arm."
		],
        "3": [
            "Her sudden, daring action left me momentarily flustered, ",
			"unable to react right away. But the warm, ",
            "dreamlike softness around my arm drained any strength ",
			"I had to pull away.",
            "In the end, I gave up resisting and ",
			"let her continue her peculiar 'washing service.'"
		],
        "4": [
            "\\nl< >\"How is it... \\str[121]...♥",
			"Doesn’t it feel... cleaner than washing with your hand?\""
		],		
        "5": [
			"It feels nice",
			"It feels strange"
		],		
        "6": [
            "\\nl< >\"It feels strange...?",
			"Then... \\str[121], ",
			"will you teach me how I should do it~?\""
		],
        "7": [
            "\\nl< >\"...Strange? What’s strange about it?",
			"Your arm is all clean now, isn’t it, \\str[121]?\""
		],
        "8": [
            "\\nl< >\"What’s wrong, \\str[121]?",
			"Weren’t you the one who wanted me to help wash you?\""
		],
        "9": [
            "\\nl< >\"\\str[121], you don’t look very happy...",
			"Do you not like me helping you wash? ",
			"I’m being super serious~",
			"about helping you right now, you know~?\""
		],		
        "10": [
            "\\nl< >\"Feeling good? But this is just washing your body~",
			"And yet you’re saying it feels nice... \\str[121],",
			"you actually... like this kind of thing, don’t you♥\""
		],
        "11": [
            "\\nl< >\"Ehehe♥ \\str[121], you’re such an honest boy~",
			"That just makes me want to reward you even more♥\""
		],
        "12": [
            "\\nl< >\"\\str[121]... did you just make a cute sound?",
			"You’re always the one teasing me... so this time,",
			"I’ll make you feel the same way♥\""
		],
        "13": [
            "\\nl< >\"Hehe... \\str[121], you look kinda troubled...",
			"Maybe I should stop here~?\""
		],
        "14": [
            "\\nl< >\"Your arm’s all clean now... so next is the front~",
			"\\str[121], you’ll have to turn around for me—\""
		],
        "15": [
            "\"W–wait—eh!? What are you—\"",
			"\\w[30]\\^"
		],
        "16": [
            "\\nl< >\"The arms have been cleaned thoroughly...",
			"The rest, \\str[121], you can handle yourself~\""
		],
        "17": [
            "Like a mischievous little devil, \\str[120] stuck out her tongue at me,",
			"then slipped away lightly and dove into the bathtub."
		],
        "18": [
            "I forced myself to suppress the burning desire her ",
			"sweet gestures had stirred up, and could only continue ",
			"washing my body with a hint of frustration."
		],
        "19": [
            "\\str[120] loosened her legs, then suddenly straddled my waist,",
			"placing her hands on my shoulders as she gently let ",
			"her weight rest on me."
		],
        "20": [
            "At some point, both of our towels had fallen aside,",
            "her soft, tender place pressed directly against my already ",
			"throbbing shaft with nothing in between. The guilty thrill from ",
            "this new position felt completely different from before!"
		],
        "21": [
			"She didn’t seem to realize just how dangerous this position was,",
			"and once she settled down, ",
			"she started to gently twist her hips on top of me."
		],
        "22": [
			"What drove me even crazier was how her delicate folds ",
			"stayed pressed tightly against me,",
			"each subtle movement making them slide wetly along my length, ",
			"swallowing and releasing it bit by bit."
		],
        "23": [
			"\\nl< >\"How’s this~?",
			"I’m doing it just for you, \\str[121]〜♪      \\w[180]",
			"So, how do you want me to wash you next〜？\""
		],
        "24": [
			"Ahh... so she really just wanted to help wash my body, huh...",
			"Well, there’s no helping it! ",
			"Since it’s \\str[120]’s kindness, I’ll accept it properly!",
			"Even if something... unexpected happens, I’m sure she’ll forgive me~"
		],		
        "25": [
            "Trust \\str[120]",
			"Faster...",
			"Slower..."
		],		
        "26": [
            "\\str[120] continues to diligently twist her waist,",
			"waves of slick, tingling pleasure surge through my body like electricity, ",
			"mingled with a forbidden sweet thrill—",
			"So, how should I have \\str[120] continue from here?"
		],		
        "27": [
            "\\str[120] is still diligently twisting her waist,",
			"that moist secret place has started to seep with nectar, ",
			"each rub producing a faint 'squish' sound—",
			"How should I have her put in more effort?"
		],		
        "28": [
            "\\str[120] is still diligently twisting her waist,",
			"I feel like I can't hold back much longer...!",
			"Finally, how should I have her finish it off!?"
		],
        "29": [
			"\\nl< >\"If I can do whatever I like—um, o-okay...              \\w[120]",
			"That means \\str[121] can leave it all to me now, right♥♥\"     \\w[180]"
		],
        "30": [
			"\\nl< >\"I-It feels so slippery... ",
			"\\str[121]'s down there... is moving along with it♥",
			"You're being so naughty~? If you can't hold back and moves a bit more...",
			"You'll make a mistake, won't you?♥\"     \\w[210]"
		],
        "31": [
			"\\nl< >\"Hah♥ Hah♥",
			"\\str[121]♥ is shaking so much♥♥",
			"Is the cleaning effect too good?\"     \\w[210]"
		],
        "32": [
			"\\nl< >\"Are you about to lose it?♥",
			"\\str[121]♥ are you about to not hold back?♥",
			"Should I try a little harder?♥♥\"     \\w[210]"
		],
        "33": [
			"\\nl< >\"F-Faster?",
			"O-Okay... I'll try...\"       \\w[210]"
		],
        "34": [
			"\\nl< >\"I-I'll do my best...!",
			"Heave... ho...                   \\w[120]",
			"Does this feel good for you?\"     \\w[120]"
		],
        "35": [
			"\\nl< >\"Hah♥ Hah♥",
			"Hehe~ \\str[121]'s down there is throbbing~    \\w[120]",
			"Is it too stimulating?\"                        \\w[120]"
		],
        "36": [
			"\\nl< >\"Faster♥ Faster♥",
			"\\str[121]'s there has gotten all sticky♥    \\w[120]",
			"J-Just hold on a bit more...♥\"               \\w[120]"
		],
        "37": [
			"\\nl< >\"S-Slower?",
			"O-Okay... I'll try...\"       \\w[210]"
		],
        "38": [
			"\\nl< >\"S-Slowly wiping...",
			"Ah, it feels like something poked me just now♥\"   \\w[210]"
		],
        "39": [
			"\\nl< >\"Hah♥ Hah♥",
			"Down there feels hot♥                                 \\w[120]",
			"I-I'll be gentle... to let it slowly... feel good♥\"   \\w[120]"
		],
        "40": [
			"\\nl< >\"\\str[121]♥\\str[121]♥               \\w[120]",
			"I like you♥I want to make you feel good too♥\"    \\w[120]"
		],
        "41": [
			"\\{Already... at the limit...!!"
		],
        "42": [
			"\\{\\nl< >\"Aah~~♥♥\"",
			"\\w[60]\\^"
		],
        "43": [
			"Under \\str[120]'s repeated meticulous cleaning service,",
			"I finally succumbed to that surging pleasure, ",
			"unable to hold back any longer,",
			"as waves of hot fluid gushed out like a dam breaking."
		],
        "44": [
			"\\str[120] let out a soft startled cry, ",
			"but still carefully didn't stop her movements,",
			"as if afraid to leave it halfway done, ",
			"continuing to gently twist her body."
		],
        "45": [
			"\\nl< >\"\\str[121]...? Are you okay?",
			"D-Do you still feel good? ",
			"I'll... h-help clean you up more, okay?\""
		],
        "46": [
			"\\nl< >\"\\str[121]...? Are you okay?",
			"D-Did I rub too... too hard?\""
		],
        "47": [
			"\"It's fine, it got 'cleaned' really well, and it felt amazing~",
			"You did a great job~\""
		],
        "48": [
			"\\nl< >\"Ehehe♥",
			"\\str[121]'s here... is still hot, and throbbing...♥",
			"Should I clean it some more for you?♥\""
		],
        "49": [
			"Do it again",
			"That's enough"
		],
        "50": [
			"Although \\str[120] is rarely showing such an eager side, ",
			"wanting to get intimate with me like this, ",
			"we've already spent too much time tangled up in the bathroom, ",
			"and if \\str[120] catches a cold from the chill, that would be bad...!",
			"In the end, I reluctantly held \\str[120] close and quickly rinsed off ",
			"the traces on our bodies to wrap everything up."
		]		
    },
  "3": {
        "0": [
            "\\nl< >\"...But won’t it be a little cramped?\""
		],
        "1": [
            "\\nl< >\"Mm... well... if \\str[121] wants to...\""
		],
        "2": [
            "\\nl< >\"Okay! Come on in, \\str[121]!\""
		],		
		"3": [
            "Even so, \\str[120] didn’t actually refuse—",
			"she just gave a small nod of quiet consent.",
			"I immediately moved to the other side of the tub ",
			"and gently pulled her into my arms."
        ],
		"4": [
            "\\str[120] leaned in gently, pressing its small body against me.",
			"Even in the cramped bathtub, her frame nestled into my arms",
			"without the slightest trouble."
        ],
		"5": [
            "Droplets clung to her damp hair, her cheeks were faintly flushed,",
			"At that moment, everything about her felt so fresh,",
			"I didn’t even know how to react."
        ],
		"6": [
            "Noticing my intense gaze, I could feel her body suddenly tense up."
        ],
		"7": [
            "\"Does it feel too cramped after all?\""
        ],
		"8": [
            "\"No... \\str[121]’s arms are warm. And...",
			"you’re being really gentle, so it doesn’t feel uncomfortable at all.\""
        ],		
		"9": [
            "Ahh... \\str[120] always says the sweetest things—",
			"she’s just too cute to handle...!"
        ],
		"10": [
            "Unable to resist, I wrapped my arms around her tightly.",
			"A strange, swelling emotion began to rise and spread within my chest."
        ],		
		"11": [
            "Having gotten \\str[120]’s consent, I immediately moved to the other side",
			"of the tub and gently pulled her into my arms."
        ],
		"12": [
            "\\nl< >\"\\str[121]? Are you feeling cold?\""
        ],
		"13": [
            "\"Yeah… You’re warm and cute,",
			"makes me want to hold you like this forever…\""
        ],
		"14": [
            "\\nl< >\"Oh come on—! \\str[121], ",
			"you’re treating me like a little kid again...!\""
        ],
		"15": [
            "\\nl< >\"I’m a proper lady now, you know. ",
			"You really need to start treating me like one, \\str[121]!\""
        ],
		"16": [
            "Like she was sulking, ",
			"\\str[120] kept raising her forehead up to bump against my chin—",
			"almost as if to show she’d grown taller."
        ],
		"17": [
            "Especially when I looked down, my eyes were immediately drawn to ",
			"the soft, full curves of \\str[120]’s breast.",
			"Yeah… at this point, I guess we really could call that ",
			"a symbol of being a lady."
        ],
		"18": [
            "\\str[120] unintentional movement instantly ",
			"ignited the desire within me.",
			"An urge to feel that soft shape with my hands ",
			"began to surge uncontrollably—"
        ],		
		"19": [
            "Just Touch",
			"Ask First"
        ],		
		"20": [
            "It seemed she’d already gotten used to this kind of moment—",
			"\\str[120] leaned against me on her own,",
			"and we just quietly held each other like that."
        ],		
		"21": [
            "Last time, I let my impulses get the better of me ",
			"and she ended up fainting in the bathroom—",
			"—there’s no way I can let that happen again!",
			"\\w[30]",
			"I warned myself in my heart to treasure her properly this time.",
            "So I just gently took her soft little hand and wrapped it in mine."
        ],
		"22": [
            "\\nl< >\"\\str[121]...? What’s wrong? ",
			"You’ve been frowning this whole time.\""
        ],
		"23": [
            "\"It’s nothing—just thinking about how cute you always are.\""
        ],
		"24": [
            "\\nl< >\"Uuueeh... What’s that supposed to mean...?\""
        ],	
		"25": [
		    "I reached out with my other hand and casually ruffled her hair.",
            "She looked a bit unhappy about being brushed off like that."
        ],	
		"26": [
		    "Without thinking any further, I instinctively reached out and ",
			"grabbed the softness that was right in front of me.    \\w[30]",
			"—Why?                   \\w[60]\\^"
        ],	
		"27": [
		    "\\>Without thinking any further, I instinctively reached out and ",
			"\\>grabbed the softness that was right in front of me. ",
			"\\>—Why?                 \\<\\{",
			"Because it was there!    \\w[120]"
        ],	
		"28": [
		    "\\nl< >\"...Yah! \\str[121], not again...!?\""
        ],	
		"29": [
		    "\\nl< >\"Yah!? \\str[121]… what are you doing…!?\""
        ],	
		"30": [
		    "My sudden action clearly left \\str[120] confused.",
			"How should I even explain this...?"
        ],
		"31": [
		    "Wanna Squeeze It!",
			"Hand Slipped..."
        ],	
		"32": [
		    "Instead of answering, I let my actions speak.",
			"My left hand continued to roam across \\str[120]’s breast, ",
			"taking in the softness with my palm."
        ],		
		"33": [
		    "\\nl< >\"even if that's the case, ",
			"don’t just suddenly reach out and scare me like that...\""
        ],		
		"34": [
		    "Huh? So as long as it’s not sudden, it’s okay...?"
        ],
		"35": [
		    "\\nl< >\"Well, if your hand slipped, ",
			"I guess there’s nothing you can do...\""
        ],
		"36": [
		    "Even though I hadn’t moved my hand at all,",
		    "\\str[120] was somehow fooled by that simple excuse...!"
        ],
		"37": [
		    "I forced down the urge to reach out and touch her, ",
			"and seriously asked for permission instead."
        ],
		"38": [
		    "\\nl< >\"Eh!? That’s so sudden...\""
        ],
		"39": [
		    "\"Of course! It’s to confirm whether or not ",
			"you’ve got the grace of a proper lady!\""
        ],
		"40": [
		    "\\nl< >\"Mmm... You just want an excuse to touch, don’t you?\""
        ],
		"41": [
		    "\\nl< >\"You always do this... ",
			"Your weird technique always makes me feel all tingly...\""
        ],
		"42": [
		    "\"D-Do you hate it when I do that?\""
        ],
		"43": [
		    "Getting told \\str[120] hates me...",
			"That’s the one thing I never want to hear...!"
        ],
		"44": [
		    "\\nl< >\"Hate it? Not really... I guess it’s fine...",
			"As long as you’re gentle, \\str[121]...\""
        ],
		"45": [
		    "OHHHHHHH—!!!"
        ],
		"46": [
		    "I held back the urge to knead them recklessly,",
			"and simply rested my hand gently on \\str[120]’s breast, slowly caressing it."
        ],
		"47": [
		    "\\nl< >\"\\str[121], your face looks kinda scary right now...\""
        ],
		"48": [
		    "\\nl< >\"Hehe... it kinda tickles...\""
        ],
		"49": [
		    "\\nl< >\"Mmm... mmn...\""
        ],
		"50": [
		    "Even though the towel was in the way, ",
			"the way it wrapped around her body made her curves even more pronounced.",
			"The way it shaped and contained that fullness only made the soft, ",
			"firm weight feel more real in my hand."
        ],
		"51": [
		    "With the towel gone, my hand slid freely over \\str[120]’s bare skin.",
			"When my fingertips brushed lightly over the nipple, ",
			"I could feel her body tremble."
        ],
		"52": [
		    "It’ll take a bit more time before our whole bodies warm up...",
			"I gently played with \\str[120]’s little hand ",
			"while thinking about what we should do next—"
        ],
		"53": [
		    "It’ll take a bit more time before our whole bodies warm up...",
			"I was freely touching \\str[120]’s breasts ",
			"while thinking about what we should do next—"
        ],
		"54": [
		    "Touch breasts",
			"Take off towel",
			"Whisper to \\str[120]",
			"Squeeze ducky"
        ],
		"55": [
		    "\\nl< >\"Ha... haa...             \\[60]",
			"I... I can’t... anymore...       \\[60]",
			"\\str[121], take it off yourself...\""
        ],
		"56": [
		    "\\str[120] leaned softly against my chest, ",
			"her whole body weak and pliant, completely at my mercy.",
			"Without hesitation, I loosened the towel wrapped around her."
        ],
		"57": [
		    "Maybe I shouldn’t mess with it any more..."
        ],
		"58": [
		    "Hmm... this ducky’s kinda in the way... ",
			"guess I’ll move it aside first."
        ],
		"59": [
		    "—Was it just my imagination?",
			"Why does it feel like it’s staring right at me... so intensely?"
        ],
		"60": [
		    "\\nl< > \"N-no! You can’t touch me anymore!",
			"It’s all your fault, \\str[121]... ",
			"now my whole body feels weird!\""
        ],
		"61": [
            "Uh... looks like I went a bit too far with the teasing—",
			"her face turned bright red as she ran away..."
        ],
		"62": [
            "\\nl< >\"a…\\str[121]……      \\w[160]\\^"
        ],
		"63": [
            "\\^\\nl< >\"Ugh...!\"        \\w[40]\\^"
        ],
		"64": [
            "\\{Oh no!",
			"We stayed in too long—",
			"\\str[120]’s passed out from the heat…!!"
        ],
		"65": [
            "I hurriedly carried \\str[120] out of the bathroom—",
            "her whole body was burning hot and flushed red,",
			"I couldn’t tell if it was from the heat or… from excitement.",
			"\\w[30]",
			"Thankfully, after some careful tending, ",
			"she slowly came back to her senses.",
			"I really need to be more careful next time…!"
        ],
		"66": [
            "Whew... my body’s getting all hot now.",
			"Guess it’s about time to get out."
        ],	
		"67": [
            "\\nl< > \"W-wait, \\str[121]…    \\w[60]",
			"It’s starting to feel weird…\""
        ],	
		"68": [
            "\"It’s okay, I’ll be gentle.",
			"Just relax your body, alright?\""
        ],	
		"69": [
            "\\nl< > \"Hngh… ahh…   \\w[60]",
			"Really…? It feels like… \\str[121]’s just…    \\w[120]\"",
			"teasing me the whole time…\""
        ],	
		"70": [
            "\"Well, you’re not wrong~ ",
			"I mean, you’re just way too cute right now~!\""
        ],	
		"71": [
            "\\nl< > \"Mmm… ngh…    \\w[90]",
			"I… I don’t even know what’s happening anymore…\""
        ],	
		"72": [
            "Seeing \\str[120] in such a state of infatuation, ",
			"the string of reason in my mind suddenly snapped.      \\w[60]",
			"Aah… maybe I should just go all the way…!           \\w[30]\\^"
        ],	
		"73": [
            "\\nl< > \"Um… this is a bit too much…\""
        ],	
		"74": [
            "\\str[120] muttered softly, looking confused—",
			"she still wasn’t used to this kind of stimulation.",
			"But the faint tremors running through her from the unfamiliar pleasure ",
			"only made my heart race faster, and my hands moved even more on their own."
        ],	
		"75": [
            "\\nl< >\"Ahh… \\str[121]…   \\w[60]",
			"are we… still going?\""
        ],	
		"76": [
            "\\nl< > \"Mmm… ngh…  \\w[30]\\{",
			"Ah—!?\""
        ],	
		"77": [
            "\\nl< > \"Haah… haa…\""
        ],	
		"78": [
            "\\str[120] tried to suppress her voice restlessly… could it be—",
			"she’s actually starting to feel pleasure?",
			"That thought alone made my pulse quicken,",
			"and pushed my movements to grow bolder."
        ],	
		"79": [
            "\\nl< > \"Mmm… ngh…\""
        ],	
		"80": [
            "\\nl< > \"Hehe… it kinda tickles…\""
        ],	
		"81": [
            "Even though I couldn’t resist touching her soft breasts again,",
			"she only trembled lightly and silently let me continue."
        ],	
		"82": [
            "I continued my movements while cautiously asking \\str[120] how she felt."
        ],		
		"83": [
            "\\nl< >\"I-I don’t even understand what you’re saying anymore…\""
        ],		
		"84": [
            "\\nl< >\"I don’t really get what you mean by… feeling good…\""
        ],		
		"85": [
            "\\str[120]’s flushed, embarrassed face was amusing to watch."
        ]			
    },	   
  "8": {
        "0": [
            "There’s already so much foam…!",
			"Do I really need to add more?!"
		],
		"1": [
            "There’s quite a lot of foam already...",
			"Should I add a little more shampoo?"
        ],
        "2": [
            "Feels like the bubbles could be a bit fluffier...",
            "Should I add a little more shampoo?"
        ],
        "3": [
		    "Ask \\str[120]",
            "Add more",
			"Enough"
        ],
        "4": [
            "\\{...The shampoo’s all gone!"
        ],
        "5": [
            "Guess I’ll just finish up like this ",
			"and remember to restock later..."
        ],
        "6": [
            "There’s more than enough foam already!?",
			"Better not waste any more shampoo—"
        ],	
        "7": [
            "Huh? Do I really need this much shampoo?",
			"My scalp’s starting to sting—"
        ],	
        "8": [
            "Whoa, there’s so much foam already—",
			"this should be enough, right~?"
        ],	
        "9": [
            "Yeah, let’s make a bit more foam—"
        ],	
        "10": [
            "Mmm, more bubbles really make the mood better—"
        ],	
        "11": [
            "Had a nice, relaxing bath."
        ],	
        "12": [
            "\"...Oh right, I picked that thing up earlier.\""
        ],	
        "13": [
            "I carefully washed the rubber duck clean and gently placed it in the tub.",
			"It floated quietly on the water—peaceful and adorable."
        ],	
        "14": [
            "\"Mhm... the atmosphere feels so much nicer now.\""
        ],	
        "15": [
            "\"Phew... guess it’s about time to get out.\""
        ],	
        "16": [
            "\"...Finally got rid of that weird smell on me.\""
        ],	
        "17": [
            "I scrubbed myself over and over with plenty of body wash,",
            "and even my soul felt like it had been cleansed..."
        ],	
        "18": [
            "All clean—time to get out."
        ],	
        "19": [
            "\\nl< >\"\\str[121]!? ",
			"Stop playing with the shampoo already!\""
        ],	
        "20": [
            "\\nl< >\"The shampoo’s been running out so fast lately—",
			"so it really was your doing, \\str[121]!\""
        ],	
        "21": [
            "Ugh... got scolded by \\str[120]."
        ],	
        "22": [
            "I asked \\str[120] if she could help scrub my back—"
        ],	
        "23": [
            "\\nl< >\"Okay! Just a sec~!\""
        ],	
        "24": [
            "\\nl< >\"It’s fine if I scrub a little harder, ",
			"right, \\str[121]?\""
        ],	
        "25": [
            "\"Ah... yeah, it’s fine.\""
        ],	
        "26": [
            "\\nl< >\"Alright, here I go—!  \\w[90]",
			"Heave-ho—heave-ho—!           \\w[120]",
			"Heave-ho—heave-ho—!           \\w[120]\""
        ],	
        "27": [
            "\\str[120] energetically scrubbed my back with a towel.",
			"Her strength wasn’t much, and it didn’t hurt, but somehow,",
			"it felt a bit like I was being wiped down like a dirty floor..."
        ],	
        "28": [
            "\\nl< >\"Phew... I’m tired...    \\w[60]",
			"\\str[121], does that feel good?\""
        ],	
        "29": [
            "Wash front…",
			"Praise \\str[120]"
        ],
        "30": [
            "\\nl< >\"The front… needs to be washed too?       \\w[60]",
			"Geez, \\str[121]…          \\w[60]",
			"You’re not a kid anymore, ",
			"do you really need someone else to wash you…?\"",
			"\\w[120]"
        ],	
        "31": [
		    "Guess I got a little carried away…",
			"\\str[120]’s face turned completely red with embarrassment.",
			"Looks like I’ll have to wait until we’re a bit closer before ",
			"trying that again."
        ],
        "32": [
		    "\\nl< >\"The front… needs to be washed too?       \\w[60]",
            "Geez, \\str[121]…         \\w[60]",
			"You’re not a kid anymore, yet you’re still so spoiled…\""
        ],		
        "33": [
		    "\\nl< >\"So… since \\str[121] isn’t a kid anymore,               \\w[120]",
            "I’ll have to wash you like an adult from here on… okay?\"       \\w[120]"
        ],
        "34": [
		    "\\nl< >\"Heh-heh-heh... Next time,                              \\w[60]",
            "I’ll show you an even better back-scrubbing technique!\"        \\w[120]"
        ]		
    },
  "12": {
        "0": [
            "\\str[120] shyly nodded, and her adorable reaction filled me with",
            "an overwhelming urge to hold her close and cherish her.",
            "Just as I was lost in that fluttering emotion,",
            "a strange, unfamiliar sensation suddenly surged up from below..."
		],
		"1": [
            "\\nl< >\"Ah… \\str[121], your balls are glowing?\""
        ],
		"2": [
            "\"Yeah, you know, ",
			"boys’ balls always glow when they take a bath—",
			"\\w[45]\\^"
        ],
		"3": [
            "\\>\"Yeah, you know, ",
			"\\>boys’ balls always glow when they take a bath—",
			"N-\\<\\{no way!!\"",
			"\\}\\w[60]"
        ],
		"4": [
            "Staring at the sudden burst of light from my lower body, ",
			"I was completely baffled."
        ],
		"5": [
        	"Could it be that a monster from the Abyss followed me here!?",
        	"The moment that dangerous thought crossed my mind,",
        	"I tossed the towel aside without another hesitation—"
        ],
		"6": [
            "Ah— it really is my balls that are glowing—"
        ],
		"7": [
            "\\nl< >\"Ahwa, ahwahwahwahwah!     \\w[30]",
			"\\str[121]’s balls are getting even brighter!!?\"   \\w[30]"
        ],
		"8": [
            "《Demonic Contract Ritual: ",
			"Purehearted Human’s Absolute Curse =",
			"From Today, Your Life Is Hell Mode》!!",
			"You’ve been cursed— (Ciallo～(∠・ω< )⌒☆)"
        ],
		"9": [
            "At that moment, ",
			"the words of that cheeky little demon shopkeeper",
            "flashed through my mind."
        ],
		"10": [
        	"So that’s what the curse meant!?",
        	"That damn bratty demon girl—!!!"
        ],
		"11": [
        	"\\c[2]As my emotions surged to their peak, I let out a silent roar.",
            "The light erupting from below spread rapidly, ",
			"swallowing the entire space in an instant—"
        ],
		"12": [
            "\\nl< >\"\\str[121]’s turning into light!!?\""
        ],
		"13": [
            "In the pure white void where nothing could be seen, ",
			"I stopped thinking altogether."
        ]		
    }	
}