{
"autoplayBgm":false,"autoplayBgs":false,"battleback1Name":"","battleback2Name":"","bgm":{"name":"","pan":0,"pitch":100,"volume":90},"bgs":{"name":"","pan":0,"pitch":100,"volume":90},"disableDashing":false,"displayName":"","encounterList":[],"encounterStep":30,"height":10,"note":"<宅>","parallaxLoopX":false,"parallaxLoopY":false,"parallaxName":"","parallaxShow":true,"parallaxSx":0,"parallaxSy":0,"scrollType":0,"specifyBattleback":false,"tilesetId":1,"width":10,
"data":[0,0,0,0,0,0,0,0,0,0,0,0,0,0,0,0,0,0,0,0,0,0,0,0,0,0,0,0,0,0,0,0,0,0,0,0,0,0,0,0,0,0,0,0,0,0,0,0,0,0,0,0,0,0,0,0,0,0,0,0,0,0,0,0,0,0,0,0,0,0,0,0,0,0,0,0,0,0,0,0,0,0,0,0,0,0,0,0,0,0,0,0,0,0,0,0,0,0,0,0,0,0,0,0,0,0,0,0,0,0,0,0,0,0,0,0,0,0,0,0,0,0,0,0,0,0,0,0,0,0,0,0,0,0,0,0,0,0,0,0,0,0,0,0,0,0,0,0,0,0,0,0,0,0,0,0,0,0,0,0,0,0,0,0,0,0,0,0,0,0,0,0,0,0,0,0,0,0,0,0,0,0,0,0,0,0,0,0,0,0,0,0,0,0,0,0,0,0,0,0,0,0,0,0,0,0,0,0,0,0,0,0,0,0,0,0,0,0,0,0,0,0,0,0,0,0,0,0,0,0,0,0,0,0,0,0,0,0,0,0,0,0,0,0,0,0,0,0,0,0,0,0,0,0,0,0,0,0,0,0,0,0,0,0,0,0,0,0,0,0,0,0,0,0,0,0,0,0,0,0,0,0,0,0,0,0,0,0,0,0,0,0,0,0,0,0,0,0,0,0,0,0,0,0,0,0,0,0,0,0,0,0,0,0,0,0,0,0,0,0,0,0,0,0,0,0,0,0,0,0,0,0,0,0,0,0,0,0,0,0,0,0,0,0,0,0,0,0,0,0,0,0,0,0,0,0,0,0,0,0,0,0,0,0,0,0,0,0,0,0,0,0,0,0,0,0,0,0,0,0,0,0,0,0,0,0,0,0,0,0,0,0,0,0,0,0,0,0,0,0,0,0,0,0,0,0,0,0,0,0,0,0,0,0,0,0,0,0,0,0,0,0,0,0,0,0,0,0,0,0,0,0,0,0,0,0,0,0,0,0,0,0,0,0,0,0,0,0,0,0,0,0,0,0,0,0,0,0,0,0,0,0,0,0,0,0,0,0,0,0,0,0,0,0,0,0,0,0,0,0,0,0,0,0,0,0,0,0,0,0,0,0,0,0,0,0,0,0,0,0,0,0,0,0,0,0,0,0,0,0,0,0,0,0,0,0,0,0,0,0,0,0,0,0,0,0,0,0,0,0,0,0,0,0,0,0,0,0,0,0,0,0,0,0,0,0,0,0,0,0,0,0,0,0,0,0,0,0,0,0,0,0,0,0,0,0,0,0,0,0,0,0,0,0,0,0,0,0,0,0,0,0,0,0,0,0,0,0,0,0,0,0,0,0,0,0,0,0,0,0],
"events":[
null,
{"id":1,"name":"场景初始化","note":"","pages":[{"conditions":{"actorId":1,"actorValid":false,"itemId":1,"itemValid":false,"selfSwitchCh":"A","selfSwitchValid":false,"switch1Id":1,"switch1Valid":false,"switch2Id":1,"switch2Valid":false,"variableId":1,"variableValid":false,"variableValue":0},"directionFix":false,"image":{"tileId":0,"characterName":"help","direction":2,"pattern":0,"characterIndex":3},"list":[{"code":111,"indent":0,"parameters":[1,13,0,0,3]},{"code":355,"indent":1,"parameters":["let ID = $gameVariables.value(13);"]},{"code":655,"indent":1,"parameters":["$gameMap.event(ID).start()"]},{"code":122,"indent":1,"parameters":[13,13,0,0,0]},{"code":0,"indent":1,"parameters":[]},{"code":411,"indent":0,"parameters":[]},{"code":355,"indent":1,"parameters":["$gameMap.event(2).start()"]},{"code":122,"indent":1,"parameters":[13,13,0,0,0]},{"code":0,"indent":1,"parameters":[]},{"code":412,"indent":0,"parameters":[]},{"code":214,"indent":0,"parameters":[]},{"code":0,"indent":0,"parameters":[]}],"moveFrequency":3,"moveRoute":{"list":[{"code":0,"parameters":[]}],"repeat":true,"skippable":false,"wait":false},"moveSpeed":3,"moveType":0,"priorityType":1,"stepAnime":false,"through":false,"trigger":4,"walkAnime":true}],"x":0,"y":9},
{"id":2,"name":"哥哥的梦境","note":"","pages":[{"conditions":{"actorId":1,"actorValid":false,"itemId":1,"itemValid":false,"selfSwitchCh":"A","selfSwitchValid":false,"switch1Id":1,"switch1Valid":false,"switch2Id":1,"switch2Valid":false,"variableId":1,"variableValid":false,"variableValue":0},"directionFix":false,"image":{"tileId":0,"characterName":"help","direction":2,"pattern":1,"characterIndex":0},"list":[{"code":241,"indent":0,"parameters":[{"name":"m-art_Rest","volume":90,"pitch":100,"pan":0}]},{"code":355,"indent":0,"parameters":["AudioManager.fadeInBgm(3)"]},{"code":231,"indent":0,"parameters":[1,"magician'sRoom4",0,0,0,0,100,100,255,0]},{"code":356,"indent":0,"parameters":[">图片滤镜 : 图片[1] : 模糊滤镜 : 15 : 1"]},{"code":231,"indent":0,"parameters":[15,"",0,0,0,0,100,100,255,0]},{"code":356,"indent":0,"parameters":[">图片动画序列 : 图片[15] : 创建动画序列 : 动画序列[5]"]},{"code":230,"indent":0,"parameters":[10]},{"code":117,"indent":0,"parameters":[5]},{"code":222,"indent":0,"parameters":[]},{"code":230,"indent":0,"parameters":[60]},{"code":101,"indent":0,"parameters":["",0,0,2]},{"code":401,"indent":0,"parameters":["父は才気あふれる錬金術師だった。"]},{"code":101,"indent":0,"parameters":["",0,0,2]},{"code":401,"indent":0,"parameters":["魔族との戦いが必要のない今の平和な時代でも、"]},{"code":401,"indent":0,"parameters":["父は幾つもの錬金術の難題を解決してきた。"]},{"code":101,"indent":0,"parameters":["",0,0,2]},{"code":401,"indent":0,"parameters":["「母さんのことは本当にすまない…」"]},{"code":101,"indent":0,"parameters":["",0,0,2]},{"code":401,"indent":0,"parameters":["「どんな方法も試したけど……でも……！」"]},{"code":101,"indent":0,"parameters":["",0,0,2]},{"code":401,"indent":0,"parameters":["そんな栄光を浴びていた男が、"]},{"code":401,"indent":0,"parameters":["今は無力に地面に膝をついて、幼い俺に謝り続けていた。"]},{"code":101,"indent":0,"parameters":["",0,0,2]},{"code":401,"indent":0,"parameters":["男の手が俺の肩を強く握り始め、"]},{"code":401,"indent":0,"parameters":["俺も泣き出してしまった。"]},{"code":101,"indent":0,"parameters":["",0,0,2]},{"code":401,"indent":0,"parameters":["ようやく自分の取り乱しに気づいたのか、"]},{"code":401,"indent":0,"parameters":["男はしゃがんで優しく俺の頭を撫でた。"]},{"code":101,"indent":0,"parameters":["",0,0,2]},{"code":401,"indent":0,"parameters":["「もう大丈夫だ、父さんが悪かった、"]},{"code":401,"indent":0,"parameters":["こんなに早く挫けてはいけなかった……」"]},{"code":101,"indent":0,"parameters":["",0,0,2]},{"code":401,"indent":0,"parameters":["「お前は良い子だ、まだ全てを背負う必要はないんだ。"]},{"code":401,"indent":0,"parameters":["これからのことは父さんに任せておけ」"]},{"code":101,"indent":0,"parameters":["",0,0,2]},{"code":401,"indent":0,"parameters":["「そうだ、たとえそれで……それでも……」"]},{"code":101,"indent":0,"parameters":["",0,0,2]},{"code":401,"indent":0,"parameters":["男の声が徐々に震え始めた。"]},{"code":401,"indent":0,"parameters":["それは何を恐れているからだろうか？"]},{"code":101,"indent":0,"parameters":["",0,0,2]},{"code":401,"indent":0,"parameters":["俺はまだ何も知らなかった。ただ、男がそれ以降、"]},{"code":401,"indent":0,"parameters":["私の記憶の中でいつも優しい表情を浮かべていた"]},{"code":401,"indent":0,"parameters":["父さんの姿に戻ることはなかった。"]},{"code":101,"indent":0,"parameters":["",0,0,2]},{"code":401,"indent":0,"parameters":["……"]},{"code":401,"indent":0,"parameters":["……"]},{"code":122,"indent":0,"parameters":[13,13,0,0,8]},{"code":201,"indent":0,"parameters":[0,4,6,5,0,2]},{"code":0,"indent":0,"parameters":[]}],"moveFrequency":3,"moveRoute":{"list":[{"code":0,"parameters":[]}],"repeat":true,"skippable":false,"wait":false},"moveSpeed":3,"moveType":0,"priorityType":1,"stepAnime":false,"through":false,"trigger":0,"walkAnime":true}],"x":2,"y":9},
{"id":3,"name":"哥哥的梦境","note":"","pages":[{"conditions":{"actorId":1,"actorValid":false,"itemId":1,"itemValid":false,"selfSwitchCh":"A","selfSwitchValid":false,"switch1Id":1,"switch1Valid":false,"switch2Id":1,"switch2Valid":false,"variableId":1,"variableValid":false,"variableValue":0},"directionFix":false,"image":{"tileId":0,"characterName":"help","direction":2,"pattern":1,"characterIndex":0},"list":[{"code":241,"indent":0,"parameters":[{"name":"m-art_Rest","volume":90,"pitch":100,"pan":0}]},{"code":355,"indent":0,"parameters":["AudioManager.fadeInBgm(3)"]},{"code":231,"indent":0,"parameters":[1,"magician'sRoom4",0,0,0,0,100,100,255,0]},{"code":356,"indent":0,"parameters":[">图片滤镜 : 图片[1] : 模糊滤镜 : 15 : 1"]},{"code":231,"indent":0,"parameters":[15,"",0,0,0,0,100,100,255,0]},{"code":356,"indent":0,"parameters":[">图片动画序列 : 图片[15] : 创建动画序列 : 动画序列[5]"]},{"code":230,"indent":0,"parameters":[10]},{"code":117,"indent":0,"parameters":[5]},{"code":222,"indent":0,"parameters":[]},{"code":230,"indent":0,"parameters":[60]},{"code":101,"indent":0,"parameters":["",0,0,2]},{"code":401,"indent":0,"parameters":["父亲是才华横溢的炼金术师。"]},{"code":101,"indent":0,"parameters":["",0,0,2]},{"code":401,"indent":0,"parameters":["即便是如今这个无需和魔族战斗的和平时代，"]},{"code":401,"indent":0,"parameters":["父亲也还是积极地攻克了数个炼金术难题。"]},{"code":101,"indent":0,"parameters":["",0,0,2]},{"code":401,"indent":0,"parameters":["\"妈妈的事情我很抱歉…\""]},{"code":101,"indent":0,"parameters":["",0,0,2]},{"code":401,"indent":0,"parameters":["\"无论什么方法都试过了……但是……！\""]},{"code":101,"indent":0,"parameters":["",0,0,2]},{"code":401,"indent":0,"parameters":["但就是这样受尽了荣耀的男人，此时正无力地跪在地上，"]},{"code":401,"indent":0,"parameters":["向还年幼的我不断地道歉。"]},{"code":101,"indent":0,"parameters":["",0,0,2]},{"code":401,"indent":0,"parameters":["男人握住我肩膀的手开始变得很用力，"]},{"code":401,"indent":0,"parameters":["我也不禁开始哭泣起来。"]},{"code":101,"indent":0,"parameters":["",0,0,2]},{"code":401,"indent":0,"parameters":["似乎终于注意到自己失态了，"]},{"code":401,"indent":0,"parameters":["男人放松下来，开始温柔地抚摸着我的头。"]},{"code":101,"indent":0,"parameters":["",0,0,2]},{"code":401,"indent":0,"parameters":["\"已经不要紧了、是爸爸的不对、不应该这么快泄气的……\""]},{"code":101,"indent":0,"parameters":["",0,0,2]},{"code":401,"indent":0,"parameters":["\"你是个好孩子、还不需要承受这一切…"]},{"code":401,"indent":0,"parameters":["之后的事情就交给爸爸来吧。\""]},{"code":101,"indent":0,"parameters":["",0,0,2]},{"code":401,"indent":0,"parameters":["\"对、就算会因此……也必须要……\""]},{"code":101,"indent":0,"parameters":["",0,0,2]},{"code":401,"indent":0,"parameters":["男人的声音逐渐颤抖起来，是为什么事情而害怕吗？"]},{"code":101,"indent":0,"parameters":["",0,0,2]},{"code":401,"indent":0,"parameters":["我还对此一无所知，只记得男人自此之后，"]},{"code":401,"indent":0,"parameters":["再也没有回到我记忆中那个总是慈祥表情的父亲模样。"]},{"code":101,"indent":0,"parameters":["",0,0,2]},{"code":401,"indent":0,"parameters":["……"]},{"code":401,"indent":0,"parameters":["……"]},{"code":122,"indent":0,"parameters":[13,13,0,0,8]},{"code":201,"indent":0,"parameters":[0,4,6,5,0,2]},{"code":0,"indent":0,"parameters":[]}],"moveFrequency":3,"moveRoute":{"list":[{"code":0,"parameters":[]}],"repeat":true,"skippable":false,"wait":false},"moveSpeed":3,"moveType":0,"priorityType":1,"stepAnime":false,"through":false,"trigger":0,"walkAnime":true}],"x":3,"y":9}
]
}