{
"autoplayBgm":false,"autoplayBgs":false,"battleback1Name":"Abyss","battleback2Name":"gray bar","bgm":{"name":"","pan":0,"pitch":100,"volume":90},"bgs":{"name":"","pan":0,"pitch":100,"volume":90},"disableDashing":false,"displayName":"","encounterList":[],"encounterStep":30,"height":8,"note":"","parallaxLoopX":false,"parallaxLoopY":false,"parallaxName":"","parallaxShow":true,"parallaxSx":0,"parallaxSy":0,"scrollType":0,"specifyBattleback":true,"tilesetId":1,"width":10,
"data":[0,0,0,0,0,0,0,0,0,0,0,0,0,0,0,0,0,0,0,0,0,0,0,0,0,0,0,0,0,0,0,0,0,0,0,0,0,0,0,0,0,0,0,0,0,0,0,0,0,0,0,0,0,0,0,0,0,0,0,0,0,0,0,0,0,0,0,0,0,0,0,0,0,0,0,0,0,0,0,0,0,0,0,0,0,0,0,0,0,0,0,0,0,0,0,0,0,0,0,0,0,0,0,0,0,0,0,0,0,0,0,0,0,0,0,0,0,0,0,0,0,0,0,0,0,0,0,0,0,0,0,0,0,0,0,0,0,0,0,0,0,0,0,0,0,0,0,0,0,0,0,0,0,0,0,0,0,0,0,0,0,0,0,0,0,0,0,0,0,0,0,0,0,0,0,0,0,0,0,0,0,0,0,0,0,0,0,0,0,0,0,0,0,0,0,0,0,0,0,0,0,0,0,0,0,0,0,0,0,0,0,0,0,0,0,0,0,0,0,0,0,0,0,0,0,0,0,0,0,0,0,0,0,0,0,0,0,0,0,0,0,0,0,0,0,0,0,0,0,0,0,0,0,0,0,0,0,0,0,0,0,0,0,0,0,0,0,0,0,0,0,0,0,0,0,0,0,0,0,0,0,0,0,0,0,0,0,0,0,0,0,0,0,0,0,0,0,0,0,0,0,0,0,0,0,0,0,0,0,0,0,0,0,0,0,0,0,0,0,0,0,0,0,0,0,0,0,0,0,0,0,0,0,0,0,0,0,0,0,0,0,0,0,0,0,0,0,0,0,0,0,0,0,0,0,0,0,0,0,0,0,0,0,0,0,0,0,0,0,0,0,0,0,0,0,0,0,0,0,0,0,0,0,0,0,0,0,0,0,0,0,0,0,0,0,0,0,0,0,0,0,0,0,0,0,0,0,0,0,0,0,0,0,0,0,0,0,0,0,0,0,0,0,0,0,0,0,0,0,0,0,0,0,0,0,0,0,0,0,0,0,0,0,0,0,0,0,0,0,0,0,0,0,0,0,0,0,0,0,0,0,0,0,0,0,0,0,0,0,0,0,0,0,0,0,0,0,0,0,0],
"events":[
null,
{"id":1,"name":"EV001","note":"","pages":[{"conditions":{"actorId":1,"actorValid":false,"itemId":1,"itemValid":false,"selfSwitchCh":"A","selfSwitchValid":false,"switch1Id":1,"switch1Valid":false,"switch2Id":1,"switch2Valid":false,"variableId":1,"variableValid":false,"variableValue":0},"directionFix":false,"image":{"tileId":0,"characterName":"help","direction":2,"pattern":2,"characterIndex":1},"list":[{"code":356,"indent":0,"parameters":[">外发光效果 : 固定对话框外发光 : 颜色[11] : 厚度[2] : 偏移[2,2]"]},{"code":231,"indent":0,"parameters":[1,"esfan_011_1440",0,0,0,0,100,100,255,0]},{"code":355,"indent":0,"parameters":["var id = \"noise1\";"]},{"code":655,"indent":0,"parameters":["var filterTarget = 0;"]},{"code":655,"indent":0,"parameters":["$gameMap.createFilter(id, \"noise\", filterTarget);"]},{"code":655,"indent":0,"parameters":["$gameMap.setFilter(id, [0.1]);"]},{"code":231,"indent":0,"parameters":[30,"",0,0,0,0,100,100,185,2]},{"code":356,"indent":0,"parameters":[">图片动画序列 : 图片[30] : 创建动画序列 : 动画序列[5]"]},{"code":356,"indent":0,"parameters":[">图片快捷操作 : 图片[1] : 修改单属性 : 位置Y[-360] : 时间[3600]"]},{"code":117,"indent":0,"parameters":[5]},{"code":241,"indent":0,"parameters":[{"name":"m-art_Shine","volume":90,"pitch":100,"pan":0}]},{"code":355,"indent":0,"parameters":["AudioManager.fadeInBgm(3)"]},{"code":355,"indent":0,"parameters":["$gameScreen.startFadeIn(360);"]},{"code":230,"indent":0,"parameters":[60]},{"code":101,"indent":0,"parameters":["",0,0,2]},{"code":401,"indent":0,"parameters":["今は魔王が討伐されてから幾年も経った時代。"]},{"code":101,"indent":0,"parameters":["",0,0,2]},{"code":401,"indent":0,"parameters":["かつてその名を轟かせた勇者と賢者も、"]},{"code":401,"indent":0,"parameters":["今では子供を戒めるための童話に過ぎない存在となっていた。"]},{"code":231,"indent":0,"parameters":[90,"black",0,0,0,0,100,100,0,0]},{"code":232,"indent":0,"parameters":[90,0,0,0,0,0,100,100,125,0,120,false]},{"code":355,"indent":0,"parameters":["let imgName = 'map_name/abyss_introduction' + $gameVariables.value(1); "]},{"code":655,"indent":0,"parameters":["       QJ.MPMZ.Shoot({"]},{"code":655,"indent":0,"parameters":["            img: imgName,onScreen: true,"]},{"code":655,"indent":0,"parameters":["            position: [['S', 941], ['S', 500]],groupName:['abyss'],"]},{"code":655,"indent":0,"parameters":["            initialRotation: ['S', 0],imgRotation: ['F'],"]},{"code":655,"indent":0,"parameters":["            opacity: '0|0~120/1~9999/1',z: \"A\","]},{"code":655,"indent":0,"parameters":["            onScreen: true,moveType: ['S', 0],"]},{"code":655,"indent":0,"parameters":["            existData: [ {t:['Time',180],d:[0,60]} ],"]},{"code":655,"indent":0,"parameters":["        });"]},{"code":230,"indent":0,"parameters":[180]},{"code":232,"indent":0,"parameters":[90,0,0,0,0,0,100,100,0,0,60,true]},{"code":355,"indent":0,"parameters":["var IMG = 'char (1)';"]},{"code":655,"indent":0,"parameters":["var path = \"characters\";"]},{"code":655,"indent":0,"parameters":["$gameScreen.showPictureFromPath(15, path, IMG, 0, 600, 1300, 100, 100, 0, 0)"]},{"code":356,"indent":0,"parameters":[">图片快捷操作 : 图片[15] : 修改单属性 : 位置Y[-1300] : 时间[1500]"]},{"code":356,"indent":0,"parameters":[">图片快捷操作 : 图片[15] : 修改单属性 : 透明度[125] : 时间[500]"]},{"code":101,"indent":0,"parameters":["",0,0,2]},{"code":401,"indent":0,"parameters":["それは十年前に突如地上に現れ、"]},{"code":401,"indent":0,"parameters":["数々の謎を孕む巨大迷宮の通称である。"]},{"code":355,"indent":0,"parameters":["var IMG = 'char (6)';"]},{"code":655,"indent":0,"parameters":["var path = \"characters\";"]},{"code":655,"indent":0,"parameters":["$gameScreen.showPictureFromPath(10, path, IMG, 0, -600, 0, 100, 100, 0, 0)"]},{"code":356,"indent":0,"parameters":[">图片快捷操作 : 图片[10] : 修改单属性 : 位置X[2000] : 时间[1500]"]},{"code":356,"indent":0,"parameters":[">图片快捷操作 : 图片[10] : 修改单属性 : 透明度[125] : 时间[500]"]},{"code":101,"indent":0,"parameters":["",0,0,2]},{"code":401,"indent":0,"parameters":["果てしなく深く続くその深淵には、"]},{"code":401,"indent":0,"parameters":["さまざまな遺跡が混在し、"]},{"code":401,"indent":0,"parameters":["魔力に育まれた魔物たちが急速に繁殖している。"]},{"code":355,"indent":0,"parameters":["var IMG = 'char (5)';"]},{"code":655,"indent":0,"parameters":["var path = \"characters\";"]},{"code":655,"indent":0,"parameters":["$gameScreen.showPictureFromPath(11, path, IMG, 0, 1200, 800, 100, 100, 0, 0)"]},{"code":356,"indent":0,"parameters":[">图片快捷操作 : 图片[11] : 修改单属性 : 位置X[-400] : 时间[1500]"]},{"code":356,"indent":0,"parameters":[">图片快捷操作 : 图片[11] : 修改单属性 : 位置Y[-1400] : 时间[1500]"]},{"code":356,"indent":0,"parameters":[">图片快捷操作 : 图片[11] : 修改单属性 : 透明度[125] : 时间[500]"]},{"code":101,"indent":0,"parameters":["",0,0,2]},{"code":401,"indent":0,"parameters":["魔王が再び現れることのないこの時代に、"]},{"code":401,"indent":0,"parameters":["新たな未知の迷宮の誕生は、"]},{"code":401,"indent":0,"parameters":["人類世界の平和を一瞬にして打ち破った。"]},{"code":355,"indent":0,"parameters":["var IMG = 'char (4)';"]},{"code":655,"indent":0,"parameters":["var path = \"characters\";"]},{"code":655,"indent":0,"parameters":["$gameScreen.showPictureFromPath(12, path, IMG, 0, 1800, 0, 100, 100, 0, 0)"]},{"code":356,"indent":0,"parameters":[">图片快捷操作 : 图片[12] : 修改单属性 : 位置X[-1000] : 时间[1500]"]},{"code":356,"indent":0,"parameters":[">图片快捷操作 : 图片[12] : 修改单属性 : 透明度[125] : 时间[500]"]},{"code":101,"indent":0,"parameters":["",0,0,2]},{"code":401,"indent":0,"parameters":["公会は幾度となく探索隊を編成し迷宮に挑んだが、"]},{"code":401,"indent":0,"parameters":["未だに突破口は見つかっていない。"]},{"code":355,"indent":0,"parameters":["var IMG = 'char (3)';"]},{"code":655,"indent":0,"parameters":["var path = \"characters\";"]},{"code":655,"indent":0,"parameters":["$gameScreen.showPictureFromPath(14, path, IMG, 0, -600, -1100, 100, 100, 0, 0)"]},{"code":356,"indent":0,"parameters":[">图片快捷操作 : 图片[14] : 修改单属性 : 位置X[1800] : 时间[1500]"]},{"code":356,"indent":0,"parameters":[">图片快捷操作 : 图片[14] : 修改单属性 : 位置Y[1100] : 时间[1500]"]},{"code":356,"indent":0,"parameters":[">图片快捷操作 : 图片[14] : 修改单属性 : 透明度[125] : 时间[500]"]},{"code":101,"indent":0,"parameters":["",0,0,2]},{"code":401,"indent":0,"parameters":["領主や冒険者公会、その他様々な者たちが"]},{"code":401,"indent":0,"parameters":["この迷宮に名を付けようとしたが、"]},{"code":401,"indent":0,"parameters":["それらの名前は時とともに忘れ去られ、"]},{"code":401,"indent":0,"parameters":["最終的に「アビス」という名だけが人々の記憶に残った。"]},{"code":101,"indent":0,"parameters":["",0,0,2]},{"code":401,"indent":0,"parameters":["幸いなことに、この迷宮は無限に拡張し人類世界を侵略する"]},{"code":401,"indent":0,"parameters":["意図を示さなかったため、"]},{"code":401,"indent":0,"parameters":["公会は最終的にこの迷宮の探索権を一般に開放する"]},{"code":401,"indent":0,"parameters":["ことを決定した。"]},{"code":101,"indent":0,"parameters":["",0,0,2]},{"code":401,"indent":0,"parameters":["そして、忘れ去られつつあった冒険者"]},{"code":401,"indent":0,"parameters":["という職業も再び活気を取り戻したのである。"]},{"code":101,"indent":0,"parameters":["",0,0,2]},{"code":401,"indent":0,"parameters":["この最後の大迷宮秘境で、俺の目的は"]},{"code":401,"indent":0,"parameters":["妹の体質を改善する方法を探すことだ——"]},{"code":121,"indent":0,"parameters":[3,3,0]},{"code":242,"indent":0,"parameters":[2]},{"code":355,"indent":0,"parameters":["var id = \"noise1\";"]},{"code":655,"indent":0,"parameters":["$gameMap.moveFilter(id, [0], 30);"]},{"code":655,"indent":0,"parameters":["$gameMap.eraseFilterAfterMove(id);"]},{"code":221,"indent":0,"parameters":[]},{"code":230,"indent":0,"parameters":[30]},{"code":108,"indent":0,"parameters":["清理背包里异物"]},{"code":355,"indent":0,"parameters":["var armorIdsToRemove = [152,153,154,155,156,157,158,159];"]},{"code":655,"indent":0,"parameters":["var armors = $gameParty.allItems().filter(function(item) {"]},{"code":655,"indent":0,"parameters":["    return item && DataManager.isArmor(item) && armorIdsToRemove.includes(item.baseItemId);"]},{"code":655,"indent":0,"parameters":["});"]},{"code":655,"indent":0,"parameters":["armors.forEach(function(armor) {"]},{"code":655,"indent":0,"parameters":["    $gameParty.loseItem(armor, 1);"]},{"code":655,"indent":0,"parameters":["});"]},{"code":355,"indent":0,"parameters":["const maxPictures = 90; "]},{"code":655,"indent":0,"parameters":["for (let pictureId = 2; pictureId <= maxPictures; pictureId++) {"]},{"code":655,"indent":0,"parameters":["    let picture = $gameScreen.picture(pictureId);"]},{"code":655,"indent":0,"parameters":["    if (picture) {"]},{"code":655,"indent":0,"parameters":["        picture.drill_PCE_stopEffect();"]},{"code":655,"indent":0,"parameters":["        $gameScreen.erasePicture(pictureId);"]},{"code":655,"indent":0,"parameters":["        $gameScreen.setPictureRemoveCommon(pictureId);"]},{"code":655,"indent":0,"parameters":["    }"]},{"code":655,"indent":0,"parameters":["}"]},{"code":201,"indent":0,"parameters":[0,18,8,46,8,2]},{"code":0,"indent":0,"parameters":[]}],"moveFrequency":3,"moveRoute":{"list":[{"code":0,"parameters":[]}],"repeat":true,"skippable":false,"wait":false},"moveSpeed":3,"moveType":0,"priorityType":1,"stepAnime":false,"through":false,"trigger":0,"walkAnime":true}],"x":1,"y":6},
{"id":2,"name":"场景初始化","note":"","pages":[{"conditions":{"actorId":1,"actorValid":false,"itemId":1,"itemValid":false,"selfSwitchCh":"A","selfSwitchValid":false,"switch1Id":1,"switch1Valid":false,"switch2Id":1,"switch2Valid":false,"variableId":1,"variableValid":false,"variableValue":0},"directionFix":false,"image":{"tileId":0,"characterName":"help","direction":2,"pattern":0,"characterIndex":3},"list":[{"code":111,"indent":0,"parameters":[1,13,0,0,3]},{"code":355,"indent":1,"parameters":["let ID = $gameVariables.value(13);"]},{"code":655,"indent":1,"parameters":["$gameMap.event(ID).start()"]},{"code":122,"indent":1,"parameters":[13,13,0,0,0]},{"code":0,"indent":1,"parameters":[]},{"code":411,"indent":0,"parameters":[]},{"code":355,"indent":1,"parameters":["$gameMap.event(3).start()"]},{"code":122,"indent":1,"parameters":[13,13,0,0,0]},{"code":0,"indent":1,"parameters":[]},{"code":412,"indent":0,"parameters":[]},{"code":214,"indent":0,"parameters":[]},{"code":0,"indent":0,"parameters":[]}],"moveFrequency":3,"moveRoute":{"list":[{"code":0,"parameters":[]}],"repeat":true,"skippable":false,"wait":false},"moveSpeed":3,"moveType":0,"priorityType":1,"stepAnime":false,"through":false,"trigger":3,"walkAnime":true}],"x":0,"y":7},
{"id":3,"name":"EV003","note":"","pages":[{"conditions":{"actorId":1,"actorValid":false,"itemId":1,"itemValid":false,"selfSwitchCh":"A","selfSwitchValid":false,"switch1Id":1,"switch1Valid":false,"switch2Id":1,"switch2Valid":false,"variableId":1,"variableValid":false,"variableValue":0},"directionFix":false,"image":{"tileId":0,"characterName":"help","direction":4,"pattern":1,"characterIndex":1},"list":[{"code":355,"indent":0,"parameters":["$gameScreen.startFadeOut(4);"]},{"code":230,"indent":0,"parameters":[4]},{"code":231,"indent":0,"parameters":[1,"esfan_011_1440",0,0,0,0,100,100,255,0]},{"code":355,"indent":0,"parameters":["let lang = $gameVariables.value(1);"]},{"code":655,"indent":0,"parameters":["let IMG = \"abyss_introduction\" + lang;"]},{"code":655,"indent":0,"parameters":["let path = \"map_name\";"]},{"code":655,"indent":0,"parameters":["$gameScreen.showPictureFromPath(2, path, IMG, 1, 960, 540, 100, 100, 0, 0)"]},{"code":356,"indent":0,"parameters":[">图片快捷操作 : 图片[1] : 修改单属性 : 位置Y[-50] : 时间[250]"]},{"code":117,"indent":0,"parameters":[5]},{"code":355,"indent":0,"parameters":["$gameScreen.startFadeIn(150);"]},{"code":355,"indent":0,"parameters":["$gameSystem.add_minute(8)"]},{"code":117,"indent":0,"parameters":[8]},{"code":108,"indent":0,"parameters":["清理背包里异物"]},{"code":355,"indent":0,"parameters":["var armorIdsToRemove = [152,153,154,155,156,157,158,159];"]},{"code":655,"indent":0,"parameters":["var armors = $gameParty.allItems().filter(function(item) {"]},{"code":655,"indent":0,"parameters":["    return item && DataManager.isArmor(item) && armorIdsToRemove.includes(item.baseItemId);"]},{"code":655,"indent":0,"parameters":["});"]},{"code":655,"indent":0,"parameters":["armors.forEach(function(armor) {"]},{"code":655,"indent":0,"parameters":["    $gameParty.loseItem(armor, 1);"]},{"code":655,"indent":0,"parameters":["});"]},{"code":230,"indent":0,"parameters":[50]},{"code":356,"indent":0,"parameters":[">图片快捷操作 : 图片[2] : 修改单属性 : 透明度[255] : 时间[60]"]},{"code":355,"indent":0,"parameters":["$gameSystem.add_minute(8)"]},{"code":117,"indent":0,"parameters":[8]},{"code":230,"indent":0,"parameters":[50]},{"code":355,"indent":0,"parameters":["$gameSystem.add_minute(8)"]},{"code":117,"indent":0,"parameters":[8]},{"code":230,"indent":0,"parameters":[50]},{"code":355,"indent":0,"parameters":["$gameSystem.add_minute(8)"]},{"code":117,"indent":0,"parameters":[8]},{"code":230,"indent":0,"parameters":[50]},{"code":355,"indent":0,"parameters":["$gameSystem.add_minute(8)"]},{"code":117,"indent":0,"parameters":[8]},{"code":356,"indent":0,"parameters":["SaveNow"]},{"code":355,"indent":0,"parameters":["$gamePlayer.startOpacity(20, 255)"]},{"code":230,"indent":0,"parameters":[50]},{"code":121,"indent":0,"parameters":[5,5,0]},{"code":201,"indent":0,"parameters":[0,18,8,46,8,2]},{"code":0,"indent":0,"parameters":[]}],"moveFrequency":3,"moveRoute":{"list":[{"code":0,"parameters":[]}],"repeat":true,"skippable":false,"wait":false},"moveSpeed":3,"moveType":0,"priorityType":1,"stepAnime":false,"through":false,"trigger":0,"walkAnime":true}],"x":2,"y":7}
]
}