{
  "3": {
    "name": [],
    "subtitle": [
	  ""
	],
    "description": [
      ""
    ],
	"variants": {
		"0": {
		   "subtitle": [
	         "「感觉有些躁动…」"
	       ],
           "description": [
             "兴奋度:\\c[2]\\v[25]%\\c[0]"
           ]
		},		
		"1": {
		   "subtitle": [
	         "「全身都在渴望着某种刺激…」"
	       ],
           "description": [
             "兴奋度:\\c[10]\\v[25]%\\c[0]"
           ]
		},
		"2": {
		   "subtitle": [
	         "「要控制不住自己了……！」"
	       ],
           "description": [
             "兴奋度:\\c[18]\\v[25]%\\c[0]"
           ]
		}
	}
  },
  "4": {
    "name": [],
    "subtitle": [
	  "「呜噢噢噢噢……！」"
	],
    "description": [
      "扭曲为了满脑子只有欲望的Beast!  兴奋度:\\c[18]???%\\c[0]"
    ]
  },
  "5": {
    "name": [],
    "subtitle": [
      "「体内感染了毒素」"
    ],
    "description": [
      "随时间经过受到更多伤害！"
    ]
  },
  "6": {
    "name": [],
    "subtitle": [
      "「血流不止」"
    ],
    "description": [
      "根据体力上限受到伤害！"
    ]
  },
  "7": {
    "name": [],
    "subtitle": [
      "「看啊、这家伙被雷劈了！」"
    ],
    "description": [
      "全身麻痹无法动弹！"
    ]
  },
  "8": {
    "name": [],
    "subtitle": [
      "「好烫好烫好烫——！」"
    ],
    "description": [
      "对自身范围内所有单位持续的灼烧"
    ]
  },
  "9": {
    "name": [],
    "subtitle": [
      "「变成冰棍吧！」"
    ],
    "description": [
      "被冻住了！"
    ]
  },
  "11": {
    "name": [],
    "subtitle": [
      "「头晕目眩！」"
    ],
    "description": [
      "无法行动！"
    ]
  },
  "13": {
    "name": [],
    "subtitle": [
      "「呋呋、这就是反抗我的下场噢~♥」"
    ],
    "description": [
      "被奇怪的小鬼店长诅咒了..."
    ]
  },
  "14": {
    "name": [],
    "subtitle": [
      "「热死了……」"
    ],
    "description": [
      "因为炎热浑身无力…"
    ]
  },
  "15": {
    "name": [],
    "subtitle": [
      "「在魔物眼里看来你就是个丑哭了的可怜早产儿...」"
    ],
    "description": [
      "伪装成了魔物，不会主动被魔物攻击！"
    ]
  },
  "16": {
    "name": [],
    "subtitle": [
      "「这么简单的游戏也不会玩、真是杂鱼呢~」"
    ],
    "description": [
      "因作弊而获得了杂鱼认证！"
    ]
  },    
  "28": {
    "name": [],
    "subtitle": [
	  "在玩游戏的"
	],
    "description": [
      ""	
    ],
	"variants": {
		"0": {
           "description": [
             "\\str[120]正集中精神玩游戏、",
			 "还是不要太打搅吧…"
           ]
		},		
		"1": {
           "description": [
			 "还在玩游戏的样子…",
			 "要捉弄下\\str[120]看看吗？"
           ]
		}
	}	
  },   
  "29": {
    "name": [],
    "subtitle": [
	  "洗澡中的"
	],
    "description": [
      ""	
    ],
	"variants": {
		"0": {
           "description": [
             "正在洗澡的\\str[120]、",
			 "依稀能看见身影"
           ]
		},		
		"1": {
           "description": [
			 "\\str[120]正在用毛巾擦干头发"
           ]
		}
	}	
  },
  "30": {
    "name": [],
    "subtitle": [
	  "休息中的"
	],
    "description": [
      ""
    ],
	"variants": {
		"0": {
           "description": [
             "\\str[120]看起来很开心、",
			 "遇到了什么有趣的事情吗？"
           ]
		},		
		"1": {
           "description": [
             "越来越可爱的\\str[120]！",
			 "去摸摸她的头吧!"
           ]
		},
		"2": {
           "description": [
             "\\str[120]只是呆呆地坐在那",
			 "去试试找她搭话吧…"
           ]
		},
		"3": {
           "description": [
             "\\str[120]看起来有点难过、",
			 "去安慰看看吧？"
           ]
		},
		"4": {
           "description": [
             "\\str[120]看起来有点不舒服、",
			 "该做点什么好呢…"
           ]
		},
		"5": {
           "description": [
             "\\str[120]看起来已经困了、",
			 "差不多该去睡觉了吧？"
           ]
		}
	}
  },    
  "31": {
    "name": [],
    "subtitle": [
	  "睡得正香的"
	],
    "description": [
      ""
    ],
	"variants": {
		"0": {
           "description": [
             "像植物一样陷入了沉睡…",
			 "怎么都叫不起来了…"
           ]
		},		
		"1": {
           "description": [
             "爆睡中…",
			 "看起来是很难醒过来了…"
           ]
		},
		"2": {
           "description": [
             "睡得很安稳、",
			 "完全沉浸在睡梦中…"
           ]
		},
		"3": {
           "description": [
             "睫毛抖动着、",
			 "隐约能听到在说什么梦话"
           ]
		},
		"4": {
           "description": [
             "看起来半梦半醒着、",
			 "无意识地发出呢喃"
           ]
		},
		"5": {
           "description": [
             "\\str[120]快要醒过来了!",
			 "但意识还有些模糊…"
           ]
		}
	}
  },   
  "32": {
    "name": [],
    "subtitle": [
	  "肚子饿了的"
	],
    "description": [
      ""	
    ],
	"variants": {
		"0": {
           "description": [
             "\\str[120]在静静地等着晚饭"
           ]
		},		
		"1": {
           "description": [
			 "\\str[120]好像有点担心晚饭的味道…"
           ]
		},
		"2": {
           "description": [
			 "\\str[120]似乎想要帮忙的样子"
           ]
		}
	}	
  },   
  "33": {
    "name": [],
    "subtitle": [
	  "乘凉中的"
	],
    "description": [
      ""	
    ],
	"variants": {
		"0": {
           "description": [
             "\\str[120]正在惬意地舔着冰棒、",
			 "但有点太没防备的样子了……"
           ]
		}
	}	
  },   
  "34": {
    "name": [],
    "subtitle": [
	  "刷牙中的"
	],
    "description": [
      ""	
    ],
	"variants": {
		"0": {
           "description": [
             "\\str[120]懒散地刷牙中、",
			 "还一副没睡醒的模样……"
           ]
		}
	}	
  },
  "35": {
    "name": [],
    "subtitle": [],
    "description": [
      "✦感觉身体变得轻飘飘的……）"
    ]
  },
  "36": {
    "name": [],
    "subtitle": [],
    "description": [
      "✦精神变得松懈下来——"
    ]
  },
  "37": {
    "name": [],
    "subtitle": [],
    "description": [
      "✦摸的时间太久、",
      "\\str[120]有点生气了…"
    ]
  },
  "39": {
    "name": [],
    "subtitle": [],
    "description": [
      "✦（想喝饮料了……）"
    ]
  },
  "40": {
    "name": [],
    "subtitle": [
      "辣哭了的"	
	],	
    "description": [
      ""
    ],
	"variants": {
		"0": {
           "description": [
             "吃了太多超辣的食物…"
           ]
		}
	}	
  },
  "41": {
    "name": [],
    "subtitle": [],
    "description": [
      "✦吃饱喝足、",
      "\\str[120]现在感觉很幸福！"
    ]
  },
  "45": {
    "name": [],
    "subtitle": [
      "「和\\str[120]重要的约定，必须要遵守呢」"
    ],
    "description": [
      "不要重伤回家..."
    ]
  },
  "46": {
    "name": [],
    "subtitle": [
      "「和\\str[120]重要的约定，必须要遵守呢」"
    ],
    "description": [
      "为\\str[120]做肉料理"
    ]
  },
  "55": {
    "name": [],
    "subtitle": [
      "「这里可是我的领域噢，可不能做坏事呢♥！」"
    ],
    "description": [
      "攻击行为禁止！恐惧附近的魔物！"
    ]
  },
  "57": {
    "name": [],
    "subtitle": [
      "「现在我感觉自己无所不能」"
    ],
    "description": [
      "进入了贤者模式，全属性上升！"
    ]
  },
  "58": {
    "name": [],
    "subtitle": [
      "「吃坏了肚子……」"
    ],
    "description": [
      "腹痛不止！"
    ]
  },
  "59": {
    "name": [],
    "subtitle": [],
    "description": [
      "……感觉忘记了什么重要的事情、总有一天会想起来吧？"
    ]
  },
  "60": {
    "name": [],
    "subtitle": [],
    "description": [
      "身上不断散发着恶臭…"
    ]
  },
  "61": {
    "name": [],
    "subtitle": [
      "「菊花残、满地伤…」"
    ],
    "description": [
      "因屁股疼无法奔跑和冲刺！"
    ]
  },
  "62": {
    "name": [],
    "subtitle": [],
    "description": [
      "集中精力为下一击做准备，移动速度下降！"
    ]
  },
  "63": {
    "name": [],
    "subtitle": [
	  "「真红的三倍速」"
	],
    "description": [
      ""
    ]
  },
  "64": {
    "name": [],
    "subtitle": [],
    "description": [
      "闪步冷却中！"
    ]
  },
  "65": {
    "name": [],
    "subtitle": [],
    "description": [
      "转得头晕了……"
    ]
  },
  "67": {
    "name": [],
    "subtitle": [],
    "description": [
      "浮在水面上。移速下降，无法攻击！"
    ]
  },
  "68": {
    "name": [],
    "subtitle": [],
    "description": [
      "魔法吟唱中！"
    ]
  },
  "71": {
    "name": [],
    "subtitle": [
      "「吃到了美味的东西，肚子里暖暖的〜」"
    ],
    "description": [
      "每秒体力小回复！"
    ]
  },
  "72": {
    "name": [],
    "subtitle": [
      "「力量……涌上来了！」"
    ],
    "description": [
      "攻击力\\c[10]+50%\\c[0]"
    ]
  },
  "73": {
    "name": [],
    "subtitle": [
      "「我逐渐理解一切。」"
    ],
    "description": [
      "魔攻力\\c[10]+50%\\c[0]"
    ]
  },
  "74": {
    "name": [],
    "subtitle": [
      "「跟得上吗……我的SPEED！」"
    ],
    "description": [
      "移动速度提升！"
    ]
  },
  "75": {
    "name": [],
    "subtitle": [
      "「神兵天降」"
    ],
    "description": [
      "状态持续期间武器巨大化、提升攻击范围和伤害！"
    ]
  },
  "77": {
    "name": [],
    "subtitle": [
      "「再生之炎」"
    ],
    "description": [
      "状态持续期间可以复活一次！"
    ]
  },
  "78": {
    "name": [],
    "subtitle": [
      "「命运流动……」"
    ],
    "description": [
      "得到命运的加护，更容易遇到开心的事情了！"
    ]
  },
  "79": {
    "name": [],
    "subtitle": [
      "「命运流动……」"
    ],
    "description": [
      "得到命运的加护，更容易遇到难过的事情了！"
    ]
  },
  "80": {
    "name": [],
    "subtitle": [
	  "「真红的三倍速」"
	],
    "description": [
      ""
    ]
  },
  "85": {
    "name": [],
    "subtitle": [
      "「但是真的很难吃……」"
    ],
    "description": [
      "体内充满了生命力、最大体力增加了！"
    ]
  },
  "86": {
    "name": [],
    "subtitle": [
      "「菜就多练」"
    ],
    "description": [
      "你被无情嘲讽了！防御力、幸运值大幅降低！"
    ]
  },
  "90": {
    "name": [],
    "subtitle": [
      "「不要脸探草丛啊！？」"
    ],
    "description": [
      "在草丛里就有一种安心感……体力自动回复中"
    ]
  },
  "98": {
    "name": [],
    "subtitle": [
      "「就感觉\\str[120]在身边一样……」"
    ],
    "description": [
      "体力自动回复中！"
    ]
  },
  "99": {
    "name": [],
    "subtitle": [
      "「我等乃是守护者！」"
    ],
    "description": [
      "攻击力提升30"
    ]
  },
  "101": {
    "name": [],
    "subtitle": [
      "「LOOK INTO MY EVIL EYEZ SEE SOMETHIN' INSIDE!」"
    ],
    "description": [
      "每\\v[221]秒短暂地进入透明状态！"
    ]
  },
  "104": {
    "name": [],
    "subtitle": [
      "「你散发着荣光」"
    ],
    "description": [
      "全属性上升、暂时性无敌！"
    ]
  },
  "105": {
    "name": [],
    "subtitle": [
      "「与汝同享此福」"
    ],
    "description": [
      "获得了圣杯的祝福，获取金钱翻倍！"
    ]
  },
  "106": {
    "name": [],
    "subtitle": [
      "「拿、拿不动了……」"
    ],
    "description": [
      "力量和体力不足、无法发挥武器性能!"
    ]
  },
  "107": {
    "name": [],
    "subtitle": [
      "「我等乃是守护者！」"
    ],
    "description": [
      "移动速度提升！"
    ]
  },
  "108": {
    "name": [],
    "subtitle": [
      "「我等乃是守护者！」"
    ],
    "description": [
      "攻击力、防御力提升！"
    ]
  },
  "109": {
    "name": [],
    "subtitle": [
      "「我等乃是守护者！」"
    ],
    "description": [
      "防御力提升！"
    ]
  },
  "110": {
    "name": [],
    "subtitle": [
      "「我等乃是守护者！」"
    ],
    "description": [
      "最大体力、防御力提升！"
    ]
  },
  "115": {
    "name": [],
    "subtitle": [
      "「不死的稻草人之心，但枯萎的时刻终究到来了」"
    ],
    "description": [
      "无法恢复体力！"
    ]
  },
  "116": {
    "name": [],
    "subtitle": [
      "「无尽的贪欲最终也盯上了你——」"
    ],
    "description": [
      "受伤时强制掉落持有的金钱！"
    ]
  },
  "117": {
    "name": [],
    "subtitle": [
      "「如此可得世界的荣耀、远离黑暗蒙昧」"
    ],
    "description": [
      ""
    ]
  },
  "122": {
    "name": [],
    "subtitle": [
      "「嘻嘻……我一定要活下去！」"
    ],
    "description": [
      "永久体力自动回复"
    ]
  }
}