{
  "3": {
        "0": [
            "「我回来了。」"
		],
		"1": [
            "\\nl< >「\\str[121]？今天回来得很早呢？」"
        ],
        "2": [
            "「嗯，今天感觉有点累，",
            "就不勉强去探索了…」"
        ],
        "3": [
            "\\nl< >「这是那个吧……叫五月病来着？」"
        ],
        "4": [
            "五月……？现在可是炎热的夏天哦？"
        ],
        "5": [
            "\\nl< >「我也经常有这种感觉呢…",
			"本来以为是中午，结果醒来时\\str[121]已经把晚饭做好了…」"
        ],
        "6": [
            "……那只是单纯的喜欢睡懒觉不是吗？"
        ],
        "7": [
            "\\nl< >「偶尔这样也不错呢、\\str[121]，来一起玩吧！」"
        ],
        "8": [
            "\\nl< >「适当休息也很重要、下次要多注意呀。」"
        ],
        "9": [
            "\\nl< >「这样啊、",
			"那就让我来给\\str[121]按摩一下吧！」"
        ],
        "10": [
            "是啊、时间还有很多、今天就好好放松休息吧。"
        ],
        "11": [
            "不过说得也是啊、时间还有很多、今天就好好放松休息吧。"
        ],
        "12": [
            "\nl< >「那\\str[121]也一起来试试午睡吧…",
			"很舒服的哦？」"
        ],
        "13": [
            "结果最后和\\str[120]一起睡到了太阳下山的时候。"
        ],
        "14": [
            "和\\str[120]一起玩了一天的游戏。"
        ],
        "15": [
            "和\\str[120]一起悠闲地度过了白天。"
        ],
        "16": [
            "\\str[120]干劲十足地为我按摩了很长时间，",
			"因为很舒服就这么睡过去了…"
        ]			
    },
  "9": {
        "0": [
            "怀中那温热的触感时刻提醒着我，梦寐以求的药已经到手。",
			"但这段过于不真实的经历，仍让我难以释怀。"
		],
		"1": [
            "连通了家门口的星之塔罗牌。",
			"这是父亲遗留下来的物品之一，",
			"虽然父亲生前一直在研究可以让\\str[120]恢复正常的方法，",
			"可为什么…这么轻易地就产生了反应……"
        ],
		"2": [
            "怎么想也得不出什么结论，胡思乱想也没意义。",
			"结果而言我已经拿到了红髓液，找个机会让\\str[120]试一试吧。"
        ],
		"3": [
            "刚好颜色看起来像草莓汁，",
			"说不定味道也和她喜欢的草莓牛奶一样呢…"
        ],
		"4": [
            "\\nl< >「欢迎回家、\\str[121]。」"
        ],
		"5": [
            "\\nl< >「肚子已经饿了…」"
        ],
		"6": [
            "「知道了知道了、马上就准备晚饭呢。」"
        ],
		"7": [
            "轻轻摸了摸\\str[120]的头，安慰了她几句。",
			"好了——接下来该怎么办呢？"
        ],
		"8": [
            "准备晚饭",
			"去厕所"
        ],
		"9": [
            "是啊、已经不早了、得去准备晚饭了。"
        ],
		"10": [
            "「今天晚上想吃什么？」"
        ],
		"11": [
            "\\nl< >\\{「肉料理就好了！」"
        ],
		"12": [
            "嗯……预料之中的回答……",
			"看样子还是得找个机会，好好给\\str[120]讲讲饮食均衡的重要性。"
        ],
		"13": [
            "唔、有点想去厕所了……"
        ],
		"14": [
            "「抱歉、再等一下吧、之后再准备晚饭。」"
        ],
		"15": [
            "\\nl< >「我知道了。」"
        ]			
    },
  "13": {
        "0": [
            "\\nl< >「\\str[121]今天按照约定没把自己搞得破破烂烂的、太好了！",
			"要表扬一下在努力的\\str[121]呢！」"
		],
		"1": [
            "\\nl< >「今天\\str[121]也完成了约定呢、这是今天的表彰噢！」"
        ],
		"2": [
            "\\nl< >「最近\\str[121]一直都在努力呢、这是今天的表彰噢——」"
        ],
		"3": [
            "\\nl< >「马上就要一个月了呢、",
			"\\str[121]真是辛苦了、来、这是今天的表彰——」"
        ],
		"4": [
            "\\nl< >「\\str[121]！太好了、已经一个月了噢！",
			"\\str[121]非常了不起呢！」"
        ],
		"5": [
            "\\nl< >「总之这是最后的表彰呢！」"
        ],
		"6": [
            "\\nl< >「好啦！画完了！",
			"这个是\\str[121]作为好孩子的证明噢！",
			"今天之内不许洗掉呢！」"
        ],
		"7": [
            "我看了看右手，\\str[120]用画笔在手背上画了一个可爱的图案。"
        ],
		"8": [
            "这可真是不得了的表彰啊…不过……"
        ],
		"9": [
            "\\nl< >「诶？『继续收集下去会有什么特别奖励』吗？",
			"……\\str[121]你还想要更多表扬吗？」"
        ],
		"10": [
            "\nl< >「唔嗯……那\\str[121]继续这样保持一个月、",
			"给你更特别的奖励吧……」"
        ],
		"11": [
            "\\nl< >「因为太害羞了，现在还不能告诉你是什么奖励…」"
        ],
		"12": [
            "本来只是开玩笑说的，",
			"但\\str[120]似乎真的在认真考虑什么特别的奖励，",
			"感觉干劲上来了！"
        ],
		"13": [
            "\\nl< >「特别的奖励还是秘密哟，现在不能告诉\\str[121]…！」"
        ],
		"14": [
            "\\nl< >「来、\\str[121]！按照约定这是给你的特别奖励噢！」"
        ],
		"15": [
            "\\nl< >「嘿嘿…这是我做的『什么都行』券。」"
        ],
		"16": [
            "\\nl< >「\\str[121]一直都是为了我着想，但作为\\str[120]，",
			"我也希望\\str[121]能放下那些负担，好好休息一下啊……」"
        ],
		"17": [
            "\\nl< >「所以，\\str[121]可以用这个随便撒娇哦！」",
			"什么要求都可以，\\str[121]只要想着放松自己就好了！」"
        ],
		"18": [
            "\\nl< >「诶！？     \\w[30]",
			"『色色的事情也行吗……？』",
			"那个、那个……」"
        ],
		"19": [
            "\\nl< >「可以啦…如果\\str[121]就想做这种事情、",
			"不会拒绝的啦…」"
        ],
		"20": [
            "\\nl< >「说到底\\str[121]平时不就是一直在欺负人嘛……」"
        ],
		"21": [
            "\\>从\\str[120]那里收到了\\ii[199]！        \\w[60]",
			"\\>可以向\\str[120]提出一个撒娇的请求了！     \\w[60]"
        ]			
    },
  "15": {
        "0": [
            "「……ただいま。」"
        ],
        "1": [
            "俺は元気なく挨拶をして、",
            "家に入った途端、全身を焼くような熱気がすっと引いていった。",
            "この天気は一体どうなってるんだ……こんなに暑いなんて……"
        ],
        "2": [
            "「——ん？おかしいな？」"
        ],
        "3": [
            "いつもみたいに\\str[120]が出迎えてくれないことに気づいた。",
			"まだ寝てるのかな？"
        ],
        "4": [
            "\\nl< >「\\str[121]、おかえり……」"
        ],
        "5": [
            "Tシャツに着替えた\\str[120]がだるそうに出迎えてくれた。",
            "どうやら\\str[120]も暑さに耐えられないみたいだ……。"
        ],
        "6": [
            "\\nl< >\\{「熱い…！」",
            "\\w[40]\\^"
        ],
        "7": [
            "\\nl< >「\\str[121]体がすごく熱い…！」"
		"8": [
            "自分の体からまだ熱気が立ち上っているのを見て、",
            "今にも爆発しそうな錯覚すら覚えた……"
        ],
		"9": [
            "\\nl< >「\\str[121]、おかえり……  \\w[60]",
			"やっぱり外は暑かったでしょ？」"
        ],
		"10": [
            "「そうだね、まるでオーブンの中にいるみたいで……  \\w[60]",
			"この天気、一体どうなってるんだ……」"
        ],
		"11": [
            "「でも、もう大丈夫！！    \\w[40]",
			"じゃじゃーん！扇風機を手に入れたんだ！」"
        ],
		"12": [
            "\\nl< >「やった！早く！早く！   \\w[60]",
			"今すぐ取り付けて！」"
        ],
		"13": [
            "\\nl< >「扇風機とアイス用意したから、早くこっちに来て！」"
        ],
		"14": [
            "「おお——！」"
        ],
		"15": [
            "帰ってすぐに涼しい場所と冷たい食べ物がある、",
            "この感じもなかなか悪くないな……"
        ],
		"16": [
            "少し待っても\\str[120]が出てこなかった。",
            "おかしいな……まだ昼寝してるのかな？"
        ],
		"17": [
            "どうしようかな……"
        ],
		"18": [
            "こっそり行く",
			"\\str[120]を呼ぶ"
        ],
		"19": [
            "よし！直接こっそり部屋を覗いてみよう、",
            "もし昼寝を起こしちゃったらかわいそうだし。"
        ],
		"20": [
            "\\{「ただいまー！」"
        ],
		"21": [
            "何気なく声をかけたら、",
            "しばらくしてドタドタと階段を降りる音が聞こえた。"
        ],
		"22": [
            "……そんなに慌てて？"
        ],
		"23": [
            "\\nl< >「\\str[121]！？",
			"今日はずいぶん早く帰ってきたんだね——」"
        ],
		"24": [
            "小走りで来たせいか、",
			"\\str[120]の頬は真っ赤に染まり、呼吸もどこか不自然に荒かった。"
        ],
		"25": [
            "「………………ん？   \\w[45]",
			"\\str[120]よ、もしかして————」"
        ],
		"26": [
            "\\nl< >「ひっ！？」"
        ],
		"27": [
            "「さっきこっそりポテチ食べてたでしょ！？",
			"ほら、口元にカスがついてる！」"
        ],
		"28": [
            "\\nl< >「え…あ……\\w[45]うん…そうだね、えへへ……    \\w[45]",
			"さっきおやつ食べてたの…」                 \\w[45]"
        ],
		"29": [
            "\\str[120]はとても不器用に言い訳をしていて、",
			"ますます怪しく見えた……"
        ],
		"30": [
            "\\nl< >「はいはい、\\str[121]の分も用意してるから、",
			"一緒に食べよ……！」」"
        ],
		"31": [
            "これ以上追及させまいと、",
			"\\str[120]はそのまま逃げるように振る舞った。"
        ],
		"32": [
            "玄関に戻った後も、",
			"頭の中では\\str[120]の無防備な姿が何度も再生されていた。    \\w[60]",
			"……まあ、夏だから仕方ないよね。"
        ],
		"33": [
            "「ゴホン……         \\w[60]\\{",
			"ただいまだよ〜！」"
        ],
		"34": [
            "何も気づかなかったふりをして、俺は屋内の\\str[120]に声をかけた。"
        ]	
    }	
}