{
  "2": {
    "0": [
      "Après avoir franchi la Porte des Ét",
      "oiles, le fragment de pierre dans mon sac à",
      "dos a soudainement émis une inte",
      "n",
      "se vague de chaleur. Je l'ai sorti précipitamment, po",
      "ur découvrir que ce qui avait été calme et s",
      "table jusque-là commençait à se transformer…"
    ],
    "1": [
      "Qu-Qu'est-ce que c'est..."
    ],
    "2": [
      "Je n'ai aucune idée de ce qui vient de se passer.",
      "La pierre a soudainement commencé à briller",
      "comme un fou sous ces pulsations bizarres..."
    ],
    "3": [
      "Dans l'instant suivant,",
      "la pierre a soudainement commencé à fondre—"
    ],
    "4": [
      "Ah… aaah!? \\w[60]",
      "Non, non, ça va déborder!!"
    ],
    "5": [
      "Alors que la pierre tournait de manière inattendue et rapide",
      "dans le liquide, j'ai fouillé frénétiquement dans mon",
      "sac à dos et sortit une bouteille en verre, à la hâte",
      "je récupère le liquide rouge qui colle encore à mes mains."
    ],
    "6": [
      "…………",
      "…………"
    ],
    "7": [
      "Serait-ce l'Elixir Rubrum que mon",
      "père a mentionné...?",
      "Mais pourquoi réagirait-il à l'intérieur de cette porte...?"
    ]
  }
}