{
  "2": {
        "0": [
            "После того, как я вошел в Звездные Врата, ",
			"камень в моем рюкзаке внезапно ",
			"испустил сильную волну тепла.",
			" ",
			"Я быстро вытащил камень, и обнаружил ",
			"что то, что было спокойным и стабильным все это ",
			"время, начало необратимую трансформацию—"
		],
		"1": [
            "\"Чт-что это...\""
        ],
        "2": [
            "Понятия не имею, что только что произошло.",
            "Камень внезапно начал светиться ",
			"как сумасшедший, еще и как-то странно пульсируя..."
        ],
        "3": [
            "В следующий момент, ",
			"камень явно начал таять—"
        ],
        "4": [
            "\"А… ааах!?   \\w[60]",
			"Нет, о-он сейчас прольется!!\""
        ],
        "5": [
            "Поскольку камень неожиданно и быстро превратился  ",
			"в жидкость, я лихорадочно порылся в своем ",
			"рюкзаке и вытащил стеклянную бутылку, поспешно ",
			"собирая красную жидкость, все еще прилипшую к моим рукам."
        ],
        "6": [
            "…………",
			"…………"
        ],
        "7": [
            "Может ли это быть тем самым Эликсиром Рубрум, о котором ",
			"упоминал мой отец...?",
			"Но почему он сработал именно внутри этих ворот...?"
        ]		
    }
}