{
  "1": {
    "name": [
      "Деревянный Меч"
    ],
    "subtitle": "",
    "description": [
      "Говорят, герой тоже начинал",
      "свой путь с деревянного меча из стартовой деревни.",
      "Это стало примером для многих искателей приключений"
    ],
    "ability": [
      "Наносит доп. урон при износе оружия"
    ]
  },
  "2": {
    "name": [
      "Деревянная Палка"
    ],
    "subtitle": "",
    "description": [
      "Крепкая палка идеальной формы, ",
      "для детей. Неплохо работает и как оружие"
    ],
    "ability": [
      "Наносит доп. урон при износе оружия"
    ]
  },
  "3": {
    "name": [
      "Топор Лесоруба"
    ],
    "subtitle": "",
    "description": [
      "Надёжный инструмент для исследователей",
      "лесов. Не предназначен для боя -",
      "не стоит на него слишком полагаться"
    ],
    "ability": [
      "Усиленный урон по деревьям"
    ]
  },
  "4": {
    "name": [
      " Сжатый Кулак"
    ],
    "subtitle": "",
    "description": [
      "Нет оружия? Просто лупи кулаками!",
      "Быстрое решение, кулаки полные силы духа бьют сильно",
      "Зачем оружие, если кулаки справятся?"
    ],
    "ability": [
      "Урон зависит от макс. HP!"
    ]
  },
  "5": {
    "name": [
      "Рыцарский Меч"
    ],
    "subtitle": "",
    "description": [
      "Оружие отца из его молодости,",
      "ухоженное, похоже из арсенала придворных рыцарей"
    ],
    "ability": [
      "При HP<\\c[10]30%\\c[0] атака удваивается"
    ]
  },
  "6": {
    "name": [
      "Лавовый Посох"
    ],
    "subtitle": "",
    "description": [
      "Посох из вулканических минералов,",
      "концентрирующий огонь. Но ошибка",
      "может привести к взрыву в руках"
    ],
    "ability": [
      "Зажать ПКМ для \\c[27]Багрового Метеора\\c[0]"
    ]
  },
  "7": {
    "name": [
      "Ледяной Посох"
    ],
    "subtitle": "",
    "description": [
      "Посох из магических кристаллов,",
      "выпускает мороз. Сложен в управлении. Леденит руку"
    ],
    "ability": [
      "Зажать ПКМ для \\c[27]Ледяного Заклинания\\c[0]"
    ]
  },
  "8": {
    "name": [
      "Странное Перо"
    ],
    "subtitle": "",
    "description": [
      "Перо странной птицы. Невероятно лёгкое,",
      "может с лёгкостью сдуть противника"
    ],
    "ability": [
      "При Вихревом Ударе скорость растёт"
    ]
  },
  "9": {
    "name": [
      "Рыцарский Меч"
    ],
    "subtitle": "",
    "description": [
      "Оружие дворцовых рыцарей",
      "Символизирует путь защиты рыцарей"
    ],
    "ability": [
      "При HP<\\c[10]30%\\c[0] атака удваивается"
    ]
  },
  "10": {
    "name": [
      "Серебряный двуручник"
    ],
    "subtitle": "",
    "description": [
      "Двуручный меч будто из серебра,",
      "слепящий блеск. Холодный и твёрдый,",
      "но настоящий материал неизвестен"
    ],
    "ability": [
      "При HP<\\c[29]400\\c[0] потенциал ограничен!"
    ]
  },
  "11": {
    "name": [
      " Тяжёлая Киянка"
    ],
    "subtitle": "",
    "description": [
      "Громоздкий деревянный молот",
      "Удар по голове гарантированно оглушит!"
    ],
    "ability": [
      "33% шанс оглушить",
      "При HP<\\c[29]400\\c[0] потенциал ограничен!"
    ]
  },
  "12": {
    "name": [
      "Бейсбольная Бита"
    ],
    "subtitle": "",
    "description": [
      "Металлическая бита. Для спорта,",
      "но и для драк хороша",
      "Может отбивать летящие предметы"
    ],
    "ability": [
      "Повышенная прочность!"
    ]
  },
  "13": {
    "name": [
      "Гнилая Рыбья Кость"
    ],
    "subtitle": [
      "\"Воняет, выбрось!\""
    ],
    "description": [
      "Кости большой рыбы с гниющим мясом,",
      "испускающие невыносимую вонь"
    ],
    "ability": [
      "Постоянно воняет"
    ]
  },
  "14": {
    "name": [
      "Клешня Краба"
    ],
    "subtitle": "",
    "description": [
      "Огромная клешня, цепко хватающая",
      "и не отпускающая. Если зацепится - не отцепишь"
    ],
    "ability": [
      "При броске зажимает цель, нанося урон",
      "Не вернётся, пока цель не умрёт"
    ]
  },
  "15": {
    "name": [
      "Ледяная Луна"
    ],
    "subtitle": [
      "\"Лизнул клинок - язык примёрз... Больно и холодно!\""
    ],
    "description": [
      "\"Братик, не лижи что попало!\"",
      "Магический ледяной меч, от него веет холодом"
    ],
    "ability": [
      "50% шанс заморозить"
    ]
  },
  "16": {
    "name": [
      "Нестабильный Электромеч"
    ],
    "subtitle": [
      "\"Зззз... зззз...!\""
    ],
    "description": [
      "Проклятый меч с дикой энергией",
      "Может ударить током и владельца"
    ],
    "ability": [
      "50% шанс ударить молнией"
    ]
  },
  "17": {
    "name": [
      "Солнечная Вспышка"
    ],
    "subtitle": [
      "\"Они-чан, он страшный, не бери.\""
    ],
    "description": [
      "Магический меч, впитавший солнечную энергию",
      "Особо эффективен против некоторых монстров"
    ],
    "ability": [
      "40% шанс поджечь"
    ]
  },
  "18": {
    "name": [
      "Топор из Костей Орка"
    ],
    "subtitle": "",
    "description": [
      "Большой топор из костей врагов. Не",
      "очень острый, орки чаще бросают его,",
      "чем используют в ближнем бою"
    ],
    "ability": [
      "Доп. урон при броске"
    ]
  },
  "21": {
    "name": [
      "Из Ада"
    ],
    "subtitle": [
      "\"Оно жаждет крови...\""
    ],
    "description": [
      "Оружие известного убийцы,",
      "покрытое кровью"
    ],
    "ability": [
      "45% шанс вызвать кровотечение"
    ]
  },
  "24": {
    "name": [
      "Топор Орка Бури"
    ],
    "subtitle": "",
    "description": [
      "Двуручник орка, созвучный силам природы.",
      "Каждый удар рвёт землю и поднимает вихри"
    ],
    "ability": [
      "Шанс вызвать порыв ветра",
      "При HP<\\c[29]400\\c[0] потенциал ограничен!"
    ]
  },
  "26": {
    "name": [
      "Звёздная Ночь"
    ],
    "subtitle": "",
    "description": [
      "Посох с камнями, сверкающими как Млечный Путь.",
      "Создаёт гравитационное поле,",
      "затягивающее врагов во тьму"
    ],
    "ability": [
      "Зажать ПКМ для Чёрной Дыры"
    ]
  },
  "27": {
    "name": [
      "Токсичный Клинок"
    ],
    "subtitle": "",
    "description": [
      "Тонкий меч грибов. Тусклое лезвие",
      "покрыто спорами, гарантируя яд.",
      "Хрупкий, но эффективный"
    ],
    "ability": [
      "50% шанс отравить"
    ]
  },
  "30": {
    "name": [
      "Канесада"
    ],
    "subtitle": "",
    "description": [
      "Любимая катана девушки, стремящейся",
      "к вершинам мастерства - не выпускала даже во сне",
      "Была ли острой или нет, все равно остается свидетелем её пути"
    ],
    "ability": [
      "Усиливает все изученные навыки"
    ]
  },
  "35": {
    "name": [
      "Клеймор Солас"
    ],
    "subtitle": [
      "\"Хм? Ничего не вижу! Это что, эфес без клинка!?\""
    ],
    "description": [
      "Благословлённый светом, клинок невидим",
      "Чрезвычайно острый,когжа надо, может воссиять"
    ],
    "ability": [
      "Игнорирует защиту цели"
    ]
  },
  "36": {
    "name": [
      "Тюрфинг"
    ],
    "subtitle": "",
    "description": [
      "Магический меч из кристаллов маны",
      "Каждый удар выпускает волну. Для мастеров",
      "это оружие великой силы"
    ],
    "ability": [
      "Удары создают волны"
    ]
  },
  "40": {
    "name": [
      "Anti-Bullying Hammer"
    ],
    "subtitle": [
      "\"NO BULLYING!!\""
    ],
    "description": [
      "A weapon born to punish evil adventurers. ",
      "Though just a toy hammer, getting bonked still hurts."
    ],
    "ability": [
      "Deals recoil damage when used for evil deeds",
      "The lower your Sin value, the higher its damage"
    ]
  },
  "52": {
    "name": [
      "Юнит 2"
    ],
    "subtitle": "",
    "description": [
      "Устройство связи из подозрительного магазина",
      "Крикни \"Огонь!\" и получишь снайперскую поддержку",
      "Но платить за связь придётся самому"
    ],
    "ability": [
      "ПКМ за 400¥ вызывает снайпера"
    ]
  },
  "53": {
    "name": [
      "Рожковый Двуручник"
    ],
    "subtitle": "",
    "description": [
      "Съедобное оружие от Канбан Мусумэ из NLCH",
      "Сохранена боевая эффективность, но и вкусно!"
    ],
    "ability": [
      "Может быть съеден в бою..."
    ]
  },
  "60": {
    "name": [
      "Банан?"
    ],
    "subtitle": [
      "\"Это точно банан...?\""
    ],
    "description": [
      "Очищенный банан, требует осторожности"
    ],
    "ability": [
      "На скорости можно случайно швырнуть... Ой!?"
    ]
  },
  "61": {
    "name": [
      "Гигантская Улитка-Пылесос"
    ],
    "subtitle": "",
    "description": [
      "Пылесос из ракушки гигантской улитки",
      "Мощное всасывание"
    ],
    "ability": [
      "Зажать для всасывания"
    ]
  },
  "62": {
    "name": [
      "Осколок Древнего Дерева"
    ],
    "subtitle": "",
    "description": [
      "Странная ветвь-оружие из древнего ствола,",
      "твёрдая, но полная жизни, всё ещё растёт"
    ],
    "ability": [
      "Убийства восстанавливают прочность",
      "Избыток даёт +1 к атаке за 1% больше максимума"
    ]
  },
  "63": {
    "name": [
      "Паразитический Клинок"
    ],
    "subtitle": "",
    "description": [
      "Меч, поглощённый деревом за века, где металл",
      "и жизнь слились в гармонии. Лезвие пульсирует,",
      "излучая странное тепло владельцу"
    ],
    "ability": [
      "Восстанавливает \\c[29]${Math.floor(1.2*$gameParty.leader().paramPlus(2))}\\c[0] HP за убийство"
    ]
  },
  "70": {
    "name": [
      "Древняя Слава"
    ],
    "subtitle": [
      "「Высвободи Золотую Силу ⭡⭡⭣⭣⭠⭢⭠⭢」"
    ],
    "description": [
      "Сверкающий золотой магический меч,",
      "одно из сокровищ администратора"
    ],
    "ability": [
      "Активируется секретной комбинацией"
    ]
  },
  "80": {
    "name": [
      "Ивовый Лист"
    ],
    "subtitle": "",
    "description": [
      "\"Сорви листья, развей цветы, рани врагов.\"",
      "Очень острый двуручник в форме ивовых листьев"
    ],
    "ability": [
      "Иногда бросает листья-сюрикены"
    ]
  },
  "81": {
    "name": [
      "Заражённый Клинок"
    ],
    "subtitle": [
      "\"Фу, слизь ещё шевелится... Омерзительно!!\""
    ],
    "description": [
      "Двуручник, кишащий живучей слизью",
      "Жажда жизни делает её агрессивной"
    ],
    "ability": [
      "Доп. урон кровоточащим"
    ]
  },
  "101": {
    "name": [
      "Деревянный Лук"
    ],
    "subtitle": "",
    "description": [
      "Длинный лук из твёрдого дерева",
      "Стреляет, но весьма посредственно"
    ],
    "ability": [
      "Зажать ПКМ для \\c[27]Пробивающей Стрелы\\c[0]",
      "Стрела теряет урон за каждую цель"
    ]
  },
  "102": {
    "name": [
      "Охотничий Лук"
    ],
    "subtitle": "",
    "description": [
      "Составной лук с меньшей силой натяжения",
      "Меньше урона, но удобнее для быстрой стрельбы"
    ],
    "ability": [
      "+Скорость атаки, -20% Урон, -20% Износ",
      "Зажать ПКМ для \\c[27]Пробивающей Стрелы\\c[0]"
    ]
  },
  "103": {
    "name": [
      "Облако Заката"
    ],
    "subtitle": "",
    "description": [
      "Магический лук с энергией огня",
      "Не только поджигает, но и стреляет взрывными стрелами"
    ],
    "ability": [
      "Зажать ПКМ для \\c[27]Взрывной Стрелы\\c[0]",
      "Стрелы взрываются при попадании"
    ]
  },
  "104": {
    "name": [
      "Снежный Дозор"
    ],
    "subtitle": "",
    "description": [
      "Магический лук, покрытый льдом. Стрелы",
      "могут заморозить область при заряде"
    ],
    "ability": [
      "Зажать ПКМ для \\c[27]Ледяной Стрелы\\c[0]",
      "Стрелы замораживают цели"
    ]
  },
  "105": {
    "name": [
      "Чидори"
    ],
    "subtitle": "",
    "description": [
      "Золотой лук, вызывающий гром,",
      "назван за звук, напоминающий молнию",
      "Но будь осторожен - он проводит ток"
    ],
    "ability": [
      "Зажать ПКМ для \\c[27]Громовой Стрелы\\c[0]"
    ]
  },
  "106": {
    "name": [
      "Проклятый Лук Адской Гончи"
    ],
    "subtitle": "",
    "description": [
      "Творение Бездны, странной формы,",
      "стреляет несколькими стрелами. Однако,",
      "его истинная сила остаётся запечатанной"
    ],
    "ability": [
      "Зажать ПКМ для \\c[27]Пробивающей Стрелы\\c[0]"
    ]
  },
  "107": {
    "name": [
      "Blood Hunt"
    ],
    "subtitle": "",
    "description": [
      "A blood-stained longbow.",
      "Each draw leaves the string wet with its wielder’s own blood,",
      "until the arrow returns with a sweeter offering"
    ],
    "ability": [
      "Hold right-click to charge and release a \\c[27]Blood Piercing Arrow\\c[0]",
      "Consumes HP to empower shots. Killing arrows drain blood"
    ]
  }
}