{
  "2": {
        "0": [
            "「そろそろ出発しないと……」"
		],
		"1": [
            "「じゃあ、行ってきます。」"
        ],
		"2": [
            "「よし、準備完了！」"
        ],
		"3": [
            "\\nl< >「いってらっしゃい、\\str[121]！」"
        ],
		"4": [
            "\\nl< >「今日は天気があまり良くないみたいだから、",
			"気をつけてね…」"
        ],
		"5": [
            "\\nl< >「無理しそうになったら、必ず戻ってきてね！」"
        ],
		"6": [
            "朝の元気いっぱいな\\str[120]の姿を見て、",
			"こんなに生き生きとした光景はとても新鮮で、",
			"思わず強い感動に包まれた。"
        ],
		"7": [
            "\\str[120]をぎゅっと抱きしめたい衝動を必死にこらえながら、",
			"笑顔で\\str[120]に応えた。"
        ],
		"8": [
            "\\{「おお…！行ってくる！」"
        ],
		"9": [
            "「ああ…お留守番よろしくね！」"
        ],
		"10": [
            "\\str[120]に手を振りながら家を出て、",
			"今日も\\str[120]のために頑張ろう！"
        ],
		"11": [
            "\\nl< >「ごめんね、\\str[121]……    \\w[60]",
			"また危険な場所に行かせてしまって——」"
        ],
		"12": [
            "「またそんなこと言って、心配しなくても大丈夫だよ。」"
        ],
		"13": [
            "\\nl< >「だって——」"
        ],
		"14": [
            "「もう何度も探索しているし、",
			"この数年であの迷宮もかなり安定しているから。」"
        ],
		"15": [
            "「じゃあ、お家のことは任せたよ！」"
        ],
		"16": [
            "\\nl< >「うん…気をつけてね……」"
        ],
		"17": [
            "そう、\\str[120]には奇妙な病がある。"
        ],
		"18": [
            "外に出ることができず、日光を浴びることもできない。",
			"そして定期的に特別な錬金薬を服用しなければ、",
			"体の状態を安定させることができないのだ。"
        ],
		"19": [
            "その薬を作るための材料は、",
			"市場では簡単に手に入るものではない。",
			"今、素材を集めることができる唯一の場所、それは——"
        ],
		"20": [
            "だから俺は兄として、何度でもあの場所に潜り、",
			"\\str[120]を治すための新たな方法を探し続けなければならないのだ。"
        ]
  },		
  "3": {
        "0": [
            "「ただいま。」"
		],
		"1": [
            "\\nl< >「\\str[121]？今日は早く帰ってきたね？」"
        ],
        "2": [
            "「うん、今日はちょっと疲れたから、",
            "無理して探索には行かないでおこう…」"
        ],
        "3": [
            "\\nl< >「これってあれでしょ……五月病ってもの？」"
        ],
        "4": [
            "五月……？今は暑い夏なのに？"
        ],
        "5": [
            "\\nl< >「あたしもよくそんな感じになるんだよね…",
			"お昼まで寝てたつもりが、起きたら\\str[121]が",
			"もう夕飯を作ってたりして…」"
        ],
        "6": [
            "……ただ単に寝坊が好きなだけじゃないか？"
        ],
        "7": [
            "\\nl< >「たまにはこういうのもいいよね、",
			"一緒に遊ぼう、\\str[121]！」"
        ],
        "8": [
            "\\nl< >「休息も大事だから、次はしっかり休んでね。」"
        ],
        "9": [
            "\\nl< >「そうなんだ、",
			"じゃああたしがリラックスさせてあげるね、",
			"\\str[121]！」"
        ],
        "10": [
            "そうだな、まだ時間があるし、今日はゆっくり休もう。"
        ],
        "11": [
            "でもそうだな、まだ時間があるし、今日はゆっくり休もう。"
        ],
        "12": [
            "\\nl< >「じゃあ、\\str[121]も一緒に昼寝してみようよ…",
			"すごく気持ちいいよ？」"
        ],
        "13": [
            "結局、\\str[120]と一緒に夕方近くまで寝てしまった。"
        ],
        "14": [
            "\\str[120]と一緒に一日中ゲームをした。"
        ],
        "15": [
            "\\str[120]と一緒にのんびりと昼間を過ごした。"
        ],
        "16": [
            "\\str[120]が張り切って長い間マッサージしてくれて、",
			"気持ち良すぎてそのまま寝ちゃった…"
        ],
        "17": [
            "\\nl< >「\\str[121]？今日は早く帰ってきたね？」"
        ],
        "18": [
            "\\nl< >「お帰りなさい、\\str[121]。」"
        ],
        "19": [
            "「ふんふん、\\str[120]よ、",
			"今日兄ちゃんが何を持って帰ったと思う——！」"
        ],
        "20": [
            "\\nl< >「大きな包みだね——      \\w[90]\\^"
        ],
        "21": [
            "\\nl< >「もしかして美味しいもの……！？」"
        ],
        "22": [
            "うーん……\\str[120]は美味しいもの以外には",
			"あんまり興味ないんだよな…"
        ],
        "23": [
            "\\nl< >「お帰りなさい、     \\w[45]\\^"
        ],
        "24": [
            "\\nl< >「\\{臭い!          \\}\\w[20]",
			"\\str[121]臭い！」"
        ],
        "25": [
            "「えええ！？」"
        ],
        "26": [
            "\\nl< >「\\str[121]ずっと臭ってる！   \\w[90]",
			"近づかないで…                     \\w[90]",
			"早くお風呂に入って！               \\w[150]\\^"	
        ],
        "27": [
            "「ええええええ——！？」"
        ],
        "28": [
            "\\str[120]が逃げてしまった。     \\w[60]",
			"……俺の体、そんなに臭いのかな、探検しているときに",
			"何か汚いものに触れたのかもしれないな.."
        ],
        "29": [
            "とにかく、先にシャワーを浴びてきれいにしよう..."
        ]		
    },
  "5": {
        "0": [
            "「ダ、ダメだ、   \\w[30]",
			"もう死んじゃう…」"
		],
		"1": [
            "最後の瞬間に逃げ出せてよかった…",
			"やっぱり、今の力ではそこに挑戦するのは無理か…"
        ],
		"2": [
            "もっと修練して、",
			"準備をしっかりしてから考えるべきだな。"
        ],
		"3": [
            "\\nl< >「お帰りなさい、    \\w[60]\\^"
        ],
		"4": [
            "\\nl< >「\\str[121]！？」"
        ],
		"5": [
            "\\nl< >「\\str[121]大丈夫！？   \\w[60]",
			"全身に傷だらけみたい……！」"
        ],
		"6": [
            "「ああ、ちょっと無理をした結果、",
			"失敗してしまった…あはは…」"
        ],
		"7": [
            "\\nl< >「もう、\\str[121]ったら、",
			"もっと自分のことを大切にしてよね!」"
        ],
		"8": [
            "\\nl< >「怪我したら、早く包帯しなきゃ！」"
        ],
		"9": [
            "\\str[120]に熟練した手つきで丁寧に包帯を巻かれたら、",
			"体力が大きく回復した感じがする。"
        ],
		"10": [
            "\\str[120]に少し慣れた手つきで包帯を巻かれたら、",
			"体力がかなり回復した感じがする。"
        ],
		"11": [
            "\\str[120]に不器用に全身を包帯で巻かれたけど、",
			"体力が少し回復した感じがする。"
        ],
		"12": [
            "次は\\str[121]ゆっくり休んでね！",
			"夕食はあたしが作るから！」"
        ],
		"13": [
            "「あ、はい！」"
        ],
		"14": [
            "それにしても、",
			"今俺は全身包帯でぐるぐる巻きにされていて、",
			"全く動けないんだが……"
        ],
		"15": [
            "\\nl< >「うん、\\str[121]はいい子ね。」"
        ],
		"16": [
            "気のせいか、\\str[120]のやる気がすごく高い気がするな…"
        ],
		"17": [
            "\\nl< >「\\str[121]また無理してるんだね！」"
        ],
		"18": [
            "\\nl< >「早く傷口を止血しなきゃ！」"
        ],
		"19": [
            "\\nl< >「次はあたしがしっかり\\str[121]",
			"をお世話するからね！」"
        ],
		"20": [
            "気のせいかな？\\str[120]がすごく嬉しそうに見えるんだけど…"
        ]
    },		
  "9": {
        "0": [
            "胸に抱いた温かい感触が、",
			"夢にまで見た薬を手に入れたことを常に思い出させてくれる。",
			"けれども、あまりにも現実離れした体験のせいで、",
			"まだ気持ちの整理がつかない。"
		],
		"1": [
            "家の入口とつながっていた星のタロットカード——",
			"それは父が遺した物の一つだ。",
			"生前、父は\\str[120]を元に戻す方法を研究していたが、",
			"どうしてこんなにも簡単に反応が起きたのだろうか。"
        ],
		"2": [
            "何を考えても結論は出ない。",
			"こんなふうにぐるぐると思い悩んでも意味はない。",
			"結果として、紅髄液を手に入れたのだから、",
			"\\str[120]に試してみる機会を探そう。"
        ],
		"3": [
            "色はイチゴジュースみたいだし、もしかしたら、",
			"\\str[120]の好きなイチゴミルクと同じ味かもしれないね……。"
        ],
		"4": [
            "\\nl< >「お帰りなさい、\\str[121]。」"
        ],
		"5": [
            "\\nl< >「お腹がもう空いた…」"
        ],
		"6": [
            "「わかったわかった、すぐに準備するよ。」"
        ],
		"7": [
            "\\str[120]の頭を撫でて慰めた。",
			"さて、次に何をすべきだろうか——"
        ],
		"8": [
            "食事の準備",
			"トイレに行く"
        ],
		"9": [
            "そうだな、もう遅いし、夕食の準備をしないと。"
        ],
		"10": [
            "「今夜は何を食べたい？」"
        ],
		"11": [
            "\\nl< >\\{「肉料理でいい！」"
        ],
		"12": [
            "うん、予想通りの答えだ。",
			"やっぱり、食事のバランスの重要性をもっと強調すべきかな。"
        ],
		"13": [
            "ちょっとトイレに行ってくるか…"
        ],
		"14": [
            "「ごめん、もう少し待っててね、",
			"後でご飯を準備するから。」"
        ],
		"15": [
            "\\nl< >「わかった。」"
        ]			
    },
  "13": {
        "0": [
            "\\nl< >「今日\\str[121]が約束をちゃんと守ってくれて、",
			"ボロボロにしなかったんだ。すごいね！",
			"頑張ってる\\str[121]を褒めてあげないと！」"
		],
		"1": [
            "\\nl< >「今日も\\str[121]が約束を守ってくれたね、",
			"これは今日の表彰——」"
        ],
		"2": [
            "\\nl< >「最近\\str[121]は頑張ってるね、これは今日の表彰——」"
        ],
		"3": [
            "\\nl< >「もうすぐ一ヵ月だね、",
			"\\str[121]お疲れ様、はい、これは今日の表彰——」"
        ],
		"4": [
            "\\nl< >「\\str[121]！やったね、もう一ヵ月だね！",
			"\\str[121]すごいよ！」"
        ],
		"5": [
            "\\nl< >「とにかく、これが最後の表彰だよ！」"
        ],
		"6": [
            "\\nl< >「はい！お絵描き終わったよ！",
			"これは\\str[121]がいい子だって証だよ。",
			"今日中に消しちゃダメだよ！」"
        ],
		"7": [
            "右手を見てみたら、",
			"\\str[120]が絵筆で手の甲に可愛いデザインを描いてくれていた。"
        ],
		"8": [
            "これは本当にすごい表彰だな……でも……"
        ],
		"9": [
            "\\nl< >「え？『もっと集めたら何か特別なご褒美があるの』？",
			"……\\str[121]はもっと褒められたいの？」"
        ],
		"10": [
            "\nl< >「うーん……じゃあ、",
			"\\str[121]がこんな風に一ヵ月続けられたら、",
			"特別なご褒美をあげるね……」"
        ],
		"11": [
            "\\nl< >「恥ずかしいから、今は何のご褒美かは教えられない…」"
        ],
		"12": [
            "もともとはふざけて言っただけなんだけど、",
			"\\str[120]が本気で何か特別なご褒美を考えているみたいで、",
			"やる気が出てきた！"
        ],
		"13": [
            "\\nl< >「特別なご褒美はまだ秘密だよ、",
			"今は\\str[121]に教えられない…！」"
        ],
		"14": [
            "\\nl< >「さあ、\\str[121]！",
			"これは約束した特別なご褒美だよ！」"
        ],
		"15": [
            "\\nl< >「へへ…これはあたしが作ったフリーパス。」"
        ],
		"16": [
            "\\nl< >「\\str[121]はあたしのことをずっと考えて",
			"くれているけど、たまには肩の荷を下ろしてゆっくり",
			"休んでほしいな……」"
        ],
		"17": [
            "\\nl< >「だから、\\str[121]は自由に甘えていいんだよ！",
			"何でもいいから、\\str[121]はリラックスする",
			"ことだけ考えて！」"
        ],
		"18": [
            "\\nl< >「えっ！？    \\w[30]",
			"『エッチなこと』……？",
			"あの、あの……」"
        ],
		"19": [
            "\\nl< >「いいよ…\\str[121]がそういうことを望むなら、",
			"断らないよ…」"
        ],
		"20": [
            "\\nl< >「そもそも、\\str[121]って普段から",
			"ずっとあたしをからかってるんだもん……」"
        ],
		"21": [
            "\\>\\str[120]から\\ii[199]を受け取った！        \\w[60]",
			"\\>これで\\str[120]に甘えるお願いがひとつできる！     \\w[60]"
        ]			
    },
  "14": {
        "0": [
            "\\nl< >「おや？\\str[121]、何を持ってるの？」"
		],
		"1": [
            "「あ……今日は騎士様からもらった服だよ。",
			"ゲームの特典だって——」          \\w[30]\\^"
        ],
		"2": [
            "\\nl< >「『シャドウソウル』の騎士様！？見せて見せて——！」"
        ],
		"3": [
            "\\str[120]は俺が反応する間もなく目の前に現れ、服を奪っていった。",
			"え…どうやら\\str[120]はこのプレゼントが",
			"とても気に入ったみたいだ。"
        ],
		"4": [
            "\\nl< >「おおおおお——！しかも騎士様の直筆サインまである！」"
        ],
		"5": [
            "\\nl< >「今すぐ着てみる——」"
        ],
		"6": [
            "\\{「ちょ、ちょっと待って——！？",
			"ここまだ玄関だぞ！」"
        ],
		"7": [
            "俺は慌てて振り返り、玄関のドアを急いで閉めた。",
			"\\str[120]は肌が長時間太陽に当たることができないのに、",
			"興奮しすぎて自分の弱点を忘れてしまったのか！"
        ],
		"8": [
            "\\nl< >「着替えたよ〜！」"
        ],
		"9": [
            "「へえ…意外とぴったりだな。」"
        ],
		"10": [
            "あの騎士はいつも重装甲を身にまとっているから、",
			"本人もかなり大柄なんだと思って、",
			"\\str[120]が着られるか心配してたけど…",
			"意外にもサイズがぴったりだったな。"
        ],
		"11": [
            "\\nl< >「えへへ…これ、今度からパジャマにしようかな〜」"
        ],
		"12": [
            "「それだとシワになるだろ…特典の記念品だし…」"
        ],
		"13": [
            "「それより、ご飯だぞ。早く着替えなよ。」"
        ],
		"14": [
            "\\nl< >「はーい~」"
        ]
    },		
  "15": {
        "0": [
            "「……ただいま。」"
        ],
        "1": [
            "俺は元気なく挨拶をして、",
            "家に入った途端、全身を焼くような熱気がすっと引いていった。",
            "この天気は一体どうなってるんだ……こんなに暑いなんて……"
        ],
        "2": [
            "「——ん？おかしいな？」"
        ],
        "3": [
            "いつもみたいに\\str[120]が出迎えてくれないことに気づいた。",
			"まだ寝てるのかな？"
        ],
        "4": [
            "\\nl< >「\\str[121]、おかえり……」"
        ],
        "5": [
            "Tシャツに着替えた\\str[120]がだるそうに出迎えてくれた。",
            "どうやら\\str[120]も暑さに耐えられないみたいだ……。"
        ],
        "6": [
            "\\nl< >\\{「熱い…！」",
            "\\w[40]\\^"
        ],
        "7": [
            "\\nl< >「\\str[121]体がすごく熱い…！」"
	    ],
		"8": [
            "自分の体からまだ熱気が立ち上っているのを見て、",
            "今にも爆発しそうな錯覚すら覚えた……"
        ],
		"9": [
            "\\nl< >「\\str[121]、おかえり……  \\w[60]",
			"やっぱり外は暑かったでしょ？」"
        ],
		"10": [
            "「そうだね、まるでオーブンの中にいるみたいで……  \\w[60]",
			"この天気、一体どうなってるんだ……」"
        ],
		"11": [
            "「でも、もう大丈夫！！    \\w[40]",
			"じゃじゃーん！扇風機を手に入れたんだ！」"
        ],
		"12": [
            "\\nl< >「やった！早く！早く！   \\w[60]",
			"今すぐ取り付けて！」"
        ],
		"13": [
            "\\nl< >「扇風機とアイス用意したから、早くこっちに来て！」"
        ],
		"14": [
            "「おお——！」"
        ],
		"15": [
            "帰ってすぐに涼しい場所と冷たい食べ物がある、",
            "この感じもなかなか悪くないな……"
        ],
		"16": [
            "少し待っても\\str[120]が出てこなかった。",
            "おかしいな……まだ昼寝してるのかな？"
        ],
		"17": [
            "どうしようかな……"
        ],
		"18": [
            "こっそり行く",
			"\\str[120]を呼ぶ"
        ],
		"19": [
            "よし！直接こっそり部屋を覗いてみよう、",
            "もし昼寝を起こしちゃったらかわいそうだし。"
        ],
		"20": [
            "\\{「ただいまー！」"
        ],
		"21": [
            "何気なく声をかけたら、",
            "しばらくしてドタドタと階段を降りる音が聞こえた。"
        ],
		"22": [
            "……そんなに慌てて？"
        ],
		"23": [
            "\\nl< >「\\str[121]！？",
			"今日はずいぶん早く帰ってきたんだね——」"
        ],
		"24": [
            "小走りで来たせいか、",
			"\\str[120]の頬は真っ赤に染まり、呼吸もどこか不自然に荒かった。"
        ],
		"25": [
            "「………………ん？   \\w[45]",
			"\\str[120]よ、もしかして————」"
        ],
		"26": [
            "\\nl< >「ひっ！？」"
        ],
		"27": [
            "「さっきこっそりポテチ食べてたでしょ！？",
			"ほら、口元にカスがついてる！」"
        ],
		"28": [
            "\\nl< >「え…あ……\\w[45]うん…そうだね、えへへ……    \\w[45]",
			"さっきおやつ食べてたの…」                 \\w[45]"
        ],
		"29": [
            "\\str[120]はとても不器用に言い訳をしていて、",
			"ますます怪しく見えた……"
        ],
		"30": [
            "\\nl< >「はいはい、\\str[121]の分も用意してるから、",
			"一緒に食べよ……！」」"
        ],
		"31": [
            "これ以上追及させまいと、",
			"\\str[120]はそのまま逃げるように振る舞った。"
        ],
		"32": [
            "玄関に戻った後も、",
			"頭の中では\\str[120]の無防備な姿が何度も再生されていた。    \\w[60]",
			"……まあ、夏だから仕方ないよね。"
        ],
		"33": [
            "「ゴホン……         \\w[60]\\{",
			"ただいまだよ〜！」"
        ],
		"34": [
            "何も気づかなかったふりをして、俺は屋内の\\str[120]に声をかけた。"
        ]	
    }	
}