{
  "3": {
         "0": [
            "…\\str[120] всё ещё крепко спит. ",
            "Что мне сделать?"
        ],
        "1": [
            "Разбудить её",
            "Погладить по голове",
            "Оставить в покое"
        ],
        "2": [
            "Похоже, Красная сыворотка улучшила состояние ",
            "сестрёнки, но я не мог не беспокоиться, ",
            "что эффект окажется лишь временным."
        ],
        "3": [
            "Я мягко потер щёчку \\str[120]. Видимо, ",
            "чуть щекотно — она тут же скорчила выражение, ",
            "будто изо всех сил терпит."
        ],
         "4": [
            "\\nl< >\"Ммм... гм…\""
        ],
        "5": [
            "\"Уже утро. Думаешь, сможешь встать?\""
        ],
        "6": [
            "Из‑за её состояния \\str[120] всегда тяжело ",
            "просыпается утром,",
            "наверное, не стоит принуждать её вставать…?"
        ],
        "7": [
            "Пробовать дальше",
            "Оставить в покое"
        ],
        "8": [
            "\\nl< >\"Мня…\"",
            "\\nl< >\"—\\str[121]…\"",
            "\\nl< >\"Мм… ммхм…\""
        ],
        "9": [
            "Она лишь немного пробормотала — и тут же уснула дальше.",
            "С таким торопиться нельзя. ",
            "Пусть лучше поспит ещё чуть-чуть…"
        ],
        "10": [
            "Я нежно погладил её по голове."
        ],
        "11": [
            "…Пожалуй, пора заняться завтраком."
        ]
},
    "4": {
        "0": [
            "\"Как себя чувствуешь? ",
            "Ты же не перенапрягалась, да?\""
        ],
        "1": [
            "\\nl< >\"Мня… \\w[180]со мной всё хооооо——\"\\w[30]\\^"
        ],
        "2": [
            "\"Осторожно!\\w[45] Серьёзно,\\w[45]",
            "ты же явно ещё полусонная, да?\""
        ],
        "3": [
            "\"Эй~ всё ещё не проснулась?",
            "Тогда \\str[121] станет серьёзным~!\""
        ],
        "4": [
            "\\nl< >\"Мммммм…\""
        ],
        "5": [
            "\"Поехали———\""
        ],
        "6": [
            "\"Теперь взбодрилась?\""
        ],
        "7": [
            "\\nl< >\"Увех… вас… так много, \\str[121]…\""
        ],
        "8": [
            "\"Если всё ещё нехорошо, ",
            "попробуй для начала умыться.\""
        ],
        "9": [
            "\\nl< >\"Просто отнеси меня… \\str[121]…\""
        ],
        "10": [
            "Ой, похоже, розыгрыш зашёл слишком далеко…",
            "\\str[120] всё ещё очень кружится голова."
        ],
        "11": [
            "\"Крутись-крутись-крутись-крутись~!\""
        ],
        "12": [
            "\\nl< >\"Катись-катись-катись-катись~!\""
        ],
        "13": [
            "\\nl< >\"Увеееех~~~~\"  \\w[120]"
        ],
        "14": [
            "Ошалев от головокружения, \\str[120] шлёпнулась обратно на кровать...",
            "А? Не переборщил ли я с розыгрышем?"
        ],
        "15": [
            "Видя, что сил подняться у неё нет, ",
            "я только вздохнул и перестал настаивать."
        ],
        "16": [
            "\"…Пожалуй, пора браться за завтрак.\""
        ]
},
    "6": {
        "0": [
            "Так остро... больно..."
        ],
        "1": [
            "\\nl< >\"Уууу... во рту так остро... ",
            "больно... уууу...\""
        ],
        "2": [
            "\\str[120] лежала на кровати, ",
            "страдая от остроты,",
            "мне нужно поскорее что-то для неё сделать..."
        ],
        "3": [
            "Погладить по голове",
            "Похлопать по попе",
            "Приготовить напиток"
        ],
        "4": [
            "Я нежно погладил \\str[120] по голове,",
            "надеясь, что так ей станет полегче..."
        ],
        "5": [
            "\\nl< >\"Уууу... теперь и голова будто болит...\""
        ],
        "6": [
            "\\nl< >\"Уе-е-е...\""
        ],
        "7": [
            "Похоже, толку нет..."
        ],
        "8": [
            "Я аккуратно похлопал \\str[120] по попе,",
            "надеясь, что так ей станет полегче..."
        ],
        "9": [
            "\\nl< >\"Уууу... \\str[121]...\""
        ],
        "10": [
            "\\nl< >\"Ай... теперь и попа болит...\""
        ],
        "11": [
            "Я поспешно обыскал вокруг и наконец ",
            "нашёл бутылку с \\ii[\\v[85]]!"
        ],
        "12": [
            "\"Вот \\ii[\\v[85]], ",
            "будешь?\""
        ],
        "13": [
            "\\nl< >\\{  \"Хочу!!\""
        ],
        "14": [
            "\\str[120] осушила \\ii[\\v[85]] залпом..."
        ],
        "15": [
            "Я поспешно порылся, но, похоже, ",
            "дома не осталось ни одного напитка...",
            "Не было выбора — я приготовил ей стакан воды."
        ],
        "16": [
            "\\str[120] осушила стакан воды залпом..."
        ],
        "17": [
            "\\nl< >\"Уууу... во рту всё ещё больно...\""
        ],
        "18": [
            "\\nl< >\"Наконец стало полегче... ",
            "но язык всё ещё немеет.\""
        ],
        "19": [
            "\\nl< >\"Перец чили — и правда враг...\""
        ],
        "20": [
            "Глядя на её слегка припухшие губы, ",
            "я поймал себя на странных мыслях——"
        ],
        "21": [
            "Осмотр рта"
        ],
        "22": [
            "\\nl< >\"Эх... нет, это как-то неловко...",
            "\\str[121] почувствует странный запах!\""
        ],
        "23": [
            "\\str[120] отказалась от осмотра рта. ",
            "Наверное, просьба и правда была странной..."
        ],
        "24": [
            "Как бы то ни было, хорошо, что ей стало легче,",
            "мне нужно быть осторожнее и в следующий раз ",
            "не делать еду слишком острой..."
        ],
        "25": [
            "\"Да всё нормально! Я же о тебе переживаю!?",
            "Это обычный осмотр!\""
        ],
        "26": [
            "\\nl< >\"О-осмотр, да?\""
        ],
        "27": [
            "Под моим пристальным взглядом \\str[120] ещё больше покраснела,",
            "но в её глазах читались мягкость и любопытство,",
            "а на румяных щёчках появилась едва заметная тень ожидания."
        ],
        "28": [
            "\"Да, будет плохо, если во рту появятся пузырьки!\""
        ],
        "29": [
            "\\nl< >\"Понимаю... тогда...",
            "можно только посмотреть, ладно? Ничего странного...\""
        ],
        "30": [
            "\\nl< >\"А, аа———\""
        ],
        "31": [
            "\\str[120] больше не сопротивлялась, ",
            "послушно встала передо мной,",
            "медленно подняла голову и приоткрыла маленький ротик,",
            "её язычок робко высунулся."
        ],
        "32": [
            "Видимо, из-за слишком острой еды её язычок ",
            "выглядел особенно ярко-красным, слегка дрожал, ",
            "из-за жгучести слюна текла через край,",
            "прозрачные капельки скатывались по мягким губам."
        ],
        "33": [
            "Она выглядела и смущённой, и растерянной,",
            "в глазах стояли слёзы — и было не понять,",
            "всё ли ещё больно от остроты."
        ],
        "34": [
            "\\nl< >\"Э-\\str[121]——— ты уже закончил?\"",
            "\\w[150]"
        ],
        "35": [
            "Ротовая терапия!"
        ],
        "36": [
            "От такого мягкого и манящего вида я непроизвольно сглотнул, ",
            "а в груди поднялась волна неконтролируемого ",
            "желания."
        ],
        "37": [
            "\"\\str[121] поможет тебе, ладно? ",
            "Скоро перестанет болеть...\""
        ],
        "38": [
            "\\nl< >\"—————Э?\""
        ],
        "39": [
            "Словно уговаривая самого себя,",
            "я приблизился к лицу \\str[120],",
            "высунул язык, чтобы нежно коснуться её мягкого, ",
            "нежного маленького язычка, медленно и бережно облизывая его."
        ],
        "40": [
            "В тот миг, когда наши языки соприкоснулись, она слегка вздрогнула.",
            "Казалось, она смутилась и растерялась от моих действий, ",
            "но не отвела взгляд и не сопротивлялась — всё так же смотрела ",
            "на меня своими большими влажными глазами, полными любопытства."
        ],
        "41": [
            "Вкус её нежного язычка и сладость во рту ",
            "заставили меня полностью забыть исходное ",
            "намерение; ощущения её языка и тепло её ",
            "рта сплелись в мощное удовольствие,",
            "и мои движения становились всё смелее и жаднее, ",
            "стремясь к большему и глубже её сладкого дыхания."
        ],
        "42": [
            "Её маленький язычок будто постепенно приноровился ",
            "к моим движениям и даже начал слегка отвечать,",
            "а мягкое и стеснительное участие намекало ",
            "на тонкое ожидание и привязанность."
        ],
        "43": [
            "\\nl< >\"Мм... хаа, \\str[121]...\""
        ],
        "44": [
            "Не знаю, сколько это длилось, ",
            "но \\str[120] стало не хватать воздуха,",
            "её пальчики легко упёрлись в мою грудь, ",
            "она тихо постанывала,",
            "пока её личико не покраснело ещё сильнее от ",
            "нехватки кислорода — и лишь тогда я нехотя ",
            "отпустил её рот."
        ],
        "45": [
            "\\nl< >\"Хаа... хаа...\""
        ],
        "46": [
            "\\nl< >\"Ммф, \\str[121]! ",
            "Ты говорил, что это просто осмотр...!\""
        ],
        "47": [
            "Хотя в словах звучала обиженная жалоба,",
            "по выражению лица не сказать, что она ",
            "бранит меня — скорее лукавит."
        ],
        "48": [
            "\"Прости-прости, в следующий раз буду аккуратнее...",
            "но язык ведь теперь полегче, да?\""
        ],
        "49": [
            "\\nl< >\"Э…? Мм, да...\""
        ],
        "50": [
            "\\nl< >\"Нет...! Дело не в этом! ",
            "\\w[160]\\^"
        ],
        "51": [
            "\\nl< >\\{",
            "Глупый ты, \\str[121]!\""
        ],
        "52": [
            "\\str[120] убежала."
        ],
        "53": [
            "Я смотрел ей вслед — смущённой и растерянной,",
            "а на моём языке ещё покалывало от сладкого ",
            "влажного ощущения прежнего момента,",
            " ",
            "и мощное удовольствие, смешанное с неописуемым чувством ",
            "табу, кружилось где-то глубоко внутри,",
            "не желая утихать..."
        ]
},
    "7": {
        "0": [
            "Хмм... начинает подкрадываться голод. ",
            "Пора готовить ужин."
        ],
        "1": [
            "\"Эй, уже вечер. ",
            "Просыпайся, соня. \""
        ],
        "2": [
            "\\nl< >\"Мм-нн—\\w[60]дай мне ещё часок поспать...\""
        ],
        "3": [
            "\\str[120] всё ещё лениво лежит в кровати и не шевелится.",
            "Ох, видимо, ничего не поделаешь…"
        ],
        "4": [
            "\"Кстати, ",
            "сегодня на ужин свежеподжаренная рубленая котлета—\""
        ],
        "5": [
            "\\nl< >\"Уф... так спать хочется—\""
        ],
        "6": [
            "\\nl< >\"А где котлета!? ",
            "Где она!?\""
        ],
        "7": [
            "\"Прости, это можно было увидеть ",
            "только во сне—\""
        ],
        "8": [
            "\\nl< >\"Эх... серьёзно!? Жестоко, \\str[121]!\""
        ]
},
    "5": {
        "0": [
            "Я пошёл за \\str[120] в гостиную. Телевизор уже был включён,",
            "а она, свернувшись калачиком в центре дивана, как птенчик ",
            "в ожидании гнезда, обняв колени, не отрываясь ",
            "смотрела на экран."
        ],
        "1": [
            "Что это за аниме её так увлекло…? Раз днём меня дома не бывает, ",
            "я толком и не знаю, что она обычно смотрит,",
            "но видя её такой воодушевлённой, самому стало любопытно,",
            "и я тоже сел на диван и уставился в телевизор."
        ],
        "2": [
            "\\{\\c[27]«Сияние звёзд: Магическая девочка Руби!»",
            "Серия 1! ",
            "Обычная девочка и чудо звёзд! ",
            "Начало контракта!"
        ],
        "3": [
            "\\c[27]Руби — обычная девочка: средние оценки, плохо со спортом и ноль магических способностей —",
            "но однажды по дороге домой её загоняет в угол монстр!",
            "В миг отчаяния появляется таинственный звёздный дух ‘Ноа’, ",
            "пробуждённый её волей к жизни! ‘Я хочу жить!’ — кричит она, и в этот момент "
        ],
        "4": [
            "\\c[27]звёздный свет прорывается наружу — контракт судьбы заключён!",
            "Её первое превращение! Ведомая инстинктом, она даёт отпор и прогоняет монстра!",
            "Глядя на руки, сияющие звездным светом, ",
            "Руби не верит: ‘Это… я?’"
        ],
        "5": [
            "\\nl< >\"Она превратилась! Это было круто—! ",
            "И Ноа такая милая! И звёздный свет такой красивый!   \\w[120]",
            "Смотри, \\str[121]! Руби-тян раньше ничего не умела!",
            "Но в итоге её выбрали стать магической девочкой!\""
        ],
        "6": [
            "\"А, ага…\""
        ],
        "7": [
            "……………………",
            "……………………"
        ],
        "8": [
            "Она... вот так просто преобразилась?! ",
            "И бой уже закончился?",
            "Контракт с монстром должен быть смертельно опасным…",
            "Разве поручать это ребёнку не обернётся проблемами для гильдии…?"
        ],
        "9": [
            "Я уставился в телевизор с серьёзным выражением, полный недоумения.",
            "Но, взглянув на широко раскрытые глаза и приоткрытый рот \\str[120], ",
            "полные восхищения, решил промолчать."
        ],
        "10": [
            "\"Ну да, картинка эффектная. Раз тебе нравится…\""
        ],
        "11": [
            "Сюжет я толком не понял,",
            "но тихо и приятно посмотрел вместе с \\str[120]!"
        ],
        "12": [
            "Последняя серия казалась полным бардаком…",
            "Но \\str[120] это нравится, значит, не такое уж странное аниме?   \\w[60]",
            "Нет! Нельзя судить по паре сцен!",
            "С этой мыслью я снова уселся на диван и уставился в экран."
        ],
        "13": [
            "\\{\\c[27]«Сияние звёзд: Магическая девочка Руби!»",
            "Серия 2! ",
            "Начинается спецтренировка! ",
            "Взрыв магического хаоса!"
        ],
        "14": [
            "\\c[27]Начинается спецтренировка!",
            "Индивидуальные звёздные уроки Ноа выжимают Руби досуха!",
            "После 37 падений с крыши она наконец может превращаться сама, ",
            "но магия выходит из-под контроля!",
            "\\c[27]Школьный коридор превращается в зону бедствия, вывески ",
            "в городе взрываются как фейерверки! Жители жалуются, служба охраны вмешивается —",
            "сможет ли самая слабая магическая девочка в истории",
            "переломить ход событий под жесткой тренировкой Ноа?!"
        ],
        "15": [
            "\\nl< >\"Ахх… бедная Руби…    \\w[90]",
            "Ей точно очень тяжело… Она только что получила силы, ",
            "и ещё не привыкла к ним.\""
        ],
        "16": [
            "\"Да, тяжеловато смотреть…\""
        ],
        "17": [
            "Разве это… не похоже на эксплуатацию детского труда…?",
            "И этот звёздный дух Ноа тоже…",
            "Как у них вообще раньше получалось заключать успешные контракты ",
            "таким образом…?"
        ],
        "18": [
            "Не желая портить \\str[120] удовольствие от просмотра,",
            "я лишь молча ворчал про себя—"
        ],
        "19": [
            "\\{\\c[27]«Сияние звёзд: Магическая девочка Руби!»",
            "Серия 3! ",
            "Первое столкновение пламени и звёздной пыли!"
        ],
        "20": [
            "\\c[27]Таинственная переводница Рейна появляется с мощным входом!",
            "Её магия пламени полностью подавляет неуклюжий звёздный свет Руби!",
            "За холодным взглядом скрывается болезненное прошлое —",
            "Неуверенная новичок встречает закалённую в боях воительницу!",
            "\\c[27]Их столкнувшиеся идеалы вспыхивают при нападении монстров!",
            "Сочетаться ли звёздному свету и огню?!"
        ],
        "21": [
            "\\nl< >\"Рейна страшная… но такая сильная!   \\w[90]",
            "Всё же Руби нужна такая напарница, верно?      \\w[90]",
            "Они ведь подружатся, правда?\""
        ],
        "22": [
            "Да, Рейна и правда крутая…",
            "Она точно будет надёжной старшей!"
        ],
        "23": [
            "Я кивал вместе с \\str[120],",
            "наблюдая за зрелищными боями и изобретательной анимацией новой серии —",
            "если честно, и сам начал подсаживаться."
        ],
        "24": [
            "Уже даже жду следующую серию!",
            "Хорошо и спокойно посмотрели аниме с \\str[120]!"
        ],
        "25": [
            "Начал смотреть на расслабоне, ",
            "а в итоге незаметно проглотил сразу несколько серий…",
            "Темп немного сумбурный, но сеттинг неожиданно интересный.   \\w[60]",
            "Видя, как \\str[120] увлечена, — думаю, я начинаю понимать.",
            "Что же будет дальше…? ",
            "Я откинулся на диване, ",
            "и сам не заметил, как залип в экран."
        ],
        "26": [
            "\\{\\c[27]«Сияние звёзд: Магическая девочка Руби!»",
            "Серия 4! ",
            "Тёмные шёпоты под огнями фестиваля!"
        ],
        "27": [
            "\\c[27]Школьный фестиваль стартует с размахом! ",
            "Руби и Рейну заставляют вместе вести лоток!",
            "Аппарат для сахарной ваты взрывается! Хрустальный шар предсказаний вдребезги!",
            "Рождается худший дуэт! Но странные шёпоты в углу привлекают внимание Ноа —",
            "\\c[27]В тех пустых глазах… клубится зловещий чёрный туман!",
            "Пока фейерверки освещают небо, скрытая тень начинает расползаться!",
            "Какие тайны скрываются под праздничной мишурой?!"
        ],
        "28": [
            "\\nl< >\"Школьный фестиваль такой весёлый!     \\w[90]",
            "И похоже, Руби и Рейна становятся подругами…!\""
        ],
        "29": [
            "\"Да, забавно…  \\}",
            "Но по правде, их отношения трещат по швам…\""
        ],
        "30": [
            "\\{\\c[27]«Сияние звёзд: Магическая девочка Руби!»",
            "Серия 5! ",
            "Жестокая правда за обжигающим прошлым!"
        ],
        "31": [
            "\\c[27]Внезапное расследование инцидентов с чёрным туманом! ",
            "Рейна проявляет враждебность к жертве?! В глубинах заброшенной капеллы ",
            "следы когтей демона, развращающего сердца, вскрывают её воспоминания — ",
            "магия пламени выходит из-под контроля! ",
            "\\c[27]Обугленные куклы и разбитые рамки взмывают в огне!",
            "‘Мой город… вот как он обратился в пепел!’ — Рейна восклицает истину, слёзы ",
            "льются по её лицу! И в этот миг — ещё один демон развращения сердец ",
            "пробуждается под школой! Незажившие раны… снова будут вскрыты?!"
        ],
        "32": [
            "\\nl< >\"Как же так… ",
            "Я и не знала, что у Рейны-тян такое прошлое…     \\w[90]",
            "\\str[121], что же будет с ними дальше…?\""
        ],
        "33": [
            "\"В-всё будет хорошо! У них же есть магия, верно!?",
            "Может, у Руби звёздный час в следующей серии!?\""
        ],
        "34": [
            "Я замахал руками, пытаясь утешить \\str[120].",
            "Постой, разве это не история про ",
            "прекрасные узы дружбы между девочками!? Но сюжет накаляется —",
            "значит, скоро будет эпичный камбэк, да!?"
        ],
        "35": [
            "Полностью заряжен на следующую серию!",
            "Разделил напряжённый, но бодрящий просмотр аниме с \\str[120]!"
        ]
},
    "8": {
        "0": [
            "Когда я пришёл в комнату \\str[120],",
            "я увидел её лежащей на полу,",
            "как высохшая солёная рыбёшка — совсем без сил."
        ],
        "1": [
            "Душная жара с улицы явно ",
            "просочилась в дом — воздух обжигал при каждом вздохе."
        ],
        "2": [
            "Так нельзя, нужно ",
            "что-то придумать, чтобы помочь \\str[120] пережить жару…!"
        ],
        "3": [
            "Я суетился, ухаживая за \\str[120], ",
            "которая была на грани теплового удара,",
            "пока закат не окрасил небо в алый ",
            "и ей наконец не стало легче…"
        ],
        "4": [
            "Мы обе яростно облизывали эскимо, пытаясь остыть,",
            "но волны горячего воздуха накрывали нас, ",
            "и мы всё равно оказались в поту."
        ],
        "5": [
            "\\str[120], настолько было не по себе, что она забыла про стеснение, ",
            "всё приподнимала край футболки, пытаясь создать хоть немного ветерка."
        ],
        "6": [
            "\\nl< >\"Так жарко… Хочу просто в ванну…\""
        ],
        "7": [
            "Пойдём вместе!",
            "Пойдём!"
        ],
        "8": [
            "\\nl< >\"Нет уж, слишком жарко, чтобы тесниться вместе!\""
        ],
        "9": [
            "\\nl< >\"Эй! Не шути в такой момент!\""
        ],
        "10": [
            "Да, всё-таки лето…",
            "но всё равно как-то одиноко…"
        ],
        "11": [
            "Из‑за жары мы с \\str[120] мылись по очереди,",
            "но вскоре после этого снова потели,",
            "и так продолжалось до самого вечера…"
        ],
        "12": [
            "Подкрадываюсь…",
            "Подкрадываюсь…",
            "Я на цыпочках подошёл к дверям комнаты \\str[120]."
        ],
        "13": [
            "\"Пялится————  \\w[60]",
            "Ч-что!?\""
        ],
        "14": [
            "Я думал, \\str[120] дремлет,",
            "а она устроилась перед вентилятором."
        ],
        "15": [
            "Наверное, решила, что дома никого нет, и полностью расслабилась,",
            "совсем не понимая, насколько беззащитно выглядит её поза."
        ],
        "16": [
            "Она, похоже, подумала, что никого нет, и расслабилась по‑полной,",
            "даже сняв трусики."
        ],
        "17": [
            "Немного полюбовавшись, ",
            "я смутился продолжать смотреть,",
            "тихо отошёл и вернулся к входу."
        ],
        "18": [
            "Как только я поставил вентилятор, ",
            "воздух в комнате сразу стал циркулировать, ",
            "становясь прохладным и свежим."
        ],
        "19": [
            "\\nl< >\"Ооо—как прохладно, обалденно~!\""
        ],
        "20": [
            "\"Эй, не сиди так прямо перед вентилятором! ",
            "Простудишься!\""
        ],
        "21": [
            "\\str[120] грызла эскимо, сидя на ветерке, ",
            "и выглядела совершенно счастливой."
        ],
        "22": [
            "Быстро доев эскимо, ",
            "я почувствовал, как температура тела заметно снизилась.",
            " ",
            " ",
            "Хотя за окном всё ещё стрекотали цикады ",
            "и волны жары накатывали снова и снова,",
            "по крайней мере, уже не казалось, что меня вот‑вот зажарит…"
        ],
        "23": [
            "Но \\str[120] всё равно было жарко,",
            "и она лениво сидела на полу, наслаждаясь вентилятором."
        ],
        "24": [
            "Для девушки такая поза была чересчур раскованной,",
            "я хотел сделать замечание, но внимание ",
            "увели непреднамеренные фан-сервисы."
        ],
        "25": [
            "\\{Ну, лето же всё‑таки!!"
        ]
},
    "9": {
        "0": [
            "Немного скучно…",
            "Хочу арбуз~"
        ],
        "1": [
            "\\nl< >\"Так жарко… очень хочу в ванну…\""
        ],
        "2": [
            "\\nl< >\"\\str[121]… хочешь эскимо?\""
        ],
        "3": [
            "Поболтать",
            "Ласки",
            "Предложить колу",
            "Клонит в сон"
        ],
        "4": [
            "\\nl< >\"Всё ещё так жарко…",
            "В такие моменты лучше всего вздремнуть~\""
        ],
        "5": [
            "Ага, к вечеру солнце уже не такое злое…"
        ],
        "6": [
            "Я подремал с \\str[120] под прохладноым ветерком до самых сумерек."
        ],
        "7": [
            "Оказалось, в холодильнике ещё осталась большая бутылка колы ",
            "из того странного автомата.",
            "В такую жару \\str[120] наверняка ",
            "будет рада её выпить, верно?"
        ],
        "8": [
            "\\nl< >\"\\{Холодная кола!?         \\}\\w[60]",
            "Хочу! Хочу!\""
        ],
        "9": [
            "Как и ожидалось, \\str[120] очень обрадовалась,",
            "так что же мне сделать—"
        ],
        "10": [
            "Взболтать",
            "Отдать"
        ],
        "11": [
            "Похоже, это какая‑то особая кола с лишней газировкой,",
            "если немного потрясти…"
        ],
        "12": [
            "С этой мыслью ",
            "я не удержался и тайком встряхнул бутылку,",
            "а затем протянул её \\str[120]…"
        ],
        "13": [
            "\\str[120], конечно же, ",
            "получила фонтаном колы прямо в лицо,",
            "а потом заставила меня «расплатиться» —",
            "самому осушить большую часть бутылки."
        ],
        "14": [
            "В итоге она почти всю бутылку осушила ",
            "за один присест с преувеличенным аппетитом…",
            "живот буквально раздулся.",
            "Э-это… точно нормально!?"
        ],
        "15": [
            "Так как она была вся в коле, ",
            "пока она помылась и переоделась,",
            "небо уже начало темнеть."
        ],
        "16": [
            "\\nl< >\"Уваааах—ммммфф!!\""
        ],
        "17": [
            "Видимо, с прошлых разов умнее, на этот раз она среагировала мгновенно,",
            "инстинктивно прижала рот к горлышку бутылки, ",
            "пытаясь остановить вырывающуюся пену."
        ],
        "18": [
            "Но эта кола была слишком газированной,",
            "её маленький рот не смог полностью закрыть горлышко,",
            "и пузырьки всё равно вырывались из уголков ",
            "губ и струились по щёчкам…"
        ],
        "19": [
            "В итоге она стала похожа на неуклюжего хомячка,",
            "всё лицо в брызгах колы."
        ],
        "20": [
            "\\nl< >\"\\w[121], твой способ похлопывать ",
            "слишком грубый! Нельзя так!\""
        ],
        "21": [
            "Пикантные темы",
            "Летние темы"
        ],
        "22": [
            "\"Не станет ли прохладнее, если снимешь верх?\""
        ],
        "23": [
            "Я предложил это \\str[120]…",
            "ну да, совсем не странная идея…"
        ],
        "24": [
            "\\nl< >\"Эх… но мне всё равно как‑то неловко…\""
        ],
        "25": [
            "Разумеется, она отказалась.",
            "Хмм—похоже, придётся брать инициативу на себя—"
        ],
        "26": [
            "\"…Можно я подойду поближе и понюхаю тебя?\""
        ],
        "27": [
            "Видя, как пот блестит на её шее, ",
            "я не удержался и спросил."
        ],
        "28": [
            "\\nl< >\"Что? Я вся в поту — будет пахнуть неприятно!\""
        ],
        "29": [
            "\"Нет‑нет, от \\str[120] точно приятно пахнет!\""
        ],
        "30": [
            "\\nl< >\"Да ну, не может такого быть!\""
        ],
        "31": [
            "\"Тогда в ответ позволю тебе понюхать меня——",
            "\\w[30]\\^"
        ],
        "32": [
            "\\nl< >\"Ни за что! \\str[121], ",
            "ты точно пахнешь плохо.\""
        ],
        "33": [
            "\\{",
            "\"Уф…!\""
        ],
        "34": [
            "И вот так меня напрочь отбрили."
        ],
        "35": [
            "Поддавшись летней духоте, ",
            "я болтал с ней о всяких пикантных темах, ",
            "но всё равно было так жарко!"
        ],
        "36": [
            "\\nl< >\"Стрекот цикад… иногда он такой громкий…\""
        ],
        "37": [
            "Ну, лето же всё‑таки."
        ],
        "38": [
            "\\nl< >\"Кажется, в это время все едят арбуз,",
            "мне тоже захотелось попробовать~\""
        ],
        "39": [
            "Хмм… арбуз, значит… где же его достать?"
        ],
        "40": [
            "\\nl< >\"В такие моменты эскимо всё равно лучше всего!",
            "\\w[120]\\^"
        ],
        "41": [
            "\\nl< >\"Угххх… голова болит…!      \\w[60]",
            "Но так хорошо!\""
        ],
        "42": [
            "Эх… да сколько же она их съела…?"
        ],
        "43": [
            "\\nl< >\"Есть вообще разница между морем и ванной?",
            "Совсем не понимаю…\""
        ],
        "44": [
            "Точно — она же никогда не видела море.",
            "Есть ли способ дать ей почувствовать, ",
            "что такое морское побережье…"
        ],
        "45": [
            "Поддавшись летней духоте, ",
            "я болтал с ней о разном летнем, ",
            "но всё равно было так жарко!"
        ]
    }
}