{
  "1": {
        "0": [
            "Мм, никак не могу уснуть..."
		],
		"1": [
            "Живот болит... Это несварение?",
            "Может, тот ужин был всё-таки слишком тяжёлым..."
        ],
        "2": [
            "Ах, я внезапно проснулся...!"
        ],
		"3": [
            "Сейчас ещё глубокая ночь.",
            "Можно поспать ещё немного...\\w[30].\\w[30].\\w[30].",
            "Сходить проверить сестрёнку?"
        ],
		"4": [
            "В комнату \\str[120]",
            "Лечь спать"
        ],
		"5": [
            "Просто спать до утра...?"
        ],	
		"6": [
            "Спать",
            "Подождать"
        ],
		"7": [
            "\"Ааааааааааа—!!?\""
        ],
		"8": [
            "Ч-что? Ах, это всего лишь кошмар..."
        ],
		"9": [
            "Я так перепугался... ",
            "кажется, увидел очень страшную версию \\str[120]."
        ],		
		"10": [
            "…Надо сходить проверить \\str[120].",
            "А вдруг тот сон —"
        ],	
		"11": [
            "Да, тот сон был таким страшным...",
            "Лучше лечь спать пораньше..."
        ]			
    },
  "2": {
        "0": [
            "\\c[10]—Обнаружен запрос обновления данных с версии \\str[1].  \\w[60]",
            "Выполнить автообновление сейчас?"
		],
		"1": [
            "Начать обновление",
            "Отмена"
        ],
        "2": [
            "...Уже утро? ",
            "Будто снился какой-то сон про ",
            "мою младшую сестрёнку, ",
            "но я его не помню..."
        ],
        "3": [
            "...Уже утро? ",
            "Кажется, я толком не выспался..."
        ],
        "4": [
            "Ах, уже утро? Я так хорошо выспался."
        ],
        "5": [
            "Сегодня хороший день...\\w[45]а? ",
            "Солнце как-то уж слишком яркое?"
        ],
        "6": [
            "Сегодня хорошая погода."
        ],
        "7": [
            "Погода сегодня не очень."
        ],
        "8": [
            "Дождь? ",
            "Надеюсь, это не помешает нашим приключениям..."
        ],
        "9": [
            "Пару дней не навещал сестрёнку… ",
            "Пожалуй, стоит заглянуть сегодня."
        ],
        "10": [
            "Ладно, встаём. Какой план на сегодня —"
        ],
        "11": [
            "В комнату \\str[120]",
            "Сразу выходить"
        ],
        "12": [
            "Ладно, пойдём проверим \\str[120]!"
        ],
        "13": [
            "Так, пора всё подготовить ",
            "и отправляться навстречу приключениям!"
        ]		
    },
  "4": {
        "0": [
            "\"...А!?\\w[60]...Постой, \\w[60]",
            "уже утро...?\""
		],
		"1": [
            "Голова кружится... ",
            "Я вчера вот так просто вырубился...?"
        ],
		"2": [
            "\"Не могу вспомнить, что было прошлой ночью...  \\w[90]",
            "Ладно, наверное, просто слишком вымотался.\""
        ]
    }		
}