{
  "possibleDrops": [
    "Возможные дропы"
  ],
  "7": {
    "objectName": [
      "Костёр"
    ],
    "sentouryoku": [
      "???"
    ],
    "description": [
      ""
    ],
    "1": [
      "Нашёл костёр...",
      "что мне теперь делать?"
    ],
    "2": [
      "Отдохнуть",
      "Ничего не делать"
    ]
  },
  "8": {
    "objectName": [
      "\\c[116]A↗SA↘BA↗"
    ],
    "sentouryoku": [
      "2333"
    ],
    "subtitle": [
      "Обитает на Тропе Авантюриста"
    ],
    "bossName": [
      "Пожиратель ягод"
    ],
    "description": [
      "Странное существо, обожающее клубнику.",
      "У него крепкая кожа и нелепо высокая защита, но ",
      "оно настолько помешано на клубнике,  ",
      "что почти не стремится атаковать. Из-за этого",
      "путники часто в итоге его подкармливают…"
    ],
    "1": [
      "ASABA смотрит на меня с ожиданием—",
      "Неужели он что-то почуял на мне...?"
    ],
    "2": [
      "ASABA смотрит на меня с любопытством—",
      "Неужели он что-то почуял на мне...?"
    ],
    "3": [
      "ASABA смотрит на меня с отвращением—",
      "Неужели я его и правда расстроил...?"
    ],
    "4": [
      "Попробовать покормить ASABA?"
    ],
    "5": [
      "Покормить!",
      "Не хочу"
    ],
    "6": [
      "ASABA безэмоционально доел еду—",
      "Похоже, не понравилось..."
    ],
    "7": [
      "ASABA очень доволен клубникой—",
      "ASABA даровал странное благословение!"
    ],
    "8": [
      "ASABA смотрит на меня с отвращением—",
      "Всё было настолько плохо...? Эта еда..."
    ],
    "9": [
      ".................?!  \\w[45]",
      "ASABA... сломался!!"
    ],
    "10": [
      "ASABA уже сыт—"
    ],
    "11": [
      "………………!",
      "теперь ASABA затаил на меня обиду…"
    ]
  },
  "24": {
    "objectName": [
      "\\c[114]Горничная-кролик"
    ],
    "sentouryoku": [
      "?77"
    ],
    "description": [
      "Странная девушка, всегда одетая горничной с кроличьими ушками.",
      "Обладает способностью телепортироваться, ",
      "появляясь из всевозможных странных нор.",
      "Часто дразнит приключенцев, но в целом безобидна."
    ],
    "1": [
      "……Уса?",
      "Почему ты такой уродливый, уса…?"
    ],
    "2": [
      "Уса…… я чувствую…",
      "от тебя пахнет морковью, уса…"
    ]
  },
  "32": {
    "objectName": [
      "Таинственная гача"
    ],
    "sentouryoku": [
      "9"
    ],
    "description": [
      "Автомат с гачей, призванный картой Таро.",
      "Он пожирает всё, что ему предлагают приключенцы.",
      "Когда наедается, довольно крутится и ",
      "наконец выплёвывает капсулу с наградой.",
      "Но не перекармливайте его — хоть это и машина,",
      "похоже, он может получить пищевое отравление..."
    ],
    "1": [
      "Всё ещё в реке!"
    ],
    "2": [
  "Я нашёл странный автомат гача...",
  "Выражение у него, как у \\str[120]..."
    ],
    "3": [
      "Попробовать вставить деньги",
      "Попробовать покормить"
    ],
    "4": [
      "Но у меня недостаточно денег, чтобы его кормить…"
    ],
    "5": [
      "И правда покормить его ",
      "\\ii[\\v[90]]…?"
    ],
    "6": [
      "Да",
      "Нет"
    ]
  },
  "41": {
    "objectName": [
      "\\c[114]NLCH Доставка!"
    ],
    "sentouryoku": [
      "?999"
    ],
    "description": [
      "Передвижной магазин, которым управляют две кошкодевочки.",
      "Являются эффектно, если их позвать.",
      "Товары — в основном найденный ими хлам из Бездны.",
      "Осторожно: цены могут быть чистым грабежом.",
      "Будешь смотреть свысока — получишь по ушам...",
      "PS:\\c[2]В чёрном списке у Горничных-кроликов ",
      "\\c[2]за то, что уводят клиентов."
    ],
    "1": [
      "Приве-е-ет~! Добро пожаловать, ня♪ Осматривайся неспеша,",
      "и не стесняйся спрашивать, ня!"
    ]
  },
  "43": {
    "objectName": [
      "Ходячий гриб"
    ],
    "sentouryoku": [
      "120"
    ],
    "description": [
      "Странный монстр, часто встречающийся в джунглях, ",
      "куда крупнее обычных грибов.",
      "Может свободно ходить на своих ножках и агрессивен.",
      "Однако он ещё и вкусный, потому любимая добыча ",
      "для приключенцев и поваров."
    ]
  },
  "51": {
    "objectName": [
      "\\c[116]Младший орк"
    ],
    "sentouryoku": [
      "320"
    ],
    "description": [
      "Юный орк на стадии роста, ",
      "уже примерно с человека ростом.",
      "Реагирует на живых существ и жадно ",
      "поглощает их жизненную силу."
    ]
  },
  "53": {
    "objectName": [
      "Зомби"
    ],
    "sentouryoku": [
      "210"
    ],
    "description": [
      "Труп, оживлённый некромантией.",
      "Сохраняет агрессию и обладает ",
      "значительной боевой способностью."
    ]
  },
  "65": {
    "objectName": [
      "\\c[116]Чудовищная птица"
    ],
    "sentouryoku": [
      "260"
    ],
    "description": [
      "Огромный пернатый зверь.",
      "Наседает на приключенцев своей массивной тушей,",
      "а также использует звуковые атаки — будь осторожен."
    ]
  },
  "66": {
    "objectName": [
      "\\c[114]Рыжий кот-слизень"
    ],
    "sentouryoku": [
      "?10"
    ],
    "description": [
      "Слизень, мутировавший после того, как по ошибке ",
      "съел милого котёнка,",
      "и в результате сам стал милым.",
      "Потерял волю к атакам,",
      "но при угрозе распушается, как кот..."
    ],
    "1": [
      "Похоже, кот-слизень ",
      "очень меня любит..."
    ]
  },
  "67": {
    "objectName": [
      "\\c[114]Пятнистый кот-слизень"
    ],
    "sentouryoku": [
      "?10"
    ],
    "description": [
      "Слизень, мутировавший после того, как по ошибке ",
      "съел милого котёнка,",
      "и в результате сам стал милым.",
      "Потерял волю к атакам,",
      "но при угрозе распушается, как кот..."
    ],
    "1": [
      "Похоже, кот-слизень ",
      "очень меня любит..."
    ]
  },
  "68": {
    "objectName": [
      "\\c[114]Белый кот-слизень"
    ],
    "sentouryoku": [
      "?10"
    ],
    "description": [
      "Слизень, мутировавший после того, как по ошибке ",
      "съел милого котёнка,",
      "и в результате сам стал милым.",
      "Потерял волю к атакам,",
      "но при угрозе распушается, как кот..."
    ],
    "1": [
      "Похоже, кот-слизень ",
      "очень меня любит..."
    ]
  },
  "69": {
    "objectName": [
      "\\c[114]Сиамский кот-слизень"
    ],
    "sentouryoku": [
      "?10"
    ],
    "description": [
      "Слизень, мутировавший после того, как по ошибке ",
      "съел милого котёнка,",
      "и в результате сам стал милым.",
      "Потерял волю к атакам,",
      "но при угрозе распушается, как кот..."
    ],
    "1": [
      "Похоже, кот-слизень ",
      "очень меня любит..."
    ]
  },
  "70": {
    "objectName": [
      "Банановая фея"
    ],
    "sentouryoku": [
      "?10"
    ],
    "description": [
      "Существо…? в форме банана.",
      "Фея, рождённая влиянием бездновой ауры;",
      "для приключенцев почти не опасна.",
      "Ходят слухи, что она может ",
      "легко запустить людей в полёт…"
    ]
  },
  "71": {
    "objectName": [
      "Яблочная фея"
    ],
    "sentouryoku": [
      "?10"
    ],
    "description": [
      "Существо…? в форме яблока.",
      "Фея, рождённая влиянием бездновой ауры;",
      "для приключенцев почти не опасна.",
      "Ходят слухи, что она может ",
      "легко запустить людей в полёт…"
    ]
  },
  "72": {
    "objectName": [
      "\\c[115]Отрубленная рука падшего мага"
    ],
    "sentouryoku": [
      "480"
    ],
    "description": [
      "Отсечённая конечность мёртвого мага.",
      "Никто не знает, через что прошёл её прежний хозяин,",
      "но, пропитанная некромантией, эта рука остаётся активной.",
      "Приключенцы часто замечают, как она делает явные жесты ",
      "во время атаки."
    ]
  },
  "73": {
    "objectName": [
      "Водный вирд"
    ],
    "sentouryoku": [
      "180"
    ],
    "description": [
      "Алхимическое элементальное существо, составленное из  ",
      "воды и владеющее магией стихий.",
      "Обладает высокой стойкостью к физическим атакам,",
      "но не может существовать вдали от воды."
    ]
  },
  "77": {
    "objectName": [
      "\\c[115]Демон-кот"
    ],
    "sentouryoku": [
      "300"
    ],
    "description": [
      "Бездомный кот, охваченный демонической силой.",
      "Получил способность летать вместе с ",
      "тёмной магической мощью. Но в конце концов ",
      "это всё ещё просто кот—",
      "Максимум — стреляет небольшими сгустками магии."
    ]
  },
  "78": {
    "objectName": [
      "\\c[115]Мстительный дух"
    ],
    "sentouryoku": [
      "400"
    ],
    "description": [
      "Магическое существо, рождённое из обиды мёртвой души ",
      "через некромантию. Бесконечно бродит по кладбищам, ",
      "обладает высокой стойкостью к физическим атакам ",
      "и может изрыгать смертельное привидельское пламя."
    ]
  },
  "80": {
    "bossName": [
      "Обезумевший багровый зверь"
    ],
    "subtitle": [
      "Обитает в Забытых Катакомбах"
    ],
    "sentouryoku": [
      "1600"
    ],
    "description": [
      ""
    ]
  },
  "87": {
    "objectName": [
      "Травоядный слизень"
    ],
    "sentouryoku": [
      "60"
    ],
    "description": [
      "Обычный монстр, встречающийся на окраинах ",
      "Бездны. Окрас стал зелёным из-за привычки ",
      "питаться растениями. Если приблизиться ",
      "внезапно, возбуждается и начинает ",
      "распылять едкую слизь."
    ]
  },
  "88": {
    "objectName": [
      "Джек-слизень"
    ],
    "sentouryoku": [
      "999"
    ],
    "description": [
      "Слизень, случайно проглотивший бомбу Джека.",
      "Хотя он не взорвался сразу, ",
      "он крайне нестабилен и при провокации ",
      "становится раздражительным и саморазрушительным."
    ]
  },
  "89": {
    "objectName": [
      "\\c[116]Призрачный слизень"
    ],
    "sentouryoku": [
      "340"
    ],
    "description": [
      "Мутировавший слизень, на которого повлияла среда ",
      "кладбища. Агрессивно атакует приключенцев, ",
      "подобно зомби, становится всё более свирепым,  ",
      "а окутывающая его смертельная аура может заражать при контакте,",
      "что чревато мгновенной смертью, если не быть осторожным..."
    ]
  },
  "90": {
    "objectName": [
      "\\c[116]Морозный слизень"
    ],
    "sentouryoku": [
      "400"
    ],
    "description": [
      "Слизень, мутировавший после поглощения магии ",
      "неизвестного источника. Процветает в водных местах ",
      "и создаёт толстой брони изо льда с помощью магии. ",
      "Поглощает большие объёмы воды, ",
      "быстро охлаждает и выстреливает в приключенцев."
    ]
  },
  "91": {
    "objectName": [
      "\\c[116]Искрящийся слизень"
    ],
    "sentouryoku": [
      "280"
    ],
    "description": [
      "Искорящийся слизень, способный разряжать электричество ",
      "по всему своему телу. Даже другие слизни не знают, что он ",
      "съел, чтобы так мутировать. В нынешнем состоянии ",
      "свободной разрядки электричества подходить опасно..."
    ]
  },
  "92": {
    "objectName": [
      "Рудный слизень"
    ],
    "sentouryoku": [
      "350"
    ],
    "description": [
      "Слизень, проглотивший кристаллы, насыщенные магией, ",
      "что закалило его тело. На поверхности отрастают ",
      "твёрдые минералы, образующие смертоносное оружие.",
      "Хотя он стал выносливее, в душе это всё ещё слизень. ",
      "К тому же руда из его дропа довольно ценна…"
    ]
  },
  "101": {
    "objectName": [
      "\\c[116]Алый детёныш"
    ],
    "sentouryoku": [
      "380"
    ],
    "description": [
      "Безобразное существо, рождённое из яйца.",
      "Его уродливая, неестественная среда роста ",
      "исказила тело в клубок спутанных тканей.",
      "Им движет яростное стремление атаковать, ",
      "желание пожирать плоть и возродиться."
    ]
  },
  "102": {
    "objectName": [
      "Мусорная корзина"
    ],
    "sentouryoku": [
      "???"
    ],
    "description": [
      "Даже в смертельно опасной Бездне мусорить — не круто.",
      "Впрочем, всё, что ты выбрасываешь, исчезает к следующему дню...",
      "Такое ощущение, что кто-то прибирается.",
      "Но осторожнее — не бросай туда то, что может загореться.",
      "Обойдёшься с ней грубо — ",
      "и можешь спровоцировать что-нибудь неприятное."
    ],
    "1": [
      "Нашёл мусорку...",
      "Что с ней сделать?"
    ],
    "2": [
      "Обыскать вокруг",
      "Выбросить оружие",
      "Выбросить снаряжение"
    ],
    "3": [
      "Да это просто те вещи, ",
      "которые я только что выбросил..."
    ],
    "4": [
      "(Уф... Рюкзак забит под завязку...",
      "Придётся выбрасывать всё разом...)"
    ],
    "5": [
      "Выбросить всё!",
      "Передумать..."
    ],
    "6": [
      "...Точно ли стоит всё это выбрасывать?",
      "\\str[8]"
    ],
    "7": [
      "\\fr${itemIcon}\\fr и всего ${itemLength} ед. снаряжения."
    ]
  },
  "110": {
    "objectName": [
      "Пугало"
    ],
    "sentouryoku": [
      "???"
    ],
    "description": [
      "\"Я всего лишь пугало.",
      "Раз у меня нет сердца, ",
      "я не чувствую боли.\""
    ]
  },
  "113": {
    "objectName": [
      "Рогатый кролик"
    ],
    "sentouryoku": [
      "50"
    ],
    "description": [
      "Дикий кролик, мутировавший из-за магического заражения—",
      "рог на его голове — знак этих изменений.",
      "Однако, он всё ещё в стадии роста ",
      "и не представляет большой опасности.",
      "К тому же его мясо остаётся нежным и вкусным."
    ]
  },
  "115": {
    "objectName": [
      "\\c[115]Горящий слизень"
    ],
    "sentouryoku": [
      "620"
    ],
    "description": [
      "Слизень, объятый пылающим пламенем—",
      "одно приближение к нему отдаёт жаром.",
      "Обычные атаки почти бесполезны,",
      "и остаётся лишь радоваться,",
      "что такие монстры появляются ",
      "только в экстремальных местах вроде лавовых полей."
    ]
  },
  "119": {
    "objectName": [
      "\\c[10]Дьявол Смерти"
    ],
    "garble": [
      "true"
    ],
    "sentouryoku": [
      "???"
    ],
    "description": [
      "Лишь тень воли ",
      "Дьявола Смерти—",
      "цену не переживёт ни один смертный.",
      "Даже этот отголосок несёт смерть ",
      "всем, кого видит,",
      "включая призывателя."
    ]
  },
  "97": {
    "objectName": [
      "\\c[10]Аки"
    ],
    "sentouryoku": [
      "\\c[10]Спрашивать параметры девушки невежливо~♥"
    ],
    "description": [
      "С виду безобидная девочка,",
      "но на деле свободолюбивый архидемон.",
      "Дружелюбна к людям, но любит их дразнить ",
      "и наслаждаться их смущением.",
      "Из прихоти держит лавку, ",
      "в которой товары и цены меняются так же по прихоти.",
      "Если коротко, она просто хочет заполучить любимого лосося",
      "от людей любыми способами..."
    ],
    "1": [
      "Ой-ой~ Какой редкий гость~ Хехе~",
      "У меня тут классные штуки, не спеши, присмотрись♥"
    ],
    "2": [
      "Яхо~! Какая встреча~ Рада снова тебя видеть~!",
      "Это судьба~? Или ты просто невероятно везучий~?"
    ],
    "3": [
      "Хехе, так или иначе~! Когда удача на твоей стороне,",
      "будь начеку — кто-нибудь может её утащить♥"
    ],
    "4": [
      "Моя лавка — особенная, знаешь~",
      "Я продаю вещи, которых больше нигде не найдёшь~"
    ],
    "5": [
      "М-м~ Что такое? Лицо всё красное~ \\w[45]Хехе~ \\w[45]",
      "Я тебя очаровала, да? Ты такой милый~"
    ],
    "6": [
      "Эти предметы…",
      "Ты вообще кто…?"
    ],
    "7": [
      "Аха♥ Остренько~ Для взрос~лых~ только~",
      "Ты, значит, по таким вещам, да?"
    ],
    "8": [
      "Конечно~ У меня они есть♥",
      "онии-сан... интересуетесь~?"
    ],
    "9": [
      "О-о~ хочешь узнать обо мне больше?",
      "Справедливо~ Я же так и не представилась, да~"
    ],
    "10": [
      "Ну тогда, я~ Архидемон из",
      "глубин Бездны! Аки~!"
    ],
    "11": [
      "Эй-эй! Не надо на меня так страшно смотреть~",
      "Я сегодня просто за маленькой сделкой~!"
    ],
    "12": [
      "Шмыг-шмыг…",
      "\\w[90]\\^"
    ],
    "13": [
      "Да! Этот запах!",
      "Вот он! Отдай мне это♥ Пожа-а-алуйста~!"
    ],
    "14": [
      "Ну же~",
      "Ты же дашь мне это, правда♥"
    ],
    "15": [
      "(А, так это лосось в моём рюкзаке",
      "её сюда и привёл...)"
    ],
    "16": [
      "М-ммм~! Это именно то, что я хотела!",
      "Я обязательно тебя как следует отблагодарю♥"
    ],
    "17": [
      "Пожалуйста~ Даже чуточку хватит…",
      "Поделишься? Очень прошу♥"
    ],
    "18": [
      "(Что же делать… Похоже,",
      "эта девчонка очень хочет лосося…)"
    ],
    "19": [
      "Ничего не давать"
    ],
    "20": [
      "Хо~    \\w[45]",
      "Решил ослушаться леди Аки?"
    ],
    "21": [
      "Тск-тск~ Какой непослушный мальчик~!",
      "Похоже, придётся тебя как следует наказать♥"
    ],
    "22": [
      "\\>\\c[10]《Ритуал Демонического Контракта: Абсолютное Проклятие Чистосердечного Человека =",
      "\\>С сегодняшнего дня твоя жизнь — режим Ада》!!     \\w[90]"
    ],
    "23": [
      "И на этой ноте—",
      "Ты проклят—"
    ],
    "24": [
      "Столько лосося для меня♥ Ты такой добрый, онии-сан~",
      "Сердце моё завоевать пытаешься, да~?"
    ],
    "25": [
      "Такой милый♥ Я не могу устоять~",
      "Хехе~!"
    ],
    "26": [
      "Возьми с собой эту милашку~",
      "Если захочешь меня найти, просто пришли её с запиской~♥"
    ],
    "27": [
      "Хочешь купить этот предмет?",
      "Конечно~ Продам~!"
    ],
    "28": [
      "Ах! Но знай, деньги меня не особо волнуют~",
      "Для демона вроде меня это совершенно бесполезно~"
    ],
    "29": [
      "Хм, мускулы у тебя ничего так,",
      "Значит, справишься~!"
    ],
    "30": [
      "...Хехе, если хочешь этот предмет~!",
      "Тогда обменяй его на лосося~!"
    ],
    "31": [
      "Поблизости кругом вода, верно?",
      "Не так уж трудно будет поймать пару рыб~?"
    ],
    "32": [
      "Если думал, что на этом всё, то о-о-очень ошибался~♥",
      "Пока как следует не одумаешься, я тебя не отпущу!"
    ],
    "33": [
      "И ещё~ Это проклятие? ",
      "Оно ещё долго побудет с тобой~♥"
    ],
    "34": [
      "Ахаха♥ Какая морока, да~?",
      "Бьюсь об заклад, тебя это безумно раздражает, онии-сан♥"
    ],
    "35": [
      "Ау~ Хочешь попросить снять проклятие~?",
      "И что же мне с тобой делать~♥"
    ],
    "36": [
      "А если я скажу «нет»~? Что ты будешь делать~?",
      "Не корчи такое лицо~ На меня это не подействует~"
    ],
    "37": [
      "Теперь мне ещё больше хочется тебя дразнить, онии-сан♥",
      "Никакого снятия проклятия~ Ахаха♥"
    ],
    "38": [
      "Ого, ты и правда отчаялся, а? Такой ты ZAKO♥",
      "Покажи искреннее раскаяние~♥"
    ],
    "39": [
      "(Если я хочу снять проклятие…",
      "Похоже, и правда придётся принести ей немного рыбы…)"
    ],
    "40": [
      "Ваа~! Огромное спасибо",
      "онии-сан~♥"
    ],
    "41": [
      "Столько лосося для меня♥ с-слурп♥",
      "Ах~ Рай из лосося♥"
    ],
    "42": [
      "Ладноа~! Проклятие теперь снято~!",
      "Надеюсь, скоро снова поиграем, онии-сан♥"
    ],
    "43": [
      "Ну-ну~ Давненько не виделись, онии-сан~",
      "Ты явился как раз вовремя~♥"
    ],
    "44": [
      "Хочешь попробовать совершенно новый предмет?",
      "Это мидзумандзю, который я сама сделала~"
    ],
    "45": [
      "Эффект, спрашиваешь? Хехе~!",
      "Он делает твоё тело сверхчувствительным♥"
    ],
    "46": [
      "И работает он не только на людей~",
      "На монстров — тоже суперэффективен!"
    ],
    "47": [
      "Ну так что, как думаешь? Всего десять лососей~?",
      "Купишь? Нет? Давай быстрее решай♥"
    ],
    "48": [
      "Берусь!",
      "Передумал…"
    ],
    "49": [
      "Серьёзно, ZAKO онии-сан, у тебя и мозг тоже в ZAKO превратился~?",
      "Даже парой рыб поделиться не можешь… бесполезный♥"
    ],
    "50": [
      "Ни денег, ни лосося — какой слабый, жалкий онии-сан~",
      "Неудивительно, что ты один и доселе девственник~"
    ],
    "51": [
      "Если передумаешь, приходи и купи~",
      "Не то чтобы мне это важно~"
    ],
    "52": [
      "Тск~ Как скучно, ня~",
      "Не верится, что ты отказался от такой годноты♥"
    ],
    "53": [
      "Спасибо за покупку, ня~",
      "Теперь я снова наемся лосося вдоволь~"
    ],
    "54": [
      "Тск~ Как скучно, ня~",
      "Не верится, что ты отказался от такой годноты♥"
    ],
    "55": [
      "Ах~ Думаю, ничего страшного не случится♥",
      "Но, онии-сан, ты выглядишь о-очень слабеньким~"
    ],
    "56": [
      "Так что решила тебя предупредить~",
      "Эту штуку, знаешь ли, можно использовать и на себе~"
    ],
    "57": [
      "И да, эффект — сделать твоё тело су-уперчувствительным♥",
      "Так что, точно не пробуй на себе, окей~?"
    ],
    "58": [
      "Или стой, ты правда хочешь её применить?",
      "онии-сан у нас безнадёжный маленький мазохист, да♥"
    ],
    "59": [
      "Шучу~♥ Ну тогда,",
      "заглядывай ко мне ещё в следующий раз, ладно~♥"
    ],
    "60": [
      "Жаль~ Уже всё распродано~?",
      "Вот ведь, онии-сан, как же ты отчаян~♥"
    ],
    "61": [
      "Если хочешь ещё, придётся ждать до следующего раза~",
      "Но-о-о если принесёшь мне лосося, возможно, сделаю исключение♥"
    ],
    "62": [
      "Ого-о-о♥ Хочешь ещё? Какой ты жадный~!",
      "Покупаешь столько... задумал что-то неприличное~?"
    ],
    "63": [
      "Уууау—♥ Такой качественный лосось—!",
      "надо было его принести пораньше~"
    ],
    "64": [
      "Если он такой~",
      "Дай мне один — и я продам тебе вещицу~♥"
    ]
  },
  "98": {
    "objectName": [
      "Автомат с конфетами"
    ],
    "sentouryoku": [
      "???"
    ],
    "description": [
      "Аппарат, наполненный всякими ",
      "яркими сладостями. Все конфеты — ручной работы",
      "от самой хозяйки лавки.",
      "Говорят, он сделан с особыми ингредиентами, ",
      "и от него исходит странный, но приятный аромат…",
      "Но даже если из любопытства спросишь, что внутри,",
      "В ответ получишь лишь загадочную улыбку девушки..."
    ],
    "1": [
      "нашёл автомат с конфетами ",
      "ярких расцветок—"
    ],
    "2": [
      "Посмотрим... Один запуск стоит... ",
      "\\w[60]\\^"
    ],
    "3": [
      "\\>Посмотрим... Один запуск стоит...",
      "\\c[6]\\v[86]\\c[0] йен!? \\< Да это грабёж!!"
    ],
    "4": [
      "\\str[120] наверняка бы понравились такие сладости...",
      "Что делать? Попробовать?"
    ],
    "5": [
      "Посмотрим... Один запуск стоит... \\w[60]\\c[6]\\v[86]\\c[0] йен",
      "Что делать? Попробовать?"
    ],
    "6": [
      "Заплатить деньгами",
      "Обменять на рыбу"
    ],
    "7": [
      "Но... у меня нет ",
      "столько денег с собой..."
    ],
    "8": [
      "Да-да~♥",
      "Тогда просто предложи ещё немного лосося..."
    ]
  }
}