{
  "13": {
        "0": [
            "……おや？",
			"また一匹可愛い小羊が迷い込んだの？"
		],
		"1": [
            "ふふふ、私から力を得たいの？",
			"これは悪魔の取引よ。"
        ],
        "2": [
            "でも、とても残念ね。まだ「その時」ではないのよ。",
            "今はまだ、あなたが運命と向き合う瞬間ではないわ〜"
        ],
        "3": [
            "今のあなたは、まだ何も知らず、",
			"何も気づいていない迷える小羊に過ぎないのよ〜"
        ],
        "4": [
            "へぇ〜〜そこに座って、",
			"私の祈りを聞きたいの？"
        ],
        "5": [
            "残念ね♥ 私は大悪魔よ~",
			"そんなことしてあげるわけないじゃない〜！"
        ]		
    },	
  "16": {
        "0": [
            "あなたは顔に汗を流してパンを得、ついには土に帰る。",
			"あなたは土から取られたのだから。",
			"あなたはちりだから、ちりに帰らなければならない。"
		],
		"1": [
            "私は、日の下で行われるすべての事を見た。",
			"見よ、それはみな空であり、風を追うようなものだ。"
        ],
        "2": [
            "神を愛する者たち、すなわち、御心に従って召された者たちには、",
            "万事が相働いて益となることを、私たちは知っています。"
        ],
        "3": [
            "すべての人は罪を犯して、",
			"神の栄光を受けられなくなっています。"
        ],
        "4": [
            "この幻は定められた時について証言し、",
			"終わりについて告げ、偽ることはない。",
			"たとえ遅くなっても、それを待て。",
			"それは必ず来る。遅れることはない。"
        ],
        "5": [
            "私の咎は頭を越えて増え、重荷のように、",
			"私には耐えられません。"
        ]		
    },
  "17": {
        "0": [
            "イエスは彼に尋ねた。",
			"「お前の名は何か？」",
			"彼は答えた。",
			"「我が名はレギオン。我々は大勢だからだ。」"
		],
		"1": [
            "また、天に大いなるしるしが現れた。",
			"見よ、一匹の大いなる赤い龍がいた。",
			"それには七つの頭と十の角があり、七つの頭には七つの冠があった。",
			"その尾は天の星々の三分の一を引きずり、それらを地に落とした。"
        ],
        "2": [
            "明けの明星、暁の子よ！",
            "なぜお前は天から落ちたのか？",
			"なぜ諸国を倒した者が地に打ち倒されたのか？"
        ],
        "3": [
            "また、私は海から上がってくる一匹の獣を見た。",
			"それには十の角と七つの頭があり、十の角には十の冠があり、",
			"七つの頭には神を冒涜する名が記されていた。"
        ],
        "4": [
            "たとえ、死の陰の谷を歩むとも、私は恐れない。",
			"あなたが共におられるからだ。",
			"あなたの杖と鞭が、私を慰める。"
        ],
        "5": [
            "主はサタンに尋ねた。",
			"「お前はどこから来たのか？」",
			"サタンは答えた。",
			"「私は地を巡り、そこを行き来してきました。」"
        ]		
    },
  "18": {
        "0": [
			"……これは転送陣。",
			"今すぐここを離れる…？"
		],
		"1": [
            "離れる",
			"少し待つ…"
        ]
    }	
}