{
  "1": {
    "0": [
      "Mmm, no puedo quedarme dormido..."
    ],
    "1": [
      "Me duele el estómago... ¿Será indigestión?",
      "Quizás esa cena fue demasiado después de todo..."
    ],
    "2": [
      "¡Ah, me desperté de repente...!"
    ],
    "3": [
      "Todavía es de madrugada.",
      "Puedo dormir un poco más...\\w[30].\\w[30].\\w[30].",
      "¿Debería ir a ver a mi hermana?"
    ],
    "4": [
      "Ir al cuarto de \\str[120]",
      "Ir a dormir"
    ],
    "5": [
      "¿Solo voy a dormir hasta la mañana...?"
    ],
    "6": [
      "Dormir",
      "Esperar"
    ],
    "7": [
      "\"¡¡¡Ahhhhhhhhhhh—!!!?\""
    ],
    "8": [
      "¿Q-Qué? Oh, solo fue una pesadilla..."
    ],
    "9": [
      "Eso me asustó mucho... ",
      "Creo que vi una versión aterradora de \\str[120]."
    ],
    "10": [
      "…Debería ir a ver a \\str[120].",
      "¿Y si ese sueño—"
    ],
    "11": [
      "Sí, ese sueño fue muy aterrador...",
      "Mejor descansar temprano..."
    ]
  },
  "2": {
    "0": [
      "\\c[10]—Se detectó solicitud de actualización de datos desde la versión \\str[1].  \\w[60]",
      "¿Deseas realizar la actualización automática ahora?"
    ],
    "1": [
      "Iniciar actualización",
      "Cancelar"
    ],
    "2": [
      "...¿Ya es de mañana? ",
      "Siento que tuve un sueño sobre ",
      "mi hermana menor, ",
      "pero no logro recordarlo..."
    ],
    "3": [
      "...¿Ya es de mañana? ",
      "No siento que haya dormido bien..."
    ],
    "4": [
      "Ah, ¿ya es de mañana? Dormí muy bien."
    ],
    "5": [
      "Hoy hace un buen día...\\w[45]¿eh? ",
      "¿Siento que la luz del sol está un poco demasiado intensa?"
    ],
    "6": [
      "Hoy hace un buen día."
    ],
    "7": [
      "El clima no se ve muy bueno hoy."
    ],
    "8": [
      "¿Está lloviendo? ",
      "Espero que no afecte nuestra aventura..."
    ],
    "9": [
      "No he visto a mi hermana en días… ",
      "Creo que debería pasar hoy."
    ],
    "10": [
      "Bueno, estoy despierto. ¿Cuál es el plan para hoy—"
    ],
    "11": [
      "Al cuarto de \\str[120]",
      "Salir ahora"
    ],
    "12": [
      "¡Bien, vamos a ver a \\str[120]!"
    ],
    "13": [
      "Bueno, ¡a prepararlo todo ",
      "y salir de aventura!"
    ]
  },
  "4": {
    "0": [
      "\"...¿¡Eh!?\\w[60]...Espera, \\w[60]",
      "¿ya es de mañana...?\""
    ],
    "1": [
      "Me siento mareado... ",
      "¿Me quedé dormido así anoche...?"
    ],
    "2": [
      "\"No recuerdo lo que pasó anoche...  \\w[90]",
      "Bueno, probablemente estaba demasiado agotado.\""
    ]
  }
}