{
  "3": {
        "0": [
            "\"Whew… that feels much better...\""
        ],
        "1": [
            "...So, what should I do next?"
        ],
        "2": [
            "Look Around",
            "Daydreaming",
            "Kill Time",
            "Leave"
        ],
        "3": [
            "This cramped little space—what could possibly be hiding here...?    \\w[45]",
            "Even as I said that, I couldn’t help but start digging around."
        ],
        "4": [
            "\"Ooooh!! This is…!\""
        ],
        "5": [
            "——Toilet paper."
        ],
        "6": [
            "————A junk."
        ],
        "7": [
            "\"Well, I am in the toilet after all.\""
        ],
        "8": [
            "Feels like I wasted my time."
        ],
        "9": [
            "\"Hm? What was that sound?\""
        ],
        "10": [
            "It's a C."
        ],
        "11": [
            "A C snuck in from who-knows-where and zipped past my feet."
        ],
        "12": [
            "You bastard, showing yourself so boldly in front of me!    \\{",
            "Take this!"
        ],
        "13": [
            "Bullseye. The C dropped dead on the spot."
        ],
        "14": [
            "\"Hmph, as expected of me...\""
        ],
        "15": [
            "Missed! ",
            "Startled, the C quickly vanished without a trace."
        ],
        "16": [
            "\"Damn, that thing’s fast!\""
        ],
        "17": [
            "……This isn’t gonna work forever.",
            "Maybe it’s time to get some bug spray..."
        ],
        "18": [
            "\"Hm? What was that sound?\""
        ],
        "19": [
            "…The sound’s gone. Was it just my imagination?"
        ],
        "20": [
            "Can’t stay sitting here forever.",
            "I should probably head out—"
        ]
  },
  "9": {
        "0": [
            "\\nl< >\"\\str[121]! Are you still in the toilet?\""
        ],
        "1": [
            "\"...I’ll be out in a second!\""
        ],
        "2": [
            "I’ve probably wasted too much time—better get going..."
        ]
  },
  "21": {
        "0": [
            "Just then, a familiar sound rang out."
        ],
        "1": [
            "\\{Wait...\\w[45] that sound—it's C!"
        ],
        "2": [
            "\\nl< >\\{\"…………Huh?\""
        ],
        "3": [
            "\\nl< >\\{\"Aaaaahhhh—!!\""
        ],
        "4": [
            "\\str[120] has noticed C too!",
            "This is bad! If C attacks in a situation like this,",
            "she might faint from the shock!!"
        ],
        "5": [
            "\\{\"……！\""
        ],
        "6": [
            "Before I could even think, my body moved on its own,",
            "and I rushed into the toilet at lightning speed."
        ],
        "7": [
            "\\{\"Are you the one who made my \\str[120] cry!?\""
        ],
        "8": [
            "Direct hit. The C is dead on the spot."
        ],
        "9": [
            "\\nl< >\"Uuuh... \\str[121]...\""
        ],
        "10": [
            "\"It’s okay now. ",
            "The bad thing is gone—\\str[121] took care of it.\""
        ],
        "11": [
            "\\nl< >\"Huh...?",
            "\\str[121]... your pants...\""
        ],
        "12": [
            "\"——————————Ah.\""
        ],
        "13": [
            "Since I was already worked up before barging ",
            "into the toilet. my cock was standing rock hard—",
            "so close to \\str[120]’s face…"
        ],
        "14": [
            "Just as I was worrying, ",
            "I noticed something strange in \\str[120]’s eyes,",
            "she was fidgeting too.    \\w[60]",
            "Could that weird candy still be working?"
        ],
        "15": [
            "\\str[120]’s expression started to look dazed,",
            "and then, out of nowhere, ",
            "she leaned in and took my cock into her mouth."
        ],
        "16": [
            "That bold move completely shattered my self-control. ",
            "I put my hand on my \\str[120]’s head,",
            "and started guiding her to take my cock even deeper."
        ],
        "17": [
            "Even though she was pretty clumsy,",
            "the warmth and softness of her mouth ",
            "still felt amazing."
        ],
        "18": [
            "From this angle, ",
            "I could see \\str[120]’s wet pussy trembling slightly,",
            "like something straight out of a dream."
        ],
        "19": [
            "Soon enough, ",
            "that urge to come started building up in waves—"
        ],
        "20": [
            "Not wanting my \\str[120] to choke, ",
            "I pulled my cock out of her mouth."
        ],
        "21": [
            "Right at that moment, a huge load of cum burst out, ",
            "splattering all over her face."
        ],
        "22": [
            "\\nl< >\"Ugh… it tastes awful…\""
        ],
        "23": [
            "\\str[120] stuck out her tongue playfully, ",
            "but I could tell she was still really shy.",
            "She’d never do something this bold normally—",
            "it must be the effect of that candy."
        ],
        "24": [
            "But honestly, if it weren’t for that candy,",
            "I have no idea how things would’ve ended."
        ],
        "25": [
            "Afterward, we cleaned up the toilet together ",
            "and went back to the bedroom,",
            "quietly acting like nothing had ever happened."
        ]
  },
  "22": {
        "0": [
            "Sneaking around, sneaking around..."
        ],
        "1": [
            "Hmm... I'm just worried ",
            "if something's wrong with \\str[120]...",
            "I'll just take a quick look and leave..."
        ],
        "2": [
            "Wait... what’s this!?"
        ],
        "3": [
            "Caught \\str[120] jilling-off.    \\w[60]",
            "What’s going on… ",
            "Could it be the effect of ",
            "the candy I gave her earlier!?"
        ],
        "4": [
            "Though her technique still seems a bit clumsy,",
            "the occasional nectar shows ",
            "she’s completely lost in the moment of joy."
        ],
        "5": [
            "Seeing \\str[120] trying so hard to feel good, ",
            "I couldn’t help but want to step in and help her out…"
        ],
        "6": [
            "Caught \\str[120] touching herself over her panties.    \\w[60]",
            "What’s going on… ",
            "Could it be the effect of ",
            "the candy I gave her earlier!?"
        ],
        "7": [
            "Maybe due to a lack of experience,  ",
            "\\str[120] is clumsily rubbing her ",
            "panties with her fingertips,  ",
            "not quite getting the hang of it."
        ],
        "8": [
            "Seeing \\str[120] trying so hard to feel good, ",
            "I couldn’t help but want to step in and help her out…"
        ],
        "9": [
            "But showing up now would definitely scare \\str[120],  ",
            "hmm… yeah, it’s probably best to quietly step away."
        ],
        "10": [
            "Peek again!",
            "Walk away"
        ],
        "11": [
            "Unable to resist the growing urge,",
            "I leaned closer to the crack in the door, ",
            "carefully watching."
        ],
        "12": [
            "Jack off",
            "Burst in!",
            "Forget it"
        ],
        "13": [
            "I'm starting to feel a little excited too... ",
            "Should I join \\str[120]...?"
        ],
        "14": [
            "This feels kinda risky… better not.",
            "If I keep watching, this is gonna get awkward.",
            " I should slip out before my \\str[120] notices."
        ],
        "15": [
            "Since it's not the first time I've seen ",
            "something like this, I just went with ",
            "the flow and tried to enjoy the moment."
        ],
        "16": [
            "While my \\str[120] was still lost in her own world, ",
            "I quietly closed the door behind me."
        ],
        "17": [
            "\"Looks like \\str[120]’s finally at that age",
            "where she gets interested in this kind of stuff…\"",
            " ",
            " ",
            "Feeling a strange sense of sadness, ",
            "I decided to just pretend I hadn’t seen anything…"
        ],
        "18": [
            "The moment we both reached our peak,",
            "I let go completely and just came all over."
        ],
        "19": [
            "With a shiver running through her body,",
            "\\str[120] slowly stopped what she was doing and ",
            "started breathing softly."
        ],
        "20": [
            "If I keep watching, this is gonna get pretty bad.",
            "Better make my escape before \\str[120] notices."
        ],
        "21": [
            "Doing this kind of thing with \\str[120] feels so strange…",
            "Before I knew it, my hand started matching her rhythm,",
            "and in that moment, ",
            "it felt like our senses were somehow connected."
        ],
        "22": [
            "Watching \\str[120]’s fingers, I couldn’t help but imagine—",
            "what if it wasn’t her fingers touching her, ",
            "but my cock instead…?"
        ],
        "23": [
            "As I got lost in that thought,",
            "it almost felt like I could really feel how soft ",
            "\\str[120]’s pussy would be…",
            "Imagination really is a scary thing."
        ],
        "24": [
            "I wonder what it would feel like to ",
            "get as close as my \\str[120]’s fingers,",
            "stroking myself right up against her pussy…"
        ],
        "25": [
            "I start picturing the tip of my cock pressing against ",
            "my \\str[120]’s tightly closed pussy, slowly spreading ",
            "her open as I push, revealing the wet inside. My cock ",
            "gets slick too, a lewd strand stretching between us…"
        ],
        "26": [
            "The excitement I feel with her is nothing like ",
            "when I’m alone. As I lose myself in these fantasies, ",
            "the guilt in my heart just turns into fuel,",
            "bringing me wave after wave of pleasure."
        ],
        "27": [
            "\\str[120] looks like she’s about to come, ",
            "and I can’t help but speed up my own movements too."
        ],
        "28": [
            "\\{Ugh, I can’t hold it anymore…!"
        ]
  },
  "23": {
        "0": [
            "With what happened last time, ",
            "I decided to just boldly barge into the toilet."
        ],
        "1": [
            "\\nl< >\\{\"…O-\\str[121]!?\""
        ],
        "2": [
            "\\nl< >\"…\\str[121],",
            "why did you come in here too…?\""
        ],
        "3": [
            "Her tone sounded a bit scolding, but judging from her ",
            "dazed expression and the fact that she wasn't trying ",
            "to kick me out, it seemed like I was in the clear."
        ],
        "4": [
            "I quietly moved to stand next to my \\str[120], my cock ",
            "just a few centimeters away from her. She kept going ",
            "with her own hand, leaned in a little closer to me,",
            "and started licking me with her tongue."
        ],
        "5": [
            "\\str[120]’s slender tongue slithered around the tip of ",
            "my cock like a little snake, the warm, ",
            "ticklish sensation making me tremble uncontrollably."
        ],
        "6": [
            "We stayed like that in silence for a while, ",
            "and I could feel myself getting close to the edge…",
            "\\str[120] must’ve noticed the way my cock was twitching,",
            "because she started moving her hand even faster."
        ],
        "7": [
            "Finally, as that unstoppable rush of release built up, ",
            "my cum started to shoot out.  \\w[60]",
            "The moment the first spurt landed on \\str[120]’s face, ",
            "she suddenly took my cock into her mouth."
        ],
        "8": [
            "As she sucked, my \\str[120] kept teasing the tip with ",
            "her tongue right where the cum was pouring out.",
            " ",
            " ",
            "That unexpected gentleness and soft warmth completely ",
            "broke my self-control, and my cock just unloaded",
            "the rest of my cum straight into her mouth."
        ],
        "9": [
            "Afterward, we cleaned up the toilet together,",
            "and when we got back to the bedroom, ",
            "we both pretended like nothing had ever happened."
        ]
  }
}