{
  "3": {
    "name": [],
    "subtitle": [
	  ""
	],
    "description": [
      ""
    ],
	"variants": {
		"0": {
		   "subtitle": [
	         "\"Неспокойно на душе...\""
	       ],
           "description": [
             "Уровень возбуждения:\\c[2]\\v[25]%\\c[0]"
           ]
		},		
		"1": {
		   "subtitle": [
	         "\"Телу хочется острых ощущений...\""
	       ],
           "description": [
             "Уровень возбуждения:\\c[10]\\v[25]%\\c[0]"
           ]
		},
		"2": {
		   "subtitle": [
	         "\"Теряю контроль...!\""
	       ],
           "description": [
             "Уровень возбуждения:\\c[18]\\v[25]%\\c[0]"
           ]
		}
	}
  },
  "4": {
    "name": [],
    "subtitle": [
	  "\"Увоооо...!\""
	],
    "description": [
      "Искажён желанием — став Зверем!  Уровень возбуждения::\\c[18]???%\\c[0]"
    ]
  },
  "5": {
    "name": [],
    "subtitle": [
      "\"Яд поразил твоё тело\""
    ],
    "description": [
      "Урон нарастает со временем!"
    ]
  },
  "6": {
    "name": [],
    "subtitle": [
      "\"Кровотечение не останавливается\""
    ],
    "description": [
      "Получает урон, зависящий от макс. ОЗ!"
    ]
  },
  "7": {
    "name": [],
    "subtitle": [
      "\"Смотри, его ударила молния!\""
    ],
    "description": [
      "Полностью парализован — совсем не может двигаться!"
    ]
  },
  "8": {
    "name": [],
    "subtitle": [
      "\"Жарко, жарко, жарко, жарко—!\""
    ],
    "description": [
      "Накладывает непрерывное горение на всех в радиусе!"
    ]
  },
  "9": {
    "name": [],
    "subtitle": [
      "\"Превращайся в ледышку!\""
    ],
    "description": [
      "Полностью заморожен!"
    ]
  },
  "11": {
    "name": [],
    "subtitle": [
      "\"Голова кружится, всё плывёт!\""
    ],
    "description": [
      "Невозможно действовать!"
    ]
  },
  "13": {
    "name": [],
    "subtitle": [
      "\"Фуфу, вот тебе за неповиновение мне~♥\""
    ],
    "description": [
      "Проклят той маленькой демоницей..."
    ]
  },
  "14": {
    "name": [],
    "subtitle": [
      "\"Так жарко...\""
    ],
    "description": [
      "слабеет от жары..."
    ]
  },
  "15": {
    "name": [],
    "subtitle": [
      "\"В глазах монстров ты всего лишь жалкий, уродливый недоросток…\""
    ],
    "description": [
      "Замаскирован под монстра — монстры не будут активно нападать!"
    ]
  },
  "16": {
    "name": [],
    "subtitle": [
      "\"Даже такую простую игру не осилил? Что за ZAKO~\""
    ],
    "description": [
      "Присвоено звание ZAKO за читерство!"
    ]
  },    
  "28": {
    "name": [],
    "subtitle": [
	  "Играет "
	],
    "description": [
      ""	
    ],
	"variants": {
		"0": {
           "description": [
             "Она очень сосредоточена на игре, ",
             "Лучше лишний раз не отвлекать..."
           ]
		},		
		"1": {
           "description": [
             "Она всё ещё играет...",
             "Может, немного поддразнить?"
           ]
		}
	}	
  },   
  "29": {
    "name": [],
    "subtitle": [
	  "Купается "
	],
    "description": [
      ""	
    ],
	"variants": {
		"0": {
           "description": [
             "\\str[120] в ванне — я",
             "смутно различаю её силуэт"
           ]
		},		
		"1": {
           "description": [
             "\\str[120] вытирает волосы ",
             "полотенцем"
           ]
		}
	}	
  },
  "30": {
    "name": [],
    "subtitle": [
	  "Отдыхает "
	],
    "description": [
      ""
    ],
	"variants": {
		"0": {
           "description": [
             "\\str[120] выглядит очень счастливой,",
             "Случилось что-то интересное?"
           ]
		},		
		"1": {
           "description": [
             "\\str[120] становится ещё милее",
             "Может, погладить её по голове!"
           ]
		},
		"2": {
           "description": [
             "\\str[120] просто сидит",
             "попробовать с ней поговорить…"
           ]
		},
		"3": {
           "description": [
             "\\str[120] выглядит немного грустной",
             "Может, попробовать утешить её?"
           ]
		},
		"4": {
           "description": [
             "\\str[120] кажется немного не в себе",
             "Интересно, что можно сделать…"
           ]
		},
		"5": {
           "description": [
             "\\str[120] выглядит сонной",
             "Наверное, пора спать?"
           ]
		}
	}
  },    
  "31": {
    "name": [],
    "subtitle": [
	  "Спит "
	],
    "description": [
      ""
    ],
	"variants": {
		"0": {
           "description": [
             "Спит, как растение…",
             "не разбудить…"
           ]
		},		
		"1": {
           "description": [
             "Крепко спит…",
             "Похоже, её трудно разбудить"
           ]
		},
		"2": {
           "description": [
             "Спит безмятежно,",
             "полностью погружена в сны…"
           ]
		},
		"3": {
           "description": [
             "Ресницы дрожат,",
             "словно бормочет во сне"
           ]
		},
		"4": {
           "description": [
             "Будто наполовину проснулась,",
             "невольно бормочет"
           ]
		},
		"5": {
           "description": [
             "\\str[120] почти проснулась,",
             "но сознание всё ещё затуманено"
           ]
		}
	}
  },   
  "32": {
    "name": [],
    "subtitle": [
	  "Голодна "
	],
    "description": [
      ""	
    ],
	"variants": {
		"0": {
           "description": [
             "\\str[120] тихо ждёт ",
             "ужина"
           ]
		},		
		"1": {
           "description": [
             "\\str[120] чуть переживает",
             "за вкус ужина…"
           ]
		},
		"2": {
           "description": [
             "\\str[120], кажется, ",
             "хочет помочь"
           ]
		}
	}	
  },   
  "33": {
    "name": [],
    "subtitle": [
	  "Расслабляется "
	],
    "description": [
      ""	
    ],
	"variants": {
		"0": {
           "description": [
             "\\str[120] облизывает эскимо…",
             "выглядит слишком беззащитно..."
           ]
		}
	}	
  },   
  "34": {
    "name": [],
    "subtitle": [
	  "Чистит зубы "
	],
    "description": [
      ""	
    ],
	"variants": {
		"0": {
           "description": [
             "\\str[120] лениво чистит зубы,",
             "всё ещё наполовину сонная..."
           ]
		}
	}	
  },
  "35": {
    "name": [],
    "subtitle": [],
    "description": [
      "✦\\c[27](Кажется, тело ",
      "становится таким лёгким...)"
    ]
  },
  "36": {
    "name": [],
    "subtitle": [],
    "description": [
      "✦\\c[22]разум начинает расслабляться—"
    ]
  },
  "40": {
    "name": [],
    "subtitle": [
      "Плачет "	
	],	
    "description": [
      ""
    ],
	"variants": {
		"0": {
           "description": [
             "\\c[10]Слишком много острого съела..."
           ]
		}
	}	
  },
  "41": {
    "name": [],
    "subtitle": [],
    "description": [
      "✦\\c[29]Наевшись досыта,",
      "\\str[120] счастлива!"
    ]
  },
  "45": {
    "name": [],
    "subtitle": [
      "\"Я пообещал дорогой сестре, значит, должен сдержать\""
    ],
    "description": [
      "Не возвращайся домой тяжело раненным..."
    ]
  },
  "46": {
    "name": [],
    "subtitle": [
      "\"Я пообещал дорогой сестре, значит, должен сдержать\""
    ],
    "description": [
      "Приготовь мясное блюдо"
    ]
  },
  "55": {
    "name": [],
    "subtitle": [
      "\"Это моя территория, так что шалить нельзя~♥\""
    ],
    "description": [
      "Атаки запрещены! Ближайшие монстры охвачены страхом!"
    ]
  },
  "57": {
    "name": [],
    "subtitle": [
      "\"Мне кажется, сейчас я могу всё\""
    ],
    "description": [
      "Режим Мудреца активирован, все характеристики повышены"
    ]
  },
  "58": {
    "name": [],
    "subtitle": [
      "\"Съел что-то не то...\""
    ],
    "description": [
      "Живот не отпускает!"
    ]
  },
  "59": {
    "name": [],
    "subtitle": [],
    "description": [
      "...Забыл что-то важное? Может, вспомнится позже."
    ]
  },
  "60": {
    "name": [],
    "subtitle": [],
    "description": [
      "Исходит стойкий запах..."
    ]
  },
  "61": {
    "name": [],
    "subtitle": [
      "\"У меня задница горит...\""
    ],
    "description": [
      "Нельзя бежать или рывком ускориться из-за боли в попе!"
    ]
  },
  "62": {
    "name": [],
    "subtitle": [],
    "description": [
      "Сосредоточение перед следующим ударом, скорость движения снижена"
    ]
  },
  "63": {
    "name": [],
    "subtitle": [
	  "\"Тройная скорость Истинной Красной\""
	],
    "description": [
      ""
    ]
  },
  "64": {
    "name": [],
    "subtitle": [],
    "description": [
      "Сэнпо на перезарядке!"
    ]
  },
  "65": {
    "name": [],
    "subtitle": [],
    "description": [
      "Кружится голова..."
    ]
  },
  "67": {
    "name": [],
    "subtitle": [],
    "description": [
      "Плывёт по воде. Скорость снижена, атаковать нельзя!"
    ]
  },
  "68": {
    "name": [],
    "subtitle": [],
    "description": [
      "Читает заклинание!"
    ]
  },
  "71": {
    "name": [],
    "subtitle": [
      "\"Съел что-то вкусное — тепло и уютно внутри~\""
    ],
    "description": [
      "Восстанавливает небольшое количество здоровья каждую секунду"
    ]
  },
  "72": {
    "name": [],
    "subtitle": [
      "\"Сила... переполняет меня!\""
    ],
    "description": [
      "Сила атаки \\c[10]+50%\\c[0]"
    ]
  },
  "73": {
    "name": [],
    "subtitle": [
      "\"Начинаю понимать всё\""
    ],
    "description": [
      "Сила магической атаки \\c[10]+50%\\c[0]"
    ]
  },
  "74": {
    "name": [],
    "subtitle": [
      "\"Сможешь угнаться... за МОЕЙ СКОРОСТЬЮ?!\""
    ],
    "description": [
      "Скорость движения повышается"
    ]
  },
  "75": {
    "name": [],
    "subtitle": [
      "\"Сошествие Божественного Оружия\""
    ],
    "description": [
      "Оружие увеличено, урон повышен!"
    ]
  },
  "77": {
    "name": [],
    "subtitle": [
      "\"Пламя Возрождения\""
    ],
    "description": [
      "Позволяет одно воскресение, пока действует эффект"
    ]
  },
  "78": {
    "name": [],
    "subtitle": [
      "\"Ковёр Судьбы...\""
    ],
    "description": [
      "Благословение судьбы — хорошие события вероятнее!"
    ]
  },
  "79": {
    "name": [],
    "subtitle": [
      "\"Ковёр Судьбы...\""
    ],
    "description": [
      "Благословение судьбы — печальные события вероятнее!"
    ]
  },
  "80": {
    "name": [],
    "subtitle": [
	  "\"Тройная скорость Истинной Красной\""
	],
    "description": [
      ""
    ]
  },
  "85": {
    "name": [],
    "subtitle": [
      "\"Но на вкус просто кошмар...\""
    ],
    "description": [
      "Переполняет жизненная сила — макс. ОЗ увеличены!"
    ]
  },
  "86": {
    "name": [],
    "subtitle": [
      "\"SKILL ISSUE\""
    ],
    "description": [
      "Тебя безжалостно затроллили! Защита и удача сильно снижены!"
    ]
  },
  "90": {
    "name": [],
    "subtitle": [
      "「Не пикай куст в лоб, дурень!?」"
    ],
    "description": [
      "В кустах безопасно… ОЗ регенерируют автоматически"
    ]
  },
  "98": {
    "name": [],
    "subtitle": [
      "\"Как будто сестра рядом со мной...\""
    ],
    "description": [
      "Регенерация ОЗ!"
    ]
  },
  "99": {
    "name": [],
    "subtitle": [
      "\"Мы — хранители!\""
    ],
    "description": [
      "Сила атаки +30"
    ]
  },
  "101": {
    "name": [],
    "subtitle": [
      "\"LOOK INTO MY EVIL EYEZ SEE SOMETHIN' INSIDE!\""
    ],
    "description": [
      "Кратковременно становится невидимым каждые \\v[221] сек.!"
    ]
  },
  "104": {
    "name": [],
    "subtitle": [
      "\"Ты источаешь славу!\""
    ],
    "description": [
      "Все параметры повышены, временная неуязвимость"
    ]
  },
  "105": {
    "name": [],
    "subtitle": [
      "\"Поделись этим благословением\""
    ],
    "description": [
      "удваивает получаемые деньги"
    ]
  },
  "106": {
    "name": [],
    "subtitle": [
      "\"Я... я не могу его поднять...\""
    ],
    "description": [
      "Недостаточно силы, чтобы полноценно использовать оружие!"
    ]
  },
  "107": {
    "name": [],
    "subtitle": [
      "\"Мы — хранители!\""
    ],
    "description": [
      "Скорость движения повышена!"
    ]
  },
  "108": {
    "name": [],
    "subtitle": [
      "\"Мы — хранители!\""
    ],
    "description": [
      "Атака и защита повышены!"
    ]
  },
  "109": {
    "name": [],
    "subtitle": [
      "\"Мы — хранители!\""
    ],
    "description": [
      "Защита повышена!"
    ]
  },
  "110": {
    "name": [],
    "subtitle": [
      "\"Мы — хранители!\""
    ],
    "description": [
      "Макс. ОЗ и защита повышены!"
    ]
  },
  "115": {
    "name": [],
    "subtitle": [
      "\"Сердце бессмертного чучела, но тление — удел\""
    ],
    "description": [
      "Нет восстановления ОЗ!"
    ]
  },
  "116": {
    "name": [],
    "subtitle": [
      "\"Бесконечная жадность настигла тебя—\""
    ],
    "description": [
      "При получении урона теряются имеющиеся деньги!"
    ]
  },
  "117": {
    "name": [],
    "subtitle": [
      "\"Так обретёшь ты славу мира, и вся тьма отступит\""
    ],
    "description": [
      ""
    ]
  },
  "122": {
    "name": [],
    "subtitle": [
      "\"Хе-хе, я выживу, клянусь\""
    ],
    "description": [
      "Навсегда восстанавливает HP автоматически"
    ]
  }
}