{
    "1": {
        "name": [
            "金床"
        ],
        "subtitle": "",
        "description": [
            "本来は鍛冶工房の重い金床だが、なぜか誰かが装備として持ち歩いている",
            "その硬さと重さは確かに武器を鍛えるのに適しているが、",
			"経験のない者には扱いが難しいだろう……"
        ],
        "ability": [
            "装備中、閃歩は突進でなく、金床を出して武器を修復する行動に変わる",
			"魔法武器や黄金品質の武器は修復できない"
        ]
    },			
    "2": {
        "name": [
            "宝石の剣"
        ],
        "subtitle": "",
        "description": [
            "地底で長き眠りについた鉱石は、本来優れた錬金媒介である",
            "短剣形の魔導器は、貴重な鉱石に蓄えられた魔力を強制的に引き出し、",
            "利用できるが、贅沢すぎて錬金術師に用いられることは稀である……"
        ],
        "ability": [
            "攻撃時、ランダムで宝石を消費し、チャージして攻撃を強化する",
			"宝石が貴重であるほど、追加される魔法ダメージが高まる"
        ]
    },		
    "3": {
        "name": [
            "不思議な髪飾り"
        ],
        "subtitle": "",
        "description": [
            "奇妙な飾りがついたヘアアクセサリー",
            "これはウサギ…？それともまんじゅう…？"
        ],
        "ability": [
            ""
        ]
    },
    "4": {
        "name": [
            "逆流者の証"
        ],
        "subtitle": "",
        "description": [
            "いつの間にか手に入れた奇妙な髪飾り",
            "その可愛らしい姿は、ある少女を思い起こさせる",
            "……だが、これは一体誰の記憶なのか？"
        ],
        "ability": []
    },
    "5": {
        "name": [
            "セーフティグローブ"
        ],
        "subtitle": "",
        "description": [
            "絶縁素材で作られた防護手袋で、",
			"元々は労働者が日常的に使う安全装備だった",
            "だが試してみると魔法攻撃に対しても高い耐性を発揮する……"
        ],
        "ability": [
            "装備時、雷撃の影響をほとんど受けない"
        ]
    },
    "6": {
        "name": [
            "不幸の誕生"
        ],
        "subtitle": "",
        "description": [
            "おそらく天上の石に寄生された結果、弱々しい生物に",
            "無限の生命力が注がれ、再生と死を繰り返す中で狂気に陥ったのだろう",
            "たとえ取り外されても、その重い力はなおも作用し続ける……"
        ],
        "ability": [
            "体力上昇。体力回復効果25%強化",
            "装備時に自動回復効果を得る"
        ]
    },
    "7": {
        "name": [
            "呪われた胎児"
        ],
        "subtitle": "",
        "description": [
            "発育に失敗した呪われた胎児。それでもなお、生き続けている",
            "強烈な生存欲と溢れ出る生命力は、持ち主にまで影響を及ぼすほどだ"
        ],
        "ability": [
            "体力上昇。体力回復効果20%強化"
        ]
    },
    "8": {
        "name": [
            "魔晶クラスター"
        ],
        "subtitle": "",
        "description": [
            "大迷宮の影響を受け、形状が変化した特殊な鉱石",
            "結晶の中にはわずかな魔力が宿っており",
            "持ち歩くだけで魔法の理解を深めることができる"
        ],
        "ability": [
            "装備すると、魔法の詠唱速度が上がり、魔法威力の上限が向上する",
			"魔法武器の攻撃に魔法攻撃力の5%が追加ダメージとして付与される"
        ]
    },
    "9": {
        "name": [
            "深淵魔晶クラスター"
        ],
        "subtitle": "",
        "description": [
            "非常に希少で、より濃密な魔力を内包した魔力結晶クラスター",
            "魔力の波動を感じられるため、錬金術師に求められる存在"
        ],
        "ability": [
            "装備すると、魔法の詠唱速度が上がり、魔法威力の上限が向上する",
			"魔法武器の攻撃に魔法攻撃力の10%が追加ダメージとして付与される"
        ]
    },
    "10": {
        "name": [
            "精神凝縮の頭飾り"
        ],
        "subtitle": "",
        "description": [
            "大賢者が若かりし冒険者時代に使用していたとされる頭飾り",
            "素早く精神を集中させる助けとなり、外部からの干渉を防ぐ効果があるという"
        ],
        "ability": [
            "眩暈状態を無効化する",
            "魔法の出力を強化し、魔法の発動規模を拡大する"
        ]
    },
    "11": {
        "name": [
            "魔力吸収の手袋"
        ],
        "subtitle": "",
        "description": [
            "大賢者が若かりし冒険者時代に使用していたとされる手袋",
            "自発的に魔力を集め、装備した武器に魔力の性質を付与する力を持つという"
        ],
        "ability": [
            "装備中のみ、所持武器は魔法武器として扱われる",
			"魔法武器の攻撃に魔法攻撃力の30%が追加ダメージとして付与される"
        ]
    },
    "12": {
        "name": [
            "借りネコの手"
        ],
        "subtitle": [
            "「……にゃお〜？」"
        ],
        "description": [
            "ネコスライムが体内に隠していたネコの手",
            "なぜかネコスライムはこれに強い執着を見せている…",
            "ネコの魂が宿っているのか、装備すると身体がより敏捷に感じられる！"
        ],
        "ability": [
            "攻撃力上昇、攻撃速度上昇"
        ]
    },
    "13": {
        "name": [
            "借りネコの足"
        ],
        "subtitle": [
            "「……にゃお〜？」"
        ],
        "description": [
            "ネコスライムが体内に隠していたネコの足",
            "なぜかネコスライムはこれに強い執着を見せている…",
            "ネコの魂が宿っているのか、装備すると身体がより敏捷に感じられる！"
        ],
        "ability": [
            "攻撃速度上昇、移動速度上昇、閃歩のクールタイム短縮"
        ]
    },
    "14": {
        "name": [
            "芳草心"
        ],
        "subtitle": "",
        "description": [
            "植物の葉や根茎を編み込んで作られた指輪。ほのかに草木の香りが漂う",
            "かつて旅人たちの護符とされ、不屈の生命力と尽きぬ活力の象徴だった"
        ],
        "ability": [
            "最大体力が\\c[29]${QJ.MPMZ.tl.ex_fragrantGrassRingEffectResolve()}\\c[0]上昇する",
            "同じ指輪を複数装備すると、効果がさらに強化される"
        ]
    },
    "15": {
        "name": [
            "ネコぬいぐるみ服"
        ],
        "subtitle": "",
        "description": [
            "ふわふわで可愛いネコのぬいぐるみ服。もこもこでゆったりサイズ",
            "大きなデザインで全身すっぽり包めて、こっそりお宝も隠せちゃう～♪"
        ],
        "ability": [
            "持ち運べる武器数+10",
            "持ち運べる装備数+20"
        ]
    },
    "16": {
        "name": [
            "鋼刺の兜"
        ],
        "subtitle": "",
        "description": [
            "無数の鋭い釘が付いた金属製防具。全体から危険な雰囲気を漂わせる",
            "優れた防御力に加え、近づく敵に自動でダメージを与える能力を持つ"
        ],
        "ability": [
            "自動で近づいてきた敵にダメージを与える"
        ]
    },
    "17": {
        "name": [
            "鋼刺の鎧"
        ],
        "subtitle": "",
        "description": [
            "無数の鋭い釘が付いた金属製防具。全体から危険な雰囲気を漂わせる",
            "優れた防御力に加え、近づく敵に自動でダメージを与える能力を持つ"
        ],
        "ability": [
            "自動で近づいてきた敵にダメージを与える"
        ]
    },
    "18": {
        "name": [
            "鋼刺の篭手"
        ],
        "subtitle": "",
        "description": [
            "無数の鋭い釘が付いた金属製防具。全体から危険な雰囲気を漂わせる",
            "優れた防御力に加え、近づく敵に自動でダメージを与える能力を持つ"
        ],
        "ability": [
            "攻撃時に近づく敵に自動でダメージを与える"
        ]
    },
    "19": {
        "name": [
            "鋼刺の靴"
        ],
        "subtitle": "",
        "description": [
            "無数の鋭い釘が付いた金属製防具。全体から危険な雰囲気を漂わせる",
            "優れた防御力に加え、近づく敵に自動でダメージを与える能力を持つ"
        ],
        "ability": [
            "移動時に近づく敵に自動でダメージを与える"
        ]
    },
    "20": {
        "name": [
            "騎士の兜"
        ],
        "subtitle": "",
        "description": [
            "宮廷騎士の統一装備である防具",
            "華麗で堅固な外殻は、彼らが守る騎士道を象徴している"
        ],
        "ability": [
            "体力が\\c[10]30%\\c[0]以下になると、防御力が上昇する"
        ]
    },
    "21": {
        "name": [
            "騎士の鎧"
        ],
        "subtitle": "",
        "description": [
            "宮廷騎士の統一装備である防具",
            "華麗で堅固な外殻は、彼らが守る騎士道を象徴している"
        ],
        "ability": [
            "体力が\\c[10]30%\\c[0]以下になると、防御力が上昇する"
        ]
    },
    "22": {
        "name": [
            "騎士の篭手"
        ],
        "subtitle": "",
        "description": [
            "宮廷騎士の統一装備である防具",
            "華麗で堅固な外殻は、彼らが守る騎士道を象徴している"
        ],
        "ability": [
            "体力が\\c[10]30%\\c[0]以下になると、攻撃力と防御力が上昇する"
        ]
    },
    "23": {
        "name": [
            "騎士の靴"
        ],
        "subtitle": "",
        "description": [
            "宮廷騎士の統一装備である防具",
            "華麗で堅固な外殻は、彼らが守る騎士道を象徴している"
        ],
        "ability": [
            "体力が\\c[10]30%\\c[0]以下になると、移動速度が上昇する"
        ]
    },
    "24": {
        "name": [
            "ハンター服"
        ],
        "subtitle": "",
        "description": [
            "厚い獣皮と丈夫な麻布で縫い上げられた、元は森の狩人たちの日常装備",
            "防御力は限られるが、軽く動きやすく、森を素早く駆け抜けられる"
        ],
        "ability": [
            "草地の上に立ち止まっている間、ゆっくりと体力が回復する"
        ]
    },
    "25": {
        "name": [
            "ハンターのベルト"
        ],
        "subtitle": "",
        "description": [
            "厚手の革で仕立てられ、堅牢な留め具やポーチが付いている",
            "かつて森の狩人が旅立つ際に欠かせなかった装備で、",
			"長旅でも軽快で負担にならない"
        ],
        "ability": [
		    "最大体力+20、移動速度上昇",
            "携帯できる武器数+5、携帯できる装備数+5"
        ]
    },
    "26": {
        "name": [
            "火の鳥の羽根"
        ],
        "subtitle": "",
        "description": [
            "永遠を象徴する火の鳥の羽、温かな炎を燃やしている。",
			"たった一枚の羽にも、死者を蘇らせる生命力が宿っている。"
		],
        "ability": [
            "体力がゼロになった時に自動で発動し、体力を完全に回復させる",
			"効果が発動した後、このアイテムは破壊される"
		]
    },
    "27": {
        "name": [
            "トイレットペーパー"
        ],
        "subtitle": "",
        "description": [
            "家から持ってきたトイレットペーパー",
            "危険なダンジョンで急にトイレに行きたくなった冒険者には",
            "非常に役立つ道具かもしれない……"
        ],
        "ability": [
            "自身が受ける出血ダメージが\\c[10]30%\\c[0]減少する"
        ]
    },
    "29": {
        "name": [
            "生意気なジャッキー"
        ],
        "subtitle": [
            "「コイツは悲鳴を求めている…」"
        ],
        "description": [
            "悪名高き殺人鬼が愛用した凶器の一つ。今もなお、不気味に蠢いている"
        ],
        "ability": [
            "体力が低い敵ほど与えるダメージが増加",
            "最大で追加\\c[10]30%\\c[0]のダメージを付与"
        ]
    },
    "30": {
        "name": [
            "ハンターの短刀"
        ],
        "subtitle": [
            "「銃口は命を奪い、短刀は恵みを分かつ」"
        ],
        "description": [
            "小さく鋭い短刀で、ブーツに隠しても邪魔にならない",
			"狩人の目から見れば、必ず獲物から最後の恵みを引き出してくれる"
        ],
        "ability": [
            "肉類のドロップを得やすくなる"
        ]
    },
    "31": {
        "name": [
            "夜霧の幻影"
        ],
        "subtitle": [
            "「コイツは消失を望んでいる…」"
		],
        "description": [
            "悪名高き殺人鬼が使った凶器の一つ。己の気配を隠し潜む"
        ],
        "ability": [
            "数秒ごとに不可視状態へと移行する",
			"不可視状態中に暗殺を行うとダメージが2倍になる"
        ]
    },
    "32": {
        "name": [
            "ネコグローブ"
        ],
        "subtitle": [
            "「きゃっ————!!かかってこないでにゃ！」"
        ],
        "description": [
            "柔らかい肉球付きの猫の手グローブ。とある猫娘の愛用武装",
            "装着するとネコ科のように素早くなり、つい魚が食べたくなるらしい…"
        ],
        "ability": [
            "攻撃速度上昇、攻撃回数+1",
            "追加攻撃の特殊効果発動率は半減する"
        ]
    },
    "33": {
        "name": [
            "リンゴヘルメット"
        ],
        "subtitle": "",
        "description": [
            "リンゴでできたヘルメットなので、防御力は期待できません",
            "でも、リンゴは美味しいよ…"
        ],
        "ability": [
            "ダメージを受けた時、回復する可能性があります"
        ]
    },
    "34": {
        "name": [
            "鋭刃の指輪"
        ],
        "subtitle": "",
        "description": [
            "ある冒険者が素手で戦うのを恐れ、指輪に剣を埋め込んだと言われている",
            "小さすぎて武器にはならないが、気迫は大きく増した"
        ],
        "ability": [
            "物理攻撃力が15%上昇する"
        ]
    },
    "35": {
        "name": [
            "脇差"
        ],
        "subtitle": "",
        "description": [
            "精緻な工芸が施された短刀で、異国の武士が佩刀として携えることが多い",
            "刃は短いながらも肉を裂き、敵に止血を許さない"
        ],
        "ability": [
            "近接武器の通常攻撃回数+1",
			"追加攻撃には出血状態を付与する可能性がある"
        ]
    },
    "36": {
        "name": [
            "招き猫"
        ],
        "subtitle": "",
        "description": [
            "欲深い招き猫の従者、いつも満足しない表情をしている",
            "価値があるかどうかに関わらず、落とし物を積極的に集める"
        ],
        "ability": [
            "招き猫は落ちているアイテムをすべて自動で回収してくれる",
            "複数装備しても回収範囲が広がるだけ"
        ]
    },
    "37": {
        "name": [
            "ブタの貯金箱"
        ],
        "subtitle": "",
        "description": [
            "かわいらしい貯金箱の従者で、拾った金を体内に蓄える",
            "満タンになると何か起こるかもしれないが、今は割れやすい貯金箱"
        ],
        "ability": [
            "嬉しそうにお金を集める。入金済み：\\c[6]${$gameSelfVariables.value([1, 110, 'deposit'])}\\c[0]円！",
            "攻撃を受けると割れやすく、貯めたお金を全て失う"
        ]
    },
    "38": {
        "name": [
            "強欲の貯金箱"
        ],
        "subtitle": "",
        "description": [
            "財宝を詰め込み、夢を叶えたブタの貯金箱",
            "しかし、黄金に満たされてもその欲望は尽きることがない"
        ],
        "ability": [
            "マモンの収奪のオーラを放ち続ける。入金済み：\\c[6]${$gameSelfVariables.value([1, 110, 'deposit'])}\\c[0]円！",
            "貪欲に金を集め続ける。10秒ごとに総額に応じた利息を吐き出す"
        ]
    },
    "39": {
        "name": [
            "緑の甲羅"
        ],
        "subtitle": "",
        "description": [
            "硬くて重たい亀の甲羅",
            "陸で背負えば足が全く前に出せなくなる……！"
        ],
        "ability": [
            "移動速度が低下するが、水中では泳ぐ速度が上がる"
        ]
    },
    "40": {
        "name": [
            "メイド服"
        ],
        "subtitle": "",
        "description": [
            "いたずら好きなウサ耳娘を叱った後に得た戦利品",
            "泥とニンジンの匂いが染みついている"
        ],
        "ability": [
            "装備すると魔物に擬態するが、攻撃はできない",
            "装備するとメイドバニーと友好関係になる"
        ]
    },
    "41": {
        "name": [
            "モエモエバニーイヤー"
        ],
        "subtitle": "",
        "description": [
            "取り外し可能なうさ耳アクセサリー",
            "装備すると、誰もが可愛らしく見えるようになる"
        ],
        "ability": [
            "幸運の加護を得た！アイテムがドロップしやすくなる！"
        ]
    },
    "42": {
        "name": [
            "爆弾魔の魂"
        ],
        "subtitle": [
            "「エクスプローージョン！！」"
        ],
        "description": [
            "爆発のために全てを捧げた狂気の意志",
            "その意志を継ぐ者も、より激しい爆発を求めるのだろう…"
        ],
        "ability": [
            "攻撃時または被弾時、低確率で爆発発生",
            "自身が受ける爆発ダメージを50%軽減"
        ]
    },
    "43": {
        "name": [
            "護刃衆の徽章"
        ],
        "subtitle": [
		    "「お前ら冒険者どもは本当に吐き気がする！",
			"殺すことしか考えず、刃の痛みなど気にしたことないんだろう！」"
		],
        "description": [
            "武器保護主義の思想を持つ同志だけが身につけることを許された徽章"
        ],
        "ability": [
            "攻撃力が20%低下し、攻撃力の上限が200まで下がる",
			"すべての武器の耐久消耗を20%軽減する"
        ]
    },
    "44": {
        "name": [
            "◉▽◉"
        ],
        "subtitle": [
		    "「しかしサカバンカメはすでにすべてを見抜いていた――」"
		],
        "description": [
            "伝説の古代種の従者。魚なのに泳げないという不思議な存在",
			"硬い外殻を持ち、必殺技はサイクロンジェット砲！"
        ],
        "ability": [
            "サカバンカメを持ち上げて投げつけ攻撃ができる",
			"水中に落ちると二度と戻れない……"
        ]
    },
    "45": {
        "name": [
            "毒蛇の抱擁"
        ],
        "subtitle": [
            "「俺のナイフはなぁ、たっぷりと毒が塗られた毒の刃だ——（ペロッ」"
        ],
        "description": [
            "触れるだけで毒が広がる魔法の短剣。安全な距離を保つことを推奨"
        ],
        "ability": [
            "自動で周囲を巡回する従者",
            "接触した敵に高確率で中毒状態を付与する"
        ]
    },
    "46": {
        "name": [
            "怒りの拳"
        ],
        "subtitle": "",
        "description": [
            "強力な魔法の拳",
            "何かに怒り続けているのか、決して開かれることはない……"
        ],
        "ability": [
            "自動で周囲を巡回する従者",
            "接触した敵を弾き飛ばす"
        ]
    },
    "47": {
        "name": [
            "ゼリスの呪われた手"
        ],
        "subtitle": "",
        "description": [
            "不死の力を宿した切断された手",
            "体を失ってもなお、やたらと元気で尊大な態度をとる"
        ],
        "ability": [
            "自動で周囲を巡回する従者",
            "中指で指した対象に呪いを付与する"
        ]
    },
    "48": {
        "name": [
            "逆呪縛契約"
        ],
        "subtitle": [
            "「愛するものが死んだ時には、自殺しなきゃあなりません。",
			"愛するものが死んだ時には、それより他に、方法がない。」"
        ],
        "description": [
            "愛する使い魔を救うため、ある錬金術師が結んだ契約――"
        ],
        "ability": [
            "従者とリンクを結び、従者が受けるダメージを自らが肩代わりする",
			"リンクした従者一人ひとりが、術者に体力回復の効果をもたらす"
        ]
    },
    "50": {
        "name": [
            "ポテトチップス"
        ],
        "subtitle": "",
        "description": [
            "まだ熱気と香ばしい香りが漂っているポテトフライ",
            "近づいてくるカモメに注意！"
        ],
        "ability": [
            "チップスを盗むカモメを呼び寄せる"
        ]
    },
    "53": {
        "name": [
            "ハングドマンの骨戒"
        ],
        "subtitle": "",
        "description": [
            "死去したハングドマンの骨で作られた指輪",
            "大部分の力を失っているが、所持者にわずかに重力を軽減する力を与える"
        ],
        "ability": [
            "重力の影響を軽減。落下ダメージを66%軽減"
        ]
    },
    "54": {
        "name": [
            "未満の黄金聖杯"
        ],
        "subtitle": "",
        "description": [
            "まだ満たされぬ聖人の遺物。持つ者に祝福と圧倒的な幸運をもたらす",
            "その源は不明だが、聖杯は静かに「その時」を待っている"
        ],
        "ability": [
            "幸運が大上昇。獲得金額が倍増する"
        ]
    },
    "55": {
        "name": [
            "放火狂のグローブ"
        ],
        "subtitle": [
            "「フン、汚い花火だ。」"
        ],
        "description": [
            "耐火・耐熱性に優れた分厚い手袋。すでに火薬の匂いが染みついている"
        ],
        "ability": [
            "自身が起爆した爆弾の爆発範囲+30%",
            "爆弾が連鎖爆発する可能性がある"
        ]
    },
    "56": {
        "name": [
            "聖少女の慈愛"
        ],
        "subtitle": [
            "「よしよし、いい子いい子…」"
        ],
        "description": [
            "修道女の礼装の一つ。絹のような滑らかさで触り心地は抜群",
            "聖なる光が織り込まれ、着用者は母のような慈愛に包まれる"
        ],
        "ability": [
            "装備で賢者モード強制発動。 \\str[120]の頭を撫でると好感度ボーナスUP"
        ]
    },
    "57": {
        "name": [
            "いちごをとりもどせ!!"
        ],
        "subtitle": [
		    ""
		],
        "description": [
           "苺を失った悲しみと怒りに目覚めたASABAが放つ究極奥義 ",
           "ひとたび狙われれば、避けられぬ怒涛の連撃に呑み込まれる……",
           "しかし悲しみは消えない――宿命の情念に焼かれたあなたもまた",
		   "この禁断の技を受け継ぐ！ "
        ],
        "ability": [
           "正しいコマンド入力で秘奥義を発動。体力が低いほどダメージが増大する"
        ]
    },	
    "59": {
        "name": [
            "紅髄玉のペンダント"
        ],
        "subtitle": [
            ""
        ],
        "description": [
		    "堕落魔術師の貴重な遺物、少量の天上石の結晶から作られたペンダント",
            "微弱だが永続する錬金術の力を秘めている"
        ],
        "ability": [
		    "天上の石の欠片と共鳴し、所持数に応じて魔法攻撃力を強化する",
            "魔法使用時の武器耐久消費を\\c[6]24%\\c[0]軽減する"
        ]
    },
    "60": {
        "name": [
            "堕落魔術師の頭環"
        ],
        "subtitle": "",
        "description": [
            "呪いに手を染めた頭環で、",
            "宿る怨念がしつこく肉体を蝕んでいる"
        ],
        "ability": [
            "魔法攻撃力が100％上昇",
			"体力上限が50％減少"
        ]
    },
    "61": {
        "name": [
            "堕落魔術師のマント"
        ],
        "subtitle": "",
        "description": [
            "呪いに手を染めたマントで、",
            "宿る怨念は報いを求め続けている"
        ],
        "ability": [
            "閃歩で生じる残像がより長く残る",
			"残像に触れたユニットは停止状態になる"
        ]
    },
    "62": {
        "name": [
            "堕落魔術師の手袋"
        ],
        "subtitle": "",
        "description": [
            "呪いに手を染めた手袋で",
            "宿る怨念は強い攻撃の欲望を持っている"
        ],
        "ability": [
            "飛び道具が近くの敵を追尾する力を持つ"
        ]
    },
    "63": {
        "name": [
            "堕落魔術師の軽靴"
        ],
        "subtitle": "",
        "description": [
            "呪いに手を染めた靴で",
            "宿る怨念は人を鬼のように軽やかにさせる力を持っている"
        ],
        "ability": [
            "移動速度が上昇し、閃歩使用時に虚無状態になる"
        ]
    },
    "65": {
        "name": [
            "気合のハチマキ"
        ],
        "subtitle": [
            "「俺を誰だと思ってやがる——！」"
        ],
        "description": [
            "巻くだけで熱血が湧き上がるハチマキ",
            "実際の効果はないが、その強い精神力は無敵だ"
        ],
        "ability": [
            "体質強化、状態異常の発生率を低下、小確率で致命傷を無効化"
        ]
    },
    "67": {
        "name": [
            "武闘家のリスト"
        ],
        "subtitle": "",
        "description": [
            "武術家が格闘の鍛錬時に欠かせない包帯付きの護腕",
            "関節を守りつつ、動きの精度も向上させる"
        ],
        "ability": [
            "武器の耐久消費を12%軽減",
            "攻撃速度上昇、素手連撃のダメージ増加"
        ]
    },
    "68": {
        "name": [
            "武闘家の靴"
        ],
        "subtitle": "",
        "description": [
            "武術が極みに達した武闘家が愛用する靴",
            "強大な気を感じ取ることができる"
        ],
        "ability": [
            "移動速度が上昇。閃歩スキルの効果を強化"
        ]
    },
    "69": {
        "name": [
            "破顔グローブ"
		],
		"subtitle": [
		    "「くそっ…誰かの顔をぶん殴りたくなる…！」"
		],
        "description": [
            "ある拳王が遺したグローブ。",
			"そこには今もなお驚異的な拳の気迫が宿っている。"
		],
        "ability": [
            "装備中は武器を使用できなくなる",
			"素手で攻撃時、低確率で対象の体力値に応じた追加ダメージを与える"
		]	
    },
    "70": {
        "name": [
            "かかしの心"
        ],
        "subtitle": "",
        "description": [
            "かかしの空っぽな身体。そこには温もりも鼓動もなく",
            "ただ静寂が広がる――だが、お前の代わりに生き延びることができる"
        ],
        "ability": [
            "装備中はあらゆる体力回復が無効になる",
            "体力がゼロになっても即座に倒れず、しばらくの間行動を続けられる"
        ]
    },
    "73": {
        "name": [
            "溶岩の指輪"
        ],
        "subtitle": "",
        "description": [
            "灼熱の溶岩が流れる岩塊から鍛え上げられた指輪",
            "装備すると、氷と灼熱の苦しみを和らげてくれる"
        ],
        "ability": [
            "氷結の状態異常発生率を大幅に軽減",
            "炎上の状態異常発生率を軽減"
        ]
    },
    "74": {
        "name": [
            "火サンショウウオの書"
        ],
        "subtitle": [
		    "「そう、やつらは唐辛子が好きなんだ。」"
		],
        "description": [
            "表紙に火サンショウウオの鱗が埋め込まれた魔導書",
            "中には火山に潜む火サンショウウオの生態が記されている",
			"一見すると百科事典のようだが、読むことで火の元素理解が深まる"
        ],
        "ability": [
            "火属性魔法の威力と形態を強化する"
        ]
    },
    "80": {
        "name": [
            "王権征令"
        ],
        "subtitle": "",
        "description": [
            "至高なる王者の栄光を象徴する指輪",
            "その輝きは、従者たちの士気を大いに高める！"
        ],
        "ability": [
            "全属性をわずかに強化",
            "全ての従者のサイズを拡大し、対応する特殊能力を強化"
        ]
    },
    "100": {
        "name": [
            "初号機枢"
        ],
        "subtitle": "",
        "description": [
            "現代文明をはるかに凌駕する精密さを誇る機械コアで、",
			"表面には未知のエネルギーが脈打つ回路が輝いている",
            "大部分の部品を失っても、なお驚異的な演算力と感知能力を発揮する"
        ],
        "ability": [
            "装備中、周囲に対して範囲探知を行える",
            "コアのレベルが上がるにつれ、探知できる対象の種類も増えていく"
        ]
    },
    "125": {
        "name": [
            "あつあつ坊主"
        ],
        "subtitle": "",
        "description": [
            "誰かが祈りを込めて作った布製の人形",
            "祈りの願いを受け継ぎ、規則的な天候に小さな変化をもたらす",
            "ただし、その時には人形はそっと姿を消している…"
        ],
        "ability": [
            "装備時、翌日は必ず猛暑の天気になる"
        ]
    },
    "126": {
        "name": [
            "てるてる坊主"
        ],
        "subtitle": "",
        "description": [
            "誰かが祈りを込めて作った布製の人形",
            "祈りの願いを受け継ぎ、規則的な天候に小さな変化をもたらす",
            "ただし、その時には人形はそっと姿を消している…"
        ],
        "ability": [
            "装備時、翌日は必ず晴れの天気になる"
        ]
    },
    "127": {
        "name": [
            "くもくも坊主"
        ],
        "subtitle": "",
        "description": [
            "誰かが祈りを込めて作った布製の人形",
            "祈りの願いを受け継ぎ、規則的な天候に小さな変化をもたらす",
            "ただし、その時には人形はそっと姿を消している…"
        ],
        "ability": [
            "装備時、翌日は必ず曇りの天気になる"
        ]
    },
    "128": {
        "name": [
            "あめあめ坊主"
        ],
        "subtitle": "",
        "description": [
            "誰かが祈りを込めて作った布製の人形",
            "祈りの願いを受け継ぎ、規則的な天候に小さな変化をもたらす",
            "ただし、その時には人形はそっと姿を消している…"
        ],
        "ability": [
            "装備時、翌日は必ず雨の天気になる"
        ]
    },
    "129": {
        "name": [
            "少女の笑顔"
        ],
        "subtitle": [
            "「\\str[121]ちゃんと約束を守ったね~」"
        ],
        "description": [
            "ずっと\\str[121]に憧れ、心配していた\\str[120]が見せた満足の笑顔",
            "\\str[121]にとって、それは努力を続けるための十分な原動力になる"
        ],
        "ability": [
            "性欲上昇、全属性上昇"
        ]
    },
    "130": {
        "name": [
            "\\str[120]の脱いだパンツ"
        ],
        "subtitle": [
            "「上にはまだ\\str[120]のかすかな体の香りが残っている……」"
        ],
        "description": [
            "ひどい誤解で\\str[120]からもらったパンツ。ずっと返す機会がなかったけど",
            "実は内心でこのことを喜んでいるのかもしれない…"
        ],
        "ability": [
            "\\str[120]からの励ましを受ける。体力が50%以下の時、自動回復効果を得る"
        ]
    },
    "131": {
        "name": [
            "ウサギのぬいぐるみ"
        ],
        "subtitle": [
            "「うぅええええ〜！壊さないでよ〜〜！」"
        ],
        "description": [
            "\\str[120]がどこへ行くにも抱きしめているウサギのぬいぐるみで、",
			"彼女の気配がいっぱいに染みついている",
			"そういえば…なんでこれが俺の手元にあるんだ？"
        ],
        "ability": [
            ""
        ]
    },
    "147": {
        "name": [
            "创可贴"
        ],
        "subtitle": "",
        "description": [
            ""
        ],
        "ability": []
    },
    "150": {
        "name": [
            "特典Tシャツ"
        ],
        "subtitle": "",
        "description": [
            "騎士から贈られた特製の服で、ゲームの宣伝用らしい",
            "でも、正直言って自分では着たくないんだ..."
        ],
        "ability": []
    },
    "152": {
        "name": [
            "\\str[120]のキャミ"
        ],
        "subtitle": "",
        "description": [
            "\\str[120]が普段着ているキャミ、そこには\\str[120]の好きなリボンのデザインが付いている",
            "そういえば…なんでこれが俺の手元にあるんだ？"
        ],
        "ability": []
    },
    "153": {
        "name": [
            "\\str[120]の短パン"
        ],
        "subtitle": "",
        "description": [
            "\\str[120]が普段着ている短パン、そこには\\str[120]の好きなリボンのデザインが付いている",
            "そういえば…なんでこれが俺の手元にあるんだ？"
        ],
        "ability": []
    },
    "154": {
        "name": [
            "ブルー縞パン"
        ],
        "subtitle": "",
        "description": [
            ""		
        ],
        "ability": []
    },
    "155": {
        "name": [
            "ピンク縞パン"
        ],
        "subtitle": "",
        "description": [
            ""
        ],
        "ability": []
    },
    "156": {
        "name": [
            "白い紐パン"
        ],
        "subtitle": "",
        "description": [
            ""
        ],
        "ability": []
    },
    "157": {
        "name": [
            "絆創膏"
        ],
        "subtitle": "",
        "description": [
            ""
        ],
        "ability": []
    },
    "159": {
        "name": [
            "  ノーパン…"
        ],
        "subtitle": "",
        "description": [
            ""
        ],
        "ability": []
    },
    "296": {
        "name": [
            "ルイカの万宝槌"
        ],
        "subtitle": [
            "「メイド長ルイカは、言うこと聞かないウサギをよくこれで叩くらしい」"
        ],
        "description": [
		    "メイドバニー社の秘宝で、彼女たちが市場を支配できた理由とも言われる",
			"この小槌を軽く振るだけで、持ち主の願いに応えてくれるという——",
			"悪い奴に壊された機械を、これで直しているのを冒険者がよく見かける"
        ],
        "ability": [
            "お金とドロップ品が手に入りやすくなる"
        ]
    },
    "297": {
        "name": [
            "ミオの救急箱"
        ],
        "subtitle": [
            "「ああっ！また穴に落ちちゃった！？」"
        ],
        "description": [
		    "もともとは管理者が体力回復の仕組みを調整するためのツール",
			"だったが、うっかり削除し忘れて残ってしまったらしい。",
			"……とはいえ、即死ギミックの前ではこれも無力。"
        ],
        "ability": [
            "装備中、毎秒体力が100%回復する"
        ]
    },
    "298": {
        "name": [
            "シロインの黄金指"
        ],
        "subtitle": [
            "「これ、ゲーム壊すやつだって知ってる？」",
			"「知ってる。」",
			"「それでも装備するの？」",
			"「もちろん。」"
        ],
        "description": [
		    "触れたものを黄金に変える神器。護刃衆が夢にまで見た究極の到達点"
        ],
        "ability": [
            "武器が攻撃によって損傷しなくなる"
        ]
    },
    "299": {
        "name": [
            "絶対領域"
        ],
        "subtitle": [
            ""
        ],
        "description": [
            "少女のスカートの下、ミニスカートとニーハイソックスの間に広がる、",
			"決して侵してはならない神聖な領域。高い対魔力を秘め、",
            "内部から自在に物を取り出す不条理な力を持つ"
        ],
        "ability": [
            "持ち運べる武器数+99",
            "持ち運べる装備数+99"
        ]
    },
    "300": {
        "name": [
            "カタリスト・アマトリア"
        ],
        "subtitle": [
            "「私に愛をちょうだい——！じゃなきゃ一緒に死んじゃおうね～～！」"
        ],
        "description": [
            "あるヤンデレ大悪魔が作り出した宝具",
            "触れた相手を意志に関係なく強制的に恋に落とさせる力を持つ"
        ],
        "ability": [
            "\\str[120]を愛撫した時のステータス上昇量を大幅強化する"
        ]
    }
}