{
  "1": {
    "name": [
      "모루"
    ],
    "subtitle": "",
    "description": [
      "대장장이 작업장에서 어떻게든 가져온 무거운 모루 ",
      "장비로 사용할수 있습니다. 경도와 무게로 인해 다음과 같은 용도로 완벽합니다.",
      "무기를 날카롭게 하는 것은 경험이 부족한 사람에게는 어려울 수 있습니다...."
    ],
    "ability": [
      "무기를 수리하기 위해 모루를 꺼내다",
      "마법 무기나 황금 품질의 무기는 수리할 수 없습니다"
    ]
  },
  "2": {
    "name": [
      "보석이 박힌 단검"
    ],
    "subtitle": "",
    "description": [
      "지하에 잠복해 있는 광물은 좋은 연금술 매체입니다",
      "이 단검 모양의 매직테크 장치는 소중한 힘을 전달합니다 ",
      "값비싼 사용으로 인해 대부분의 연금술사들은 이를 포기했습니다…"
    ],
    "ability": [
      "공격 시 보석을 무작위로 소모하여 피해를 충전하고 강화합니다",
      "보석이 더 값비쌀수록 마법 피해가 더 커집니다"
    ]
  },
  "3": {
    "name": [
      "신기한 머리 장식"
    ],
    "subtitle": "",
    "description": [
      "기묘한 장식이 달린 헤어 액세서리",
      "이건 토끼… 아니면 만두…?"
    ],
    "ability": [
      ""
    ]
  },
  "4": {
    "name": [
      "역류자의 증거"
    ],
    "subtitle": "",
    "description": [
      "어느새 손에 넣은 기묘한 머리 장식",
      "그 귀여운 모습은, 어떤 소녀를 떠올리게 한다",
      "……하지만, 이건 대체 누구의 기억이지?"
    ],
    "ability": []
  },
  "5": {
    "name": [
      "목장갑"
    ],
    "subtitle": "",
    "description": [
      "절연 소재로 만든 보호 장갑, ",
      "원래 작업자들이 일상적인 안전 장비로 사용했습니다, ",
      "마법의 공격에 강한 저항력을 제공합니다..."
    ],
    "ability": [
      "장착 시 번개의 저항을 높여줍니다"
    ]
  },
  "6": {
    "name": [
      "불행의 탄생"
    ],
    "subtitle": "",
    "description": [
      "아마도 천상의 돌에 기생당한 결과, 연약한 생물에게",
      "무한한 생명력이 주입되어, 재생과 죽음을 반복하며 광기에 빠진 것이리라",
      "비록 제거되어도, 그 무거운 힘은 여전히 작용한다……"
    ],
    "ability": [
      "체력 상승. 체력 회복 효과 25% 강화",
      "장비 시 자동 회복 효과를 얻음"
    ]
  },
  "7": {
    "name": [
      "저주받은 태아"
    ],
    "subtitle": "",
    "description": [
      "발육에 실패한 저주받은 태아. 그럼에도 불구하고, 계속 살아있다",
      " ",
      " "
    ],
    "ability": [
      "체력 상승. 체력 회복 효과 20% 강화"
    ]
  },
  "8": {
    "name": [
      "마정 클러스터"
    ],
    "subtitle": "",
    "description": [
      "대미궁의 영향을 받아 형상이 변화한 특수한 광석",
      "결정 안에는 미약한 마력이 깃들어 있어",
      " "
    ],
    "ability": [
      "장비하면 마법 시전 속도가 빨라지고, 마법 위력의 상한이 향상된다",
      "마법 무기의 공격은 추가로 5%의 마법 피해를 입힙니다"
    ]
  },
  "9": {
    "name": [
      "심연 마정 클러스터"
    ],
    "subtitle": "",
    "description": [
      "매우 희귀하고, 더욱 농밀한 마력을 내포한 마력 결정 클러스터",
      "마력의 파동을 느낄 수 있어, 연금술사에게 필요한 존재"
    ],
    "ability": [
      "장비하면 마법 시전 속도가 빨라지고, 마법 위력의 상한이 향상된다",
      "마법 무기의 공격은 추가로 10%의 마법 피해를 입힙니다"
    ]
  },
  "10": {
    "name": [
      "정신 응축의 머리 장식"
    ],
    "subtitle": "",
    "description": [
      "대현자가 젊은 모험가 시절에 사용했다고 전해지는 머리 장식",
      "빠르게 정신을 집중시키는 데 도움을 주며, 외부 간섭을 막는 효과가 있다고 한다"
    ],
    "ability": [
      "현기증 상태를 무효화한다",
      "마법 출력을 강화하고, 마법 발동 규모를 확대한다"
    ]
  },
  "11": {
    "name": [
      "마력 흡수의 장갑"
    ],
    "subtitle": "",
    "description": [
      "대현자가 젊은 모험가 시절에 사용했다고 전해지는 장갑",
      "자발적으로 마력을 모아, 장비한 무기에 마력의 성질을 부여하는 힘을 지녔다고 한다",
      " "
    ],
    "ability": [
      "무기 공격에 마법 피해가 부여된다",
      "마법 무기의 공격으로 마법 피해 30% 추가"
    ]
  },
  "12": {
    "name": [
      "고양이 손"
    ],
    "subtitle": [
      "「…야옹~?」"
    ],
    "description": [
      "고양이 슬라임이 몸 안에 숨겨둔 고양이 손",
      "왠지 고양이 슬라임은 이것에 강한 집착을 보인다…",
      "고양이의 혼이 깃들어 있는지, 장비하면 몸이 더 민첩하게 느껴진다!"
    ],
    "ability": [
      "공격력 상승, 공격 속도 상승"
    ]
  },
  "13": {
    "name": [
      "고양이 발"
    ],
    "subtitle": [
      "「…야옹~?」"
    ],
    "description": [
      "고양이 슬라임이 몸 안에 숨겨둔 고양이 발",
      "왠지 고양이 슬라임은 이것에 강한 집착을 보인다…",
      "고양이의 혼이 깃들어 있는지, 장비하면 몸이 더 민첩하게 느껴진다!"
    ],
    "ability": [
      "공격 속도 상승, 이동 속도 상승, 섬보의 쿨타임 단축"
    ]
  },
  "14": {
    "name": [
      "풀 반지"
    ],
    "subtitle": "",
    "description": [
      "식물의 잎과 뿌리줄기를 엮어 만든 반지. 은은하게 풀 향기가 풍긴다",
      "옛날 여행자들의 부적이었으며, 불굴의 생명력과 마르지 않는 활력의 상징이었다"
    ],
    "ability": [
      "최대 체력이 \\c[29]${$gameActors.actor(1).skillMasteryLevel(35)>0?(($gameActors.actor(1).skillMasteryLevel(35)*($gameActors.actor(1).skillMasteryLevel(35) + 1)/2)*15)/$gameActors.actor(1).skillMasteryLevel(35):15}\\c[0] 상승한다",
      "같은 반지를 여러 개 장비하면 효과가 더욱 강화된다"
    ]
  },
  "15": {
    "name": [
      "고양이 인형 옷"
    ],
    "subtitle": "",
    "description": [
      "푹신푹신하고 귀여운 고양이 인형 옷. 포근하고 넉넉한 사이즈",
      "큰 디자인으로 전신을 폭 감쌀 수 있고, 몰래 보물도 숨길 수 있어~♪"
    ],
    "ability": [
      "휴대할 수 있는 무기 수 +10",
      "휴대할 수 있는 장비 수 +20"
    ]
  },
  "16": {
    "name": [
      "강철 가시 투구"
    ],
    "subtitle": "",
    "description": [
      "수많은 날카로운 못이 박힌 금속제 방어구. 전체에서 위험한 분위기를 풍긴다",
      "뛰어난 방어력 외에, 다가오는 적에게 자동으로 피해를 주는 능력을 지녔다"
    ],
    "ability": [
      "자동으로 다가온 적에게 피해를 준다"
    ]
  },
  "17": {
    "name": [
      "강철 가시 갑옷"
    ],
    "subtitle": "",
    "description": [
      "수많은 날카로운 못이 박힌 금속제 방어구. 전체에서 위험한 분위기를 풍긴다",
      "뛰어난 방어력 외에, 다가오는 적에게 자동으로 피해를 주는 능력을 지녔다"
    ],
    "ability": [
      "자동으로 다가온 적에게 피해를 준다"
    ]
  },
  "18": {
    "name": [
      "강철 가시 건틀릿"
    ],
    "subtitle": "",
    "description": [
      "수많은 날카로운 못이 박힌 금속제 방어구. 전체에서 위험한 분위기를 풍긴다",
      "뛰어난 방어력 외에, 다가오는 적에게 자동으로 피해를 주는 능력을 지녔다"
    ],
    "ability": [
      "공격 시 다가오는 적에게 자동으로 피해를 준다"
    ]
  },
  "19": {
    "name": [
      "강철 가시 신발"
    ],
    "subtitle": "",
    "description": [
      "수많은 날카로운 못이 박힌 금속제 방어구. 전체에서 위험한 분위기를 풍긴다",
      "뛰어난 방어력 외에, 다가오는 적에게 자동으로 피해를 주는 능력을 지녔다"
    ],
    "ability": [
      "이동 시 다가오는 적에게 자동으로 피해를 준다"
    ]
  },
  "20": {
    "name": [
      "기사의 투구"
    ],
    "subtitle": "",
    "description": [
      "궁정 기사의 통일 장비인 방어구",
      "화려하고 견고한 외피는 그들이 지키는 기사도를 상징한다"
    ],
    "ability": [
      "체력이 \\c[10]30%\\c[0] 이하가 되면 방어력이 상승한다"
    ]
  },
  "21": {
    "name": [
      "기사의 갑옷"
    ],
    "subtitle": "",
    "description": [
      "궁정 기사의 통일 장비인 방어구",
      "화려하고 견고한 외피는 그들이 지키는 기사도를 상징한다"
    ],
    "ability": [
      "체력이 \\c[10]30%\\c[0] 이하가 되면 방어력이 상승한다"
    ]
  },
  "22": {
    "name": [
      "기사의 건틀릿"
    ],
    "subtitle": "",
    "description": [
      "궁정 기사의 통일 장비인 방어구",
      "화려하고 견고한 외피는 그들이 지키는 기사도를 상징한다"
    ],
    "ability": [
      "체력이 \\c[10]30%\\c[0] 이하가 되면 공격력과 방어력이 상승한다"
    ]
  },
  "23": {
    "name": [
      "기사의 신발"
    ],
    "subtitle": "",
    "description": [
      "궁정 기사의 통일 장비인 방어구",
      "화려하고 견고한 외피는 그들이 지키는 기사도를 상징한다"
    ],
    "ability": [
      "체력이 \\c[10]30%\\c[0] 이하가 되면 이동 속도가 상승한다"
    ]
  },
  "24": {
    "name": [
      "사냥꾼의 복장"
    ],
    "subtitle": "",
    "description": [
      "두꺼운 가죽과 튼튼한 리넨으로 꿰매어졌으며 한때 일상복이었습니다. ",
      "숲 사냥꾼의 장비입니다. 방어력은 제한적이지만 가볍고 ",
      "유연하여 착용자가 숲 속에서 빠르게 움직일 수 있습니다."
    ],
    "ability": [
      "풀이 무성한 지형에 서 있을 때 HP가 천천히 재생됩니다"
    ]
  },
  "25": {
    "name": [
      "밀림 마녀의 마법 모자"
    ],
    "subtitle": "",
    "description": [
      "밀림의 마녀가 자주 쓰는 뾰족한 모자에는 강력한 마력이 깃들어 있으며",
      "희미하게 풍기는 이향을 감지할 수 있다…",
      "긴 트레킹 중에도 가볍고 부담스럽지 않게 유지됩니다"
    ],
    "ability": [
      "마법 공격력이 8% 증가, 받는 마법 피해가 8% 감소",
      "무기 +5, 장비 +5의 추가 휴대 능력"
    ]
  },
  "26": {
    "name": [
      "불새의 깃털"
    ],
    "subtitle": [
      ""
    ],
    "description": [
      "영원을 상징하는 불새의 깃털, 따뜻한 불꽃을 태우고 있다.",
      "단 하나의 깃털에도 죽은 자를 되살리는 생명력이 깃들어 있다.",
      " "
    ],
    "ability": [
      "체력이 0이 되었을 때 자동으로 발동하여, 체력을 완전히 회복시킨다",
      "효과 발동 후, 이 아이템은 파괴된다"
    ]
  },
  "27": {
    "name": [
      "두루마리 휴지"
    ],
    "subtitle": "",
    "description": [
      "집에서 가져온 두루마리 휴지",
      "위험한 던전에서 갑자기 화장실에 가고 싶어진 모험가에게는",
      "매우 유용한 도구일지도 모른다……"
    ],
    "ability": [
      "자신이 받는 출혈 피해가 \\c[10]30%\\c[0] 감소한다"
    ]
  },
  "29": {
    "name": [
      "건방진 재키"
    ],
    "subtitle": [
      "「이 녀석은 비명을 원한다…」"
    ],
    "description": [
      "악명 높은 살인마가 아끼던 흉기 중 하나. 지금도 여전히 섬뜩하게 꿈틀거린다",
      "아직도 기대감에 떨고 있다"
    ],
    "ability": [
      "체력이 낮은 적에게 줄 수 있는 피해가 증가한다",
      "최대 추가 \\c[10]30%\\c[0]의 피해를 부여한다"
    ]
  },
  "30": {
    "name": [
      "사냥꾼의 단검"
    ],
    "subtitle": [
      "\"총구에서 죽음, 칼날에서 행운을 빕니다\""
    ],
    "description": [
      "부츠에 쉽게 들어갈 수 있는 은밀하고 날카로운 단검",
      "사냥꾼에게는 항상 먹잇감의 마지막 제물을 끌어냅니다"
    ],
    "ability": [
      "고기의 드랍 확률을 높입니다"
    ]
  },
  "31": {
    "name": [
      "에테르 망토"
    ],
    "subtitle": [
      "「이거… 뭔가 몰래 노출되는 분위기인데…」"
    ],
    "description": [
      "눈에 보이지 않는 이상한 천으로 짜인 방어구",
      "접촉한 것을 없애버리는 이능을 숨기고 있다"
    ],
    "ability": [
      "몇 초마다 자신에게 유명을 부여한다",
      "투명 상태에서 암살하면 피해가 두 배로 늘어납니다."
    ]
  },
  "32": {
    "name": [
      "고양이 장갑"
    ],
    "subtitle": [
      "「꺄아————!! 덤비지 마냥!」"
    ],
    "description": [
      "부드러운 고기젤리가 달린 고양이 손 장갑. 어떤 고양이 소녀의 애용 무장",
      "장착하면 고양이과처럼 민첩해지며, 왠지 생선이 먹고 싶어진다고 한다…",
      "장착하면 고양이처럼 민첩하게 물고기에 대한 갈망이 생깁니다…"
    ],
    "ability": [
      "공격 속도 상승, 공격 횟수 +1",
      "추가 공격의 특수 효과 발동률은 반감된다"
    ]
  },
  "33": {
    "name": [
      "사과 헬멧"
    ],
    "subtitle": "",
    "description": [
      "사과로 만든 헬멧이라 방어력은 기대할 수 없다",
      "하지만, 사과는 맛있다…"
    ],
    "ability": [
      "피해를 입었을 때, 회복할 가능성이 있다"
    ]
  },
  "34": {
    "name": [
      "샤프 블레이드 링"
    ],
    "subtitle": "",
    "description": [
      "전설에 따르면 맨손으로 싸우는 것을 너무 두려워하는 모험가가 있습니다, ",
      "반지에 검을 삽입했습니다. 너무 작아서 사용할 수 없습니다, ",
      "하지만 확실히 존재감을 높여줍니다"
    ],
    "ability": [
      "물리 공격력 +15%"
    ]
  },
  "35": {
    "name": [
      "와카자시"
    ],
    "subtitle": "",
    "description": [
      "외국 사무라이들이 자주 들고 다니는 정교하게 만들어진 짧은 칼날 ",
      "사이드암으로. 짧지만 가장자리가 살을 크게 찢을 수 있습니다,",
      "쉽게 피가 멈추지 않는 상처를 남깁니다"
    ],
    "ability": [
      "근접 무기를 사용한 일반 공격 횟수 +1",
      "추가 공격에는 출혈을 일으킬 확률이 있습니다"
    ]
  },
  "36": {
    "name": [
      "마네키네코"
    ],
    "subtitle": "",
    "description": [
      "탐욕스러운 마네키네코 하인, 항상 만족하지 못하는 표정을 짓고 있다",
      "가치 유무와 상관없이, 떨어진 물건을 적극적으로 모은다"
    ],
    "ability": [
      "마네키네코는 떨어진 아이템을 모두 자동으로 회수해준다",
      "여러 개 장비해도 회수 범위만 넓어진다"
    ]
  },
  "37": {
    "name": [
      "돼지 저금통"
    ],
    "subtitle": "",
    "description": [
      "귀여운 저금통 하인으로, 주운 돈을 몸 안에 모은다",
      "가득 차면 뭔가 일어날지도 모르지만, 지금은 깨지기 쉬운 저금통"
    ],
    "ability": [
      "기뻐하며 돈을 모은다. 입금 완료: \\c[6]${$gameSelfVariables.value([1, 110, 'deposit'])}\\c[0]엔!",
      "공격을 받으면 깨지기 쉽고, 모아둔 돈을 모두 잃는다"
    ]
  },
  "38": {
    "name": [
      "탐욕의 저금통"
    ],
    "subtitle": "",
    "description": [
      "재물을 가득 채워 꿈을 이룬 돼지 저금통",
      "하지만, 황금으로 가득 차도 그 욕망은 끝이 없다"
    ],
    "ability": [
      "마몬의 약탈 오라를 계속 방출한다. 입금 완료: \\c[6]${$gameSelfVariables.value([1, 110, 'deposit'])}\\c[0]엔!",
      "탐욕스럽게 돈을 계속 모은다. 10초마다 총액에 따른 이자를 뱉어낸다"
    ]
  },
  "39": {
    "name": [
      "녹색 거북이 껍질"
    ],
    "subtitle": "",
    "description": [
      "튼튼하고 무거운 거북이 껍질",
      "육지에서 휴대하면 이동 속도가 감소 합니다…!"
    ],
    "ability": [
      "이동 속도를 늦추지만 수영 속도를 증가시킵니다"
    ]
  },
  "40": {
    "name": [
      "메이드복"
    ],
    "subtitle": "",
    "description": [
      "장난기 많은 토끼 귀 소녀를 꾸짖은 후에 얻은 전리품",
      "흙과 당근 냄새가 배어 있다"
    ],
    "ability": [
      "장비하면 마물로 의태하지만, 공격은 할 수 없다",
      "장비하면 메이드 바니와 우호 관계가 된다"
    ]
  },
  "41": {
    "name": [
      "모에모에 바니 이어"
    ],
    "subtitle": "",
    "description": [
      "탈착 가능한 토끼 귀 액세서리",
      "장비하면 누구나 귀여워 보인다"
    ],
    "ability": [
      "행운의 가호를 받았다! 아이템 드롭률이 높아진다!"
    ]
  },
  "42": {
    "name": [
      "폭탄마의 영혼"
    ],
    "subtitle": [
      "「익스플로전!!」"
    ],
    "description": [
      "폭발을 위해 모든 것을 바친 광기의 의지",
      "그 의지를 잇는 자도, 더욱 격렬한 폭발을 원할 것이다…"
    ],
    "ability": [
      "공격 시 또는 피격 시, 낮은 확률로 폭발 발생",
      "자신이 받는 폭발 피해를 50% 경감"
    ]
  },
  "43": {
    "name": [
      "블레이드키퍼 배지"
    ],
    "subtitle": [
      "\"모험가들은 나를 아프게 합니다!",
      "칼날을 휘두르며 죽이기만 하고, 그들의 고통은 신경 쓰지 않습니다!\""
    ],
    "description": [
      "무기보존을 믿는 동지들만이 착용하는 배지"
    ],
    "ability": [
      "공격력 -20%, 최대 공격 한도 200%",
      "모든 무기 내구성 손실 20% 감소"
    ]
  },
  "44": {
    "name": [
      "◉▽◉"
    ],
    "subtitle": [
      "\"사카밤바스피스는 이전에 이 모든 것을 본 적이 있습니다.\""
    ],
    "description": [
      "A 전설적인 고대 하인—물고기이지만 헤엄칠 수 없습니다",
      "단단한 피부를 가지고 있으며, 특별한 움직임은 사이클론 제트 캐논입니다!"
    ],
    "ability": [
      "사카방카메 거북이를 들어 올려 공격으로 던질 수 있습니다",
      "물에 빠지면 다시 나올 수 없습니다..."
    ]
  },
  "45": {
    "name": [
      "독사의 포옹"
    ],
    "subtitle": [
      "「내 나이프는 말이야, 독이 잔뜩 발린 독날이다——(핥짝」"
    ],
    "description": [
      "닿는 것만으로 독이 퍼지는 마법 단검. 안전한 거리를 유지하는 것을 권장"
    ],
    "ability": [
      "자동으로 주위를 순회하는 종자",
      "접촉한 적에게 높은 확률로 중독 상태를 부여한다"
    ]
  },
  "46": {
    "name": [
      "분노의 주먹"
    ],
    "subtitle": "",
    "description": [
      "강력한 마법의 주먹",
      "무언가에 계속 화가 나 있는지, 결코 열리지 않는다……"
    ],
    "ability": [
      "자동으로 주위를 순회하는 종자",
      "접촉한 적을 날려버린다"
    ]
  },
  "47": {
    "name": [
      "젤리스의 저주받은 손"
    ],
    "subtitle": "",
    "description": [
      "불사의 힘이 깃든 절단된 손",
      "몸을 잃고도 여전히 비정상적으로 활기차고 오만한 태도를 취한다"
    ],
    "ability": [
      "자동으로 주위를 순회하는 종자",
      "가운데 손가락으로 가리킨 대상에게 저주를 부여한다"
    ]
  },
  "48": {
    "name": [
      "체인 스펠바인딩 계약"
    ],
    "subtitle": [
      "\"사랑하는 사람이 죽으면 스스로 목숨을 끊어야 합니다.",
      "사랑하는 사람이 죽으면 다른 방법은 없습니다.\""
    ],
    "description": [
      "익숙한 사람을 구하기 위해 어떤 연금술사가 이 계약서를 위조했습니다…"
    ],
    "ability": [
      "하인과의 연결—그들이 입는 모든 피해는 당신의 것이 될 것입니다",
      "연결된 각 하인은 치유 효과를 제공합니다"
    ]
  },
  "50": {
    "name": [
      "감자칩"
    ],
    "subtitle": "",
    "description": [
      "아직 온기와 고소한 향이 풍기는 감자튀김",
      "다가오는 갈매기를 조심!"
    ],
    "ability": [
      "칩을 훔치는 갈매기를 불러 모은다"
    ]
  },
  "53": {
    "name": [
      "행드맨의 뼈 반지"
    ],
    "subtitle": "",
    "description": [
      "사망한 행드맨의 뼈로 만들어진 반지",
      "대부분의 힘을 잃었지만, 소지자에게 약간의 중력을 경감하는 힘을 준다",
      "여전히 착용자에게 중력으로부터 약간의 자유를 부여합니다"
    ],
    "ability": [
      "중력의 영향을 경감. 낙하 피해를 50% 경감"
    ]
  },
  "54": {
    "name": [
      "미완의 황금 성배"
    ],
    "subtitle": "",
    "description": [
      "아직 채워지지 않은 성인의 유물. 소유자에게 축복과 압도적인 행운을 가져다준다",
      "그 근원은 불분명하지만, 성배는 조용히 \"그때\"를 기다리고 있다",
      "조용히 완성될 날을 기다리고 있습니다"
    ],
    "ability": [
      "행운이 크게 상승. 획득 금액이 배가 된다"
    ]
  },
  "55": {
    "name": [
      "방화광의 장갑"
    ],
    "subtitle": [
      "「흥, 더러운 불꽃놀이군.」"
    ],
    "description": [
      "내화성, 내열성이 뛰어난 두꺼운 장갑. 이미 화약 냄새가 배어 있다"
    ],
    "ability": [
      "자신이 기폭한 폭탄의 폭발 범위 +30%",
      "폭탄이 연쇄 폭발할 가능성이 있다"
    ]
  },
  "56": {
    "name": [
      "성소녀의 자애"
    ],
    "subtitle": [
      "「착하지 착하지, 잘했어 잘했어…」"
    ],
    "description": [
      "수녀의 예장 중 하나. 비단처럼 부드럽고 촉감이 아주 좋다",
      "성스러운 빛이 짜여 있어, 착용자는 어머니와 같은 자애에 휩싸인다"
    ],
    "ability": [
      "장비 시 현자 모드 강제 발동. 여동생의 머리를 쓰다듬으면 호감도 보너스 UP",
      "쓰다듬을 때 더 많은 친화력을 얻는다 \\str[120]’s head"
    ]
  },
  "57": {
    "name": [
      "이치고와 토리모도세!!"
    ],
    "subtitle": [
      ""
    ],
    "description": [
      "ASABA,는 잃어버린 딸기에 대한 슬픔에 휩싸였다, ",
      "궁극의 기술을 발휘합니다. 일단 타겟팅되면 삼켜집니다",
      "피할 수 없는 콤보의 폭풍으로… 하지만 슬픔은 여전히 ​​남아 있습니다",
      "운명의 감정에 타들어가는 당신도 이 금지된 기술을 물려받았습니다! "
    ],
    "ability": [
      "올바른 명령으로 특수 기술을 발휘하세요 ",
      "HP가 낮을수록 특수기술이 강해집니다"
    ]
  },
  "59": {
    "name": [
      "홍수옥 펜던트"
    ],
    "subtitle": [
      ""
    ],
    "description": [
      "타락한 마법사의 귀중한 유물, 소량의 천상석 결정으로 만든 펜던트",
      "미약하지만 영구적인 연금술의 힘을 지니고 있다",
      " "
    ],
    "ability": [
      "천상의 돌 조각과 공명하여, 소지한 수량에 따라 마법 공격력을 강화한다",
      "마법 사용 시 무기 내구도 소모를 \\c[6]24%\\c[0] 경감한다"
    ]
  },
  "60": {
    "name": [
      "타락한 마법사의 머리띠"
    ],
    "subtitle": "",
    "description": [
      "저주에 물든 머리띠",
      "그 안에 깃든 원념은 악행에 대한 응징을 갈망한다"
    ],
    "ability": [
      "비행하는 도구는 근처 적을 추적하는 힘을 지닌다",
      "Max HP -50%"
    ]
  },
  "61": {
    "name": [
      "타락한 마법사의 망토"
    ],
    "subtitle": "",
    "description": [
      "저주에 물든 망토",
      "그 안에 깃든 원념은 악행에 대한 응징을 갈망한다"
    ],
    "ability": [
      "비행하는 도구는 근처 적을 추적하는 힘을 지닌다",
      "그들이 만지는 물체는 제자리에 고정되어 있습니다"
    ]
  },
  "62": {
    "name": [
      "타락한 마법사의 장갑"
    ],
    "subtitle": "",
    "description": [
      "저주에 물든 장갑으로",
      "깃든 원념은 강렬한 공격 욕구를 가지고 있다"
    ],
    "ability": [
      "투사체가 근처 적을 추적하는 힘을 지닌다"
    ]
  },
  "63": {
    "name": [
      "타락한 마법사의 가벼운 신발"
    ],
    "subtitle": "",
    "description": [
      "저주에 물든 신발로",
      "깃든 원념은 사람을 귀신처럼 가볍게 만드는 힘을 가지고 있다"
    ],
    "ability": [
      "이동 속도가 상승하고, 섬보 사용 시 허무 상태가 된다"
    ]
  },
  "65": {
    "name": [
      "기합 머리띠"
    ],
    "subtitle": [
      "「날 누구라고 생각하는 거야——!」"
    ],
    "description": [
      "매기기만 해도 열혈이 솟아나는 머리띠",
      "실제 효과는 없지만, 그 강한 정신력은 무적이다"
    ],
    "ability": [
      "체질 강화, 상태 이상 발생률 감소, 낮은 확률로 치명상 무효화",
      "낮을 확률로 치명적인 피해를 저항"
    ]
  },
  "67": {
    "name": [
      "무투가의 손목 보호대"
    ],
    "subtitle": "",
    "description": [
      "무술가가 격투 훈련 시 빠질 수 없는 붕대 달린 손목 보호대",
      "관절을 보호하면서 움직임의 정확도도 향상시킨다"
    ],
    "ability": [
      "무기 내구도 소모 12% 경감",
      "공격 속도 상승, 맨손 연격 피해 증가"
    ]
  },
  "68": {
    "name": [
      "무투가의 신발"
    ],
    "subtitle": "",
    "description": [
      "무술이 극에 달한 무투가가 애용하는 신발",
      "강대한 기운을 느낄 수 있다"
    ],
    "ability": [
      "이동 속도 상승. 섬보 스킬 효과 강화"
    ]
  },
  "69": {
    "name": [
      "파안 글러브"
    ],
    "subtitle": [
      "「젠장… 누군가의 얼굴을 한 대 갈기고 싶어지는군…!」"
    ],
    "description": [
      "어떤 권왕이 남긴 글러브.",
      "그 안에는 지금도 경이로운 주먹의 기백이 깃들어 있다."
    ],
    "ability": [
      "장비 중에는 무기를 사용할 수 없게 된다",
      "맨손 공격 시, 낮은 확률로 대상의 체력 값에 따른 추가 피해를 준다"
    ]
  },
  "70": {
    "name": [
      "허수아비의 심장"
    ],
    "subtitle": "",
    "description": [
      "허수아비의 텅 빈 몸. 그곳에는 온기도 고동도 없이",
      "오직 고요함만이 감돈다――하지만, 너를 대신해 살아남을 수 있다"
    ],
    "ability": [
      "장비 중에는 모든 체력 회복이 무효가 된다",
      "체력이 0이 되어도 즉시 쓰러지지 않고, 잠시 동안 행동을 계속할 수 있다"
    ]
  },
  "73": {
    "name": [
      "용암 반지"
    ],
    "subtitle": "",
    "description": [
      "작열하는 용암이 흐르는 암괴에서 단련된 반지",
      "장비하면, 얼음과 작열의 고통을 완화시켜 준다"
    ],
    "ability": [
      "빙결 상태 이상 발생률을 대폭 경감",
      "화상 상태 이상 발생률을 경감"
    ]
  },
  "74": {
    "name": [
      "볼륨 도롱뇽"
    ],
    "subtitle": [
      "\"네, 그들은 고추를 좋아합니다...\""
    ],
    "description": [
      "A 도롱뇽 비늘로 묶인 마법서. 비록",
      "백과사전, 화산에 사는 도롱뇽에 대한 기록 ",
      "불을 연구하면 더 깊은 통찰력을 얻을 수 있습니다."
    ],
    "ability": [
      "화염 속성 마법의 데미지와 형태를 강화합니다"
    ]
  },
  "80": {
    "name": [
      "왕권정령"
    ],
    "subtitle": "",
    "description": [
      "지고한 왕자의 영광을 상징하는 반지",
      "그 빛은, 하인들의 사기를 크게 높인다!"
    ],
    "ability": [
      "모든 속성을 약간 강화",
      "모든 하인의 크기를 확대하고, 해당 특수 능력을 강화"
    ]
  },
  "100": {
    "name": [
      "Unit I Nexus"
    ],
    "subtitle": "",
    "description": [
      "현대 기술보다 훨씬 더 발전된 핵심으로, 그 표면이 빛나고 있다 ",
      "신비한 에너지 회로로. 대부분의 부품이 누락되었음에도 불구하고, ",
      "여전히 놀라운 계산 및 감지 능력을 보여주고 있다"
    ],
    "ability": [
      "장비를 갖추면 영역 감지를 허용합니다",
      "코어의 레벨이 높아질수록 감지된 객체 유형이 증가합니다"
    ]
  },
  "125": {
    "name": [
      "아츠아츠 보우즈"
    ],
    "subtitle": "",
    "description": [
      "누군가 기도를 담아 만든 천 인형",
      "기도의 소원을 이어받아, 규칙적인 날씨에 작은 변화를 가져온다",
      "하지만, 사용하면 인형은 조용히 사라진다…"
    ],
    "ability": [
      "장비 시, 다음 날은 반드시 폭염이 된다"
    ]
  },
  "126": {
    "name": [
      "테루테루 보우즈"
    ],
    "subtitle": "",
    "description": [
      "누군가 기도를 담아 만든 천 인형",
      "기도의 소원을 이어받아, 규칙적인 날씨에 작은 변화를 가져온다",
      "하지만, 사용하면 인형은 조용히 사라진다…"
    ],
    "ability": [
      "장비 시, 다음 날은 반드시 맑은 날씨가 된다"
    ]
  },
  "127": {
    "name": [
      "쿠모쿠모 보우즈"
    ],
    "subtitle": "",
    "description": [
      "누군가 기도를 담아 만든 천 인형",
      "기도의 소원을 이어받아, 규칙적인 날씨에 작은 변화를 가져온다",
      "하지만, 사용하면 인형은 조용히 사라진다…"
    ],
    "ability": [
      "장비 시, 다음 날은 반드시 흐린 날씨가 된다"
    ]
  },
  "128": {
    "name": [
      "아메아메 보우즈"
    ],
    "subtitle": "",
    "description": [
      "누군가 기도를 담아 만든 천 인형",
      "기도의 소원을 이어받아, 규칙적인 날씨에 작은 변화를 가져온다",
      "하지만, 사용하면 인형은 조용히 사라진다…"
    ],
    "ability": [
      "장비 시, 다음 날은 반드시 비 오는 날씨가 된다"
    ]
  },
  "129": {
    "name": [
      "소녀의 미소"
    ],
    "subtitle": [
      "「오빠 약속 잘 지켰네~」"
    ],
    "description": [
      "항상 오빠를 동경하고 걱정했던 여동생이 보여준 만족스러운 미소",
      "오빠에게는, 그것이 노력을 계속할 충분한 원동력이 된다",
      " "
    ],
    "ability": [
      "성욕 상승, 모든 속성 상승"
    ]
  },
  "130": {
    "name": [
      "여동생이 벗어놓은 팬티"
    ],
    "subtitle": [
      "「위에는 아직 여동생의 희미한 체향이 남아있다……」"
    ],
    "description": [
      "심한 오해로 여동생에게서 받은 팬티. 계속 돌려줄 기회가 없었지만",
      "사실 속으로는 이 일을 기뻐하고 있을지도 모른다…"
    ],
    "ability": [
      "여동생의 격려를 받는다. 체력이 50% 이하일 때, 자동 회복 효과를 얻는다"
    ]
  },
  "131": {
    "name": [
      "버니 플러시"
    ],
    "subtitle": [
      "\"우에에에—! 깨지지 마~!\""
    ],
    "description": [
      "항상 가지고 다니는 봉제 토끼 봉제 인형 \\str[120] ",
      "그녀의 팔에는 그녀의 향기가 가득하다",
      "생각해보니 이게 왜 내 손에 있는 거지?"
    ],
    "ability": [
      ""
    ]
  },
  "147": {
    "name": [
      "반창고"
    ],
    "subtitle": "",
    "description": [
      ""
    ],
    "ability": []
  },
  "150": {
    "name": [
      "특전 티셔츠"
    ],
    "subtitle": "",
    "description": [
      "기사에게서 받은 특별한 옷으로, 게임 홍보용인 것 같다",
      "하지만 솔직히 직접 입고 싶진 않다...",
      " "
    ],
    "ability": []
  },
  "152": {
    "name": [
      "여동생의 캐미솔"
    ],
    "subtitle": "",
    "description": [
      "여동생이 평소 입는 캐미솔, 거기에는 여동생이 좋아하는 리본 디자인이 붙어있다",
      "그러고 보니… 왜 이게 내 손에 있는 거지?",
      " ?"
    ],
    "ability": []
  },
  "153": {
    "name": [
      "여동생의 반바지"
    ],
    "subtitle": "",
    "description": [
      "여동생이 평소 입는 반바지, 거기에는 여동생이 좋아하는 리본 디자인이 붙어있다",
      "그러고 보니… 왜 이게 내 손에 있는 거지?",
      " "
    ],
    "ability": []
  },
  "154": {
    "name": [
      "파란 줄무늬 팬티"
    ],
    "subtitle": "",
    "description": [
      ""
    ],
    "ability": []
  },
  "155": {
    "name": [
      "핑크 줄무늬 팬티"
    ],
    "subtitle": "",
    "description": [
      ""
    ],
    "ability": []
  },
  "156": {
    "name": [
      "하얀 끈 팬티"
    ],
    "subtitle": "",
    "description": [
      ""
    ],
    "ability": []
  },
  "157": {
    "name": [
      "반창고"
    ],
    "subtitle": "",
    "description": [
      ""
    ],
    "ability": []
  },
  "159": {
    "name": [
      "  노팬티…"
    ],
    "subtitle": "",
    "description": [
      ""
    ],
    "ability": []
  },
  "297": {
    "name": [
      "미오의 구급상자"
    ],
    "subtitle": [
      "\"세상에! 또 구멍에 빠진거야!?\""
    ],
    "description": [
      "원래 관리자가 치유 시스템을 테스트하는 데 사용한 도구입니다",
      "하지만 그는 나중에 삭제하는 것을 잊었습니다. 그래도 소용없습니다 ",
      "즉각적인 죽음의 역학에 맞서"
    ],
    "ability": [
      "장착 시 초당 100% HP 회복"
    ]
  },
  "298": {
    "name": [
      "시로인의 황금 손가락"
    ],
    "subtitle": [
      "\"이것이 게임을 망칠 거라는 것을 알고 계시죠?\"",
      "\"알고있어.\"",
      "\"그래도 장착하고 싶은가요?\"",
      "\"물론이지.\""
    ],
    "description": [
      "금으로 변하는 유물 - 블레이드키퍼의 궁극적인 꿈"
    ],
    "ability": [
      "무기는 더 이상 공격에서 벗어나지 않습니다"
    ]
  },
  "299": {
    "name": [
      "절대 영토"
    ],
    "subtitle": [
      ""
    ],
    "description": [
      "소녀의 미니스커트와 허벅지 높이 양말 사이의 신성한 공간",
      "높은 마법 저항력을 제공할 뿐만 아니라 터무니없는 것들도 허용합니다 ",
      "치마 밑에서 온갖 물건을 마음대로 꺼낼 수 있는 능력"
    ],
    "ability": [
      "무기를 추가 휴대 능력 +99",
      "기어 +99의 추가 운반 용량"
    ]
  },
  "300": {
    "name": [
      "카탈리스트 아마토리아"
    ],
    "subtitle": [
      "\"나에게 사랑을 줘——! 아니면 같이 죽어버리자～～!\""
    ],
    "description": [
      "어떤 얀데레 대악마가 만들어낸 보구",
      "접촉한 상대를 의지와 상관없이 강제로 사랑에 빠뜨리는 힘을 지녔다",
      "그들의 의지를 무시하기"
    ],
    "ability": [
      "여동생을 애무했을 때의 스테이터스 상승량을 대폭 강화한다"
    ]
  }
}