{
  "1": {
    "0": [
      "꼬르륵.."
    ],
    "1": [
      "배고파..."
    ]
  },
  "2": {
    "0": [
      "\\nl< >「\\str[121]! 먹고싶은 음식 있어」?!"
    ],
    "1": [
      "여동생은 요리를 만들 생각에 들뜬 것 같다.",
      "무엇을 부탁 해 볼까?"
    ],
    "2": [
      "여동생!",
      "고기 요리!",
      "야채 요리!",
      "아무거나 상관없어"
    ],
    "3": [
      "\\nl< >\"헤에~ 나는 음식이 아니라고!          \\w[90]",
      " \\str[121]딱히 떠오르는 메뉴가 없으면...",
      "내가 직접 메뉴를 만들어볼게!\""
    ],
    "4": [
      "\\nl< >\에헤헤~ \\str[121]!",
      "드디어 오빠도 고기 맛 을 알았구나!?\"
    ],
    "5": [
      "\\nl< >\"오빠 잠깐만 기다려봐,",
      "엄~청 커다란 스테이크를 만들어 줄게!\""
    ],
    "6": [
      "\\nl< >\"하지만…재료가 부족하다…",
      "오늘은 다른 음식을 만들어야 할 것 같다.\""
    ],
    "7": [
      "\\nl< >\"채소는 별로 좋아하진 않지만...     \\w[120]",
      "오빠를 위해서 최선을 다해볼게!\""
    ],
    "8": [
      "\\nl< >\"그러면 식탁에서 내 솜씨를 지켜봐줘~ ",
      "요리가 준비되면 부를게!\"        \\w[120]"
    ]
  },
  "5": {
    "0": [
      "오늘은 어떤 요리를 만들어 볼까~"
    ]
  },
  "10": {
    "0": [
      "모처럼 여동생이랑 같이 먹는 아침이니까, 힘내야지!",
      " !"
    ],
    "1": [
      "남은 재료로 간단한 아침 식사를 만들었다."
    ],
    "2": [
      "「우와ー! 빛나고 있어ー! 엄청 맛있겠다!」"
    ],
    "3": [
      "요리 대성공!    \\w[30]",
      "너무 맛있어서, 체력이 완전히 회복되었다!"
    ],
    "4": [
      "「오늘은 컨디션도 좋고, 맛있겠네…」"
    ],
    "5": [
      "조용히 아침 식사를 마치고, 조금 기운이 난 것 같다."
    ],
    "6": [
      "「이런!    \\w[30]",
      "조금 타 버렸네……"
    ],
    "7": [
      "맛이 미묘한 아침 식사를 먹어서,",
      "별로 만족감이 없네……"
    ],
    "8": [
      "「아아----    \\w[30]",
      "완전히 타 버렸다!」"
    ],
    "9": [
      "아침 식사가 새까맣게 타 버려서,",
      "한 입 먹어봐도 전혀 맛이 나지 않았다……"
    ],
    "10": [
      "슬슬 나갈 시간인가…",
      "여동생에게 메모도 남겼으니, 이걸로 괜찮겠지."
    ]
  },
  "12": {
    "0": [
      "……뭔가 낯익은 물건이네."
    ],
    "1": [
      "에에… 고기 먹고 싶어…"
    ],
    "2": [
      "맛있는 거라도 넣을까나~"
    ],
    "3": [
      "생선 요리네!"
    ],
    "4": [
      "오… 오빠!? 이거, 먹을 수 있는 재료야?"
    ],
    "5": [
      "너무 매운 건 싫어!"
    ],
    "6": [
      "야채…… 싫어."
    ],
    "7": [
      "햄버그~ 햄버그~"
    ],
    "8": [
      "이거 뭐야? 먹을 수 있는 거야?"
    ],
    "9": [
      "새콤달콤한 고기 요리를 만드는 거…… 좋지 않아?"
    ]
  },
  "13": {
    "0": [
      "실패했다……  \\w[60]",
      "여동생과 함께 이상한 요리를 억지로 먹었다…",
      " …"
    ],
    "1": [
      "여동생과 함께 맛있는 고기 요리를 먹었다."
    ],
    "2": [
      "여동생과 함께 맛있는 저녁 식사를 했다."
    ],
    "3": [
      "하지만 요리가 너무 매워서, 여동생은 금방 울어버렸다…"
    ],
    "4": [
      "게다가 요리가 너무 매워서, 여동생은 금방 울어버렸다…"
    ]
  },
  "17": {
    "0": [
      "\\nl< >「오빠…… 냄새 전부 깨끗이 씻어냈지?",
      "다음엔 또 더럽히지 마.」",
      " \""
    ]
  },
  "18": {
    "0": [
      "\\nl< >「자, 오빠!    \\w[60]",
      "아~앙————」"
    ],
    "1": [
      "…………에? 데자뷰?",
      "이 상황, 굉장히 낯이 익어……!"
    ],
    "2": [
      "「스스로 하——",
      "\\w[60]\\^"
    ],
    "3": [
      "\\nl< >「정말,",
      "지금의 오빠는 자유롭게 움직일 수 없는 환자라고!」"
    ],
    "4": [
      "「아, 네.」"
    ],
    "5": [
      "여동생의 기세에 밀려,",
      "나는 얌전히 내밀어진 정체불명의 물체를 먹었다."
    ],
    "6": [
      "\\{  「윽!?」"
    ],
    "7": [
      "입안에서 익숙한 충격이 터져 나왔고,",
      "벌써 익숙해진 건지, 이번엔 기절하지 않고 넘어갔다."
    ],
    "8": [
      "\\nl< >「어때, 오빠? 맛은 괜찮아?」"
    ],
    "9": [
      "「맛은, 좀————」"
    ],
    "10": [
      "위장 깊은 곳에서 갑자기 뜨거움이 치밀어 오른다!",
      "피로가 한 번에 날아갔다!"
    ],
    "11": [
      "「……어? 의외로 나쁘지 않네?」"
    ],
    "12": [
      "\\nl< >「다행이다, 수련이 잘 됐나 보네!」"
    ],
    "13": [
      "무슨 수련을 한 거야…",
      "궁금했지만 결국 묻지 못했다…"
    ]
  },
  "21": {
    "0": [
      "지금은 참고할 만한 레시피가 없다……",
      "직접 만들 수밖에 없나?"
    ],
    "1": [
      "여동생에게 만들게 하자",
      "직접 요리한다"
    ],
    "2": [
      "\\nl< >「미안해,\\str[121]...      \\w[60]",
      "지금은 아직 연습 중이니까, 다음번에 맡겨줘!」"
    ],
    "3": [
      "……여동생이 열심히 공부하고 있는 것 같고,",
      "어쩔 수 없이, 내가 할 수밖에 없네.",
      " "
    ],
    "4": [
      "\\nl< >\오빠! 내가 만든 요리가 먹고싶은거야?!\"
    
    ],
    "5": [
      "\\nl< >\"뭐야~ 정말 어쩔수 없겠구만~\""
    ],
    "6": [
      "\\nl< >\그러면 나만 믿으라구! ",
      "지금의 난 의욕 만땅이라구!!\"
    ]
  },
  "22": {
    "0": [
      "\\nl< >\\{「누누눗……!\\w[250영차……!  \\w[210]",
      "흐읏……!」    \\w[210]\\^"
    ],
    "1": [
      "\\nl< >「하아…\\w[120]하아…\\w[180]오빠……   \\w[60]",
      "이렇게 무거울 줄이야……!」"
    ],
    "2": [
      "여동생이 신이 나서 전혀 움직이지 못하는 나를",
      "식탁까지 데려갔다……"
    ],
    "3": [
      "\\nl< >「오빠, 여기서 기다려줘, 금방 돌아올게.」",
      " \""
    ],
    "4": [
      "여동생의 수제요리라니… 뭔가 기대되네……",
      "근데 그러고 보니, 여동생이 요리를 한 적이 있었나……?",
      " ?"
    ],
    "5": [
      "\\nl< >「자, 오빠!    \\w[60]",
      "아~앙————」"
    ],
    "6": [
      "눈앞의 음식이라 부를 수 없는 정체불명의 물체를 바라보자,",
      "몸이 저절로 떨렸다."
    ],
    "7": [
      "「저기 말이야, 여동생아……   \\w[60]",
      "오빠는 일단 혼자서 밥을 먹을 정도의 힘은 있단다?   \\w[150]",
      "붕대만 풀어주면……」    \\w[20]\\^"
    ],
    "8": [
      "\\nl< >안 돼! ",
      "오빠는 지금 다쳤으니까,",
      "제대로 쉬어야 해!\""
    ],
    "9": [
      "\\nl< >「역시 처음 만든 요리는 무리였나……?   \\w[120]",
      "그럼, 내가 먼저 맛볼게……」",
      " \""
    ],
    "10": [
      "\\{  「오빠가 먹게 해 줘! 부탁해!」"
    ],
    "11": [
      "여동생이 반응하기 전에,",
      "나는 스스로 내밀어진 숟가락을 입에 물었다.",
      " ."
    ],
    "12": [
      "\"응… 우물우물—    \\w[60] ",
      "나쁘지 않————    \\w[30]\\^"
    ],
    "13": [
      "\\{  「윽!?」"
    ],
    "14": [
      "\\nl< >「오빠!? 무, 무슨 일이야!?」"
    ],
    "15": [
      "고농도 탄산음료를 마신 것처럼,",
      "입안에서 이상한 식감이 순식간에 터져 나왔고,",
      "감상을 말할 틈도 없이, 곧바로 의식이 멀어졌다……"
    ],
    "16": [
      "\\nl< >\\{  「오빠————!」",
      "\\w[60]\\^"
    ],
    "17": [
      "아아아아…… 여동생의 수제요리…… 다 못 먹어서 유감이다…",
      " …"
    ]
  }
}