{
  "2": {
    "0": [
      "\\nl< >\"\\str[121]... 참고 버텨보자...    \\w[90]",
      "전보단 확실히 상태가 나아질 거야.\""
    ],
    "1": [
      "여동생은 나를 어떻게 생각하고 있을까? \\str[121]..."
    ],
    "2": [
      "\\nl< >\"\\str[121]...슬퍼하지 마라.\""
    ],
    "3": [
      "\\nl< >\"\\{Hemorrhoids\\}? 분명 나쁜 습관 때문에 생긴 거겠지...\""
    ],
    "4": [
      "이건 좋지않아. 오해가 더 심해질 뿐이야—"
    ],
    "5": [
      "아, 그래서 나는 그런 거야.——\"",
      "\\w[45]\\^"
    ],
    "6": [
      "\\nl< >\\{  \"더 무거운 병이야!?\"   "
    ],
    "7": [
      "\"미안, 치질이야...\""
    ],
    "8": [
      "결국 화장실에 있던 이유가 이렇게 되자"
    ],
    "9": [
      "\\nl< >\"…역시 변비야?\""
    ],
    "10": [
      "이거 큰일났군—",
      "동생이 이상한 오해를 갖기 시작했어"
    ],
    "11": [
      "\오빠는 그냥 \\str[120],  \\str[121] ",
      "더 심각한 문제를 생각하고 있었을 뿐이야?\""
    ],
    "12": [
      "\\nl< >\"그래, 큰일이네, \\str[121].\""
    ],
    "13": [
      "그래, 오빠는 단지 일시적으로 현자가 되었을 뿐이야? ",
      " "
    ],
    "14": [
      "\"아무튼 오늘도 저녁을 만들어 보자!\""
    ],
    "15": [
      "\\nl< >\"\\str[121], 화장실에 오래 있네...\""
    ],
    "16": [
      "그러고 보니 화장실에서 시간을 너무 낭비한 것 같아.."
    ],
    "17": [
      "\"에헴…! 그런건 아무래도 상관없어,",
      "가자 가자! 저녁 준비 시작할게!\""
    ],
    "18": [
      "\\nl< >\"수상한데…\""
    ],
    "19": [
      "\\nl< >\"늦어, \\str[121]! 혹시 변비야?!\""
    ],
    "20": [
      "\"아하하… 설마…\""
    ],
    "21": [
      "\슬슬 배고프지? ",
      "좋아, 저녁 준비를 시작하자!!\""
    ]
  },
  "4": {
    "0": [
      "여동생을 기쁘게 만들고 싶었지만",
      "방에서 쫓겨나 버렸어.\""
    ],
    "1": [
      "어쩔 수 없지, 오늘은 자고 내일",
      "어떻게든 해보자.."
    ]
  },
  "6": {
    "0": [
      "휴우…… 여동생 앞에서 망신당할 뻔했다……",
      "하지만——",
      " "
    ],
    "1": [
      "\\{「으-읏」  \\w[60]"
    ],
    "2": [
      "지금 상황은 생각보다 심각하다,",
      "벌써 30분 넘게 계속되는 것 같은데……?"
    ],
    "3": [
      "몸이 텅 비는 느낌……",
      "역시 오늘 저녁 식사가 원인인가?",
      " ?"
    ],
    "4": [
      "\\nl< >「오빠…… 몸은 괜찮아……?",
      "목소리가…… 엄청 심각했어……」"
    ],
    "5": [
      "「아하하… 아마 배탈이 난 것 같아……",
      "너무 가까이 오지 마…… 위험하니까……」"
    ],
    "6": [
      "문밖에서 여동생의 걱정스러운 목소리가 들려왔다.",
      "빨리 여기서 나가고 싶은데,",
      "움직일 힘조차 남아있지 않아……",
      " "
    ],
    "7": [
      "\\{「끼요오옷——!」  \\w[60]"
    ],
    "8": [
      "안 돼……",
      "전혀 멈출 것 같지 않아……"
    ],
    "9": [
      "\\nl< >「오빠… 아직 안에 있어?」"
    ],
    "10": [
      "\\nl< >「저, 저기…… 실은……",
      "나도, 좀 화장실 가고 싶어서……」"
    ],
    "11": [
      "\\{「끄아아아악——！」 \\w[60]"
    ],
    "12": [
      "\\{「아, 아직은 무리야——",
      "지금은 못 나가——！」"
    ],
    "13": [
      "\\nl< >「에…… 벌써 10분이나 지났어…… \\w[120]",
      "화장실 가고 싶어어……」"
    ],
    "14": [
      "「우오오오오오——！",
      "「머, 멈추지 않아——！」"
    ],
    "15": [
      "\\nl< >「오빠…… 이제……」"
    ],
    "16": [
      "「우오오오;미ㅏㄴㅁㄴㅇ얼;미ㅏㄴㅇㄹ;——！」"
    ],
    "17": [
      "\\nl< >「우에에에엣——！",
      "이제 샐 것 같아아……！」"
    ],
    "18": [
      "「우에에에에에에에에에——！」",
      "「우오오오오오오오오오——！」"
    ],
    "19": [
      "그날 밤, 인적 드문 작은 집에서",
      "마치 짐승의 고통스러운 포효 같은 소리가 새어 나왔고,",
      "얼굴이 새빨개질 것 같은 비명과",
      "형언할 수 없는 신음 소리가 뒤섞여 있었다."
    ],
    "20": [
      "그 소리는 때로는 낮게 짐승처럼 으르렁거렸고,",
      "때로는 소녀의 수줍은 절규처럼 날카롭게,",
      "혼돈스럽고, 어딘가 요염한 교향곡을 연주하고 있었다.",
      " ."
    ],
    "21": [
      "그 무렵, 멀리 떨어진 밤의 어비스 경계에서",
      "싸우던 모험가들도 등골이 오싹해져,",
      "무심코 검을 멈추고, 서로 얼굴을 마주 보았다.",
      " ",
      "어딘가 어두운 곳에,",
      "또다시 본 적 없는 어비스의 마물이 태어난 것은 아닐까……",
      "그런 의심이 머릿속을 스쳐 지나갔다."
    ]
  }
}