{
  "1": {
    "0": [
      "음, 왠지 잠이 안 오네……"
    ],
    "1": [
      "배가 아파…… 소화 불량인가……",
      "역시 저녁에 너무 무리했나……"
    ],
    "2": [
      "하아, 갑자기 깨버렸다……!"
    ],
    "3": [
      "아직 한밤중인데, 좀 더 잘 수 있겠지\\w[30].\\w[30].\\w[30].",
      "여동생 상태를 확인하러 가볼까?",
      " "
    ],
    "4": [
      "여동생 방으로",
      "잘까"
    ],
    "5": [
      "그대로 아침까지 자버릴까?"
    ],
    "6": [
      "네",
      "아니요"
    ],
    "7": [
      "「우와아아아아아아아아ーーー!!?」"
    ],
    "8": [
      "뭐, 뭐야… 그냥 악몽인가…"
    ],
    "9": [
      "심장이 멎는 줄 알았네… 엄청 무서운 여동생을 본 것 같다.",
      " "
    ],
    "10": [
      "……여동생 상태를 보러 가봐야겠어.",
      "방금 꿈이——"
    ],
    "11": [
      "응, 그렇게 무서운 꿈을 꿨으니…",
      "일찍 쉬는 게 좋을지도……"
    ]
  },
  "2": {
    "0": [
      "\\c[10]――\\str[1]버전으로부터 데이터 업데이트 요청",
      "을 감지했습니다.  \\w[60]",
      "지금 바로 자동 업데이트를 진행하시겠습니까?"
    ],
    "1": [
      "업데이트 시작",
      "안 할래"
    ],
    "2": [
      "……벌써 아침인가, 왠지 여동생에 관한 꿈을 꾼 것 같긴 한데,",
      "더 이상 기억나지 않는다……",
      "  ",
      " "
    ],
    "3": [
      "……벌써 아침인가, 잠을 제대로 못 잤네……",
      " "
    ],
    "4": [
      "아아—— 벌써 아침이네, 잘 잤다."
    ],
    "5": [
      "오늘은 날씨가 좋네… 응? \\w[45]",
      "왠지 햇살이 좀 너무 강한 것 같은데?"
    ],
    "6": [
      "오늘은 날씨가 좋네."
    ],
    "7": [
      "날씨가 별로 안 좋네."
    ],
    "8": [
      "비가 오려나? 모험에 영향이 없으면 좋겠는데…",
      " "
    ],
    "9": [
      "요 며칠 아침에 여동생을 보러 가지 않았네…",
      "오늘은 좀 들여다볼까."
    ],
    "10": [
      "벌써 일어났으니, 이제 뭘 할까?"
    ],
    "11": [
      "여동생 방으로",
      "바로 출발"
    ],
    "12": [
      "좋아, 여동생의 상태를 보러 가자!"
    ],
    "13": [
      "좋아, 한 번에 준비를 마치고 모험을 떠나자!",
      " "
    ]
  },
  "4": {
    "0": [
      "「……하아!?\\w[60]……엣\\w[60], 벌써 아침……?」",
      " "
    ],
    "1": [
      "머리가 멍하네, 어젯밤은 그대로 잠들어 버렸나……",
      " "
    ],
    "2": [
      "「어젯밤에 무슨 일이 있었는지 기억나지 않아……   \\w[90]",
      "뭐, 됐나, 아마 피곤해서 그랬겠지.」"
    ]
  }
}