{
  "2": {
    "0": [
      "좀 심심하네, 뭐 하고 놀까."
    ],
    "1": [
      "\\{\\nl< >「게임하자!」     \\w[30]"
    ],
    "2": [
      "초보자 마을에서 마왕을 만나서,",
      "「너를 이대로 살려둘 수 없다!」라고 듣고",
      "용사가 한 방에 당했다.",
      "게임 오버."
    ],
    "3": [
      "……이게 무슨 전개야,  \\w[60]\\{",
      "쓰레기 게임이냐!"
    ],
    "4": [
      "\\nl< >「져버렸다……」"
    ],
    "5": [
      "실수로 함정에 걸려 캐릭터가 죽어버리고……",
      "마지막 보스전도 졌다.",
      "게임 오버."
    ],
    "6": [
      "\\nl< >「오빠… 약해……」"
    ],
    "7": [
      "여동생은 믿을 수 없을 만큼 운이 좋아서, ",
      "카지노에서 손쉽게 최강의 무기를 손에 넣고,",
      "곧바로 마왕성에 돌입했다.",
      "Game over."
    ],
    "8": [
      "……치사하네."
    ],
    "9": [
      "\\nl< >「엄청 재밌어!」"
    ],
    "10": [
      "「우오오오————!!",
      "내 무적의 노모션 콤보를 받아라아아아!!」"
    ],
    "11": [
      "여동생 앞에서 멋지게 솔로로 보스를 쓰러뜨렸다."
    ],
    "12": [
      "\\nl< >「오빠, 멋져!」"
    ],
    "13": [
      "여동생과 함께 긴장하며 RPG 게임을 즐겼다."
    ],
    "14": [
      "여동생과 함께 즐겁게 RPG 게임을 즐겼다."
    ],
    "15": [
      "……여동생이 게임에 열중하고 있는 것 같다.",
      "어떡하지… 말을 걸어야 할까?"
    ],
    "16": [
      "다가간다",
      "그만둔다"
    ],
    "17": [
      "조금 외롭지만,",
      "너무 방해하지 않는 게 좋겠지——"
    ]
  },
  "4": {
    "0": [
      "\\nl< >「크윽……！\\w[45]오빠 일부러 그랬지!?」  \\w[150]\\^",
      "You did that on purpose, didn’t you!?\"  \\w[150]\\^"
    ],
    "1": [
      "\\nl< >「——으아아앗!?」  \\w[20]\\^"
    ],
    "2": [
      "\\nl< >\\{「오빠~~！！」  \\w[120]\\^"
    ],
    "3": [
      "...오빠?"
    ],
    "4": [
      "으응… 지금은… 만지지마……"
    ],
    "5": [
      "\\nl< >「정말, 머리도 안 말랐는데 만지지 마…」",
      "\\w[180]\\^"
    ],
    "6": [
      "또 머리카락 헝클어질 거야",
      "응… 이상한 느낌…",
      "에헤헤…",
      "오빠 손, 따뜻해…",
      null,
      "오빠…",
      null,
      "우냐-"
    ],
    "7": [
      "\\nl< >\\{「정말-, 오빠 너무 많이 만져!」",
      "\\w[150]\\^",
      "\\w[150]\\^"
    ]
  },
  "5": {
    "0": [
      "\\nl< >「우와앗, 오빠… 그거 누르는 버튼 아니야!」  \\w[210]\\^",
      "that's not a button you’re supposed to press!\"  \\w[240]\\^"
    ],
    "1": [
      "\\nl< >「크윽……！\\w[45]오빠 일부러 그랬지!?」  \\w[150]\\^",
      "You did that on purpose, didn’t you!?\"  \\w[150]\\^"
    ],
    "2": [
      "\\nl< >「지금은 안 돼…！ \\w[60]",
      "오빠가 만지면 왠지 이상한 느낌이 들어서…」  \\w[400]\\^",
      "this is making me feel strange...\"  \\w[400]\\^"
    ],
    "3": [
      "\\nl< >「엣!? 수건이……！」   \\w[60]\\^"
    ],
    "4": [
      "\\nl< >「으으으… 오빠, 또 괴롭혔어……」    \\w[120]\\^"
    ],
    "5": [
      "\\nl< >「꺄악!?\\w[30]오빠, 어디 만지는 거야!」   \\w[120]\\^"
    ],
    "6": [
      "\\nl< >「정말, \\w[30]오빠 일부러 그랬지!」    \\w[120]\\^",
      "didn’t you, \\str[121]?!\"    \\w[120]\\^"
    ],
    "7": [
      "\\nl< >「응앗——   \\w[45]\\^"
    ],
    "8": [
      "\\nl< >「오, 오빠! 이제 오지 마!」   \\w[300]\\^"
    ],
    "9": [
      "\\nl< >「우에에에… 수건 돌려줘……」   \\w[90]\\^"
    ],
    "10": [
      "\\nl< >「오빠, 또 괴롭혔어……」    \\w[120]\\^"
    ],
    "11": [
      "\\nl< >「오빠……\\w[90]왠지 이상한 느낌……」    \\w[60]\\^"
    ],
    "12": [
      "\\nl< >「하아……\\w[60]오빠……\\w[60]이걸로 만족해?」   \\w[60]\\^",
      "are you satisfied with this?\"   \\w[60]\\^"
    ],
    "13": [
      "\\nl< >「간지러워~」  \\w[90]\\^"
    ],
    "14": [
      "\\nl< >「아하하~~\\w[60]오빠, 간지러워~」   \\w[120]\\^"
    ],
    "15": [
      "\\nl< >「으응읏……！」   \\w[45]\\^"
    ],
    "16": [
      "\\nl< >「오, 오빠……   \\w[180]",
      "실수였던 거지……아, 알겠어……」    \\w[250]\\^"
    ],
    "17": [
      "\\nl< >「자, 장난 치지마!  \\w[150]",
      "왠지, 이상한 느낌이 든단 말이야……！」    \\w[150]\\^"
    ],
    "18": [
      "\\nl< >「엣……설마 살쪘나……？」    \\w[180]\\^"
    ],
    "19": [
      "\\nl< >「으으읏……！귀 만지면 간지러우니까, \\w[180]",
      "오빠, 그만해!」    \\w[210]\\^"
    ],
    "20": [
      "\\nl< >「저기…오빠, 거기 만지면 간지러우니까, \\w[180]",
      "그만두는 게 좋아……」    \\w[180]\\^",
      "maybe you should stop…\"    \\w[210]\\^"
    ],
    "21": [
      "\\nl< >「정말~, 남의 몸을 멋대로 찌르지 마!」 \\w[240]\\^",
      "\\nl< >「여동생을 장난감 취급하지 마!」    \\w[120]\\^"
    ],
    "22": [
      "\\nl< >「으에에…… 오빠, \\w[150]",
      "왜 그렇게 신났어……！？」    \\w[180]\\^"
    ]
  },
  "7": {
    "0": [
      "여동생은 곤히 자는 것 같다……"
    ],
    "1": [
      "살며시 다가간다",
      "근력 운동이다~!",
      "이제 잘까"
    ],
    "2": [
      "드디어, 며칠 동안 연습해온 무음 이동술을 보여줄 때다——",
      "the silent movement technique ",
      "I've been practicing for days—"
    ],
    "3": [
      "살금살금, 살금살금…"
    ],
    "4": [
      "그러게, 벌써 늦었고,",
      "빨리 집에 가서 쉬자——"
    ],
    "5": [
      "네",
      "아니요"
    ],
    "6": [
      "조금만 더 기다려줘..."
    ],
    "7": [
      "어차피 잠도 안 올 텐데……   \\w[30]",
      "\\{좋아, 근력 운동이나 할까!"
    ],
    "8": [
      "\\{여동생을 깨우지 않도록, 초정밀하게……",
      "움직임을 컨트롤해서 소리 내지 않고!",
      "이것은 최고의 훈련 환경이다!",
      "This is the ideal training environment!"
    ],
    "9": [
      "흐읍…！흐읍…！흐읍…！",
      "흐읍…！흐읍…！흐읍…！"
    ],
    "10": [
      "집중력을 극한까지 끌어올려,",
      "숙면 중인 여동생 옆에서 팔굽혀펴기를 여러 세트 해냈다."
    ],
    "11": [
      "집중력을 극한까지 끌어올려,",
      "숙면 중인 여동생 옆에서 스쿼트를 여러 세트 해냈다."
    ],
    "12": [
      "팽팽한 분위기 속에서 전력 트레이닝,",
      "근육이 확실히 자라고 있다는 실감……！"
    ],
    "13": [
      "\\nl< >「우으……으음……」"
    ],
    "14": [
      "큰일 났다, 슬슬 여동생이 눈을 뜰 것 같다……",
      "더 이상 여기 있는 건 그만두고,",
      "얼른 돌아가자……"
    ],
    "15": [
      "어라? 왠지 여동생 모습이 평소와 다른데?",
      "Why does \\str[120] look a bit different than usual?"
    ],
    "16": [
      "「……동생아?」"
    ],
    "17": [
      "평소의 여동생이다.",
      "역시, 꿈을 꿨던 것뿐인가……"
    ]
  },
  "8": {
    "0": [
      "\"—Ahh, it's the familiar ceiling this time.\""
    ],
    "1": [
      "Looks like I was unconscious for a while,",
      "but now I actually feel refreshed...",
      "The wounds I had earlier seem to be healing too..."
    ],
    "2": [
      "\"But in that dream just now—     \\w[60]\\^"
    ],
    "3": [
      "\\nl< >\"\\str[121]!!!\""
    ],
    "4": [
      "\\nl< >\"Uuuu… thank goodness...",
      "I thought you'd never open your eyes again…\""
    ],
    "5": [
      "\\str[120] suddenly threw herself at me, crying her eyes out,",
      "looks like she’s blaming herself for everything that happened..."
    ],
    "6": [
      "\"Sorry for making you worry… but I’m fine now, really.\""
    ],
    "7": [
      "\\nl< >\"\\str[121], it must’ve been because you ate what I made earlier—\""
    ],
    "8": [
      "\"Look, I’m perfectly healthy now!\""
    ],
    "9": [
      "To keep her from worrying, I jumped up from bed right away,",
      "and showed off a few backflips on the spot."
    ],
    "10": [
      "\\nl< >\"Geez…! You just woke up,",
      "don’t do dangerous stuff like that!\""
    ],
    "11": [
      "\"Seriously, that’s amazing! My wounds are healed,",
      "it must be because your feelings reached me!\""
    ],
    "12": [
      "\\nl< >\"…If that’s true, then I’m really glad.",
      "Maybe I really can help you from now on.\""
    ],
    "13": [
      "\\nl< >\"I actually practiced in secret for a long time.",
      "But… I was always afraid you wouldn’t like the taste…\""
    ],
    "14": [
      "\\nl< >\"Then it’s all good now.",
      "If \\str[121] likes it, I’ll keep doing my best!\""
    ],
    "15": [
      "Eh…!? She’s going to cook again...? ",
      "That’s kinda worrying..."
    ]
  },
  "10": {
    "0": [
      "잘 먹겠습니다—"
    ],
    "1": [
      "푸하~"
    ],
    "2": [
      "에헤헤..."
    ],
    "3": [
      "목욕을 마친 여동생이 단숨에 우유 한 병을 다 마셨다……",
      "downed an entire bottle of milk in one go..."
    ]
  },
  "13": {
    "0": [
      "……오빠?",
      "응? 왜 그래?"
    ],
    "1": [
      "\\nl< >「오빠 정말 덜렁대네!",
      "또 들켰잖아!」"
    ],
    "2": [
      "\\nl< >「……오빠 변태.」"
    ],
    "3": [
      "\\nl< >「오빠, 어딜 보는 거야?」"
    ],
    "4": [
      "\\nl< >「머리 말리기 힘들어… 오빠, 도와줘~」",
      "\\str[121], give me a hand~\""
    ],
    "5": [
      "\\nl< >「왜 그래, 오빠?」"
    ],
    "6": [
      "여동생이 지루해하며 머리를 말리는 모습을 보고,",
      "문득 한 가지 생각이 떠올랐다……   \\w[60]",
      "좋아! 내가 여동생 머리를 말려주자!"
    ],
    "7": [
      "\\nl< >「……오빠?」"
    ],
    "8": [
      "「오빠가 말려줄게.",
      "항상 혼자 하는 거 힘들지?」"
    ],
    "9": [
      "나는 살며시 몸을 굽혀, 한 손에는 드라이기를 들고,",
      "다른 손으로 여동생의 머리카락을 잡았다.",
      "수건으로 닦았다고는 하지만,",
      "아직도 촉촉한 느낌이 남아 있었다."
    ],
    "10": [
      "「자, 고개 숙여. 말려줄게!」"
    ],
    "11": [
      "\\nl< >「응~」"
    ],
    "12": [
      "나는 드라이기의 스위치를 켜고,",
      "부드러운 온풍으로 말리기 시작했다."
    ],
    "13": [
      "여동생은 조용히 고개를 숙이고 눈을 감은 채,",
      "손가락을 만지작거리며 약간 지루해하는 듯했다.",
      "but it felt like she wanted to say something—"
    ],
    "14": [
      "이렇게 여동생과 함께 시간을 보내는 게",
      "얼마 만인지 모르겠다.",
      "왠지 기억이 흐릿해진다."
    ],
    "15": [
      "「머리카락, 꽤 길어졌네.",
      "어릴 때는 이렇게 길지 않았는데……」"
    ],
    "16": [
      "\\nl< >「……오빠는 단발이 더 좋아?」"
    ],
    "17": [
      "「단발인가…… 역시 긴머리가 좋은 것 같아.",
      "이렇게 예쁜 머리카락을 살리지 않으면 아깝잖아.」"
    ],
    "18": [
      "어쨌든, 그건 여동생이 어렸을 때부터 소중히 가꾸어,",
      "건강하게 성장해온 증거니까."
    ],
    "19": [
      "\\nl< >「에헤헤…… 오빠한테 칭찬받았다……」"
    ],
    "20": [
      "그렇게 여동생과 사소한 이야기를 나누며,",
      "여동생의 머리카락을 말려줬다."
    ],
    "21": [
      "\\nl< >「오빠…… 내일도 탐험 나가?」",
      "are you heading back out to explore tomorrow?\""
    ],
    "22": [
      "「——왜?」"
    ],
    "23": [
      "여동생은 약간 부끄러워하는 듯했지만,",
      "지금 각도에서는 표정이 보이지 않았고,",
      "목욕 타월에 가려진 두 개의 무거워 보이는 과실과,",
      "가슴이 눌려 만들어진 완벽한 삼각지대만이 시야에 들어왔다.",
      "어디를 봐야 할지, 순간적으로 혼란스러웠다.",
      "어디를 봐야 할지, 순간적으로 혼란스러웠다."
    ],
    "24": [
      "여동생의 갑작스러운 질문에 순간적으로 정신이 팔려,",
      "드라이기를 잡은 오른손이 무심코 옆으로 미끄러졌고,",
      "그리고……"
    ],
    "25": [
      "「……………!?」"
    ],
    "26": [
      "여동생의 잠옷의 어깨끈이 강한 바람에,",
      "어깨에서 빠르게 떨어졌다."
    ],
    "27": [
      "\\nl< >「게임이 업데이트돼서,",
      "둘이서 할 수 있게 됐어.   \\w[90]",
      "그래서 내일, 오빠랑 같이 하고 싶은데……」"
    ],
    "28": [
      "\\nl< >「오빠한테 민폐려나……」"
    ],
    "29": [
      "여동생이 어리광을 부리는 걸 느끼고,",
      "그 귀여운 모습에 나도 모르게 미소가 지어졌다."
    ],
    "30": [
      "「좋아, 내일은 일찍 돌아올게, 같이 놀자.」"
    ],
    "31": [
      "여동생은 무언가 중요한 이야기를 하는 것 같았지만,",
      "내 주의는 이미 그 체리색에 완전히 사로잡혀 있었다.",
      "and I didn’t catch a word of what she said."
    ],
    "32": [
      "「민폐라…… 확실히 그럴지도……」"
    ],
    "33": [
      "우연히 보인 여동생의 맨살에, 내 시선은 못 박혀 버렸다.",
      "……이건 역시, 오빠도 좀 곤란하네."
    ],
    "34": [
      "\\nl< >「그렇구나……」"
    ],
    "35": [
      "「——!!!」"
    ],
    "36": [
      "여동생의 명백하게 슬픈 목소리를 듣고,",
      "겨우 정신을 차린 나는,",
      "급히 여동생의 옷을 아무 일도 없었다는 듯이 고치며,",
      "이렇게 말하며 여동생을 위로했다."
    ],
    "37": [
      "「같이 놀자고? 좋아!",
      "내일 같이 놀자! 일찍 돌아올게!」"
    ],
    "38": [
      "\\nl< >「정말? 그럼 약속이야!」"
    ],
    "39": [
      "「……약속이야!」"
    ],
    "40": [
      "여동생이 새로운 약속에 기뻐하는 동안,",
      "머리카락도 무사히 말라 있었다."
    ],
    "41": [
      "여동생은 방금 일어난 일을 눈치채지 못한 채,",
      "그저 새로운 약속이 생긴 걸 기뻐하고 있었다.",
      "머리카락도 이제 완전히 말라 있었다."
    ],
    "42": [
      "\\nl< >「머리카락이 보송보송해……!     \\w[45] ",
      "오빠, 고마워~!」"
    ],
    "43": [
      "「잘 됐네!」"
    ],
    "44": [
      "「잘 됐네!     \\w[60]\\}",
      "아~, 힘들어……」"
    ],
    "45": [
      "나는 조심스럽게 드라이기의 방향을 조절하며,",
      "긴 머리를 빗어주었다. 여동생도 얌전히 있고,",
      "서로 이 평화로운 시간을 조용히 즐기고 있었다.",
      "we both enjoyed this peaceful moment together."
    ],
    "46": [
      "하지만 각도 때문에, 시선을 조금만 아래로 내리면,",
      "여동생의 풍만한 가슴의 윤곽과, 손에 푹 파묻힐 듯한",
      "깊은 골짜기가 선명하게 보였다."
    ],
    "47": [
      "어, 어떡하지! 안쪽이 너무 궁금해!     \\w[45]",
      "그런 생각을 하면서,",
      "손을 뻗고 싶은 충동을 필사적으로 억누르고 있던 중,",
      "번뜩 묘안이 떠올랐다. 이건 천재적인 발상일지도 몰라!"
    ],
    "48": [
      "잘 생각해보니, 나는 지금 드라이기를 들고 있잖아!",
      "이 바람을 이용해 기적을 일으킬 수 있지 않을까!?"
    ],
    "49": [
      "한 번 해볼까!",
      "역시 그만두자"
    ],
    "50": [
      "하기로 마음먹었으면 즉시 행동!",
      "아무렇지 않은 얼굴로 드라이기의 방향을 바꾸고,",
      "뜨거운 바람을 여동생의 가슴쪽을 향해 쏘았다——"
    ],
    "51": [
      "바람아, 기적을 일으켜라!"
    ],
    "52": [
      "하지만, 기적은 일어나지 않았다……."
    ],
    "53": [
      "여동생이 단단히 감고 있는 목욕 타월은,",
      "세찬 바람에도 꿈쩍하지 않고, 전혀 벗겨질 기미가 없었다!"
    ],
    "54": [
      "\\nl< >「응? 오빠……",
      "드라이기 방향이 이상한데?」"
    ],
    "55": [
      "「아아, 미안.」"
    ],
    "56": [
      "여동생은 무슨 일이 일어났는지 눈치채지 못한 듯했다.",
      "나는 약간 아쉬운 마음을 안고, 머리를 계속 말렸다."
    ],
    "57": [
      "\\{기적이 일어났다!"
    ],
    "58": [
      "바람이 여동생의 옷깃을 밀어내며,",
      "안에 숨겨져 있던 작은 돌기가 드러났다."
    ],
    "59": [
      "여동생은 무슨 일이 일어났는지 눈치채지 못한 듯했다.",
      "나는 재빨리 여동생의 어깨 끈을 고치고, 만족스러운 표정으로 머리를 계속 말렸다."
    ],
    "60": [
      "결국, 이성이 승리했다.",
      "지금은 여동생의 머리를 말리는 중이야,",
      "이런 걸 생각할 때가 아니야!"
    ],
    "61": [
      "지금의 이 아름다운 광경만으로도 충분하다고 스스로 타이르며,",
      "묵묵히 손에 잡힌 일을 계속했다."
    ],
    "62": [
      "「자, 말랐어!」"
    ],
    "63": [
      "세찬 바람에, 여동생이 몸에 두르고 있던",
      "목욕 타월이 순식간에 날아가 버리고,",
      "그대로 바닥에 떨어졌다——."
    ],
    "64": [
      "\\nl< >「에……?!」"
    ],
    "65": [
      "목욕 타월이 갑자기 떨어지자, 여동생은 바로 이변을 눈치챘다."
    ],
    "66": [
      "\\nl< >\\{「우, 우에에에, 타월이 떨어졌어!」"
    ],
    "67": [
      "\\nl< >「……방금, 분명 오빠 짓이지?」"
    ],
    "68": [
      "「아, 아니, 그……   \\w[45]",
      "오늘은…… 바람이 소란스럽네…」"
    ],
    "69": [
      "위험해, 내가 말해놓고 너무 부끄러워……."
    ],
    "70": [
      "약간의 해프닝은 있었지만,",
      "결과적으로 여동생의 머리를 잘 말렸다!",
      "잘 됐네 잘 됐어."
    ]
  },
  "14": {
    "0": [
      "\\nl< >\"Welcome back, \\str[121]! ",
      "Feeling a bit less tired now?\""
    ],
    "1": [
      "\\nl< >\"Next, it’s time for me to go bathe~\""
    ],
    "2": [
      "Eh… what’s that… a line you picked up from TV?"
    ],
    "3": [
      "\\nl< >\"I guess it’s about time for me to head into the bath.\""
    ],
    "4": [
      "\\nl< >\"Well then, I’ll go wash up too.\""
    ],
    "5": [
      "Hmm, I’ll just find something random to pass the time—"
    ],
    "6": [
      "\\str[120] went to take a bath, and I’m a bit bored on my own,",
      "so I started daydreaming to kill time.   \\w[40]",
      "Come to think of it, I used to bathe with her pretty often—",
      "she was so cute back then~"
    ],
    "7": [
      "It’s been so many years, she must have changed a lot,",
      "in all sorts of ways…"
    ],
    "8": [
      "Suddenly I got curious—what kind of girl has she grown into now?",
      "Should I sneak a peek…?"
    ],
    "9": [
      "Go!",
      "Not going"
    ],
    "10": [
      "\\{Go go go      \\}",
      "Of course I have to go!"
    ],
    "11": [
      "But peeking at \\str[120] bathing… ",
      "isn’t that inappropriate for an adult…?"
    ],
    "12": [
      "\\{ ",
      "This is the time to firmly say no ",
      "to such wicked thoughts…!"
    ],
    "13": [
      "Doesn’t feel right… she’s grown up,",
      "I need to give her enough privacy…"
    ],
    "14": [
      "She went to bathe again, ",
      "and for some reason I felt a little empty inside.",
      "I can’t stop wondering how she’s grown, and it makes me restless."
    ],
    "15": [
      "………………Should I just sneak a quick look?"
    ],
    "16": [
      "\\nl< >\"\\str[121]… \\str[121]!\""
    ],
    "17": [
      "I was lying on the bed spacing out,",
      "when I suddenly heard what sounded faintly like her voice.   \\w[40]",
      "Was it just my imagination…?"
    ],
    "18": [
      "\\nl< >\"…\\str[121], could you come here for a moment?\""
    ],
    "19": [
      "Huh, looks like it wasn’t my imagination!"
    ],
    "20": [
      "\\{ \"I’ll be right there!\""
    ],
    "21": [
      "She’s already gone to take a bath, ",
      "so what should I do next————"
    ],
    "22": [
      "Sneak Into Washroom",
      "Peek At Diary",
      "Do Nothing"
    ],
    "23": [
      "Hmm… should I go peek at \\str[120] bathing?"
    ],
    "24": [
      "Go now!",
      "Wait A Bit…",
      "Forget It"
    ],
    "25": [
      "She only just went in, so she’s probably changing clothes right now…",
      "That makes me a bit curious, maybe I should go check right away…"
    ],
    "26": [
      "She only just went in, so she’s probably changing clothes right now…",
      "But it feels like I’d get caught easily, maybe I should wait…"
    ],
    "27": [
      "Hmm, I’ll just find something random to pass the time—"
    ]
  },
  "15": {
    "0": [
      "좀 심심하네, 뭐 하고 놀까."
    ],
    "1": [
      "\\{\\nl< >「게임하자!」\\w[30]"
    ],
    "2": [
      "……조금 전에 목욕했잖아?"
    ],
    "3": [
      "음……슬슬 목욕해야겠네…."
    ],
    "4": [
      "여동생을 꼬셔서 같이",
      "먼저 목욕하고"
    ],
    "5": [
      "모처럼의 기회,",
      "여동생한테 같이 목욕하자 해볼까…",
      "\\str[120] to bathe together..."
    ],
    "6": [
      "\\nl< >「오빠 지금부터 목욕할 거야?",
      "그럼, 나중에 봐~」"
    ],
    "7": [
      "\\nl< >「하아…하아—— \\w[180]\\^」"
    ],
    "8": [
      "\\nl< >아, 오빠……」"
    ],
    "9": [
      "\\nl< >「졸려.\\w[45].\\w[45].\\w[45]오빠, 왜 그래?」"
    ],
    "10": [
      "\\nl< >\\{「오빠!!!」\\}"
    ],
    "11": [
      "\\nl< >「왜 그래, 오빠?」"
    ],
    "12": [
      "\\nl< >「...오빠?」"
    ],
    "13": [
      "\\nl< >\\{「오빠 바보! \\w[60]이제 몰라!」",
      "I’m not talking to you anymore!\""
    ],
    "14": [
      "\\nl< >「앗, 오빠? \\w[60]",
      "지금, 말 걸지 말아줄래?」"
    ],
    "15": [
      "무심코 여동생의 머리를 쓰다듬었다."
    ],
    "16": [
      "힘껏 여동생의 머리를 쓰다듬었다."
    ],
    "17": [
      "여동생의 머리카락은 보송보송해서, 무심코 두 번 더 쓰다듬었다.",
      "부드럽게 여동생의 머리를 쓰다듬는다.",
      "tenderly pat her head."
    ],
    "18": [
      "이것은 오빠만의 특권이다!",
      "사랑을 듬뿍 담아 여동생의 머리를 쓰다듬었다."
    ],
    "19": [
      "여동생은 최고야, 계속 쓰다듬고 싶어!",
      "뜨거운 분위기 속에서 여동생의 머리를 쓰다듬었다."
    ],
    "20": [
      "\\nl< >「……응? \\w[30]",
      "오빠 머리 위에 허접이라고 쓰여 있는데~?」"
    ]
  },
  "18": {
    "0": [
      "수다 떨기",
      "스킨십",
      "뭐라도 하자",
      "목욕하기",
      "졸리니까…"
    ],
    "1": [
      "\\nl< >「슬슬 머리 말리고 올게~」"
    ],
    "2": [
      "뭔가 마시자",
      "뭔가 하면서 놀자"
    ],
    "3": [
      "\\nl< >「머리가 아직 안 말랐어, 나중에 다시 마시자.」"
    ],
    "4": [
      "\\nl< >「머리가 아직 안 말랐어, 나중에 다시 놀러 와.」"
    ],
    "5": [
      "\\nl< >「오빠 손이 너무 야해서 안 돼!」"
    ],
    "6": [
      "\\nl< >「앗-!     \\w[40]",
      "벌써 이런 시간——!   \\w[60]",
      "방송 시간에 완전히 늦었잖아——!」"
    ],
    "7": [
      "\\nl< >「하지만 괜찮아, 미리 녹화해 뒀으니까 준비는 완벽해!」"
    ],
    "8": [
      "\\nl< >「앗-!     \\w[40]",
      "벌써 이런 시간——!   \\w[60]",
      "방송 시간에 늦었잖아——!」"
    ],
    "9": [
      ""
    ],
    "10": [
      "\\nl< >「앗-!     \\w[40]",
      "벌써 새 애니메이션 방송 시간이야——!」"
    ],
    "11": [
      "\\nl< >「지금부터 애니 볼 거야~! 오빠도 같이 볼래?」",
      "\\str[121], wanna come too?\""
    ],
    "12": [
      "응? 애니?",
      "여동생이 좋아하는 TV 프로그램인가?"
    ],
    "13": [
      "응, 같이 볼까."
    ],
    "14": [
      "\\nl< >\\{「그럼, 먼저 갈게~!」"
    ],
    "15": [
      "……왠일로 여동생이 그렇게 기대하고 있고, 한번 볼까!",
      "I guess I’ll go take a look too!"
    ]
  },
  "19": {
    "0": [
      "\\nl< >「아… 오빠…」"
    ],
    "1": [
      "큰일 났다, 방금 전에 엄청 창피한 일이 있었으니,",
      "지금 당장 서둘러 사과해야 해——",
      "I need to apologize right away."
    ],
    "2": [
      "\\nl< >「오빠, 미안해!」  \\w[60]\\^"
    ],
    "3": [
      "「미안……！  \\w[45]",
      "어, 어라?」"
    ],
    "4": [
      "왜 여동생이 먼저 사과하는 거지?"
    ],
    "5": [
      "\\nl< >「아까는 너무 흥분해서,  \\w[180]",
      "그만 오빠한테 목소리가 커졌어.  \\w[90]"
    ],
    "6": [
      "\\nl< >……괜찮아?」   \\w[60]"
    ],
    "7": [
      "이 얼마나 착한 아이인가……",
      "오빠가 그렇게 심한 짓을 했는데,",
      "그런데도 계속 오빠를 생각해 주고——"
    ],
    "8": [
      "\\nl< >「진정하고 생각해 보니, 오빠가  \\w[120]",
      "요즘 스트레스가 많을지도 몰라.   \\w[160]",
      "매일 싸우고, 분명 힘들겠지.」",
      "it must be really tough for you.\""
    ],
    "9": [
      "\\nl< >「그래서, 그래서, 생각한 결과……   \\w[360]\\^"
    ],
    "10": [
      "여동생이 열심히 뭔가 나에게 전하려는 것 같다——",
      "이렇게 착한 여동생이라니,",
      "오빠 이제 감동해서 울 것 같은데?"
    ],
    "11": [
      "\\nl< >\\{「내가 할 수 있는 보답은 이것밖에 없다고 생각해서!」   \\w[240]\\^",
      "repay you!\"   \\w[240]\\^"
    ],
    "12": [
      "\\nl< >「자! 이걸 받아줘——！  \\w[60]",
      "오빠가 이런 걸 좋아할 줄은     \\w[60]",
      "전에는 몰랐어!」"
    ],
    "13": [
      "\\{\\ia[\\v[84]]를 손에 넣었다!!  \\w[60]"
    ],
    "14": [
      "팬티다.           \\w[60]",
      "아직 온기가 남아있는 팬티.   \\w[60]",
      "설마————"
    ],
    "15": [
      "\\nl< >「오빠도 남자니까, 괜찮겠지.   \\w[150]",
      "응응, 분명 그럴 거야, 틀림없어…」"
    ],
    "16": [
      "이마에서 땀이 멈추지 않는다……",
      "안 돼, 이대로는——"
    ],
    "17": [
      "\\nl< >「그러니까,",
      "오빠한테는 늘 신세를 졌어.   \\w[300]",
      "\\{고마워! 잘 자——！     \\}」\\w[120]\\^"
    ],
    "18": [
      "…………",
      "…………"
    ],
    "19": [
      "「아냐——！그런 게 아니라고!」"
    ],
    "20": [
      "「오빠는 이걸 원하는 게 아니—— 아, 틀려!」"
    ],
    "21": [
      "「그런 식으로 생각한 적 한 번도 없으니까——」"
    ],
    "22": [
      "\\nl< >「싫어——！오빠 얼굴 무서워!",
      "가까이 오지 마!」"
    ],
    "23": [
      "「설명할게——！",
      "진짜 그런게 아냐—」"
    ],
    "24": [
      "\\nl< >「오빠 얼굴이 더 무서워졌어——」"
    ],
    "25": [
      "「오빠를 싫어하지 말아줘——」"
    ],
    "26": [
      "\\nl< >「오빠 따위, 정말 싫어……！!」  "
    ],
    "27": [
      "\\{「크윽……！」"
    ],
    "28": [
      "온 힘을 다해서 저항하는 여동생의 목소리를 듣자,",
      "나는 생각하는 것을 멈췄다."
    ]
  },
  "20": {
    "0": [
      "「————ge」    \\w[60]\\^"
    ],
    "1": [
      "「————哥哥」    \\w[60]\\^"
    ],
    "2": [
      "好像在被谁呼唤着。"
    ],
    "3": [
      "\\nl< >「哥哥没事吧？脸色看起来很糟糕哦？」 ",
      "You look really pale.\" "
    ],
    "4": [
      "「——是妹妹吗？」 "
    ],
    "5": [
      "我是在这里打盹了吗、 ",
      "头脑昏昏沉沉的，什么也想不起来…"
    ],
    "6": [
      "\\nl< >「还没睡醒吗？呐ー」  \\w[90]\\^"
    ],
    "7": [
      "抱住妹妹",
      "「已经醒了。」"
    ],
    "8": [
      "少女那张可爱的脸就在眼前，",
      "我下意识地伸出手，把她紧紧抱住。",
      "I reached out and pulled her into a hug."
    ],
    "9": [
      "嗯嗯……软软的，味道也好香——",
      "鼻子里全是那种像橘子一样的甜香味。",
      "啊……感觉困意又涌上来了……"
    ],
    "10": [
      "\\nl< >「真是的、哥哥又睡过去了！」"
    ],
    "11": [
      "是错觉吗？总感觉……",
      "眼前的妹妹，跟记忆里的样子比，好像长大了不少。"
    ],
    "12": [
      "我不由自主地伸出手，在她身上轻轻摸索——",
      "很快就碰到了某个软软的地方。"
    ],
    "13": [
      "\\nl< >「呀啊ー！哥哥！？」"
    ],
    "14": [
      "「嗯————果然感觉变得更大了啊——」"
    ],
    "15": [
      "\\nl< >「才没有变大呢……  \\w[60]",
      "话说哥哥、你在摸什么地方呀！」"
    ],
    "16": [
      "\\{「咕……！」"
    ],
    "17": [
      "感觉被什么沉重的东西砸中了头、",
      "一瞬间眼前感觉变得天旋地转起来。"
    ],
    "18": [
      "\\nl< >「已经清醒过来了吗？」"
    ],
    "19": [
      "「多亏了您这一拳、现在已经完全清醒了。」"
    ],
    "20": [
      "\\nl< >「那么、知道现在是什么情况吗？」"
    ],
    "21": [
      "「知道、刚刚摸到了妹妹的屁股、",
      "手感非常不错————」  \\w[60]\\^"
    ],
    "22": [
      "\\nl< >\\{「才没有在问摸的感想！",
      "哥哥大笨蛋！」"
    ],
    "23": [
      "哎呀，好像有点捉弄过头了。",
      "不过刚才被那么来了一下，确实完全清醒过来了。"
    ],
    "24": [
      "而且……刚才好像做了个特别重要的梦，",
      "但现在怎么都想不起来了——"
    ],
    "25": [
      "算了，就先这样吧，迟早会想起来的。",
      "眼下还是得先哄哄妹妹才行。"
    ],
    "26": [
      "\\nl< >「太好了。做噩梦了？看起来很难受的样子呢。」",
      "You looked really distressed.\""
    ],
    "27": [
      "噩梦吗……确实感觉刚才做了个不得了的梦。",
      "现在这阵隐隐作痛的头疼，就跟宿醉一样难受，",
      "眼角也还残留着点泪痕……"
    ],
    "28": [
      "身体这种说不清的异样感，好像自己真的经历了什么似的，",
      "一点点在印证那个梦的痕迹……",
      "and it’s slowly confirming the traces of that dream..."
    ],
    "29": [
      "\\nl< >「哦〜都梦见了什么呢？」"
    ],
    "30": [
      "是啊、我到底梦见了什么？"
    ],
    "31": [
      "和父亲最后一次见面",
      "梦见了小时候",
      "梦见了妹妹",
      "梦见了牛排",
      "什么也想不起来…"
    ],
    "32": [
      "\\nl< >「小时候的哥哥吗？",
      "好想见一见还是小孩子的哥哥呀~」"
    ],
    "33": [
      "\\nl< >「拿着木剑到处奔跑、  \\w[60]",
      "大声喊着『将来我要成为勇者！』的那个样子  \\w[90]",
      "肯定超级可爱的呀！」"
    ],
    "34": [
      "不不不、那是谁的可爱黑历史啊。",
      "现在让我看到那副场景、",
      "可是会一边哭一边挖个洞躲起来哦？"
    ],
    "35": [
      "「啊、不过说起这个、",
      "仓库里好像确实放着以前父亲用过的装备。",
      "以前父亲好像是当过一阵子冒险者的……」"
    ],
    "36": [
      "「父亲大人还做过这种事情吗？」"
    ],
    "37": [
      "「那个男人年轻时可是做过不少笨蛋一样的事情啊——  \\w[60]",
      "好、机会难得、去找找看吧！」"
    ],
    "38": [
      "这里是父亲曾经进行各种炼金术研究的房间，",
      "但现在也已经和荒废了没什么区别……"
    ],
    "39": [
      "「嘿咻！」"
    ],
    "40": [
      "在已经不再使用的地下室里。",
      "我环顾着四周，寻找有用的东西。"
    ],
    "41": [
      "「嗯……\\w[30]哦？\\w[30]哦哦！？ \\w[30]",
      "噢噢噢噢噢ー！\\w[30]",
      "这是——————！」"
    ],
    "42": [
      "「这是父亲以前用过的装备啊！",
      "好耶、看起来真帅啊！」"
    ],
    "43": [
      "\\nl< >「啊、嗯……  \\w[60]",
      "哥哥开心就好呢…」"
    ],
    "44": [
      "「看啊、吾妹哟、只要有了这个、",
      "就算是在深渊里哥哥也能畅通无阻了！」"
    ],
    "45": [
      "\\nl< >(哥哥……看起来像小孩子一样兴奋呢……)",
      "he looks as excited as a little kid...)"
    ],
    "46": [
      "我兴奋地挥舞着还沾满灰尘的装备、",
      "不过妹妹看起来并没有什么兴趣的样子啊。"
    ],
    "47": [
      "哎呀、没想到真能找到宝贝……",
      "不过说起来我是不是忘记了什么重要的事情啊。"
    ],
    "48": [
      "算了、记不清了也就那样了。",
      "好想赶紧明天快点用上新装备啊！"
    ],
    "49": [
      "Since I couldn’t remember what happened in the dream,",
      "I just made something up."
    ],
    "50": [
      "\\nl< >\"Ahhh—no fair! Steak buffet!",
      "I want some too!\""
    ],
    "51": [
      "Ah, right—\\str[120]’s a total meat lover.",
      "All-you-can-eat steak must sound amazing to her."
    ],
    "52": [
      "\"Then next time I’ll bring back more meat,",
      "and we’ll have a big BBQ party together, okay?\""
    ],
    "53": [
      "\\nl< >\"Yay! \\str[121], you’re the best!\""
    ],
    "54": [
      "\\nl< >\"Filet~♪ Sirloin~♪    \\w[90]",
      "Chateaubriand~♪ T-bone and Ribeye~♪\"   \\w[90]"
    ],
    "55": [
      "\\str[120] looked so happy, ",
      "she started singing a weird and off-key song.",
      "Oh well, as long as she’s happy...",
      "I just hope we can actually make that promise happen soon..."
    ],
    "56": [
      "\\nl< >\"\\str[121]... are you really okay?  \\w[60]",
      "You’re starting to forget things like an old man, you know?\""
    ],
    "57": [
      "Yeah... why is that?",
      "It feels like something invisible is keeping me from remembering."
    ],
    "58": [
      "Hmm... whatever.",
      "I’ll remember it eventually.",
      "No need to stress over it now."
    ]
  },
  "23": {
    "0": [
      "\\nl< >「싫어! 같이 목욕하는 건 절대 싫어!」"
    ],
    "1": [
      "여동생에게 완전히 거절당했다.",
      "역시 들으니 마음이 아프네…"
    ],
    "2": [
      "\\nl< >「에에… 오빠랑 같이 목욕? \\w[120]",
      "이젠 어린애가 아니야…」"
    ],
    "3": [
      "여동생에게 거절당했다.",
      "그렇게 생각하면, 이것도 당연한 거겠지…"
    ],
    "4": [
      "\\nl< >「와——, 목욕하러 출발~!」"
    ],
    "5": [
      "\\nl< >「와——, 목욕하고 올게~」"
    ],
    "6": [
      "\\nl< >「……좋아♥」"
    ],
    "7": [
      "\\nl< >「응……\\w[80]오빠가 원한다면…\\w[90]",
      "같이 들어갈까…」"
    ],
    "8": [
      "\\nl< >「싫어! 같이 목욕하는 건 절대 싫어!」"
    ],
    "9": [
      "여동생에게 완전히 거절당했다.",
      "역시 듣고 나니 마음이 아프네…"
    ],
    "10": [
      "\\nl< >「우와아…",
      "오빠는 정말 어린애 같네…」\\w[150]"
    ],
    "11": [
      "\\nl< >「정말… 오빠는 곤란하네, 좋아…」",
      "Fine, I’ll go…\""
    ],
    "12": [
      "여동생에게 몇 번이나 부탁해서, 드디어 성공했다…!"
    ],
    "13": [
      "\\nl< >\\{「안——돼————！！\\w[90]",
      "오빠, 분명 뭔가 나쁜 일을",
      "생각하고 있을 거야!」\\}"
    ],
    "14": [
      "으으으… 여동생한테 심하게 혼났다…"
    ],
    "15": [
      "필사적으로 부탁한다",
      "그만둔다"
    ],
    "16": [
      "……조금 전에 목욕했잖아?"
    ],
    "17": [
      "음……슬슬 목욕해야겠네…."
    ],
    "18": [
      "여동생을 꼬셔서 같이",
      "먼저 목욕하기"
    ],
    "19": [
      "모처럼의 기회,",
      "여동생한테 같이 목욕하자 해볼까…",
      "\\str[120] to bathe together..."
    ],
    "20": [
      "\\nl< >「오빠 지금부터 목욕할 거야?",
      "그럼, 나중에 봐~」"
    ]
  },
  "24": {
    "0": [
      "\\nl< >\"It's bedtime now.",
      "You should get some rest too, \\str[121]...\""
    ],
    "1": [
      "\\nl< >\"It’s fine, it’s fine! ",
      "I was just about to sleep too!\""
    ],
    "2": [
      "Go to sleep",
      "Wait a bit"
    ],
    "3": [
      "Hmm, still got a few things I want to do."
    ],
    "4": [
      "\\nl< >\"Yeah, it’s about time to rest.   \\w[120]",
      "Good night, \\str[121].\""
    ],
    "5": [
      "\\nl< >\"You worked hard today too, \\str[121].         \\w[120]",
      "Good night...\""
    ],
    "6": [
      "\\nl< >\"Lately you’ve been going to bed so early, \\str[121]...     \\w[150]",
      "It feels a little lonely...\""
    ],
    "7": [
      "\\nl< >\"You're going to bed early... Are you okay, \\str[121]?    \\w[120]",
      "Feeling tired today?\""
    ],
    "8": [
      "\\nl< >\"I see... get a good rest then.       \\w[120]",
      "Good night, \\str[121].\""
    ]
  },
  "25": {
    "0": [
      "Lewd Topics",
      "Spoil \\str[120]",
      "Adventure Talk",
      "Chit-chat"
    ],
    "1": [
      "Chatted casually with \\str[120] about random things."
    ],
    "2": [
      "\"I’ve got a new recipe idea today!\"",
      "\"Your hair’s gotten longer.\"",
      "\"I wonder what the weather will be like tomorrow…\"",
      "\"This game, huh…\"",
      "\"I’ve heard about it before…\""
    ],
    "3": [
      "Leave it to me!            \\w[30]",
      "Brushy brushy—\\w[30]brushy brushy—\\w[30]brushy brushy—\\w[30]",
      "I carefully brushed \\str[120]’s hair."
    ],
    "4": [
      "\"You’re even cuter than yesterday!\"",
      "I gave \\str[120] some very enthusiastic praise."
    ],
    "5": [
      "\"Good girl, good girl, good girl—!\"",
      "I patted \\str[120]’s head over and over."
    ],
    "6": [
      "\"In the depths of the dungeon—\"",
      "I chatted with \\str[120] about adventures in the Abyss."
    ],
    "7": [
      "\"There are actually tons of items with magical effects—\"",
      "I talked with \\str[120] about magic items."
    ],
    "8": [
      "\"Yesterday, I found—\"",
      "I shared a recent story from one of my adventures."
    ],
    "9": [
      "\"You know, adventurers always gather at the tavern ",
      "to celebrate their victories…\"",
      "I talked with \\str[120] about the daily life of adventurers."
    ],
    "10": [
      "\"Did you know? There are mushrooms that can actually run!\"",
      "I told \\str[120] about strange monsters I encountered in the Abyss."
    ],
    "11": [
      "\"Actually, I likes...\""
    ],
    "12": [
      "\"Saying lewd things are bad is totally wrong!\""
    ],
    "13": [
      "\"Girl's body...\""
    ],
    "14": [
      "\"This part here...\""
    ],
    "15": [
      "Chatted with \\str[120] about some grown-up topics."
    ],
    "16": [
      "Panties Today?",
      "Sex Education"
    ]
  },
  "29": {
    "0": [
      "\\nl< >\"\\str[121]… don’t bring up weird stuff right now…\""
    ],
    "1": [
      "\\str[120] mumbled with embarrassment,",
      "but the hazy look in her eyes seemed to suggest something else…"
    ],
    "2": [
      "\\nl< >\"That’s interesting~\""
    ],
    "3": [
      "\\str[120] listened with interest—nice!"
    ],
    "4": [
      "\\nl< >\"Huh~ I see.\""
    ],
    "5": [
      "\\nl< >\"Ah, yeah… I guess so.\""
    ],
    "6": [
      "\\str[120] looked a little bored… ",
      "maybe the topic wasn’t interesting enough?"
    ],
    "7": [
      "\\nl< >\"That’s a pretty deep topic.\""
    ],
    "8": [
      "\\nl< >\"Um… \\str[121], let’s not talk about that anymore…\""
    ],
    "9": [
      "\\str[120] doesn’t seem to like that topic—better ",
      "be careful next time..."
    ],
    "10": [
      "\\nl< >\"\\str[121]… sorry, but please stop...\""
    ],
    "11": [
      "Looks like \\str[120]’s getting a little upset…"
    ],
    "12": [
      "\\nl< >\"Hmm… I see…\""
    ],
    "13": [
      "\\str[120] listened absentmindedly, as if she was enduring something."
    ],
    "14": [
      "\\nl< >\"—Onii-chaaaan~!\""
    ],
    "15": [
      "Cheered \\str[120] up!"
    ],
    "16": [
      "\\nl< >\"Thanks for today, \\str[121].\""
    ],
    "17": [
      "\\str[120]’s mood seems to have improved."
    ],
    "18": [
      "\\nl< >\"Mm…\""
    ],
    "19": [
      "\\str[120]’s reaction seems a little off…"
    ],
    "20": [
      "\\nl< >\"\\str[121]… that’s enough already…\""
    ],
    "21": [
      "\\str[120]’s reaction wasn’t very good."
    ],
    "22": [
      "\\nl< >\"You’re being annoying, \\str[121]!\""
    ],
    "23": [
      "Got on \\str[120]’s bad side…"
    ],
    "24": [
      "\\nl< >\"\\str[121], you big dummy! Stop it already!\""
    ],
    "25": [
      "I was strongly rejected by \\str[120]…"
    ],
    "26": [
      "\\nl< >\"...I feel a little embarrassed.\""
    ],
    "27": [
      "\\nl< >\"Geez, \\str[121]... you're teasing me again.\""
    ],
    "28": [
      "\\str[120] looked a little flustered."
    ]
  },
  "30": {
    "0": [
      "으응… 지금은… 만지지마……"
    ],
    "1": [
      "\\nl< >「정말, 머리도 안 말랐는데 만지지 마…」",
      "\\w[180]\\^"
    ],
    "2": [
      "또 머리카락 헝클어질 거야",
      "응… 이상한 느낌…",
      "에헤헤…",
      "오빠 손, 따뜻해…",
      null,
      "오빠…",
      null,
      "우냐-"
    ],
    "3": [
      "\\nl< >\\{「정말-, 오빠 너무 많이 만져!」",
      "\\w[150]\\^",
      "\\w[150]\\^"
    ]
  },
  "34": {
    "0": [
      "\\{「봐라!           \\w[40]\\}",
      "이건 최신 세대의 조-          \\^"
    ],
    "1": [
      "\\nl< >\\{「오오오오——! 조이스테이션 V다!」",
      "\\w[120]\\^"
    ],
    "2": [
      "「그래그래, 조이스테이션 V야——!     \\w[30]",
      "……어라?        \\w[30]",
      "이미 알고 있었어?」"
    ],
    "3": [
      "\\nl< >「무슨 소리야 오빠! 이건 업계 사람으로서",
      "알아둬야 하는 거라고!」"
    ],
    "4": [
      "「엣… 업계?」"
    ],
    "5": [
      "실패했다…",
      "모처럼 선물을 건넬 타이밍에 멋진 포즈를 취했는데,",
      "전혀 서프라이즈인 느낌이 없었다……."
    ],
    "6": [
      "\\nl< >「안에는 『섀도우 소울』 게임",
      "소프트도 들어있어, 야호!」"
    ],
    "7": [
      "\\nl< >「기뻐! 오빠 최고, 사랑해!」",
      "You’re the best, \\str[121]! I love you!\""
    ],
    "8": [
      "뭐, 결과적으로는 서프라이즈 선물이었네,",
      "여동생도 이렇게 기뻐하니."
    ],
    "9": [
      "\\nl< >「오빠, 멍하니 있지 말고!",
      "빨리 같이 놀자!」"
    ],
    "10": [
      "「그래, 같이 놀자!」"
    ],
    "11": [
      "결국 둘이서 밤새도록 게임을 즐기다가,",
      "저녁도 잊어버렸다…"
    ],
    "12": [
      "\\c[2]\\{",
      "여동생과 함께 게임을 할 수 있게 되었다!",
      "\\w[120]"
    ],
    "13": [
      "응……? 게임기가 켜져 있네?",
      "전원을 안 껐나?"
    ],
    "14": [
      "「아-」"
    ],
    "15": [
      "희미한 불빛 속에서, 여동생이 게임을 하고 있는 게 보인다."
    ],
    "16": [
      "\\nl< >「아——」"
    ],
    "17": [
      "아무래도 여동생도 내가 온 걸 눈치챈 모양이다."
    ],
    "18": [
      "\\nl< >「아와와우와와와————」"
    ],
    "19": [
      "여동생은 재빨리 침대로 돌아가서, 얼굴을 베개에 파묻고 엎드려 있다.",
      "자는 척하며 넘어가려는 것 같다…",
      "Looks like she’s fully committed to pretending she’s asleep…"
    ],
    "20": [
      "자세히 보니 여동생의 몸이 아직 살짝 떨리고 있다.",
      "어떡하지…… 살짝 놀려주고 싶네."
    ],
    "21": [
      "엉덩이를 만진다"
    ],
    "22": [
      "폭신한 반바지에 단단히 감싸인",
      "토실토실한 엉덩이를 보자,",
      "나도 모르게 손으로 만져버렸다."
    ],
    "23": [
      "\\nl< >「잠들었다… 잠들었다…」"
    ],
    "24": [
      "\\nl< >「쿠우우우우우…」"
    ],
    "25": [
      "\\nl< >「안 보여, 오빠한텐 안 보여…」"
    ],
    "26": [
      "……역시 그만두자, 여동생의 반응은 재밌지만,",
      "불쌍해 보이니까 놀리는 건 그만두자.",
      "I should stop teasing her."
    ],
    "27": [
      "「제대로 자야 한다.」"
    ],
    "28": [
      "마지막으로 여동생의 머리를 쓰다듬고, 나도 잠자리로 돌아갔다."
    ]
  },
  "39": {
    "0": [
      "\\{「윽！？ 」\\w[60]"
    ],
    "1": [
      "「배, 배가 갑자기 아파……」"
    ],
    "2": [
      "\\nl< >「오빠? 왜 그래? \\w[40]",
      "왠지 배 속에서 이상한 소리가 들린 것 같은데——」"
    ],
    "3": [
      "\\{「우오오오오오——！？ 」\\w[60]"
    ],
    "4": [
      "위가 정말 엄청나게 경련하고 있다……",
      "엣, 혹시 아까 뭔가 이상한 걸 먹었나……?"
    ],
    "5": [
      "무심코 여동생의 상태도 궁금해서 봤는데,",
      "너무나도 침착한 표정이었다.",
      "같은 걸 먹었을 텐데……",
      "Even though we ate the exact same thing..."
    ],
    "6": [
      "여동생이 자신과 같은 일을 겪지 않아서 다행이지만……",
      "그야, 집에는 화장실이 하나뿐이고,",
      "만약 여동생까지 이랬다면,",
      "상상하기도 싫은 수라장이 되었을지도……",
      "if she got hit too, ",
      "this situation could turn into ",
      "an unimaginable disaster..."
    ],
    "7": [
      "「미, 미안, 오빠 잠깐 화장실 좀 다녀올게……」",
      "\\str[121] really needs to go to the toilet...\""
    ],
    "8": [
      "\\nl< >「……엣, \\{치질\\} 또 악화된 거야?」"
    ],
    "9": [
      "\\nl< >「배 아픈 거야?",
      "오빠, 불쌍해……」"
    ],
    "10": [
      "\\nl< >\"…I’ll just head to the toilet.\""
    ],
    "11": [
      "\\str[120] went to the toilet…",
      "I’ll just find something random to kill time."
    ],
    "12": [
      "——Come to think of it,",
      "I never managed to take care of C before, did I?"
    ],
    "13": [
      "I’ve got a bad feeling, I can sense C’s presence.",
      "To protect \\str[120], should I go check on her…?"
    ],
    "14": [
      "Go Check",
      "Forget It"
    ],
    "15": [
      "Yeah… this is to protect \\str[120], ",
      "and also to bring C to justice…",
      "It’s not like I’m trying to peek or anything…"
    ],
    "16": [
      "…Forget it.",
      "Going to peek with such a flimsy excuse really isn’t right."
    ],
    "17": [
      "\\nl< >\"Mmm… nghh…\""
    ],
    "18": [
      "Huh? \\str[120] looks a little off,",
      "her cheeks are bright red, and it seems like she’s enduring something…"
    ],
    "19": [
      "\"What’s wrong? Do you feel sick?\""
    ],
    "20": [
      "I reached out to touch her forehead. It was warmer than usual,",
      "but it didn’t really feel like a fever—            \\w[30]\\^"
    ],
    "21": [
      "\\nl< >\"Ah…!\\w[30]It’s nothing at all!\""
    ],
    "22": [
      "\\nl< >\"I…\\w[30] I…\\w[30] I’ll just go to the toilet…!\"",
      "\\w[120]\\^"
    ],
    "23": [
      "She quickly ran out of the room,",
      "Huh? Was she really just in a hurry to use the toilet?"
    ],
    "24": [
      "What should I do… should I go see what’s going on with her?"
    ],
    "25": [
      "Go Check",
      "Forget It"
    ],
    "26": [
      "Yeah, just in case…"
    ],
    "27": [
      "…Forget it.",
      "Going to peek with such a flimsy excuse really isn’t right."
    ]
  },
  "40": {
    "0": [
      "After returning to the room,",
      "I could see \\str[120] trembling under the blanket."
    ],
    "1": [
      "What on earth did she see that scared her so much…"
    ],
    "2": [
      "\\nl< >\"Uuehh… \\str[121]…\""
    ],
    "3": [
      "\"Don’t be scared… \\str[121]’s right here, ",
      "nothing to fear now.\""
    ],
    "4": [
      "I held her and comforted her for a while, ",
      "and she finally calmed down."
    ],
    "5": [
      "When I asked at the end, ",
      "it seemed she had found a bug in the toilet.",
      "Probably because the weather’s getting warmer… ",
      "it’s about time to think of some pest control."
    ],
    "6": [
      "After we went back to the room together,",
      "she sadly hid under the blanket again."
    ],
    "7": [
      "\\nl< >\"Bugs… so scary… I hate bugs…\""
    ],
    "8": [
      "I could hear her mumbling to herself,",
      "she really seemed to have taken quite a shock…"
    ],
    "9": [
      "This can’t go on…",
      "I’ve got to find a way to deal with the bugs in the house."
    ]
  },
  "41": {
    "0": [
      "여동생이 게임에서 진 바람에,",
      "지금은 토라져서 이불을 둘러싸고 움직이지 않는다."
    ],
    "1": [
      "이거 큰일이네… 너무 놀린 걸지도.",
      "looks like I went too far teasing her."
    ],
    "2": [
      "여동생의 기분을 풀어줘야겠다……"
    ],
    "3": [
      "기분을 풀어준다",
      "엉덩이를 쓰다듬는다",
      "위로한다"
    ],
    "4": [
      "다정한 말을 건네며, 살며시 등을 토닥토닥 해주고,",
      "조심스럽게 웃게 하려고 한다."
    ],
    "5": [
      "여동생이 가장 좋아하는 딸기 우유를 가져다주고, 말동무가 되어주면서,",
      "몰래 기분이 풀렸는지 살핀다.",
      "sign of improvement."
    ],
    "6": [
      "불만스러운 듯 이불 밖으로 튀어나온, 동그랗고 말랑한 여동생의",
      "엉덩이에, 살며시 손을 뻗어 만져보았다. 알아주길 바라는 마음으로.",
      "hoping to get her attention."
    ],
    "7": [
      "여동생의 토끼 인형을 가져와서,",
      "인형인 척 이야기하며 웃게 한다."
    ],
    "8": [
      "\\nl< >「이제 됐어…… 오빠,",
      "이제 용서했으니까……」"
    ],
    "9": [
      "\\nl< >「여동생과의 약속, 잊지 마.」"
    ],
    "10": [
      "아직 조금 기분이 안 좋은 듯하지만,",
      "여동생은 꽤 기운을 되찾고, 겨우 이불에서 얼굴을 내밀었다."
    ],
    "11": [
      "\\nl< >「괴롭히기나 하고……」"
    ],
    "12": [
      "\\nl< >「이제 오빠 같은 건 몰라……」"
    ],
    "13": [
      "여동생은 조금 기운을 차린 것 같다."
    ],
    "14": [
      "\\nl< >「오빠는 나쁜 사람……」"
    ],
    "15": [
      "\\nl< >「오빠, 너무해……」"
    ],
    "16": [
      "아직 여동생은 약간 우울해 보인다."
    ],
    "17": [
      "\\nl< >「오빠…… 미워……」"
    ],
    "18": [
      "아직 여동생은 많이 풀이 죽어 있는 것 같다."
    ],
    "19": [
      "\\nl< >「그럼…… 오빠,     \\w[60]",
      "부탁 하나만 해도 돼?」"
    ],
    "20": [
      "「좋아, 뭐든지 말해봐!」"
    ],
    "21": [
      "\\nl< >「내일, 상처투성이로 돌아오지 마…」"
    ],
    "22": [
      "\\nl< >「내일은 고기 요리가 먹고 싶어……」"
    ],
    "23": [
      "「그래, 약속할게.」"
    ],
    "24": [
      "그 내용은 부탁라기보다는 그저 어리광 같았다.",
      "그러고 보니… 여동생은, 옛날부터 쭉 이렇게 귀여운 아이였지……",
      "\\str[120] really is such a sweet, lovable girl…"
    ]
  },
  "42": {
    "0": [
      "\\nl< >「졸려——\\w[90]",
      "오빠, 벌써 늦었어, 잘 시간이야…」"
    ],
    "1": [
      "그러게, 벌써 이런 시간인가. 이대로 잘까?",
      "Should I just go to bed? "
    ],
    "2": [
      "네",
      "조금 더"
    ],
    "3": [
      "그러네, 벌써 늦었으니, 자자——"
    ],
    "4": [
      "……아직 뭔가 하고 싶네. 조금만 더 힘내자.",
      "Guess I’ll hang in there a bit longer."
    ],
    "5": [
      "\\nl< >\\}「우냐——zzZ」\\{"
    ],
    "6": [
      "……",
      "……"
    ],
    "7": [
      "안 되겠네, 여동생은 이미 거의 잠들었다.",
      "오늘은 이대로 두자, 잘 시간이다."
    ],
    "8": [
      "잠든 여동생을, 살며시 안아 침대까지 옮겨주었다.",
      "and carried her back to bed."
    ],
    "9": [
      "좋아, 나도 자야겠다."
    ],
    "10": [
      "\\nl< >「졸려! 이제 잘 거니까,",
      "오빠 방해돼, 빨리 나가!」",
      "so hurry up and get out!\""
    ],
    "11": [
      "「아니, 나는 아직——！」\\w[60]\\^"
    ],
    "12": [
      "\\nl< >「비켜—— 비켜——」\\w[60]\\^"
    ]
  },
  "44": {
    "0": [
      "음……뭔가 마시고 싶어졌다……"
    ],
    "1": [
      "근데, 지금은 마실 게 아무것도 없었지."
    ],
    "2": [
      "음……뭔가 마시고 싶어졌다……"
    ],
    "3": [
      "왠지,",
      "더 이상 마시고 싶은 기분이 아니게 됐다……"
    ],
    "4": [
      "「\\ii[\\v[90]]라도 마실래?」"
    ],
    "5": [
      "\\nl< >「별로! 오빠가 마시고 싶으면, 마시던가!」"
    ],
    "6": [
      "\\nl< >「오오~! 마시고 싶어!」"
    ],
    "7": [
      "\\nl< >「응, 수고했어, 오빠.」"
    ],
    "8": [
      "\\nl< >「맛없을 것 같지만, 뭐 괜찮으려나.」"
    ],
    "9": [
      "\\nl< >「쓴 건 싫은데…… 정말 마실 거야?」",
      "are you really going to drink it?\""
    ],
    "10": [
      "그러고 보니,",
      "저번에 이상한 아이한테 산 과자가 있었지.",
      "여동생한테 시험해볼까……"
    ],
    "11": [
      "먹는다",
      "그만둔다"
    ],
    "12": [
      "역시 먹는 건 다음 기회로 하자."
    ],
    "13": [
      "「오늘은 과자가 있어!",
      "\\ii[\\v[90]]인데, 먹어볼래?」"
    ],
    "14": [
      "\\nl< >「먹을래! 과자는 무죄니까.」"
    ],
    "15": [
      "\\nl< >「에에에…왠지",
      "이러면 과자까지 맛없어질 것 같아…」"
    ],
    "16": [
      "\\nl< >「와아~! 아직 과자를 먹을 수 있네!」"
    ],
    "17": [
      "여동생과 함께 잠시 티파티 시간을 즐겼다."
    ],
    "18": [
      "\\nl< >「오빠, 좀 목말라.",
      "물 마시고 싶어……」"
    ],
    "19": [
      "목마르다고? 마침 오늘 \\ii[\\v[90]]를 샀는데."
    ],
    "20": [
      "「\\ii[\\v[90]] 마실래?」"
    ],
    "21": [
      "\\nl< >「엣, 그거 어디서 구했어?」"
    ],
    "22": [
      "「오늘, 낮에 숲 속 자판기에서 샀어.」",
      "forest earlier today\""
    ],
    "23": [
      "\\nl< >「……왜 숲 속에 자판기가 있어?」",
      "in the forest...?\""
    ],
    "24": [
      "「확실히 신기하네.",
      "근데 돈을 넣으니까 평범하게 음료수가 나왔고,",
      "유통기한도 최근 거였어.」"
    ],
    "25": [
      "「확실히 신기하네.",
      "근데 정말 음료수가 나왔고,",
      "유통기한도 최근 거였어.」"
    ],
    "26": [
      "하지만, 기계를 실수로 부숴버렸지,",
      "누군가 배상을 요구할지도…",
      "그렇게 생각하니, 좀 불안해졌다……",
      "Now that I think about it, this feels kinda bad..."
    ],
    "27": [
      "\\nl< >「그럼, 한 잔 따라 줘.」"
    ],
    "28": [
      "여동생과 자신에게 각각 \\ii[\\v[90]]를 따랐다.",
      "for both my sister and myself."
    ],
    "29": [
      "차갑고, 아주 맛있었다."
    ],
    "30": [
      "여동생과 함께 잠시 티파티 시간을 즐겼다."
    ],
    "31": [
      "이제부터 음료수를 사면,",
      "여동생과 함께 먹을 수 있게 됐다!    \\w[60]"
    ],
    "32": [
      "홍수액을 꺼냈지만,",
      "갑자기 무서워졌다——",
      "but just as I was about to give it to her, ",
      "fear suddenly crept over me—"
    ],
    "33": [
      "만약, 이게 여동생한테 효과가 없거나,  \\w[60]",
      "오히려 증상을 악화시킨다면……",
      " ",
      " ",
      "아버지의 연구는 틀림없겠지만,",
      "그래도……！"
    ],
    "34": [
      "\\nl< >「오빠? 왜 그래?  \\w[45]",
      "떨고 있어……」"
    ],
    "35": [
      "「……아, 괜찮아.」"
    ],
    "36": [
      "여동생에게 걱정을 끼쳐버렸다.   \\w[45]",
      "하지만, 그래도 아직,",
      "여동생에게 이 홍수액을 마시게 해야 할지 결정할 수 없다——"
    ],
    "37": [
      "\\nl< >「그거, 계속 오빠가 찾던 약이잖아……  \\w[90]",
      "오빠, 나를 걱정하는 거지?」",
      "Are you worried about me, \\str[121]?"
    ],
    "38": [
      "여동생이 갑자기, 홍수액을 든 내 손을 꽉 잡았다.",
      "I was using to hold the Elixir Rubrum."
    ],
    "39": [
      "\\nl< >「오빠는 계속 나를 위해",
      "필사적으로 노력해 줬어……     \\w[90]",
      "나도 오빠를 위해 노력하고 싶어……」"
    ],
    "40": [
      "\\nl< >「그러니까, 이 약을 시험하게 해 줘.」"
    ],
    "41": [
      "여동생의 말에서 강한 결의가 전해져 왔다."
    ],
    "42": [
      "「……만약 위화감을 느끼면, 바로 뱉어내는 거야?」",
      "promise me you’ll spit it out, okay?\""
    ],
    "43": [
      "여기까지 와서, 더 이상 도망칠 이유는 없다.",
      "나는 홍수액을 우유에 섞어서 여동생에게 건네주었다.",
      "and handed it to her."
    ],
    "44": [
      "여동생은 우유에 섞은 홍수액을 바로 마셨고,",
      "나는 긴장하며 여동생의 모습을 지켜보았다.",
      "and I watched her anxiously for any reaction."
    ],
    "45": [
      "\\nl< >「으……」"
    ],
    "46": [
      "하지만, 여동생은 뭐라 말할 수 없는 표정을 지었다."
    ],
    "47": [
      "「맛, 이상했어?」"
    ],
    "48": [
      "\\nl< >「엄청 맛있어!",
      "시고 달콤해서, 한 잔 더 마시고 싶을 정도야!」"
    ],
    "49": [
      "의외로, 여동생은 약의 맛을 마음에 들어 하는 것 같았다.",
      "자신의 걱정이 한순간에 아무것도 아니게 된 기분이 들었다……."
    ],
    "50": [
      "결국,",
      "여동생은 홍수액을 마셔도 특별히 아무런 변화도 일어나지 않았다.",
      "정말 효과가 없는 걸까?"
    ]
  },
  "51": {
    "0": [
      "\\nl< >\"I’m back…\""
    ],
    "1": [
      "\\str[120] cheeks are flushed, and there’s a faint, ",
      "sweet scent coming from her body, this is…"
    ],
    "2": [
      "\"What’s wrong? You were in such a hurry just now—\""
    ],
    "3": [
      "\\nl< >\"N-no, it’s nothing…!     \\w[90]",
      "It’s just that the milk tasted weird and made me ",
      "feel like I had to rush to the toilet…!\""
    ],
    "4": [
      "\\nl< >\\}\"Uuehh……      \\w[60]",
      "My body still feels hot…\"         ",
      " \\w[180]\\^"
    ]
  },
  "53": {
    "0": [
      "\\nl< >\"\\str[121], ",
      "don’t bring up weird topics right now...\""
    ],
    "1": [
      "With a cheerful smile, ",
      "I asked \\str[120] what kind of panties she’s wearing now."
    ],
    "2": [
      "\\nl< >\"Mm... \\str[121],",
      "do you really want to know that much?\""
    ],
    "3": [
      "\\str[120] didn’t seem too resistant,",
      "is this a chance?"
    ],
    "4": [
      "\\nl< >\"What’s wrong, \\str[121]? ",
      "Asking such a weird question...\""
    ],
    "5": [
      "\"Ah... uh... it’s nothing...\""
    ],
    "6": [
      "Seeing \\str[120]’s innocent expression, ",
      "I turned my head away in shame."
    ],
    "7": [
      "Unwilling to give up, I pressed \\str[120] again about ",
      "the kind of panties she’s wearing now."
    ],
    "8": [
      "\\nl< >\"Geez, I really can’t say no to you...\""
    ],
    "9": [
      "\\nl< >\\}\"I'm not wearing anything at all...\""
    ],
    "10": [
      "\\nl< >\\}\"It's a blue-and-white striped one...\""
    ],
    "11": [
      "\\nl< >\\}\"It's a pink-and-white striped one...\""
    ],
    "12": [
      "\\nl< >\\}\"It's a plain white one...\""
    ],
    "13": [
      "She trotted over and leaned close, whispering softly in my ear.",
      "A faint citrus fragrance, carried on her warm breath, brushed against me—",
      "sending a tingling shiver down my spine."
    ],
    "14": [
      "\\nl< >\"Does this make \\str[121] happy~?\""
    ],
    "15": [
      "\\nl< >\"Eh... \\str[121],",
      "what are you trying to do by asking that...?\""
    ],
    "16": [
      "\\str[120] just looked at me with a confused expression."
    ],
    "17": [
      "Summoning all my courage, ",
      "I asked \\str[120] one last time what kind of panties ",
      "she’s wearing now."
    ],
    "18": [
      "\\nl< >\"\\str[121] already knows, doesn’t? ",
      "I’m not telling you again!\""
    ],
    "19": [
      "\\nl< >\"Geez, \\str[121], you’re so annoying!\""
    ],
    "20": [
      "I ended up making her angry..."
    ]
  },
  "AndroidBeginnersGuide": {
    "0": [
      "여동생을 탭하면, 상태를 확인할 수 있습니다",
      "여동생을 길게 누르면, 교류할 수 있습니다"
    ],
    "1": [
      "배경의 빈 공간을 길게 누르면, 여동생을 불러올 수 있습니다"
    ],
    "2": [
      "여동생의 몸을 따라 만지면, 스킨십을 할 수 있습니다"
    ],
    "3": [
      "왼쪽 아래의 돌아가기 버튼이나, 화면을 두 손가락으로",
      "탭하면 나갈 수 있습니다"
    ],
    "4": [
      "저장 데이터는 스마트폰 내 \\TC[#fff94e]Documents/sister_save\\TC[#ffffff] 폴더에 저장됩니다",
      "자유롭게 복사하여 백업하거나,",
      "새로운 저장 데이터로 교체하는 것도 가능합니다!",
      "다른 기기의 저장 데이터도 문제없습니다",
      "PC 버전과 Android 버전은 호환됩니다!"
    ],
    "5": [
      "하지만 주의하세요!",
      "현재는 기존의 저장 데이터에 덮어쓰기만 가능합니다",
      "기록이 존재하지 않는 저장 데이터를 이동해도",
      "게임에서 인식되지 않습니다!"
    ]
  },
  "exitGame": {
    "0": [
      "타이틀 화면으로 돌아가시겠습니까?",
      "현재 저장되지 않은 데이터는 손실됩니다——"
    ],
    "1": [
      "네",
      "아니요"
    ]
  },
  "beginnersGuide": {
    "0": [
      "Hover your mouse over \\str[120] to check \\str[120]'s status",
      "Left-click on \\str[120] to interact with \\str[120]"
    ],
    "1": [
      "Hold down the mouse on the background to call \\str[120] to you"
    ],
    "2": [
      "Touch and slide on \\str[120] to engage in intimate interaction"
    ],
    "3": [
      "Right-click or long-press the right mouse",
      "button to exit the skinShip mode"
    ]
  }
}