{
    "1": {
        "name": [
            "Подарочный купон на чай"
        ],
        "subtitle": "",
        "description": [
            "Купон, выпущенный NLCH, обменивается на вкусные чайные угощения",
            "Но… где вообще магазин NLCH?"
        ],
        "ability": [
		    "Можно скормить гача-автомату без риска, чтобы запустить прокрутку",
			"Всегда даёт 11 прокруток минимум с одним золотым шаром"
		]
    },
    "2": {
        "name": [
            "Путеводитель Авантюриста"
        ],
        "subtitle": [
            "\"Написано РОРО, начало 01.10.2024\""
        ],
        "description": [
            "Начиналось как обычный дневник авантюриста по имени РОРО.",
            "Со временем к нему присоединились другие, кому показалось это забавным,",
            "и добавили свои заметки. Так появился этот любопытный путеводитель —",
            "от «Как войти в подземелье» до «Что поесть на ужин»."
        ],
        "ability": [
            "Позволяет просматривать внутриигровое руководство"
        ]
    },
    "3": {
        "name": [
            "Хлам"
        ],
        "subtitle": "",
        "description": [
            "Разные бесполезные обломки",
            "Почему я вообще это поднял?"
        ],
        "ability": ""
    },
    "4": {
        "name": [
            "10 йен"
        ],
        "subtitle": "",
        "description": [
            ""
        ],
        "ability": ""
    },
    "5": {
        "name": [
            "50 йен"
        ],
        "subtitle": "",
        "description": [
            ""
        ],
        "ability": ""
    },
    "6": {
        "name": [
            "100 йен"
        ],
        "subtitle": "",
        "description": [
            ""
        ],
        "ability": ""
    },
    "7": {
        "name": [
            "500 йен"
        ],
        "subtitle": "",
        "description": [
            ""
        ],
        "ability": ""
    },
    "8": {
        "name": [
            "1000 йен"
        ],
        "subtitle": "",
        "description": [
            ""
        ],
        "ability": ""
    },
    "9": {
        "name": [
            "5000 йен"
        ],
        "subtitle": "",
        "description": [
            ""
        ],
        "ability": ""
    },
    "10": {
        "name": [
            "10000 йен"
        ],
        "subtitle": "",
        "description": [
            ""
        ],
        "ability": ""
    },
    "11": {
        "name": [
            "50000 йен"
        ],
        "subtitle": "",
        "description": [
            ""
        ],
        "ability": ""
    },
    "12": {
        "name": [
            "100000 йен"
        ],
        "subtitle": "",
        "description": [
            ""
        ],
        "ability": ""
    },
    "13": {
        "name": [
            "Карта Кроликов"
        ],
        "subtitle": "",
        "description": [
            "Карта, которой пользуются горничные-кролики, всё ещё покрытая крошками от моркови.",
            "Они роют Кроличьи Норы и носятся повсюду — почти как курьеры.",
            "С тех пор как десять лет назад появилась их дьявольски сообразительная лидерша,",
            "кролики захватили Бездну и начали торговать с монстрами."
        ],
        "ability": [
            "Позволяет просматривать карту Бездны и все интерактивные объекты"
    ]
    },
    "14": {
        "name": [
            "Волшебная камера"
        ],
        "subtitle": "",
        "description": [
            "Говорят, восточный артефакт тончайшей работы, потерянный",
            "в Бездне... Запечатлевает сцены, но",
            "легко поддаётся магии и порой снимает странное"
        ],
        "ability": [
            "Нажмите F7, чтобы сделать фото"
        ]
    },
    "15": {
        "name": [
            "СостояниеРадости V"
        ],
        "subtitle": "",
        "description": [
            ""

        ],
        "ability": [
            ""
        ]
    },
    "16": {
        "name": [
            "Тени душ DLC"
        ],
        "subtitle": "",
        "description": [
            ""

        ],
        "ability": [
            ""
        ]
    },	
    "17": {
        "name": [
            "Ахоге сестрёнки"
        ],
        "subtitle": "",
        "description": [
            "Ахоге, выдранный с головы моей сестрёнки,",
            "кажется, она даже не заметила... Этот локон всё так же упрямо",
            "торчит и странно упруго пружинит"
        ],
        "ability": ""
    },
    "18": {
        "name": [
            "Резиновая уточка"
        ],
        "subtitle": "",
        "description": [
            ""

        ],
        "ability": [
            ""
        ]
    },
    "19": {
        "name": [
            "Электровентилятор"
        ],
        "subtitle": "",
        "description": [
            ""

        ],
        "ability": [
            ""
        ]
    },
    "20": {
        "name": [
            "Фрагмент Философского камня"
        ],
        "subtitle": [
            "\"(ЛАТИНСКИЙ:)Haec est totius fortitudinis fortitudo fortis,  ",
            "quia vincet omnem rem subtilem, omnemque solidam penetrabit.\"",
            "(Перевод:)Вот сила всех сил,",
            "сила могучего: ибо она одолеет всё тонкое и проникнет во всё твёрдое.",
            "Так был создан мир."
		],
        "description": [
            "Даже один осколок содержит колоссальную силу—"
        ],
        "ability": ""
    },
    "23": {
        "name": [
            "Вкусное молоко"
        ],
        "subtitle": [
            "\"Спонсор: NLCH\""
    ],
        "description": [
            "Напиток из странного автомата",
            "Вкус — ладно, но почему здесь вообще стоит автомат?"
        ],
        "ability": [
            "HP+120, получает статус «Вкусно!!»"
        ]
    },
    "24": {
        "name": [
            "Морковное молоко"
        ],
        "subtitle": [
            "\"Спонсор: NLCH\""
    ],
        "description": [
            "Напиток из странного автомата",
            "Вкус — ладно, но почему здесь вообще стоит автомат?"
        ],
        "ability": [
            "HP+75, случайно снимает 1 негативный эффект"
        ]
    },
    "25": {
        "name": [
            "Клубничное молоко"
        ],
        "subtitle": [
            "\"Спонсор: NLCH\""
    ],
        "description": [
            "Напиток из странного автомата",
            "Вкус — ладно, но почему здесь вообще стоит автомат?"
        ],
        "ability": [
            "HP+75, Атака +50% на время"
        ]
    },
    "26": {
        "name": [
            "Дынное молоко"
        ],
        "subtitle": [
            "\"Спонсор: NLCH\""
    ],
        "description": [
            "Напиток из странного автомата",
            "Вкус — ладно, но почему здесь вообще стоит автомат?"
        ],
        "ability": [
            "HP+75, Магическая атака +50% на время"
        ]
    },
    "27": {
        "name": [
            "Банановое молоко"
        ],
        "subtitle": [
            "\"Спонсор: NLCH\""
    ],
        "description": [
            "Напиток из странного автомата",
            "Вкус — ладно, но почему здесь вообще стоит автомат?"
        ],
        "ability": [
            "HP+75, ускоряет на время"
        ]
    },
    "30": {
        "name": [
            "Розовое конпэйто"
        ],
        "subtitle": [
            "\"Фуфуфу... Лучше не знать состав~♥\""
    ],
        "description": [
            "Аккуратно изготовленное конпэйто, сделанное вручную Архидемоном",
            "Источает персиковый аромат — кружит голову одним запахом…"
        ],
        "ability": [
            "После съедания всё тело становится жарким!"
        ]
    },
    "31": {
        "name": [
            "Синее конпэйто"
        ],
        "subtitle": [
            "\"Фуфуфу... Лучше не знать состав~♥\""
    ],
        "description": [
            "Аккуратно изготовленное конпэйто, сделанное вручную Архидемоном",
            "Источает черничный аромат — один запах успокаивает…"
        ],
        "ability": [
            "Наводит умиротворение после еды..."
        ]
    },
    "32": {
        "name": [
            "Зелёное конпэйто"
        ],
        "subtitle": [
            "\"Фуфуфу... Лучше не знать состав~♥\""
    ],
        "description": [
            "Аккуратно изготовленное конпэйто, сделанное вручную Архидемоном",
            "Источает дынный аромат — один запах поднимает настроение…"
        ],
        "ability": [
            "Эффект не реализован"
        ]
    },
    "33": {
        "name": [
            "Пружинистый мидзуманъю"
        ],
        "subtitle": [
            "\"Фуфуфу... Лучше не знать состав~♥\""
    ],
        "description": [
            "Сделанный вручную Архидемоном, упругий и освежающий мидзуманъю",
            "Бьёт как разряд в момент, когда касается языка!"
        ],
        "ability": [
            "Эффект не реализован"
        ]
    },
    "35": {
        "name": [
            "Кола NLCH (L)"
        ],
        "subtitle": [
            "\"Спонсор: NLCH\""
    ],
        "description": [
            "Напиток из странного автомата",
            "Вкус — ладно, но почему здесь вообще стоит автомат?"
        ],
        "ability": [
            "Сильная тряска может вызвать мощный взрыв"
        ]
    },
    "42": {
        "name": [
            "Кеназ"
        ],
        "subtitle": [
            "\"Сила Взрыва\""
    ],
        "description": [
            "Камень с вырезанными магическими рунами, спроектирован так,",
            "чтобы даже новички без знаний магии могли легко активировать его эффект"
        ],
        "ability": [
            "При броске превращает цель, к которой прикоснётся, в бомбу",
			"Взрывается через 5 с; чем крупнее цель, тем шире радиус"
        ]
    },
    "43": {
        "name": [
            "Ансуз"
        ],
        "subtitle": [
            "\"Сила Откровения\""
    ],
        "description": [
            "Камень с вырезанными магическими рунами, спроектирован так,",
            "чтобы даже новички без знаний магии могли легко активировать его эффект"
        ],
        "ability": [
            "Оставляет текстовую метку в точке использования",
            "После обновления метка становится видимой для других игроков"
        ]
    },
    "44": {
        "name": [
            "Райдо"
        ],
        "subtitle": [
            "\"Сила Пути\""
        ],
        "description": [
            "Камень с вырезанными магическими рунами, спроектирован так,",
            "чтобы даже новички без знаний магии могли легко активировать его эффект"
        ],
        "ability": [
            "Бросает маркер, позволяющий меняться местами"
        ]
    },
    "45": {
        "name": [
            "Эваз"
        ],
        "subtitle": [
            "\"Сила Перемены\""
        ],
        "description": [
            "Камень с вырезанными магическими рунами, спроектирован так,",
            "чтобы даже новички без знаний магии могли легко активировать его эффект"
        ],
        "ability": [
            "Бросьте — и поменяетесь местами с целью, к которой он прикоснётся"
        ]
    },
    "46": {
        "name": [
            "Шут"
        ],
        "subtitle": [
            "\"Бесконечное любопытство глупого авантюриста\""
        ],
        "description": [
            "Магическая карта, наполненная заклинаниями. Спроектирована так,",
            "чтобы даже новичок мог легко активировать её эффект"
        ],
        "ability": [
            "При использовании принудительно телепортирует на случайную карту"
        ]
    },
    "48": {
        "name": [
            "Верховная Жрица"
        ],
        "subtitle": [
            "\"Да снизойдёт на тебя её милость...\""
        ],
        "description": [
            "Магическая карта, наполненная заклинаниями. Спроектирована так,",
            "чтобы даже новичок мог легко активировать её эффект"
        ],
        "ability": [
            "При использовании призывает врата, ведущие к Падшей Церкви"
        ]
    },
    "50": {
        "name": [
            "Император"
        ],
        "subtitle": [
            "\"Величие дракона незыблемо\""
        ],
        "description": [
            "Магическая карта, наполненная заклинаниями. Спроектирована так,",
            "чтобы даже новичок мог легко активировать её эффект"
        ],
        "ability": [
            "Использует «Рык дракона», оглушая всех врагов на экране"
        ]
    },
    "52": {
        "name": [
            "Влюблённые"
        ],
        "subtitle": [
            "\"Застывший аромат Ведьмы\""
        ],
        "description": [
            "Магическая карта, наполненная заклинаниями. Спроектирована так,",
            "чтобы даже новичок мог легко активировать её эффект"
        ],
        "ability": [
            "При использовании призывает монстров и ненадолго вводит их в берсерк"
        ]
    },
    "53": {
        "name": [
            "Колесница"
        ],
        "subtitle": [
            "\"К вашим услугам! Экспресс Ада!\""
        ],
        "description": [
            "Магическая карта, наполненная заклинаниями. Спроектирована так,",
            "чтобы даже новичок мог легко активировать её эффект"
        ],
        "ability": [
            "При использовании грузовик NLCH врезается в игрока"
        ]
    },
    "54": {
        "name": [
            "Сила"
        ],
        "subtitle": [
            "\"Высвободи мощь Гигантского Солдата-Бога\""
        ],
        "description": [
            "Магическая карта, наполненная заклинаниями. Спроектирована так,",
            "чтобы даже новичок мог легко активировать её эффект"
        ],
        "ability": [
            "Оружие ближнего боя временно увеличивается в размерах, Атака повышается"
        ]
    },
    "56": {
        "name": [
            "Колесо Фортуны"
        ],
        "subtitle": [
            "\"Рулетка ставок на душу\""
        ],
        "description": [
            "Магическая карта, наполненная заклинаниями. Спроектирована так,",
            "чтобы даже новичок мог легко активировать её эффект"
        ],
        "ability": [
            "При использовании даёт случайный бафф или дебафф"
        ]
    },
    "57": {
        "name": [
            "Справедливость"
        ],
        "subtitle": [
            "\"Пепел к пеплу, прах к праху\""
        ],
        "description": [
            "Магическая карта, наполненная заклинаниями. Спроектирована так,",
            "чтобы даже новичок мог легко активировать её эффект"
        ],
        "ability": [
            "При использовании снимает с игрока все статусы"
        ]
    },
    "59": {
        "name": [
            "Смерть"
        ],
        "subtitle": [
            "\"Цель любой жизни — смерть\""
        ],
        "description": [
            "Магическая карта, наполненная заклинаниями. Спроектирована так,",
            "чтобы даже новичок мог легко активировать её эффект"
        ],
        "ability": [
            "При использовании здесь явится сила Дьявола Смерти"
        ]
    },
    "60": {
        "name": [
            "Умеренность"
        ],
        "subtitle": [
            "\"Ящик Пандоры Бездны\""
        ],
        "description": [
            "Магическая карта, наполненная заклинаниями. Спроектирована так,",
            "чтобы даже новичок мог легко активировать её эффект"
        ],
        "ability": [
            "При использовании призывает гача-автомат"
        ]
    },
    "63": {
        "name": [
            "Звезда"
        ],
        "subtitle": [
            "\"Звезда — маяк, ведущий домой\""
        ],
        "description": [
            "Магическая карта, наполненная заклинаниями. Спроектирована так,",
            "чтобы даже новичок мог легко активировать её эффект"
        ],
        "ability": [
			"Призывает рядом с игроком Звёздную Дверь для возврата к началу"
        ]
    },
    "65": {
        "name": [
            "Солнце"
        ],
        "subtitle": [
            "\"Возрождение из пепла\""
        ],
        "description": [
            "Магическая карта, наполненная заклинаниями. Спроектирована так,",
            "чтобы даже новичок мог легко активировать её эффект"
        ],
        "ability": [
            "Накладывает Благословение Огненной птицы при использовании"
        ]
    },
    "67": {
        "name": [
            "Мир"
        ],
        "subtitle": [
            " \"Приглашает в загадочный миниатюрный сад...\""
        ],
        "description": [
            "Магическая карта, наполненная заклинаниями. Спроектирована так,",
            "чтобы даже новичок мог легко активировать её эффект"
        ],
        "ability": [
            "При использовании сбрасывает таймер событий, связанных с дропом"
        ]
    },
    "70": {
        "name": [
            "Бомба Джека"
        ],
        "subtitle": [
            "\"Сюда смотри...!\""
        ],
        "description": [
            "Алхимическая бомба, наполненная обезумевшими огненными элементалями",
            "Из-за крайней нестабильности взрывается сразу же",
            "стоит только взять её в руки",
            "В жаркой среде взрывается мгновенно!"
        ],
        "ability": ""
    },
    "71": {
        "name": [
            "Ледяная бомба Джека"
        ],
        "subtitle": [
            "\"Сюда смотри...!\""
        ],
        "description": [
            "Алхимическая бомба, наполненная леденящими элементалями льда",
            "Из-за крайней нестабильности взрывается сразу же",
            "стоит только взять её в руки"
        ],
        "ability": ""
    },
    "72": {
        "name": [
            "Ядовитая бомба Джека"
        ],
        "subtitle": [
            "\"Сюда смотри...!\""
        ],
        "description": [
            "Алхимическая бомба, наполненная смертельным ядом",
            "Из-за крайней нестабильности взрывается сразу же",
            "стоит только взять её в руки"
        ],
        "ability": ""
    },
    "75": {
        "name": [
            "Запечатанные часы"
        ],
        "subtitle": "",
        "description": [
            "Особый магический артефакт с нанесённым печатным заклинанием",
            "При разбитии активирует эффект, заставляя всё",
            "в пределах радиуса — включая само время — остановиться"
        ],
        "ability": ""
    },
        "76": {
            "name": [
                "Гинкела"
            ],
            "subtitle": "",
            "description": [
                "Странный корм неизвестного происхождения, говорят, на удивление вкусный",
                "Его аромат манит не только животных, но и монстров!",
                "Храните осторожно — запах быстро выветривается без правильной упаковки"
            ],
            "ability": [
                "При броске создаёт ароматное облако, которое притягивает монстров"
            ]
        },
    "77": {
        "name": [
            "Суши-пудинг"
        ],
        "subtitle": "",
        "description": [
            "Фамильяр некой Архидемоницы. Если отпустить,",
            "выведет к местонахождению Архидемоницы. Но",
            "это Нэко, суши или пудинг? Всё равно выглядит аппетитно"
        ],
        "ability": ""
    },
    "88": {
        "name": [
            "Птичья ножка"
        ],
        "subtitle": "",
        "description": [
            "Бедро, срезанное с разных птиц",
            "Мясо нежное и упругое,",
            "идеально подходит для мясных блюд"
        ],
        "ability": ""
    },
    "89": {
        "name": [
            "Мясо крупного зверя"
        ],
        "subtitle": "",
        "description": [
            "Свежее мясо, срезанное с монстра. Из него получаются вкусные блюда",
            "Монстры едят людей, а люди — монстров,",
            "таков естественный порядок"
        ],
        "ability": ""
    },
    "90": {
        "name": [
            "Мясо мелкого зверя"
        ],
        "subtitle": "",
        "description": [
            "Свежее мясо, срезанное с монстра. Из него получаются вкусные блюда",
            "Монстры едят людей, а люди — монстров,",
            "таков естественный порядок"
        ],
        "ability": ""
    },
    "97": {
        "name": [
            "Слизь водяного духа"
        ],
        "subtitle": "",
        "description": [
            "Слизь, выделяемая водяным духом; обычно используется",
            "как универсальный ингредиент в алхимии",
            "Иногда используется как смазка"
        ],
        "ability": ""
    },
    "98": {
        "name": [
            "Ходячий гриб"
        ],
        "subtitle": "",
        "description": [
            "Гриб от Ходячего гриба, теперь неподвижен",
            "В разрезе выглядит как обычный гриб"
        ],
        "ability": ""
    },
    "100": {
        "name": [
            "Слизь слайма"
        ],
        "subtitle": "",
        "description": [
            "Слизь, выделяемая слаймом; обычно используется",
            "как универсальный ингредиент в алхимии",
            "Иногда используется как смазка"
        ],
        "ability": ""
    },
    "101": {
        "name": [
            "Яблоко"
        ],
        "subtitle": "",
        "description": [
            "Свежесорванный фрукт, полный освежающего вкуса",
            "Употребление в пищу слегка восстанавливает здоровье"
        ],
        "ability": ""
    },
    "102": {
        "name": [
            "Брикет карри"
        ],
        "subtitle": "",
        "description": [
            "Острый брикет карри из экзотических специй",
            "Хорошо сочетается с рисом и добавляется к различным ингредиентам"
        ],
        "ability": ""
    },
    "103": {
        "name": [
            "Белый рис"
        ],
        "subtitle": "",
        "description": [
            "Простой, но уютный белый рис",
            "Можно есть сам по себе или сочетать с разными ингредиентами"
        ],
        "ability": ""
    },
    "104": {
        "name": [
            "Морковь"
        ],
        "subtitle": "",
        "description": [
            "Обычный овощ, но странно находить его в Бездне",
            "Перед употреблением нужна правильная обработка"
        ],
        "ability": ""
    },
    "105": {
        "name": [
            "Картофель"
        ],
        "subtitle": "",
        "description": [
            "Обычный овощ, но странно находить его в Бездне",
            "Перед употреблением нужна правильная обработка"
        ],
        "ability": ""
    },
    "106": {
        "name": [
            "Перец чили"
        ],
        "subtitle": "",
        "description": [
            "Обычный овощ, но странно находить его в Бездне",
            "Перед употреблением нужна правильная обработка"
        ],
        "ability": ""
    },
    "107": {
        "name": [
            "Томат"
        ],
        "subtitle": "",
        "description": [
            "Обычный овощ, но странно находить его в Бездне",
            "Перед употреблением нужна правильная обработка"
        ],
        "ability": ""
    },
    "108": {
        "name": [
            "Банан"
        ],
        "subtitle": "",
        "description": [
            "Свежесорванный фрукт, полный освежающего вкуса",
            "Употребление в пищу слегка восстанавливает здоровье"
        ],
        "ability": ""
    },
    "109": {
        "name": [
            "Клубника"
        ],
        "subtitle": "",
        "description": [
            "Свежесорванный фрукт, полный освежающего вкуса",
            "Употребление в пищу слегка восстанавливает здоровье"
        ],
        "ability": ""
    },
    "110": {
        "name": [
            "Виноград"
        ],
        "subtitle": "",
        "description": [
            "Свежесорванный фрукт, полный освежающего вкуса",
            "Употребление в пищу слегка восстанавливает здоровье"
        ],
        "ability": ""
    },
    "111": {
        "name": [
            "Ананас"
        ],
        "subtitle": "",
        "description": [
            "Свежесорванный фрукт, полный освежающего вкуса",
            "Употребление в пищу слегка восстанавливает здоровье"
        ],
        "ability": ""
    },
    "112": {
        "name": [
            "Арбуз"
        ],
        "subtitle": "",
        "description": [
            "Свежесорванный фрукт, полный освежающего вкуса",
            "Употребление в пищу слегка восстанавливает здоровье"
        ],
        "ability": ""
    },
    "113": {
        "name": [
            "Спагетти"
        ],
        "subtitle": "",
        "description": [
            "Упругая лапша, которая подходит почти к любому блюду",
            "Вкусно даже с небольшим количеством соуса"
        ],
        "ability": ""
    },
    "114": {
        "name": [
            "Томатный соус"
        ],
        "subtitle": "",
        "description": [
            "Сделан из томатов, с кисло-сладким вкусом",
            "Лучше не думать, почему монстр это уронил"
        ],
        "ability": ""
    },
    "115": {
        "name": [
            "Пшеничная мука"
        ],
        "subtitle": "",
        "description": [
            "Мука из молотой пшеницы; полезна для разных блюд"
        ],
        "ability": ""
    },
    "116": {
        "name": [
            "Вёшенки"
        ],
        "subtitle": "",
        "description": [
            "Обычный гриб, часто встречающийся снаружи",
            "Однако найти его в Бездне весьма непривычно"
        ],
        "ability": ""
    },
    "117": {
        "name": [
            "Шиитаке"
        ],
        "subtitle": "",
        "description": [
            "Обычный гриб, часто встречающийся снаружи",
            "Однако найти его в Бездне весьма непривычно"
        ],
        "ability": ""
    },
    "118": {
        "name": [
            "Буковый гриб"
        ],
        "subtitle": "",
        "description": [
            "Обычный гриб, часто встречающийся снаружи",
            "Однако найти его в Бездне весьма непривычно"
        ],
        "ability": ""
    },
    "119": {
        "name": [
            "Лиловый гриб"
        ],
        "subtitle": "",
        "description": [
            "Обычный гриб, часто встречающийся снаружи",
            "Однако найти его в Бездне весьма непривычно"
        ],
        "ability": ""
    },
    "120": {
        "name": [
            "Лунный гриб"
        ],
        "subtitle": "",
        "description": [
            "Обычный гриб, часто встречающийся снаружи",
            "Однако найти его в Бездне весьма непривычно"
        ],
        "ability": ""
    },
    "121": {
        "name": [
            "Бамбуковый гриб"
        ],
        "subtitle": "",
        "description": [
            "Обычный гриб, часто встречающийся снаружи",
            "Однако найти его в Бездне весьма непривычно"
        ],
        "ability": ""
    },
    "122": {
        "name": [
            "Клубника АСАБЫ"
        ],
        "subtitle": [
        "\"Ммм… клубничка… моя клубничка…\""
    ],
        "description": [
            "Самая ценная для АСАБЫ, элитная клубника, которую жалко",
            "есть. Но даже охраняя её до самого конца,",
			"она всё равно становится всего лишь трофеем—"
        ],
        "ability": ""
    },
    "127": {
        "name": [
            "Щупальца осьминога"
        ],
        "subtitle": "",
        "description": [
            "Сломанные щупальца осьминога, выловленные из моря; на гриле пахнут отлично",
            "Также можно готовить с другими ингредиентами"
        ],
        "ability": ""
    },
    "130": {
        "name": [
            "Дорада"
        ],
        "subtitle": "",
        "description": [
            "Свежевыловленная из моря, идеально для сашими",
            "Также можно готовить с другими ингредиентами"
        ],
        "ability": ""
    },
    "131": {
        "name": [
            "Тунец"
        ],
        "subtitle": "",
        "description": [
            "Свежевыловленный из моря, идеально для сашими",
            "Также можно готовить с другими ингредиентами"
        ],
        "ability": ""
    },
    "132": {
        "name": [
            "Полосатый морской окунь"
        ],
        "subtitle": "",
        "description": [
            "Свежевыловленный из моря, идеально для сашими",
            "Также можно готовить с другими ингредиентами"
        ],
        "ability": ""
    },
    "133": {
        "name": [
            "Групер"
        ],
        "subtitle": "",
        "description": [
            "Свежевыловленный из моря, идеально для сашими",
            "Также можно готовить с другими ингредиентами"
        ],
        "ability": ""
    },
    "134": {
        "name": [
            "Сайра"
        ],
        "subtitle": "",
        "description": [
            "Свежевыловленная из моря, идеально для сашими",
            "Также можно готовить с другими ингредиентами"
        ],
        "ability": ""
    },
    "135": {
        "name": [
            "Сладкая креветка"
        ],
        "subtitle": "",
        "description": [
            "Свежевыловленная из моря креветка, идеально для сашими",
            "Также можно готовить с другими ингредиентами"
        ],
        "ability": ""
    },
    "136": {
        "name": [
            "Лангуст"
        ],
        "subtitle": "",
        "description": [
            "Свежевыловленный из моря лангуст; осторожно с клешнями",
            "Также можно готовить с другими ингредиентами"
        ],
        "ability": ""
    },
    "137": {
        "name": [
            "Волосатый краб"
        ],
        "subtitle": "",
        "description": [
            "Свежевыловленный из моря краб; осторожно с клешнями",
            "Также можно готовить с другими ингредиентами"
        ],
        "ability": ""
    },
    "142": {
        "name": [
            "Лосось"
        ],
        "subtitle": "",
        "description": [
            "Свежевыловленный из моря, идеально для сашими",
            "Также можно готовить с другими ингредиентами"
        ],
        "ability": ""
    },
    "143": {
        "name": [
            "Королевский лосось"
        ],
        "subtitle": "",
        "description": [
            "Свежевыловленный из моря, идеально для сашими",
            "Также можно готовить с другими ингредиентами"
        ],
        "ability": ""
    },
    "151": {
        "name": [
            "Мясо зверя"
        ],
        "subtitle": "",
        "description": [
            "Мясо, взятое у монстра. Из него можно приготовить вкусные блюда",
            "Монстры едят людей, а люди — монстров — это естественно"
        ],
        "ability": ""
    },
    "153": {
        "name": [
            "Большое яйцо"
        ],
        "subtitle": "",
        "description": [
            "Огромное яйцо из Бездны. Какого оно существа?",
            "Я особо не думал — яйцо есть яйцо"
        ],
        "ability": ""
    },
    "173": {
        "name": [
            "Банановая фея"
        ],
        "subtitle": "",
        "description": [
            "Что это вообще такое?"
        ],
        "ability": ""
    },
    "175": {
        "name": [
            "Яблочная фея"
        ],
        "subtitle": "",
        "description": [
            "Что это вообще такое?"
        ],
        "ability": ""
    },
    "190": {
        "name": [
            "Юри Додзинси"
		],
		"subtitle": [
		    "\"Оне-чан... Я чувствую... Я не могу больше жить без тебя...\""
		],
        "description": [
            "Додзинси с прекрасным искусством",
			"Но здесь изображена запретная любовь между двумя красивыми девушками...",
			"История настолько парная, что даже от страниц исходит слабый розовый аромат"
		],
        "ability": [
            "Усиливает желание после прочтения!"
		]	
    },
  "191": {
        "name": [
            "Моэ Додзинси"
		],
		"subtitle": [
		    "\"Моэ-моэ-кюн~♡\""
		],
        "description": [
            "Додзинси, наполненное розовыми пузырьками и эффектами в форме сердца",
			"Персонажи краснеют и волнуются из-за самых незначительных вещей...",
			"Говорят, что после прочтения вы можете вздохнуть \"so moe~\"."
		],
        "ability": [
            "Усиливает желание после прочтения!"
		]	
    },
  "192": {
        "name": [
            "Додзинси о кошкодевочках"
		],
		"subtitle": [
		    "\"Господин... ня~ Можно мне ласковые поглаживания?\""
		],
        "description": [
            "Додзинси, слабо пахнущее кошачьей мятой",
			"Показывает мурлыкающих, катающихся и виляющих хвостами кошачьих девочек",
			"Может заставить вас задуматься о том, чтобы завести говорящую жену-ниан..."
		],
        "ability": [
            "Усиливает желание после прочтения!"
		]	
    },
    "197": {
        "name": [
            "Эликсир Рубрум"
        ],
        "subtitle": [
            "\"(ЛАТИНСКИЙ:)Haec est totius fortitudinis fortitudo fortis,  ",
            "quia vincet omnem rem subtilem, omnemque solidam penetrabit.\"",
            "(Перевод:)Вот сила всех сил,",
            "сила могучего: ибо она одолеет всё тонкое и проникнет во всё твёрдое.",
            "Так был создан мир."
        ],
        "description": [
            "Покрасневший Философский фрагмент течёт, как кровь",
			"Его правильное применение пока неизвестно, но на данный момент",
			"просто попробуйте пить его как напиток..."
        ],
        "ability": [
            ""
        ]
    },		
    "199": {
        "name": [
            "«Свободный пропуск» от \\str[120]"
        ],
        "subtitle": [
            "«На пропуске полно каракулей и рисунков…»"
        ],
        "description": [
            "Ручной пропуск, который нарисовала \\str[120]. С ним \\str[121] может",
            "попросить у неё любую услугу — и она обещает выполнить её.",
            "Однако на самом деле \\str[120] и без всяких пропусков",
            "всегда хотела делать что-то хорошее для \\str[121] — просто так."
        ],
        "ability": [
            ""
        ]
    },
    "200": {
        "name": [
            "Полароид №1 от NLCH"
        ],
        "subtitle": [
            "\"Что ты делаешь, уставившись сюда так…!\""
        ],
        "description": [
            "Снимки, на которых отражены повседневные моменты девушек,",
            "Чаепитие... Но… кто же сделал эти фотографии?"
        ],
        "ability": ""
    },
    "201": {
        "name": [
            "Поляроид NLCH#2"
        ],
        "subtitle": [
            "\"Именно так кролики проявляют свою привязанность~.\""
        ],
        "description": [
            "Снимки, на которых отражены повседневные моменты девушек,",
            "Чаепитие... Но… кто же сделал эти фотографии?"
        ],
        "ability": ""
    },
    "202": {
        "name": [
            "Поляроид №3"
        ],
        "subtitle": [
            "\"...Он уже достаточно чистый, верно?\""
        ],
        "description": [
            "Снимки, на которых отражены повседневные моменты девушек,",
            "Чаепитие... Но… кто же сделал эти фотографии?"
        ],
        "ability": ""
    },
    "203": {
        "name": [
            "Поляроид №4"
        ],
        "subtitle": [
            "\"Н-нет, это плохо... лекарство слишком сильное!\""
        ],
        "description": [
            "Снимки, на которых отражены повседневные моменты девушек,",
            "Чаепитие... Но… кто же сделал эти фотографии?"
        ],
        "ability": ""
    },
    "204": {
        "name": [
            "Поляроид №5"
        ],
        "subtitle": [
            "\"О, Господи, прости меня за то, что я поддалась искушению деньгами...\""
        ],
        "description": [
            "Снимки, на которых отражены повседневные моменты девушек,",
            "Чаепитие... Но… кто же сделал эти фотографии?"
        ],
        "ability": ""
    },
    "205": {
        "name": [
            "Поляроид № 6"
        ],
        "subtitle": [
            "\"Гав... Разве этого ещё недостаточно...?\""
        ],
        "description": [
            "Снимки, на которых отражены повседневные моменты девушек,",
            "Чаепитие... Но… кто же сделал эти фотографии?"
        ],
        "ability": ""
    },
    "206": {
        "name": [
            "Поляроид №7"
        ],
        "subtitle": [
            "\"Хехе~♥ Ты ведь ничего не видел, правда?\""
        ],
        "description": [
            "Снимки, на которых отражены повседневные моменты девушек,",
            "Чаепитие... Но… кто же сделал эти фотографии?"
        ],
        "ability": ""
    },
    "207": {
        "name": [
            "Полароид NLCH №8"
        ],
        "subtitle": [
            "\"Ну же, эта поза ведь подойдёт, правда?\""
        ],
        "description": [
            "Снимки, на которых отражены повседневные моменты девушек,",
            "Чаепитие... Но… кто же сделал эти фотографии?"
        ],
        "ability": ""
    },
    "208": {
        "name": [
            "Полароид NLCH №9"
        ],
        "subtitle": [
            "\"Что это за довольное выражение у тебя на лице...?\""
        ],
        "description": [
            "Снимки, на которых отражены повседневные моменты девушек,",
            "Чаепитие... Но… кто же сделал эти фотографии?"
        ],
        "ability": ""
    },
    "209": {
        "name": [
            "Полароид NLCH №10"
        ],
        "subtitle": [
            "\"Я больше... не могу петь...!\""
        ],
        "description": [
            "Снимки, на которых отражены повседневные моменты девушек,",
            "Чаепитие... Но… кто же сделал эти фотографии?"
        ],
        "ability": ""
    },
    "210": {
        "name": [
            "Полароид NLCH №11"
        ],
        "subtitle": [
            "\"Так это твоё новогоднее желание?\""
        ],
        "description": [
            "Снимки, на которых отражены повседневные моменты девушек,",
            "Чаепитие... Но… кто же сделал эти фотографии?"
        ],
        "ability": ""
    },
    "211": {
        "name": [
            "Полароид NLCH №12"
        ],
        "subtitle": [
            "\"Ах, даже чай стал казаться слаще!\""
        ],
        "description": [
            "Снимки, на которых отражены повседневные моменты девушек,",
            "Чаепитие... Но… кто же сделал эти фотографии?"
        ],
        "ability": ""
    },
    "212": {
        "name": [
            "NLCH's polaroid#13"
        ],
        "subtitle": [
            "\"Ну, это подработка, тут уж ничего не поделаешь...\""
        ],
        "description": [
            "Снимки, на которых отражены повседневные моменты девушек,",
            "Чаепитие... Но… кто же сделал эти фотографии?"
        ],
        "ability": ""
    },
    "213": {
        "name": [
            "Полароид NLCH №14"
        ],
        "subtitle": [
            "\"Ох, вы вошли без стука~\""
        ],
        "description": [
            "Снимки, на которых отражены повседневные моменты девушек,",
            "Чаепитие... Но… кто же сделал эти фотографии?"
        ],
        "ability": ""
    },
    "214": {
        "name": [
            "Полароид NLCH №15"
        ],
        "subtitle": [
            "\"Правда...? Такой способ признания я впервые слышу...\""
        ],
        "description": [
            "Снимки, на которых отражены повседневные моменты девушек,",
            "Чаепитие... Но… кто же сделал эти фотографии?"
        ],
        "ability": ""
    },
    "215": {
        "name": [
            "Полароид NLCH №16"
        ],
        "subtitle": [
            "\"Ха... ха... Моё тело больше не выдерживает...!\""
        ],
        "description": [
            "Снимки, на которых отражены повседневные моменты девушек,",
            "Чаепитие... Но… кто же сделал эти фотографии?"
        ],
        "ability": ""
    },
    "216": {
        "name": [
            "Полароид NLCH №17"
        ],
        "subtitle": [
            "\"О, Господи... прошу, прости меня...\""
        ],
        "description": [
            "Снимки, на которых отражены повседневные моменты девушек,",
            "Чаепитие... Но… кто же сделал эти фотографии?"
        ],
        "ability": ""
    },
    "217": {
        "name": [
            "NLCH's polaroid#18"
        ],
        "subtitle": [
            "\"Гав... Разве этого уже недостаточно...?\""
        ],
        "description": [
            "Снимки, на которых отражены повседневные моменты девушек,",
            "Чаепитие... Но… кто же сделал эти фотографии?"
        ],
        "ability": ""
    },
    "218": {
        "name": [
            "Полароид NLCH №19"
        ],
        "subtitle": [
            "\"...Мяу?\""
        ],
        "description": [
            "Снимки, на которых отражены повседневные моменты девушек,",
            "Чаепитие... Но… кто же сделал эти фотографии?"
        ],
        "ability": ""
    },
    "219": {
        "name": [
            "Полароид NLCH №20"
        ],
        "subtitle": [
            "\"...А? До сих пор не убрались?\""
        ],
        "description": [
            "Снимки, на которых отражены повседневные моменты девушек,",
            "Чаепитие... Но… кто же сделал эти фотографии?"
        ],
        "ability": ""
    },
    "220": {
        "name": [
            "Полароид NLCH №21"
        ],
        "subtitle": [
            "\"Ха... Это уже одиннадцатая песня... Разве этого мало?\""
        ],
        "description": [
            "Снимки, на которых отражены повседневные моменты девушек,",
            "Чаепитие... Но… кто же сделал эти фотографии?"
        ],
        "ability": ""
    },
    "221": {
        "name": [
            "Полароид NLCH №22"
        ],
        "subtitle": [
            "\"Почему взгляд кажется всё жарче...?\""
        ],
        "description": [
            "Снимки, на которых отражены повседневные моменты девушек,",
            "Чаепитие... Но… кто же сделал эти фотографии?"
        ],
        "ability": ""
    },
    "222": {
        "name": [
            "Полароид NLCH №23"
        ],
        "subtitle": [
            "\"Твоё новогоднее желание сбылось сразу, рад?\""
        ],
        "description": [
            "Снимки, на которых отражены повседневные моменты девушек,",
            "Чаепитие... Но… кто же сделал эти фотографии?"
        ],
        "ability": ""
    },
    "223": {
        "name": [
            "Полароид NLCH №24"
        ],
        "subtitle": [
            "\"Ты почувствовал любовь зайки~♥\""
        ],
        "description": [
            "Снимки, на которых отражены повседневные моменты девушек,",
            "Чаепитие... Но… кто же сделал эти фотографии?"
        ],
        "ability": ""
    },
    "224": {
        "name": [
            "Полароид NLCH №25"
        ],
        "subtitle": [
            "\"Странного зайку бросили...\""
        ],
        "description": [
            "Снимки, на которых отражены повседневные моменты девушек,",
            "Чаепитие... Но… кто же сделал эти фотографии?"
        ],
        "ability": ""
    },
    "225": {
        "name": [
            "Полароид NLCH №26"
        ],
        "subtitle": [
            "\"Чуть не попались...\""
        ],
        "description": [
            "Снимки, на которых отражены повседневные моменты девушек,",
            "Чаепитие... Но… кто же сделал эти фотографии?"
        ],
        "ability": ""
    },
    "226": {
        "name": [
            "Полароид NLCH №27"
        ],
        "subtitle": [
            "\"Вошёл без стука... Что ты задумал~♥\""
        ],
        "description": [
            "Снимки, на которых отражены повседневные моменты девушек,",
            "Чаепитие... Но… кто же сделал эти фотографии?"
        ],
        "ability": ""
    },
    "227": {
        "name": [
            "Полароид NLCH №28"
        ],
        "subtitle": [
            "\"Странно... Не могу застегнуть...\""
        ],
        "description": [
            "Снимки, на которых отражены повседневные моменты девушек,",
            "Чаепитие... Но… кто же сделал эти фотографии?"
        ],
        "ability": ""
    },
    "228": {
        "name": [
            "Полароид NLCH №29"
        ],
        "subtitle": [
            "\"...Сюда ведь никто не смотрит, да?\""
        ],
        "description": [
            "Снимки, на которых отражены повседневные моменты девушек,",
            "Чаепитие... Но… кто же сделал эти фотографии?"
        ],
        "ability": ""
    },
    "229": {
        "name": [
            "Полароид NLCH №30"
        ],
        "subtitle": [
            "\"Хехе~♥ Ничего же не произошло, верно?\""
        ],
        "description": [
            "Снимки, на которых отражены повседневные моменты девушек,",
            "Чаепитие... Но… кто же сделал эти фотографии?"
        ],
        "ability": ""
    },
    "230": {
        "name": [
            "Полароид NLCH №31"
        ],
        "subtitle": [
            "\"Ммм... Чай теперь кажется ещё слаще...!\""
        ],
        "description": [
            "Снимки, на которых отражены повседневные моменты девушек,",
            "Чаепитие... Но… кто же сделал эти фотографии?"
        ],
        "ability": ""
    },
    "231": {
        "name": [
            "Полароид NLCH №32"
        ],
        "subtitle": [
            "\"Я понимаю, что это работа, но только в этот раз, ладно?\""
        ],
        "description": [
            "Снимки, на которых отражены повседневные моменты девушек,",
            "Чаепитие... Но… кто же сделал эти фотографии?"
        ],
        "ability": ""
    },
    "232": {
        "name": [
            "Полароид NLCH №33"
        ],
        "subtitle": [
            "\"П-пожалуйста, не трогайте товар без разрешения!\""
        ],
        "description": [
            "Снимки, на которых отражены повседневные моменты девушек,",
            "Чаепитие... Но… кто же сделал эти фотографии?"
        ],
        "ability": ""
    },
    "233": {
        "name": [
            "Полароид NLCH №34"
        ],
        "subtitle": [
            "\"Жую, жую... Ну так себе, пожалуй...\""
        ],
        "description": [
            "Снимки, на которых отражены повседневные моменты девушек,",
            "Чаепитие... Но… кто же сделал эти фотографии?"
        ],
        "ability": ""
    },
    "234": {
        "name": [
            "Полароид NLCH №35"
        ],
        "subtitle": [
            "\"Ну что... ещё кружечку чая?\""
        ],
        "description": [
            "Снимки, на которых отражены повседневные моменты девушек,",
            "Чаепитие... Но… кто же сделал эти фотографии?"
        ],
        "ability": ""
    },
    "235": {
        "name": [
            "Альбом полароидов"
        ],
        "subtitle": [
            "\"Мягкие и милые девочки♥ Хочу забрать каждую домой—!\""
        ],
        "description": [
            "Альбом, специально сделанный для коллекции снимков милых девочек.",
            "При открытии исходит лёгкий аромат чёрного чая..."
        ],
        "ability": [
		    "Полароидов собрано: \\c[6]${QJ.MPMZ.tl.checkPolaroidCount()}\\c[0]/35"
		]
    },
    "236": {
        "name": [
            "Альбом полароидов"
        ],
        "subtitle": [
            "\"Мягкие и милые девочки♥ Хочу забрать каждую домой—!\""
        ],
        "description": [
            "Альбом, специально сделанный для коллекции снимков милых девочек.",
            "При открытии исходит лёгкий аромат чёрного чая..."
        ],
        "ability": [
		    "Полная коллекция! Удача навсегда повышена!"
		]
    },
    "311": {
        "name": [
            "Синий лучезарный камень"
        ],
        "subtitle": "",
        "description": [
            "Синий самоцвет с завораживающим сиянием",
            "Пусть практической ценности почти нет, кто-то может заплатить за него много…",
            "или иметь иные намерения?"
        ],
        "ability": ""
    },
    "312": {
        "name": [
            "Малый гель маны"
        ],
        "subtitle": "",
        "description": [
            "Желеобразное вещество, созданное исключительно из сгущённой маны",
            "Съедобно, но вкус сильно зависит от магических способностей",
            "Основное применение — расходный материал для магии"
        ],
        "ability": ""
    },
    "314": {
        "name": [
            "Красный ромбовидный камень"
        ],
        "subtitle": "",
        "description": [
            "Красный драгоценный камень с пленительным сиянием",
            "Хотя он не имеет практической ценности, кто-то может заплатить за него высокую цену...",
            "или оно имеет иной смысл?"
        ],
        "ability": ""
    }
}