{
  "0": [
    "✦Кружка, которая нравится \\str[120], ",
    "со странным рисунком зайца. ",
    "Похоже, это хит продаж в NLCH."
  ],
  "1": [
    "✦Небольшой фонарь, оставленный Отцом,",
    "похоже, алхимический инструмент.",
    "Несмотря на возраст, он очень прочный ",
    "и излучает тёплый, успокаивающий свет."
  ],
  "2": [
    "✦Милый маленький ночник с мягким светом,",
    "идеален, чтобы включать, когда встаёшь",
    "ночью в туалет. "
  ],
  "3": [
    "✦Лиственное растение под названием «Фикус умбеллата».",
    "Оно пышно растёт, и, похоже, \\str[120] ",
    "каждый день усердно за ним ухаживает."
  ],
  "4": [
    "✦Лиственное растение под названием «Потос».",
    "Выглядит не очень здоровым,  ",
    "так что \\str[120] поставила его у окна.",
    "Сказать ей, что потос на самом деле ",
    "не любит солнечный свет...? "
  ],
  "5": [
    "✦Пара книг, которые \\str[120] выбрала ",
    "в отцовском кабинете.",
    "В основном это философия ",
    "и абсолютно ничего не понятно.  "
  ],
  "6": [
    "✦Подобрал засохшую берёзовую ветку по дороге ",
    "домой — показалось, выглядит классно, ",
    "так что показал её \\str[120].",
    "Она молча поставила её в вазу."
  ],
  "7": [
    "✦Этюд птицы, нарисованный \\str[120], ",
    "похоже, по тем, что она видела, ",
    "глядя в окно."
  ],
  "8": [
    "✦Небольшой старый вентилятор со слабым потоком. ",
    "Нужно подойти совсем близко, чтобы ",
    "почувствовать прохладу.  "
  ],
  "9": [
    "✦Сверхсовременный фен с ",
    "невероятно мощной струёй.",
    "Если направить на лицо, кажется, будто",
    "ветер сейчас содрёт кожу."
  ],
  "10": [
    "✦Ванна с регулировкой температуры, ",
    "но диапазон от 99°C до -10°C...",
    "Это вообще нормально?  "
  ],
  "11": [
    "✦Фруктовый шампунь, который обожает \\str[120].",
    "Делает волосы супер шелковистыми, ",
    "но заканчивается слишком быстро.",
    "Остаток:\\c[20]${$gameSelfVariables.value([6, 8, 'shampoo'])}%"
  ],
  "12": [
    "✦Похоже, это бельё, ",
    "которое только что сняла \\str[120]...",
    "Аккуратно сложено."
  ],
  "13": [
    "✦Легендарная игровая приставка, теперь крайне редкая.",
    "Иметь такую — стать легендой среди геймеров.  "
  ],
  "14": [
    "✦Кукла, подаренная \\str[120] Отцом ",
    "на день рождения. Она очень дорожит ею ",
    "и всегда держит рядом."
  ],
  "15": [
    "\\fr\\fs[20]\\c[10]Потерянный магический круг",
    "\\fs[22]\\i[16]???\\fr",
    "✦Иное пространство, созданное ",
    "магической картой, унаследованной от отца.",
    "Совершенно не подвластно времени, ",
    "вещи, помещённые сюда, не исчезают.",
    "Этот круг также связан со входом в дом,",
    "что обеспечивает стабильное и безопасное возвращение.",
    "Было ли это задумано отцом заранее, ",
    "предвидевшим неизбежное падение своего ребёнка ",
    "в бездну, — теперь неизвестно..."
  ],
  "16": [
    "\\fr\\fs[28]\\c[114]Великий Лабиринт",
    "\\fr\\fs[22]\\i[16]???",
    "✦Вход в Лабиринт Руин,",
    "наводнённый чудовищами из Бездны.",
    "Опасен, но сулящий великие возможности,",
    "ходят слухи о тайнах Бездны в его недрах.",
    "И всё же это лишь один из многих путей в Бездну."
  ],
  "17": [
    "✦85-дюймовый телевизор, собранный по последним технологиям.",
    "Однако он принимает не очень много телевизионных каналов.",
    "Чтобы смотреть более интересные передачи,",
    "нужно как-то найти видеокассеты."
  ]
}