{
  "gameTitle": [
    "Простая жизнь с моей ненавязчивой сестрой "
  ],
  "goldHeld": [
    "Золото"
  ],
  "quantityHeld": [
    "\\fs[16]•Имеется:\\c[17] ${} \\c[0]\\py[-8]"
  ],
  "autoUpdate": [
    "Доступно обновление: обнаружены игровые данные версии ${}. ",
    "Хотите скачать и обновить сейчас?"
  ],
  "fullScreen": [ 
    "Полноэкранный режим"
  ],
  "masterVolume": [ 
    "Общая громкость"
  ],
  "voiceVolume": [ 
    "Громкость голосов"
  ],    
  "BgmVolume": [
    "Громкость музыки (BGM)"
  ],
  "BgsVolume": [
    "Громкость фона (BGS)"
  ],
  "SeVolume": [
    "Громкость эффектов (SE)"
  ],
  "MaxPlayerMsgs": [
    "Макс. сообщений игрока"
  ],
  "GameFAQ": [
    "Руководство по игре"
  ],
  "ShowWeaponDurability": [
    "Показывать прочность оружия"
  ],
  "DisableAutoUpdate": [
    "Отключить автообновление"
  ],
  "LockedFPS": [
    "Фиксированные 60 FPS"
  ],
  "Language": [
    "Язык игры"
  ],
  "SwitchLanguage": [
    "Обнаружена смена языка игры!",
    "Перезапуск для применения новых языковых настроек!"
  ],
  "ErrorReport": [
    "Произошла ошибка. Пожалуйста, сообщите о баге на сервере NLCH в Discord.",
    "(Нажмите 'ОК', чтобы открыть ссылку-приглашение)",
    "(Приложите скриншот ошибки)"
  ],
  "UpdateComplete1": [
    "Обновление игры завершено!",
    "Игра перезапустится автоматически после закрытия этого окна.",
    "Можно загрузить автосейв, чтобы продолжить!"
  ],
  "UpdateComplete2": [
    "Обновление игры завершено!",
    "Скоро игра перезапустится для применения обновления!"
  ],
  "RemindToUpdate": [
    "Произошла ошибка, игра зависла.",
    "Доступен более новый патч —",
    "Пожалуйста, используйте автообновление для исправления!"
  ],
  "bagFull": [
    "Лимит инвентаря превышен!!"
  ],
  "noStatusEffects": [
    "Нет никаких состояний!"
  ],
  "unimplementedDoor": [
    "Эту дверь отсюда не открыть"
  ],
  "zipUpdateComplete": [
    "Патч успешно установлен. ",
    "Перезапускаем игру для применения обновления!"
  ],
  "zipUpdateFail": [
    "Не удалось распаковать и установить патч!",
    "Повторите автообновление или",
    "установите патч вручную, распаковав файлы!"
  ],
  "fileDownloadedSuccessfully": [
    "${} успешно загружен!"
  ],
  "fileDownloadFailed": [
    "${} не удалось загрузить! Повторяем попытку!"
  ],
  "installPatch": [
    "Патч требует распаковки — устанавливаем сейчас. Возможны подлагивания, пожалуйста, подождите!"
  ],
  "totalFilesToUpdate": [
    "Обнаружено ${} файл(ов) для обновления — начинаем загрузку!"
  ],
  "renameCharacter": [
    "Я вспомнил —",
    "её зовут..."
  ],
  "heroName": [
    "Онии-тян"
  ],
  "heroineName": [
    "Имоутo"
  ],  
  "nonHardwareAccelerated": [
    "Игра сейчас работает на встроенной графике!",
    "Если у вашего ПК есть дискретная видеокарта, рекомендуем настроить Game.exe ",
    "на её использование в панели управления графикой для более плавного геймплея."
  ],  
  "isAmdCPU": [
    "Обнаружен процессор AMD.",
    "Некоторые чипы AMD могут просаживать FPS при воспроизведении видео VP9 (WebM) ",
    "в окружении Chromium. Если столкнулись с этим, попробуйте принудительно включить ",
    "GPU-рендеринг для игры или обновите драйверы — это может помочь."
  ],  
  "failedToLoad": [
    "Такая проблема может быть вызвана:",
    "① Повреждением игровых файлов или кракозябрами в именах из-за проблем с кодировкой при распаковке/установке.",
    "② Тем, что разработчик забыл добавить файл — дождитесь патча с исправлением."
  ],
  "LowResMode": [
    "Режим пониженной графики"
  ],
  "lowResModeWarning": [
    "Эта функция в основном предназначена для оптимизации производительности на Android-устройствах и может мало влиять на версию для ПК.",
    "При включении игра рендерит карты и изображения в более низком разрешении с последующим масштабированием, ",
    "снижает нагрузку на GPU на мобильных устройствах и уменьшая нагрев и энергопотребление.",
    "Примечание: функция экспериментальная; эффективность может различаться в зависимости от устройства.",
    "Вы можете отключить её в любой момент, чтобы сразу вернуть исходную чёткость изображения."
  ],
  "nearbyMonstersCount": [
    "Обнаружение ближайших монстров"
  ],
  "nearbyTreasuresCount": [
    "Обнаружение ближайших сокровищ"
  ],
  "underwaterTreasuresCount": [
    "Обнаружение подводных сокровищ"
  ],
  "steamWishlist": [
      "Наша страница в Steam наконец-то запущена!",
      "Добавьте нас в список желаемого и поддержите! (*´∀`)~♥",
      "⬇Нажмите ниже, чтобы открыть страницу в Steam."
  ]

}