{
  "2": {
        "0": [
            "After stepping into the Star Gate, ",
			"the stone fragment in my backpack suddenly ",
			"emitted an intense wave of heat.",
			" ",
			"I hurriedly took out the fragment, only to discover ",
			"that what had been calm and stable all this ",
			"time had begun to undergo a transformation—"
		],
		"1": [
            "\"Wh-What is this...\""
        ],
        "2": [
            "I have no idea what just happened.",
            "The stone suddenly started glowing ",
			"like crazy under those weird pulses..."
        ],
        "3": [
            "In the next moment, ",
			"the stone suddenly started melting—"
        ],
        "4": [
            "\"Ah… aaah!?   \\w[60]",
			"No, no—it's gonna spill out!!\""
        ],
        "5": [
            "As the stone unexpectedly and rapidly turned ",
			"into liquid, I frantically rummaged through my ",
			"backpack and pulled out a glass bottle, hastily ",
			"collecting the red liquid still clinging to my hands."
        ],
        "6": [
            "…………",
			"…………"
        ],
        "7": [
            "Could this be the Elixir Rubrum that my ",
			"father mentioned...?",
			"But why would it react inside this gate...?"
        ]		
    }
}