{
  "3": {
        "0": [
            "……\\str[120]はまだぐっすり寝てるけど、何かしようかな？"
		],
		"1": [
            "\\str[120]を起こす",
			"頭を撫でる",
			"やめろ"
        ],
        "2": [
            "偶然に手に入れた赤髄液のおかげで、",
            "\\str[120]の体質が良くなったように見えるけど、",
			"それでも薬の効果が短時間しか持たないんじゃないか",
			"と心配している…"
        ],
        "3": [
            "俺はそっと\\str[120]の顔を揉んでみた。くすぐったいのか、",
            "\\str[120]はすぐに我慢しているような表情を浮かべた。"
        ],
        "4": [
            "\\nl< >「うー……んん……」"
        ],
        "5": [
            "「朝だよ。起きられる？」"
        ],	
        "6": [
            "\\str[120]は体質のせいで、朝はいつもすごく眠そうだから、",
			"無理に起こさないほうがいいか…"
        ],	
        "7": [
            "起こし続ける",
			"やめろ"
        ],	
        "8": [
            "\\nl< >「んにゃ……」",
			"\\nl< >「——兄ちゃん……」",
			"\\nl< >「うー……んん……」"
        ],
        "9": [
            "\\str[120]は少し寝言を言っただけで、",
			"相変わらず気持ちよさそうに眠っている。",
			"こういうことは焦らない方がいいし、",
			"\\str[120]をもう少し寝かせておこう……。"
        ],	
        "10": [
            "そっと\\str[120]の頭を撫でた。"
        ],
        "11": [
            "……そろそろ朝ごはんの準備をしないと。"
        ]		
    },
  "4": {
        "0": [
            "「どう？無理してない？」"
		],
        "1": [
            "\\nl< >「んにゃ…\\w[180]へいきぃぃぃぃぃ——」\\w[30]\\^"
		],
        "2": [
            "「危ない！\\w[45]もう、\\w[45]",
			"やっぱりまだ寝ぼけてるんじゃないの？」"
		],
        "3": [
            "「おい〜まだ目が覚めないの？",
			"それなら、兄ちゃん本気出しちゃうよ？」"
		],
        "4": [
            "\\nl< >「むむむ…」"
		],
        "5": [
            "「では————」"
		],
        "6": [
            "「少しは目が覚めたでしょ？」"
		],
        "7": [
            "\\nl< >「うえぇ…\\str[121]……いっぱいいる……」"
		],
        "8": [
            "「じゃあ、まずは顔を洗いに行こうか。」"
		],
        "9": [
            "\\nl< >「そのままおんぶしてよ…\\str[121]……」"
		],	
        "10": [
            "おっと、ちょっとやりすぎたかな…",
			"\\str[120]はまだふらふらしてる様子だね。"
		],
        "11": [
            "「回レ回レ回レ回レ回レ回レ回レ~！」"
		],
        "12": [
            "\\nl< >「ぐるぐるぐるぐるぐるぐるぐる~！」"
		],
        "13": [
            "\\nl< >「うえええええ〜〜〜〜」  \\w[120]"
		],
        "14": [
            "\\str[120]はふらふらっとして、そのままベッドに倒れ込んだ……",
			"えっ？さっきのイタズラ、ちょっとやりすぎたかも？"
		],	
        "15": [
            "起き上がる力もなさそうな\\str[120]を見て、",
			"俺も仕方なく諦めて、無理はさせないことにした。"
		],	
        "16": [
            "「……そろそろ朝ごはんの準備をしないと。」"
		]			
   },
  "6": {
        "0": [
            "からっ…いてて…"
		],
        "1": [
            "\\nl< >「んえええ…辛いよ……痛いよ……んえええ……」"
		],
        "2": [
            "\\str[120]は辛さに耐えきれずベッドに伏せている。",
			"早く何かしてあげないと…"
		],
        "3": [
            "頭をなでる",
			"お尻をなでる",
			"飲み物用意"
		],
        "4": [
            "\\str[120]の頭を心配そうに撫でてみたけど、",
			"これで少しでも\\str[120]の痛みが和らぐといいな…"
		],
        "5": [
            "\\nl< >「んえええ…頭も痛くなってきた気がする…」"
		],	
        "6": [
            "\\nl< >「んえええ…」"
		],
        "7": [
            "あまり効果はなさそうだね…。"
		],	
        "8": [
            "\\str[120]のお尻を心配そうに撫でてみたけど、",
			"これで少しでも\\str[120]の痛みが和らぐといいな…"
		],
        "9": [
            "\\nl< >「んえええ…\\str[121]…」"
		],	
        "10": [
            "\\nl< >「んえええ…お尻も痛いよ……」"
		],
        "11": [
            "慌てて探して、ようやく一本の\\ii[\\v[85]]を見つけた！"
		],	
        "12": [
            "「\\ii[\\v[85]]があるよ、飲む……？」"
		],
        "13": [
            "\\nl< >\\{  「飲む！！」"
		],
        "14": [
            "\\str[120]はすごい勢いで\\ii[\\v[85]]を飲み干した……"
		],
        "15": [
            "慌てて探して、でも家に他の飲み物がなさそうなので、",
			"仕方なく\\str[120]に水を用意した。"
		],
        "16": [
            "\\str[120]はすごい勢いで水を飲み干した……"
		],
        "17": [
            "\\nl< >「んえええ…口がまだ痛いよ……」"
		],
        "18": [
            "\\nl< >「やっと少し楽になってきたけど…",
			"舌はまだ痺れてる。」"
		],
        "19": [
            "\\nl< >「やっぱり唐辛子は敵だよ…」"
		],	
        "20": [
            "赤く腫れた\\str[120]の小さな口を見ていると、",
			"なんだか変なことを考えてしまう——"
		],	
        "21": [
            "口内検査"
		],
        "22": [
            "\\nl< >「ええ…やめてよ、ちょっと恥ずかしい…",
			"\\str[121]が変な匂い嗅いじゃう！」"
		],
        "23": [
            "\\str[120]に口内検査を断られた、やっぱり変なお願いだったかな…"
		],
        "24": [
            "とにかく\\str[120]が元気になってよかった、",
			"次はあまり辛い料理を作らないようにしよう……"
		],
        "25": [
            "「大丈夫だよ！\\str[121]は心配してるんだから！？",
            "普通の検査だよ！」"
		],
        "26": [
            "\\nl< >「け、検査なの…？」"
		],
        "27": [
            "熱い視線に\\str[120]はますます恥ずかしそうにして、",
            "でもその瞳はおとなしくて好奇心に満ちていて、",
            "赤くなった頬にはうっすら期待の色も浮かんでいた。"
		],
        "28": [
            "「そうだよ、",
			"口の中に口内炎とかできてたら大変だから！」"
		],
        "29": [
            "\\nl< >「わかった…じゃあ……",
			"見るだけだよ、変なことしないでね……」"
		],
        "30": [
            "\\nl< >「あ、ああ————」"
		],
        "31": [
            "\\str[120]は抵抗せず、おとなしく目の前で顔を上げ、",
			"ゆっくりと小さな口を開け、舌先をおずおずと突き出した。"
		],
        "32": [
            "辛いものを食べすぎたせいか、舌がひどく赤く、",
            "小さく震えながら、刺激で唾液もたくさん出ていて、",
            "透き通った糸が柔らかな唇の端から垂れ落ちていく。"
		],
        "33": [
            "\\str[120]はこんなことに恥ずかしさと戸惑いを感じているようで、",
            "潤んだ瞳を伏せ気味にして、",
            "まだ辛さで苦しんでいるのかどうかもわからなくなる。"
		],
        "34": [
            "\\nl< >「お、\\str[121]———まだ…？」",
			"\\w[150]"
		],
        "35": [
            "口内治療！"
		],
        "36": [
            "こんなに柔らかくて可愛い光景を見ていたら、",
			"思わず生唾を飲み込み、",
			"胸の奥から抑えきれない衝動が湧き上がってきた。"
		],
        "37": [
            "「兄ちゃんが楽にしてあげるからね、",
			"すぐ痛くなくなるよ……」"
		],
        "38": [
            "\\nl< >「————え？」"
		],
        "39": [
            "自分を納得させるかのように、",
            "顔を\\str[120]に近づけて、",
            "そっと舌を伸ばして柔らかい舌先に触れ、",
            "ゆっくり優しく舐めはじめた。"
		],
        "40": [
            "舌先が触れ合った瞬間、\\str[120]は小さくびくっと震えた。 ",
            "恥ずかしそうで戸惑っているようだったけど、避けようとはせず、",
            "潤んだ瞳でじっとこちらを見ていた。"
		],
        "41": [
            "\\str[120]の柔らかな舌と口内の甘さを味わっていると、",
            "最初の目的なんか忘れてしまい、",
            "舌の感触と温度が混じり合って強い快感となり、",
            "動きはどんどん大胆で貪欲になり、もっと深く彼女を求めた。"
		],
        "42": [
            "\\str[120]の舌先もだんだんと慣れてきたのか、",
            "小さく動いてこちらに応え始め、",
            "恥ずかしさの中にどこか期待と甘えが滲んでいた。"
		],
        "43": [
            "\\nl< >「ん……はぁ、兄ちゃん……」"
		],
        "44": [
            "どれくらい経っただろう、\\str[120]は次第に息が苦しそうになり、",
            "指先でそっと胸を押してきて、くぐもった声をあげ、",
            "酸欠で顔がますます赤くなった頃、",
            "ようやく名残惜しくも口を離した。"
		],	
        "45": [
            "\\nl< >「はぁ……はぁ……」"
		],	
        "46": [
            "\\nl< >「ん、\\str[121]！検査だけって言ったのに……！」"
		],	
        "47": [
            "言葉は拗ねたように聞こえたけど、",
            "その表情は怒っているというより、甘えているようだった。"
		],	
        "48": [
            "「ごめんごめん、次は気をつける……",
			"でも、舌もう痛くないだろ？」"
		],	
        "49": [
            "\\nl< >「え……？ん、うん……」"
		],	
        "50": [
            "\\nl< >「ちがっ…！そういう問題じゃないの！",
			"\\w[160]\\^"
		],	
        "51": [
            "\\nl< >\\{",
			"もう…\\str[121]のばか！」"
		],	
        "52": [
            "\\str[120]は逃げていった。"
		],	
        "53": [
           "恥ずかしそうに慌てて逃げる\\str[120]の背中を見送りながら、",
           "舌にはまださっきの甘くて湿った感触が残っていて、",
           "強い快感とどうしようもない背徳感が胸の奥で渦巻き、",
           "しばらく消えそうになかった……"
		]
    },   
  "7": {
        "0": [
            "ふぅ————ちょっとお腹が空いてきたな、",
			"そろそろ夕飯を作る時間だ。"
		],
        "1": [
            "「おい——もう夜だよ、これ以上寝ちゃダメだよ？」"
		],
        "2": [
            "\\nl< >「んんん——\\w[60]あと一時間だけ寝させて……」"
		],
        "3": [
            "\\str[120]はまだベッドでゴロゴロしている様子だな。",
			"やれやれ、こうなったら仕方ないな…"
		],
        "4": [
            "「ああ、そいえば今夜は揚げたてのハンバーグがあるな——」"
		],
        "5": [
            "\\nl< >「うぇ……眠い——」"
		],	
        "6": [
            "\\nl< >「それで、ハンバーグは！？どこにあるの！？」"
		],
        "7": [
            "「残念、さっきのは夢の中でしか見られないものだった——」"
		],	
        "8": [
            "\\nl< >「え……嘘だったの！？\\str[121]ひどい！」"
		]			
    },
  "5": { 
        "0": [
            "\\str[120]の後をついてリビングに入ると、テレビはすでにつけられていて、",
            "\\str[120]はまるで巣を待つヒナのようにソファの中央で小さく丸まっていて、",
            "両膝を抱えて画面をじっと見つめていた。"
		],
        "1": [
            "一体どんなアニメがそんなに夢中にさせるんだろう……",
            "昼間いつも家にいない俺は、\\str[120]が普段どんな番組を見てるか知らないけど、",
            "珍しくあんなに楽しそうな姿を見ていたら、俺も少し気になってきて、",
            "結局ソファに座って一緒に画面を見つめた。"
		],
        "2": [
            "\\{\\c[27]《星空の魔法少女ルビー！》",
            "第一話！平凡な少女と星の奇跡！契約成立！"
		],		
        "3": [
            "\\c[27]平凡な少女ルビー——成績も運動もイマイチ、魔法の才能もゼロ。",
            "だが放課後、魔物に襲われて必死に路地裏へ逃げ込む！",
            "絶望の中、謎の星霊ノアが現れ、彼女の生への願いに応えて目覚めた！",
            "『生きたい！』その叫びとともに星の光が炸裂——運命の契約が結ばれた！"
		],	  
        "4": [
            "\\c[27]初めての変身！本能のままに放つ反撃が魔物を退ける！",
            "星の光に包まれた自分の手を見つめ、ルビーは呆然とつぶやく：『これが……私？』"
		],	  
        "5": [
            "\\nl< >「変身した！すっごくかっこいい〜！",
			"ノアもめっちゃ可愛い！星の光もキラキラしてる！   \\w[120]",
			"\\str[121]見て見て！ルビーちゃん、前は何にもできなかったのに！",
			"でも最後には選ばれて魔法少女になれたんだよ！」"
		],
        "6": [
            "「あ、うん……」"
		],
        "7": [
            "……………………",
            "……………………"
		],		
        "8": [
            "えっ…もう変身しちゃったの！？もう終わり！？",
            "魔物との契約って命がけじゃないのか……",
            "こんな子どもにやらせて、大丈夫なのか…ギルドにクレームこない…？"
		],
        "9": [
            "俺は険しい表情でテレビ画面を見つめながら、頭の中は疑問だらけだった。",
            "でも、横で目を丸くして口をぽかんと開けて、憧れの眼差しを向けている\\str[120]を見て、",
            "結局何も言わずに黙って見守ることにした。"
		],
        "10": [
            "「うん、画面はキラキラしてるね。好きならそれでいいよ……」"
		],
        "11": [
            "ストーリーはよく分からなかったけど、",
			"\\str[120]と一緒に静かな視聴タイムを楽しめた！"
		],
        "12": [
            "前に見た回は話がめちゃくちゃだった気がするけど……",
			"でも\\str[120]があんなに好きなら、きっと変なアニメじゃないよね？   \\w[60]",
			"ダメだ！断片的な印象だけで決めつけちゃ……！",
			"そう思いながら、俺もソファに座ってテレビに目を向けた。"
		],
        "13": [
        	"\\{\\c[27]《星空の魔法少女ルビー！》",
        	"第二話！特訓スタート！暴走魔法の大混乱！"
		],		
        "14": [
        	"\\c[27]特訓スタート！",
        	"ノアの特製星光レッスンでルビーは大苦戦！",
        	"屋上から37回落ちて、やっと自力変身に成功…でも魔力制御は大崩壊！",
        	"廊下は災害現場、商店街の看板は大爆発！",
        	"\\c[27]市民の苦情と治安隊の警告を受けた史上最弱魔法少女のデビュー戦——",
        	"ノアの鬼特訓で逆転できるのか？！"
		],	  
        "15": [
            "\\nl< >「ああ……ルビーちゃんかわいそう……    \\w[90]",
			"きっと焦ってるよね……やっと力をもらえたばかりで、",
			"まだ慣れてないもん。」"
		],	  
        "16": [
            "「うん…見ててハラハラしちゃうね……」"
		],	  
        "17": [
            "これって…児童労働の虐待じゃないの！？",
			"あの星霊ノアも……",
			"こんな教育方針でどうやって契約成功したんだ……？"
		],	  
        "18": [
            "\\str[120]の視聴体験を邪魔しないように、",
			"俺は心の中でそっとツッコミを入れておいた——"
		],
        "19": [
            "\\{\\c[27]《星空の魔法少女ルビー！》",
            "第三話！炎と星の初激突！"
		],		
        "20": [
            "\\c[27]謎の転校生レイナが堂々登場！",
            "炎の魔法がルビーの未熟な星光を一瞬で圧倒！",
            "冷たい眼差しの奥には語られざる過去の痛み——",
            "優柔不断な初心者と、決断の戦士が出会ったとき！",
            "\\c[27]モンスター襲来の中、二人の信念が真っ向衝突！",
            "星と炎のコンビネーション…果たして成功するのか？！"
		],	  
        "21": [
            "\\nl< >「レイナちゃん怖いけど……すごく強いね！    \\w[90]",
			"でも、ルビーにはこういう仲間が必要なんだよね？    \\w[90]",
			"きっと、いい友達になれるよね？」"
		],	  
        "22": [
            "「レイナは確かにかっこいいな……",
			"頼れる先輩になってくれそうだ。」"
		],	  
        "23": [
            "俺は\\str[120]にうなずいて返事しながら、",
			"新しい話の華やかな戦闘シーンと、巧みなアクション演出を見つめていた——",
			"正直、ちょっと惹かれ始めていた。"
		],
        "24": [
            "次回の展開がちょっと楽しみになってきた！",
			"\\str[120]と一緒に静かな視聴時間を過ごせた！"
		],
        "25": [
			"最初はなんとなく見てただけなのに、気づけば何話も見ちゃってた……",
			"テンポはちょっとバラバラだけど、設定は意外と面白いし、   \\w[60]",
			"\\str[120]があれだけ夢中になるのもなんだか分かってきた気がする。",
			"次はどうなるんだろう……ソファに寄りかかりながら、思わず画面に目がいった。"
		],
        "26": [
            "\\{\\c[27]《星空の魔法少女ルビー！》",
            "第四話！祭りの笑顔と闇のささやき！"
		],		
        "27": [
            "\\c[27]学園祭スタート！ルビーとレイナはペアで出店を運営することに！",
            "綿あめ機が爆発！占いの水晶玉が大破！最悪のコンビ結成！",
            "だが校舎の隅で生徒たちの不気味なささやきにノアが反応——",
            "その虚ろな目には、不穏な黒い霧が漂っていた！",
            "\\c[27]祭りの花火が打ち上がるその時、潜む影が蠢き出す！",
            "華やかな笑顔の裏に…一体何が潜んでいるのか？！"
		],	  
        "28": [
            "\\nl< >「学園祭ってすごく楽しそう〜！    \\w[90]",
			"ルビーちゃんとレイナちゃん、仲良くなってきた気がする……！」"
		],	  
        "29": [
            "「うん、楽しそう…だね……   \\}",
			"どう見ても関係悪化してる気がするけどな……」"
		],
        "30": [
            "\\{\\c[27]《星空の魔法少女ルビー！》",
            "第五話！焦げた記憶と残酷な真実！"
		],		
        "31": [
            "\\c[27]黒い霧の侵食事件を緊急調査中！レイナが被害者に殺意を…！？",
            "廃教会の奥深く、魔物の爪跡が彼女の記憶をえぐる！",
            "暴走する炎の魔法！焼け焦げた人形と砕けた写真立てが浮かび上がる！",
            "『私の町…こうして灰になったの』真実を叫ぶレイナの瞳に涙があふれる！",
            "\\c[27]そして今——新たな魔物が学園地下で目覚めようとしている！",
            "癒えぬ古傷が…再び開かれようとしている？！"
		],	  
        "32": [
            "\\nl< >「そんな……レイナちゃんにこんな過去があったなんて…     \\w[90]",
			"\\str[121]、これからどうなっちゃうのかな……？」"
		],	  
        "33": [
            "「だ、大丈夫だって！まだ魔法があるだろ！？",
			"きっと次回はルビーの大活躍が見られるはず…だよね！？」"
		],	  
        "34": [
            "俺は思わず手を振って、\\str[120]を必死に慰めた。",
			"これ、少女たちの友情を描くほんわかストーリーじゃなかったのか！？",
			"でも物語は盛り上がってきたし、きっと熱い逆転劇があるはず…！"
		],
        "35": [
            "次回の展開が楽しみでたまらない！",
			"\\str[120]と一緒にハラハラドキドキの視聴タイムを満喫した！"
		]			
    },
  "8": {
        "0": [
            "妹の部屋に行くと、妹が干からびた塩漬け魚のように、",
			"元気なくベッドに突っ伏していた。"
		],
		"1": [
            "外の暑さが明らかに家の中にも影響していて、",
			"熱気が顔に押し寄せてくる。"
        ],
        "2": [
            "このままじゃダメだ、",
            "何とかして妹の暑さ対策を考えなきゃ…！"
        ],
        "3": [
            "熱中症になりかけた妹の看病でてんてこ舞いになり、",
            "夕日が沈み、空が茜色に染まる頃になってようやく、",
			"妹は少しずつ元気を取り戻した……。"
        ],
        "4": [
            "妹と一緒にアイスを舐めて体温を下げようとしたけど、",
			"押し寄せる熱波の前では、結局汗だくになるばかりだった。"
        ],
        "5": [
            "妹ももう俺のことなんて気にしていられない様子で、",
			"必死に服の裾をパタパタ扇ぎ始めた。"
        ],	
        "6": [
            "\\nl< >「暑いよ…お風呂に入りたいよ…」"
        ],	
        "7": [
            "一緒に入ろう！",
			"一緒に行こう！"
        ],	
        "8": [
            "\\nl< >「こんな暑いのに、二人でくっつきたくないよ！」"
        ],
        "9": [
            "\\nl< >「もう！こんな時にふざけないでよ！」"
        ],	
        "10": [
            "そうだよね、だって夏だもんね……",
			"でも、ちょっと寂しいな……。"
        ],
        "11": [
            "暑さのせいで汗をかき、妹と交代でお風呂に入ったけど、",
			"まだ暑くてすぐにまた汗をかき始めた。",
			"そのまま夕方まで慌ただしく過ごしてしまった……"
        ],	
        "12": [
            "こそこそ……",
			"こそこそ……",
			"こっそり妹の部屋のドア前まで来た。"
        ],	
        "13": [
            "「じーーーっ  \\w[60]",
			"な…なに！？」"
        ],
        "14": [
            "妹が昼寝していると思っていたが、",
			"意外にも妹は扇風機の風をとても気持ちよさ",
			"そうに浴びていた。"
        ],	
        "15": [
            "家に誰もいないと思って安心しているのか、",
			"妹はこのポーズが外の人から見てどれほど無防備",
			"かなんて全く気にしていないようだ。"
        ],
        "16": [
            "家に誰もいないと思って安心しているのか、",
			"妹はなんとパンツまで脱いでリラックスしている。"
        ],
        "17": [
            "目の保養にはなったけど、",
			"これ以上見るのはさすがに失礼かなと思い、",
			"そっとドアを離れて玄関へ戻った。"
        ],	
        "18": [
            "簡単に扇風機を取り付けると、",
			"すぐに部屋の空気が勢いよく流れ始め、涼しくなってきた。"
        ],	
        "19": [
            "\\nl< >「おお〜涼しい！気持ちいい〜！」"
        ],
        "20": [
            "「ほらほら、直接風に当たらないでよ！風邪ひいちゃうよ！」"
        ],
        "21": [
            "妹はアイスを食べながら涼しい風を浴びて、",
			"とても楽しそうだ。"
        ],	
        "22": [
            "素早くアイスキャンディーを一本食べて、",
			"体温が一気に下がった感じがする。",
			"外ではセミの鳴き声と熱波が続いているけど、",
			"もうさっきのように焼けそうな感覚はなくなった……"
        ],	
        "23": [
            "でも、妹はまだ涼しさが足りないと思っているのか、",
			"とてもだるそうに床に座りながら気持ちよさそうに",
			"扇風機の風を浴びている。"
        ],	
        "24": [
            "女の子としてその仕草は少し無防備すぎる気がして、",
			"注意してあげたいところだけど、",
			"つい妹の無意識なサービスに目が奪われてしまった。"
        ],	
        "25": [
            "\\{まあ、夏だから仕方ないね！!"
        ]		
    },
  "9": {
        "0": [
            "ちょっと退屈だなぁ…",
			"スイカ食べたいなぁ〜"
		],
		"1": [
            "\\nl< >「暑いよ…お風呂に入りたいよ…」"
        ],
        "2": [
            "\\nl< >「\\str[121]…アイス食べる？」"
        ],
        "3": [
            "おしゃべり",
            "スキンシップ",
			"コーラを渡す",
			"眠いから…"
        ],
        "4": [
            "\\nl< >「やっぱりまだ暑いね。",
			"こういう時はお昼寝するのが一番だ。」"
        ],
        "5": [
            "そうだね、",
			"夕方になればもうこんなに日差しも強くなくなるよね……。"
        ],	
        "6": [
            "\\str[120]と一緒に涼しいそよ風の中で夕方まで眠った。"
        ],	
        "7": [
            "ちょうど冷蔵庫に、",
			"あの変な自販機で手に入れた大きなコーラが残ってるんだよね。",
			"こんなに暑い日に、妹がそれを飲んだらきっと喜んでくれるだろうな。"
        ],	
        "8": [
            "\\nl< >「\\{冷えたコーラ！？          \\}\\w[60]",
			"飲む！飲むーっ！」"
        ],
        "9": [
            "やっぱり嬉しそうだね……  ",
			"どうしようかな——  "
        ],	
        "10": [
            "振ってみる",
			"コーラを渡す"
        ],
        "11": [
            "これは炭酸多めの特別なコーラみたいだし、",
			"もし振ったら…"
        ],	
        "12": [
            "そんなことを思ったら、",
			"つい魔が差してコーラをこっそり振って、妹に渡しちゃった。"
        ],	
        "13": [
            "妹は当然のように勢いよく噴き出したコーラを顔に浴びて、",
			"そのあと、ぷんすか怒った妹に仕返しとして、",
			"ほとんど残ってたコーラを無理やり飲まされちゃった。"
        ],
        "14": [
            "結果、妹はその大きなコーラをものすごい勢いで",
			"ほとんど一気飲みしてしまい……  ",
			"お腹も目に見えてぽっこりと膨らんでしまった。 ",
			"こ、こんなに飲んで……ほんとに大丈夫なの！？  "
        ],	
        "15": [
            "コーラで全身びしょぬれになっちゃったから、",
			"妹がお風呂に入って着替え終わる頃には、",
			"もう空はすっかり夕暮れになってた。"
        ],
        "16": [
            "\\nl< >「うわあああううううぷぷぷぷっ！！」"
        ],
        "17": [
            "何度かの経験があったからか、今度は妹がすぐに反応して、",
			"ほとんど本能的にコーラの口にぱっと口をつけて、",
			"吹き出す泡をなんとか止めようとしていた。"
        ],	
        "18": [
            "でもこのコーラ、炭酸があまりにも強すぎて、",
			"妹の小さなお口じゃとても全部をふさぎきれなくて、",
			"泡がすき間を見つけたみたいに、",
			"口の端やほっぺたの横からどんどんあふれてきて……。"
        ],	
        "19": [
            "結局、妹はまるでドジな小さなハムスターみたいに、",
			"コーラを顔中に浴びてびしょびしょになっちゃった。"
        ],	
        "20": [
            "\\nl< >「お兄ちゃんの手がエッチすぎてダメ！」"
        ],	
        "21": [
            "えっちな話題",
			"夏の話題"
        ],	
        "22": [
            "「脱いだほうがもっと涼しいんじゃないかなー」"
        ],	
        "23": [
            "決して変な考えじゃないよ、と妹にそう提案した。"
        ],	
        "24": [
            "\\nl< >「えっ……でもなんだかちょっと恥ずかしい…」"
        ],	
        "25": [
            "妹は当然のように拒否した。",
			"うーん、ここはやっぱり俺が率先して脱ぐべきかな——"
        ],	
        "26": [
            "「……ちょっと近づいて匂い嗅いでもいい？」"
        ],	
        "27": [
            "妹の首筋を流れる汗を見て、思わずお願いしてしまった。"
        ],	
        "28": [
            "\\nl< >「えっ…汗だくだから、変な匂いするよ！」"
        ],	
        "29": [
            "「いやいや、妹はきっといい匂いだよ！」"
        ],	
        "30": [
            "\\nl< >「もう、そんなわけないでしょ！」"
        ],	
        "31": [
            "「じゃあ、俺も嗅がせてあげる——",
			"\\w[30]\\^"
        ],	
        "32": [
            "\\nl< >「やだ、お兄ちゃん絶対臭いもん。」"
        ],	
        "33": [
		    "\\{",
            "「ぐっ……！」"
        ],	
        "34": [
            "妹に嫌がられてしまった。"
        ],	
        "35": [
            "暑い雰囲気に乗じて妹とちょっとHな話題を話したけど、",
			"でもやっぱりまだ暑い！"
        ],	
        "36": [
            "\\nl< >「セミの鳴き声って、時々うるさいよね……」"
        ],	
        "37": [
		    "夏だもんね。"
        ],	
        "38": [
            "\\nl< >「この時期ってみんなスイカを食べるみたい？",
			"ちょっと食べてみたいな~」"
        ],	
        "39": [
            "うーん…スイカか…どこで手に入れるかな？"
        ],	
        "40": [
            "\\nl< >「こういう時はアイスが美味しいね！",
			"\\w[120]\\^"
        ],	
        "41": [
            "\\nl< > うう…頭が痛いけど……!     \\w[60]",
			"でも気持ちいい！」"
        ],	
        "42": [
            "えっ……一体何本食べたの……？"
        ],	
        "43": [
            "\\nl< >「海とお風呂って何が違うの？",
			"なんだかよくわからないな……」"
        ],	
        "44": [
            "そういえば、妹はまだ海を見たことがないんだな。",
			"何か方法はないかな、",
			"妹に海辺の雰囲気を味わわせてあげられるような……"
        ],	
        "45": [
            "暑い雰囲気に乗じて妹と夏の話題を話したけど、",
			"でもやっぱりまだ暑い！"
        ]		
    }		
}