{
  "1": {
    "name": [
      "과자 교환권"
    ],
    "subtitle": "",
    "description": [
      "역류 찻집 발행 교환권. 맛있는 다과로 교환할 수 있다",
      "그보다…… 가게는 어디 있는 거야?"
    ],
    "ability": [
      "가챠 기계에 사용하면 대미지를 주지 않고 11연 1회분을 돌릴 수 있다",
      "이 11연에서는 반드시 금색 가챠가 1개 출현한다"
    ]
  },
  "3": {
    "name": [
      "쓰레기"
    ],
    "subtitle": "",
    "description": [
      "다양한 종류의 폐자재, 쓸모가 없다...",
      "왜 이런 걸 주워온 거지?"
    ],
    "ability": ""
  },
  "4": {
    "name": [
      "１０엔"
    ],
    "subtitle": "",
    "description": [
      ""
    ],
    "ability": ""
  },
  "5": {
    "name": [
      "５０엔"
    ],
    "subtitle": "",
    "description": [
      ""
    ],
    "ability": ""
  },
  "6": {
    "name": [
      "１００엔"
    ],
    "subtitle": "",
    "description": [
      ""
    ],
    "ability": ""
  },
  "7": {
    "name": [
      "５００엔"
    ],
    "subtitle": "",
    "description": [
      ""
    ],
    "ability": ""
  },
  "8": {
    "name": [
      "１０００엔"
    ],
    "subtitle": "",
    "description": [
      ""
    ],
    "ability": ""
  },
  "9": {
    "name": [
      "５０００엔"
    ],
    "subtitle": "",
    "description": [
      ""
    ],
    "ability": ""
  },
  "10": {
    "name": [
      "１００００엔"
    ],
    "subtitle": "",
    "description": [
      ""
    ],
    "ability": ""
  },
  "11": {
    "name": [
      "５００００엔"
    ],
    "subtitle": "",
    "description": [
      ""
    ],
    "ability": ""
  },
  "12": {
    "name": [
      "１０００００엔"
    ],
    "subtitle": "",
    "description": [
      ""
    ],
    "ability": ""
  },
  "14": {
    "name": [
      "마도 영사기"
    ],
    "subtitle": "",
    "description": [
      "동방에서 전해진 정교한 마도구. 하지만 어째서인지 어비스에",
      "떠내려왔다… 본 풍경을 기억에 남길 수 있지만",
      "마력의 간섭을 받기 쉬워, 가끔 기묘한 것이 비칠 때가 있다고 한다…"
    ],
    "ability": [
      "F7 키를 누르면 사진을 촬영할 수 있다"
    ]
  },
  "15": {
    "name": [
      "JoyStation V"
    ],
    "subtitle": "",
    "description": [
      ""
    ],
    "ability": [
      ""
    ]
  },
  "16": {
    "name": [
      "Shadow Souls DLC"
    ],
    "subtitle": "",
    "description": [
      ""
    ],
    "ability": [
      ""
    ]
  },
  "17": {
    "name": [
      "여동생의 바보털"
    ],
    "subtitle": "",
    "description": [
      "여동생 머리에서 뽑은 바보털이지만, 본인은 눈치채지 못한 것 같다…",
      "이 바보털은 여전히 고집스럽게 서 있고, 신기할 정도로 탄력이 있다",
      " "
    ],
    "ability": ""
  },
  "18": {
    "name": [
      "고무 오리"
    ],
    "subtitle": "",
    "description": [
      ""
    ],
    "ability": [
      ""
    ]
  },
  "19": {
    "name": [
      "선풍기"
    ],
    "subtitle": "",
    "description": [
      ""
    ],
    "ability": [
      ""
    ]
  },
  "20": {
    "name": [
      "천상의 돌 조각"
    ],
    "subtitle": [
      "「이것이야말로 모든 견고함 속의 위대한 견고함이니",
      "모든 단단한 것에 스며들며",
      "가장 미세한 것을 능가하리라.」"
    ],
    "description": [
      "비록 조각이라 해도, 강력한 힘이 깃들어 있다——"
    ],
    "ability": ""
  },
  "23": {
    "name": [
      "맛있는 우유"
    ],
    "subtitle": [
      "「광고 협찬: 역류 다과회」"
    ],
    "description": [
      "기묘한 자판기에서 얻은 음료수",
      "맛은 둘째치고, 어째서 어비스에 자판기가 있는 걸까…"
    ],
    "ability": [
      "120의 체력을 회복하고, 맛있다!!를 얻는다"
    ]
  },
  "24": {
    "name": [
      "당근 우유"
    ],
    "subtitle": [
      "「광고 협찬: 역류 다과회」"
    ],
    "description": [
      "기묘한 자판기에서 얻은 음료수",
      "맛은 둘째치고, 어째서 어비스에 자판기가 있는 걸까…"
    ],
    "ability": [
      "75의 체력을 회복하고, 무작위로 하나의 이상 상태를 해제한다"
    ]
  },
  "25": {
    "name": [
      "딸기 우유"
    ],
    "subtitle": [
      "「광고 협찬: 역류 다과회」"
    ],
    "description": [
      "기묘한 자판기에서 얻은 음료수",
      "맛은 둘째치고, 어째서 어비스에 자판기가 있는 걸까…"
    ],
    "ability": [
      "78의 체력을 회복하고, 일정 시간 내에 공격력이 50% 상승한다"
    ]
  },
  "26": {
    "name": [
      "멜론 우유"
    ],
    "subtitle": [
      "「광고 협찬: 역류 다과회」"
    ],
    "description": [
      "기묘한 자판기에서 얻은 음료수",
      "맛은 둘째치고, 어째서 어비스에 자판기가 있는 걸까…"
    ],
    "ability": [
      "78의 체력을 회복하고, 일정 시간 내에 마법 공격력이 50% 상승한다"
    ]
  },
  "27": {
    "name": [
      "바나나 우유"
    ],
    "subtitle": [
      "「광고 협찬: 역류 다과회」"
    ],
    "description": [
      "기묘한 자판기에서 얻은 음료수",
      "맛은 둘째치고, 어째서 어비스에 자판기가 있는 걸까…"
    ],
    "ability": [
      "78의 체력을 회복하고, 일정 시간 내에 이동 속도가 상승한다"
    ]
  },
  "30": {
    "name": [
      "핑크 별사탕"
    ],
    "subtitle": [
      "「후후후… 재료는 모르는 게 좋을 거야♥」"
    ],
    "description": [
      "대악마가 직접 만든, 외형도 아름다운 별사탕",
      "복숭아의 달콤한 향기를 풍기며, 냄새만 맡아도 붕 뜨는 기분…"
    ],
    "ability": [
      "먹으면 성욕이 대폭 높아진다"
    ]
  },
  "31": {
    "name": [
      "블루 별사탕"
    ],
    "subtitle": [
      "「후후후… 재료는 모르는 게 좋을 거야♥」"
    ],
    "description": [
      "대악마가 직접 만든, 외형도 아름다운 별사탕",
      "블루베리와 같은 향기를 풍기며, 냄새만 맡아도 마음이 차분해진다…"
    ],
    "ability": [
      "먹으면 마음이 온화해진다"
    ]
  },
  "32": {
    "name": [
      "그린 별사탕"
    ],
    "subtitle": [
      "「후후후… 재료는 모르는 게 좋을 거야♥」"
    ],
    "description": [
      "대악마가 직접 만든, 외형도 아름다운 별사탕",
      "멜론과 같은 향기를 풍기며, 냄새만 맡아도 마음이 들뜬다…"
    ],
    "ability": [
      "효과 미구현"
    ]
  },
  "33": {
    "name": [
      "민감 말랑 만쥬"
    ],
    "subtitle": [
      "「후후후… 원료는 모르는 편이 좋을 거야♥」"
    ],
    "description": [
      "대악마가 직접 만든, 탱글탱글한 식감의 물만쥬",
      "한입 먹으면, 온몸이 찌릿찌릿 저리는 쾌감!"
    ],
    "ability": [
      "효과 미구현"
    ]
  },
  "35": {
    "name": [
      "역류 콜라(대)  "
    ],
    "subtitle": [
      "「광고 협찬: 역류 다과회」"
    ],
    "description": [
      "기묘한 자판기에서 얻은 음료수",
      "맛은 둘째치고, 어째서 어비스에 자판기가 있는 걸까…"
    ],
    "ability": [
      "격렬하게 흔들면 강력한 폭발을 일으킬 수 있다"
    ]
  },
  "42": {
    "name": [
      "Kenaz"
    ],
    "subtitle": [
      "\"폭발의 힘\""
    ],
    "description": [
      "초보자도 쉽게 사용할 수 있도록 디자인된 마법의 룬이 새겨진 돌 ",
      "마법에 대한 지식은 그 효과를 쉽게 활성화할 수 없습니다"
    ],
    "ability": [
      "목표물을 던져 폭탄으로 만듭니다",
      "5초 만에 폭발하며, 더 큰 표적은 더 넓은 폭발을 일으킵니다"
    ]
  },
  "43": {
    "name": [
      "ANSUZ"
    ],
    "subtitle": [
      "「계시의 힘」"
    ],
    "description": [
      "마법 룬이 새겨진 돌로, 마법 초보자도 쉽게",
      "그 효과를 발동할 수 있도록 설계됐다"
    ],
    "ability": [
      "사용하면, 그 자리에 문자 기록이 있는 마커를 설치할 수 있다",
      "업데이트 후, 이 마커는 다른 플레이어에게도 표시된다"
    ]
  },
  "44": {
    "name": [
      "Raidho"
    ],
    "subtitle": [
      "「기승의 힘」"
    ],
    "description": [
      "마법 룬이 새겨진 돌로, 마법 초보자도 쉽게",
      "그 효과를 발동할 수 있도록 설계됐다"
    ],
    "ability": [
      "던지면, 클릭으로 위치를 교환할 수 있는 마크를 생성한다"
    ]
  },
  "45": {
    "name": [
      "에와즈"
    ],
    "subtitle": [
      "「변화의 힘」"
    ],
    "description": [
      "마법 룬이 새겨진 돌로, 마법 초보자도 쉽게",
      "그 효과를 발동할 수 있도록 설계됐다"
    ],
    "ability": [
      "던지면, 닿은 대상과 위치를 교환한다"
    ]
  },
  "46": {
    "name": [
      "더 풀"
    ],
    "subtitle": [
      "「어리석은 모험가의 끝없는 탐구심」"
    ],
    "description": [
      "술식이 새겨진 마법 카드. 마법 초보자도 쉽게",
      "그 효과를 발동할 수 있도록 설계됐다"
    ],
    "ability": [
      "사용하면, 강제로 무작위 장소로 전이된다"
    ]
  },
  "47": {
    "name": [
      "더 매지션"
    ],
    "subtitle": [
      "「연금술사들의 걸작」"
    ],
    "description": [
      "술식이 새겨진 마법 카드. 마법 초보자도 쉽게",
      "그 효과를 발동할 수 있도록 설계됐다"
    ],
    "ability": [
      "사용하면, 여러 원소 하수인을 소환한다"
    ]
  },
  "48": {
    "name": [
      "더 하이프리스티스"
    ],
    "subtitle": [
      "「그녀의 총애를 얻으시길…」"
    ],
    "description": [
      "술식이 새겨진 마법 카드. 마법 초보자도 쉽게",
      "그 효과를 발동할 수 있도록 설계됐다"
    ],
    "ability": [
      "사용하면, 타락의 성당으로 이어지는 문을 소환한다"
    ]
  },
  "49": {
    "name": [
      "더 엠프레스"
    ],
    "subtitle": [
      "「한 번 돌아보면 그 사람의 성이 기울고, 두 번 돌아보면 그 사람의 나라가 기운다」"
    ],
    "description": [
      "술식이 새겨진 마법 카드. 마법 초보자도 쉽게",
      "그 효과를 발동할 수 있도록 설계됐다"
    ],
    "ability": [
      "사용하면, 플레이어에게 7초간 경국지색을 부여한다"
    ]
  },
  "50": {
    "name": [
      "더 엠퍼러"
    ],
    "subtitle": [
      "「용의 위엄, 침범할 수 없다」"
    ],
    "description": [
      "술식이 새겨진 마법 카드. 마법 초보자도 쉽게",
      "그 효과를 발동할 수 있도록 설계됐다"
    ],
    "ability": [
      "사용하면, 화면 내 모든 적에게 용의 포효로 현기증을 유발한다"
    ]
  },
  "51": {
    "name": [
      "더 하이어로펀트"
    ],
    "subtitle": [
      "「지금이야말로, 각성의 때」"
    ],
    "description": [
      "술식이 새겨진 마법 카드. 마법 초보자도 쉽게",
      "그 효과를 발동할 수 있도록 설계됐다"
    ],
    "ability": [
      "사용하면, 플레이어에게 심안과 현자 모드를 부여한다"
    ]
  },
  "52": {
    "name": [
      "더 러버스"
    ],
    "subtitle": [
      "「마녀의 잔향」"
    ],
    "description": [
      "술식이 새겨진 마법 카드. 마법 초보자도 쉽게",
      "그 효과를 발동할 수 있도록 설계됐다"
    ],
    "ability": [
      "사용하면, 일정 시간 내에 몬스터 발생 확률이 상승한다"
    ]
  },
  "53": {
    "name": [
      "더 채리엇"
    ],
    "subtitle": [
      "「부르면 즉시 오는 지옥 특급 택배!」"
    ],
    "description": [
      "술식이 새겨진 마법 카드. 마법 초보자도 쉽게",
      "그 효과를 발동할 수 있도록 설계됐다"
    ],
    "ability": [
      "사용하면, 다과회 택배 차량이 플레이어에게 돌진한다"
    ]
  },
  "54": {
    "name": [
      "더 스트렝스"
    ],
    "subtitle": [
      "「거신병의 힘을 해방하라」"
    ],
    "description": [
      "술식이 새겨진 마법 카드. 마법 초보자도 쉽게",
      "그 효과를 발동할 수 있도록 설계됐다"
    ],
    "ability": [
      "사용하면, 무기가 거대화하고, 피해가 상승한다"
    ]
  },
  "55": {
    "name": [
      "더 허밋"
    ],
    "subtitle": [
      "「이 세계의 비밀을 풀어라」"
    ],
    "description": [
      "술식이 새겨진 마법 카드. 마법 초보자도 쉽게",
      "그 효과를 발동할 수 있도록 설계됐다"
    ],
    "ability": [
      "사용하면, 일정 시간 내에 특별한 유닛을 표시한다"
    ]
  },
  "56": {
    "name": [
      "운명의 수레바퀴"
    ],
    "subtitle": [
      "「영혼을 건 운명의 룰렛」"
    ],
    "description": [
      "술식이 새겨진 마법 카드. 마법 초보자도 쉽게",
      "그 효과를 발동할 수 있도록 설계됐다"
    ],
    "ability": [
      "사용하면, 무작위로 좋은 효과나 나쁜 효과를 얻을 수 있다"
    ]
  },
  "57": {
    "name": [
      "저스티스"
    ],
    "subtitle": [
      "「재는 재로, 먼지는 먼지로, 흙은 흙으로」"
    ],
    "description": [
      "술식이 새겨진 마법 카드. 마법 초보자도 쉽게",
      "그 효과를 발동할 수 있도록 설계됐다"
    ],
    "ability": [
      "사용하면, 플레이어의 모든 상태 효과를 해제한다"
    ]
  },
  "58": {
    "name": [
      "더 행드맨"
    ],
    "subtitle": [
      "「하늘이 떨어진다…」"
    ],
    "description": [
      "술식이 새겨진 마법 카드. 마법 초보자도 쉽게",
      "그 효과를 발동할 수 있도록 설계됐다"
    ],
    "ability": [
      "사용하면, 중력이 역전되어 다른 맵으로 떨어진다"
    ]
  },
  "59": {
    "name": [
      "데스"
    ],
    "subtitle": [
      "「죽음의 자장가를 바치리라」"
    ],
    "description": [
      "술식이 새겨진 마법 카드. 마법 초보자도 쉽게",
      "그 효과를 발동할 수 있도록 설계됐다"
    ],
    "ability": [
      "사용하면, 화면 내에서 망자의 탄식을 발동한다"
    ]
  },
  "60": {
    "name": [
      "템퍼런스"
    ],
    "subtitle": [
      "「어비스의 판도라 상자」"
    ],
    "description": [
      "술식이 새겨진 마법 카드. 마법 초보자도 쉽게",
      "그 효과를 발동할 수 있도록 설계됐다"
    ],
    "ability": [
      "사용하면, 무작위로 한 대의 가챠 머신을 소환한다"
    ]
  },
  "61": {
    "name": [
      "더 데빌"
    ],
    "subtitle": [
      "「끊임없이 타오르는 저주의 불꽃」"
    ],
    "description": [
      "술식이 새겨진 마법 카드. 마법 초보자도 쉽게",
      "그 효과를 발동할 수 있도록 설계됐다"
    ],
    "ability": [
      "사용하면, 지정된 영역에 지옥의 불을 발동한다"
    ]
  },
  "62": {
    "name": [
      "더 타워"
    ],
    "subtitle": [
      "「심연의 광연 초대장」"
    ],
    "description": [
      "술식이 새겨진 마법 카드. 마법 초보자도 쉽게",
      "그 효과를 발동할 수 있도록 설계됐다"
    ],
    "ability": [
      "사용하면, 어비스의 오벨리스크를 소환한다"
    ]
  },
  "63": {
    "name": [
      "더 스타"
    ],
    "subtitle": [
      "「별은 귀향의 이정표가 되리라」"
    ],
    "description": [
      "술식이 새겨진 마법 카드. 마법 초보자도 쉽게",
      "그 효과를 발동할 수 있도록 설계됐다"
    ],
    "ability": [
      "사용하면, 플레이어를 어비스에서 탈출시킨다"
    ]
  },
  "64": {
    "name": [
      "더 문"
    ],
    "subtitle": [
      "「오치미즈의 저주를 짊어지다」"
    ],
    "description": [
      "술식이 새겨진 마법 카드. 마법 초보자도 쉽게",
      "그 효과를 발동할 수 있도록 설계됐다"
    ],
    "ability": [
      "사용하면, 플레이어는 「젊음의 힘」 상태를 얻는다"
    ]
  },
  "65": {
    "name": [
      "더 선"
    ],
    "subtitle": [
      "「불꽃 속의 재탄생」"
    ],
    "description": [
      "술식이 새겨진 마법 카드. 마법 초보자도 쉽게",
      "그 효과를 발동할 수 있도록 설계됐다"
    ],
    "ability": [
      "사용 시, 불새의 가호를 얻는다"
    ]
  },
  "66": {
    "name": [
      "저지먼트"
    ],
    "subtitle": [
      "「네 죄를 세어라」"
    ],
    "description": [
      "술식이 새겨진 마법 카드. 마법 초보자도 쉽게",
      "그 효과를 발동할 수 있도록 설계됐다"
    ],
    "ability": [
      "사용하면, 타겟을 다른 생물로 바꾸는 마법 화살을 발사한다"
    ]
  },
  "67": {
    "name": [
      "더 월드"
    ],
    "subtitle": [
      "「당신을 그 신비로운 미니어처 정원으로 초대합니다…」"
    ],
    "description": [
      "술식이 새겨진 마법 카드. 마법 초보자도 쉽게",
      "그 효과를 발동할 수 있도록 설계됐다"
    ],
    "ability": [
      "사용하면, 드롭 이벤트의 카운트다운을 초기화한다"
    ]
  },
  "70": {
    "name": [
      "잭 봄"
    ],
    "subtitle": [
      "「이쪽을 봐라…!」"
    ],
    "description": [
      "광열의 화염 원소를 품은 연금 폭탄. 너무나도 불안정한 성질 때문에",
      "손에 든 것만으로도 금방 폭발해 버린다",
      "작열하는 환경에서는 즉시 기폭한다!",
      " "
    ],
    "ability": ""
  },
  "71": {
    "name": [
      "아이스 잭 봄"
    ],
    "subtitle": [
      "「이쪽을 봐라…!」"
    ],
    "description": [
      "극한의 얼음 원소를 품은 연금 폭탄. 지극히 불안정한 성질을 지녔기 때문에",
      "손에 든 것만으로도 즉시 폭발해 버린다",
      " "
    ],
    "ability": ""
  },
  "72": {
    "name": [
      "베놈 잭 봄"
    ],
    "subtitle": [
      "「이쪽을 봐라…!」"
    ],
    "description": [
      "맹독을 품은 연금 폭탄. 지극히 불안정한 성질을 지녔기 때문에",
      "손에 든 것만으로도 즉시 폭발해 버린다",
      " "
    ],
    "ability": ""
  },
  "75": {
    "name": [
      "봉인된 시계"
    ],
    "subtitle": "",
    "description": [
      "특수한 마법 도구이며, 내부에 봉인 술식이 새겨져 있다",
      "하지만, 이것을 부수면 효과가 발동하여, 일정 범위 내에서",
      "시간을 포함한 모든 현상을 정지시킬 수 있다"
    ],
    "ability": ""
  },
  "76": {
    "name": [
      "Ginkela"
    ],
    "subtitle": "",
    "description": [
      "맛이 놀랍도록 좋다고 알려진 이상한 사료",
      "그 향기는 동물뿐만 아니라 괴물까지도 유혹합니다!",
      "조심해서 다루세요—잘 보관하지 않으면 향기가 빨리 사라집니다"
    ],
    "ability": [
      "던지면 괴물을 끌어들이는 향기 구름이 생성됩니다"
    ]
  },
  "77": {
    "name": [
      "스시 푸딩"
    ],
    "subtitle": "",
    "description": [
      "어떤 대악마의 사역마로, 풀어놓으면 대악마의 행방을 쫓을 수 있다",
      "하지만, 이것은 고양이인가, 스시인가, 아니면 푸딩인가……?",
      "어쨌든, 매우 맛있어 보인다……"
    ],
    "ability": ""
  },
  "86": {
    "name": [
      "스테이크"
    ],
    "subtitle": "",
    "description": [
      "야생 동물에서 사냥한 고기 조각으로",
      "단백질이 풍부하다. 굽기만 해도 맛있게 즐길 수 있다!"
    ],
    "ability": ""
  },
  "88": {
    "name": [
      "닭다리 살"
    ],
    "subtitle": "",
    "description": [
      "다양한 새에서 사냥한 닭다리 살",
      "육질이 부드러워, 고기 요리에 최적이다",
      " s"
    ],
    "ability": ""
  },
  "89": {
    "name": [
      "큰 짐승 고기"
    ],
    "subtitle": "",
    "description": [
      "마물에서 잘라낸 신선한 고기. 맛있는 고기 요리를 만들 수 있다",
      "마물은 사람을 먹고, 사람은 마물을 먹는다. 이것이 당연한 이치다",
      " "
    ],
    "ability": ""
  },
  "90": {
    "name": [
      "작은 짐승 고기"
    ],
    "subtitle": "",
    "description": [
      "마물에서 잘라낸 신선한 고기. 맛있는 고기 요리를 만들 수 있다",
      "마물은 사람을 먹고, 사람은 마물을 먹는다. 이것이 당연한 이치다",
      " "
    ],
    "ability": ""
  },
  "97": {
    "name": [
      "슬라임의 점액"
    ],
    "subtitle": "",
    "description": [
      "슬라임이 분비하는 점액, 연금술에 자주 쓰이는 일반적인 재료",
      "때로는 윤활제로도 사용된다",
      " "
    ],
    "ability": ""
  },
  "98": {
    "name": [
      "걸어다니는 버섯"
    ],
    "subtitle": "",
    "description": [
      "걸어다니는 버섯 몬스터에서 꺾어온 버섯. 더 이상 움직이지 않는다",
      "잘라보면 보통 버섯과 외형은 거의 다르지 않다"
    ],
    "ability": ""
  },
  "100": {
    "name": [
      "슬라임 점액"
    ],
    "subtitle": "",
    "description": [
      "슬라임이 분비하는 점액, 연금술에 자주 쓰이는 일반적인 재료",
      "연금술의 재료",
      "때로는 윤활제로도 사용된다"
    ],
    "ability": ""
  },
  "101": {
    "name": [
      "사과"
    ],
    "subtitle": "",
    "description": [
      "방금 따온 신선한 과일, 청량감으로 가득하다",
      "먹으면 체력을 약간 회복하는 효과가 있다"
    ],
    "ability": ""
  },
  "102": {
    "name": [
      "카레 루"
    ],
    "subtitle": "",
    "description": [
      "이국의 향신료가 응축된 매콤한 카레 루",
      "밥과의 궁합이 뛰어나며, 다양한 재료를 돋보이게 하는 만능 재료다"
    ],
    "ability": ""
  },
  "103": {
    "name": [
      "흰 쌀밥"
    ],
    "subtitle": "",
    "description": [
      "간단하지만 왠지 모르게 마음이 편안해지는 흰쌀밥",
      "그냥 먹어도 좋고, 다양한 요리에도 활용할 수 있다"
    ],
    "ability": ""
  },
  "104": {
    "name": [
      "당근"
    ],
    "subtitle": "",
    "description": [
      "자주 보는 채소 작물, 어비스에도 자란다는 게 이상하지 않다",
      "먹으려면 제대로 요리해야 해, 어비스"
    ],
    "ability": ""
  },
  "105": {
    "name": [
      "감자"
    ],
    "subtitle": "",
    "description": [
      "자주 보는 채소 작물, 어비스에도 자란다는 게 이상하지 않다",
      "먹으려면 제대로 요리해야 해, 어비스"
    ],
    "ability": ""
  },
  "106": {
    "name": [
      "고추"
    ],
    "subtitle": "",
    "description": [
      "자주 보는 채소 작물, 어비스에도 자란다는 게 이상하지 않다",
      "먹으려면 제대로 요리해야 해, 어비스"
    ],
    "ability": ""
  },
  "107": {
    "name": [
      "토마토"
    ],
    "subtitle": "",
    "description": [
      "자주 보는 채소 작물, 어비스에도 자란다는 게 이상하지 않다",
      "먹으려면 제대로 요리해야 해, 어비스"
    ],
    "ability": ""
  },
  "108": {
    "name": [
      "바나나"
    ],
    "subtitle": "",
    "description": [
      "방금 따온 신선한 과일, 청량감으로 가득하다",
      "먹으면 체력을 약간 회복하는 효과가 있다"
    ],
    "ability": ""
  },
  "109": {
    "name": [
      "딸기"
    ],
    "subtitle": "",
    "description": [
      "방금 따온 신선한 과일, 청량감으로 가득하다",
      "먹으면 체력을 약간 회복하는 효과가 있다"
    ],
    "ability": ""
  },
  "110": {
    "name": [
      "포도"
    ],
    "subtitle": "",
    "description": [
      "방금 따온 신선한 과일, 청량감으로 가득하다",
      "먹으면 체력을 약간 회복하는 효과가 있다"
    ],
    "ability": ""
  },
  "111": {
    "name": [
      "파인애플"
    ],
    "subtitle": "",
    "description": [
      "방금 따온 신선한 과일, 청량감으로 가득하다",
      "먹으면 체력을 약간 회복하는 효과가 있다"
    ],
    "ability": ""
  },
  "112": {
    "name": [
      "수박"
    ],
    "subtitle": "",
    "description": [
      "방금 따온 신선한 과일, 청량감으로 가득하다",
      "먹으면 체력을 약간 회복하는 효과가 있다"
    ],
    "ability": ""
  },
  "113": {
    "name": [
      "파스타 면"
    ],
    "subtitle": "",
    "description": [
      "유연하고 쫄깃한 면, 어떤 요리에도 잘 어울린다",
      "소스를 뿌리기만 해도 아주 맛있다"
    ],
    "ability": ""
  },
  "114": {
    "name": [
      "케첩"
    ],
    "subtitle": "",
    "description": [
      "토마토를 사용한 소스, 시고 달콤하며 매우 맛있어서",
      "왜 몬스터가 이걸 떨어뜨리는지는 더 이상 생각하지 않기로 했다"
    ],
    "ability": ""
  },
  "115": {
    "name": [
      "밀가루"
    ],
    "subtitle": "",
    "description": [
      "밀을 갈아 만든 가루로, 다양한 요리에 사용할 수 있다"
    ],
    "ability": ""
  },
  "116": {
    "name": [
      "느타리버섯"
    ],
    "subtitle": "",
    "description": [
      "밖에서 흔히 볼 수 있는 평범한 버섯",
      "하지만, 어비스에서 발견되면 그것은 비정상적인 일이다…"
    ],
    "ability": ""
  },
  "117": {
    "name": [
      "표고버섯"
    ],
    "subtitle": "",
    "description": [
      "밖에서 흔히 볼 수 있는 평범한 버섯",
      "하지만, 어비스에서 발견되면 그것은 비정상적인 일이다…"
    ],
    "ability": ""
  },
  "118": {
    "name": [
      "새송이버섯"
    ],
    "subtitle": "",
    "description": [
      "밖에서 흔히 볼 수 있는 평범한 버섯",
      "하지만, 어비스에서 발견되면 그것은 비정상적인 일이다…"
    ],
    "ability": ""
  },
  "119": {
    "name": [
      "자주색 새송이버섯"
    ],
    "subtitle": "",
    "description": [
      "밖에서 흔히 볼 수 있는 평범한 버섯",
      "하지만, 어비스에서 발견되면 그것은 비정상적인 일이다…"
    ],
    "ability": ""
  },
  "120": {
    "name": [
      "화경버섯"
    ],
    "subtitle": "",
    "description": [
      "밖에서 흔히 볼 수 있는 평범한 버섯",
      "하지만, 어비스에서 발견되면 그것은 비정상적인 일이다…"
    ],
    "ability": ""
  },
  "121": {
    "name": [
      "망태버섯"
    ],
    "subtitle": "",
    "description": [
      "밖에서도 보기 드문 고급 버섯",
      "하지만, 어비스에서 발견되면 그것은 비정상적인 일이다…"
    ],
    "ability": ""
  },
  "122": {
    "name": [
      "ASABA 의 딸기"
    ],
    "subtitle": [
      "\"끙... 딸기... 내 딸기...\""
    ],
    "description": [
      "ASABA들 의 가장 소중히 여겨지며 참을 수 없는 고품질 딸기",
      "최고의 순간을 즐기기 위해 끝까지 필사적으로 지켜내고 있다.",
      "먹지 않음 음식은 여전히 그림의 떡이다."
    ],
    "ability": ""
  },
  "127": {
    "name": [
      "문어 촉수"
    ],
    "subtitle": "",
    "description": [
      "바다에서 건져 올린 잘린 문어 촉수, 구우면 정말 좋은 향이 난다",
      "다른 식재료와 함께 조리할 수도 있다"
    ],
    "ability": ""
  },
  "128": {
    "name": [
      "지배자의 촉수"
    ],
    "subtitle": [
      "「오빠, 이거 뭐야? 징그러워…」"
    ],
    "description": [
      "지배자의 잘린 촉수다, 아직 움직이고 있어, 살아있는 것 같아",
      "보통의 것보다 훨씬 강인하다"
    ],
    "ability": ""
  },
  "130": {
    "name": [
      "도미"
    ],
    "subtitle": "",
    "description": [
      "바다에서 잡은 신선한 생선, 회로도 먹을 수 있고",
      "다른 식재료와 함께 조리할 수도 있다"
    ],
    "ability": ""
  },
  "131": {
    "name": [
      "참치"
    ],
    "subtitle": "",
    "description": [
      "바다에서 잡은 신선한 생선, 회로도 먹을 수 있고",
      "다른 식재료와 함께 조리할 수도 있다"
    ],
    "ability": ""
  },
  "132": {
    "name": [
      "이사키"
    ],
    "subtitle": "",
    "description": [
      "바다에서 잡은 신선한 생선, 회로도 먹을 수 있고",
      "다른 식재료와 함께 조리할 수도 있다"
    ],
    "ability": ""
  },
  "133": {
    "name": [
      "능성어"
    ],
    "subtitle": "",
    "description": [
      "바다에서 잡은 신선한 생선, 회로도 먹을 수 있고",
      "다른 식재료와 함께 조리할 수도 있다"
    ],
    "ability": ""
  },
  "134": {
    "name": [
      "꽁치"
    ],
    "subtitle": "",
    "description": [
      "바다에서 잡은 신선한 생선, 회로도 먹을 수 있고",
      "다른 식재료와 함께 조리할 수도 있다"
    ],
    "ability": ""
  },
  "135": {
    "name": [
      "단새우"
    ],
    "subtitle": "",
    "description": [
      "바다에서 잡혀 아직 힘차게 뛰는 새우, 회로도 먹을 수 있고",
      "다른 식재료와 함께 조리할 수도 있다"
    ],
    "ability": ""
  },
  "136": {
    "name": [
      "이세 새우"
    ],
    "subtitle": "",
    "description": [
      "바다에서 잡은 신선한 랍스터, 손가락이 끼지 않도록 조심해",
      "다른 식재료와 함께 조리할 수도 있다"
    ],
    "ability": ""
  },
  "137": {
    "name": [
      "털게"
    ],
    "subtitle": "",
    "description": [
      "바다에서 잡은 신선한 게, 손가락이 끼지 않도록 조심해",
      "다른 식재료와 함께 조리할 수도 있다"
    ],
    "ability": ""
  },
  "142": {
    "name": [
      "연어"
    ],
    "subtitle": "",
    "description": [
      "바다에서 잡은 신선한 생선, 회로도 먹을 수 있고",
      "다른 식재료와 함께 조리할 수도 있다"
    ],
    "ability": ""
  },
  "143": {
    "name": [
      "킹살몬"
    ],
    "subtitle": "",
    "description": [
      "바다에서 잡은 신선한 생선, 회로도 먹을 수 있고",
      "다른 식재료와 함께 조리할 수도 있다"
    ],
    "ability": ""
  },
  "151": {
    "name": [
      "짐승 고기"
    ],
    "subtitle": "",
    "description": [
      "괴물에서 가져온 고기. 맛있는 요리를 만드는 데 사용할 수 있습니다",
      "괴물은 인간을 잡아먹고, 인간은 괴물을 잡아먹는다 - 이건 오직 자연일 뿐이다"
    ],
    "ability": ""
  },
  "152": {
    "name": [
      "고소한 스테이크"
    ],
    "subtitle": "",
    "description": [
      "향긋한 지방이 풍부한 최고급 스테이크",
      "마물조차도 이 향기에는 저항할 수 없다"
    ],
    "ability": ""
  },
  "153": {
    "name": [
      "거대한 알"
    ],
    "subtitle": "",
    "description": [
      "어비스에서 가져온 거대한 알. 대체 어떤 생물의 알인지는",
      "그 점은 깊이 생각하지 않았다. 뭐, 아직 알이니까"
    ],
    "ability": ""
  },
  "173": {
    "name": [
      "바나나 요정"
    ],
    "subtitle": "",
    "description": [
      "……이건 대체 뭘까?"
    ],
    "ability": ""
  },
  "175": {
    "name": [
      "사과 요정"
    ],
    "subtitle": "",
    "description": [
      "……이건 대체 뭘까?"
    ],
    "ability": ""
  },
  "190": {
    "name": [
      "백합 동인지"
    ],
    "subtitle": [
      "「언니… 나, 이제 언니 없이는 못 살아…」"
    ],
    "description": [
      "작화가 아름다운 동인지.",
      "하지만 내용은 두 미소녀의 금단의 사랑을 그린 것…",
      "너무나도 뜨거운 열정으로, 페이지에서조차 은은한 분홍빛 향기가 풍긴다고 한다."
    ],
    "ability": [
      "읽으면 성욕이 올라간다!"
    ]
  },
  "191": {
    "name": [
      "모에모에 동인지"
    ],
    "subtitle": [
      "「모에모에 큥~♡」"
    ],
    "description": [
      "핑크빛 거품과 하트 효과가 넘쳐나는 동인지.",
      "등장인물들은 금세 얼굴을 붉히고, 심장이 두근두근… 너무 달콤해!",
      "읽고 나면 무의식적으로 \"모에사할 것 같아~\"라고 중얼거리게 된다고 한다."
    ],
    "ability": [
      "읽으면 성욕이 올라간다!"
    ]
  },
  "192": {
    "name": [
      "고양이 소녀 동인지"
    ],
    "subtitle": [
      "「주인님… 냥~, 쓰다듬어 주실래요?」"
    ],
    "description": [
      "캣닢 향기가 은은하게 풍기는 동인지.",
      "애교 부리며 골골대거나, 꼬리를 흔들거리는 고양이 귀 소녀의 일상을 그리고 있다…",
      "읽은 사람은 말하는 냥이 아내를 키워야 할지 진지하게 고민하기 시작한다고 한다."
    ],
    "ability": [
      "읽으면 성욕이 올라간다!"
    ]
  },
  "197": {
    "name": [
      "붉은 골수액"
    ],
    "subtitle": [
      "\"이것이야 말로 모든 힘 중의 힘,  ",
      "모든 미묘한 것을 극복하고 모든 견고한 것을 관통할 수 있다...\""
    ],
    "description": [
      "붉어진 철학자의 조각은 피처럼 흐르고 있다",
      "그것의 적절한 사용법은 아직 알려지지 않았지만, 현재로서는, ",
      "음료처럼 마셔보세요…"
    ],
    "ability": [
      ""
    ]
  },
  "199": {
    "name": [
      "여동생의 프리패스"
    ],
    "subtitle": [
      "「위에는 많은 수정 흔적이 있다…」"
    ],
    "description": [
      "정말 열심히 한 오빠를 칭찬하기 위해, 여동생이 특별히 만든 포상권",
      "어떤 무리한 부탁이라도, 원하는 만큼 여동생에게 응석 부리며 말할 수 있다",
      "하지만, 이것이 없더라도, 여동생은 오빠의 짐을 짊어지고 싶어 한다"
    ],
    "ability": ""
  },
  "200": {
    "name": [
      "다과회 폴라로이드 #1"
    ],
    "subtitle": [
      "「뭐 하는 거야, 그렇게 빤히 이쪽을 보고…!」"
    ],
    "description": [
      "다과회 소녀들의 일상을 기록한 사진. 그런데…",
      "대체, 누가 이 사진들을 찍은 걸까?"
    ],
    "ability": ""
  },
  "201": {
    "name": [
      "다과회 폴라로이드 #2"
    ],
    "subtitle": [
      "「이게 토끼의 사랑 표현 방식이야~」"
    ],
    "description": [
      "다과회 소녀들의 일상을 기록한 사진. 그런데…",
      "대체, 누가 이 사진들을 찍은 걸까?"
    ],
    "ability": ""
  },
  "202": {
    "name": [
      "다과회 폴라로이드 #3"
    ],
    "subtitle": [
      "「……이제 제대로 닦았지?」"
    ],
    "description": [
      "다과회 소녀들의 일상을 기록한 사진. 그런데…",
      "대체, 누가 이 사진들을 찍은 걸까?"
    ],
    "ability": ""
  },
  "203": {
    "name": [
      "다과회 폴라로이드 #4"
    ],
    "subtitle": [
      "「안, 안 돼… 약효가 너무 강해…!」"
    ],
    "description": [
      "다과회 소녀들의 일상을 기록한 사진. 그런데…",
      "대체, 누가 이 사진들을 찍은 걸까?"
    ],
    "ability": ""
  },
  "204": {
    "name": [
      "다과회 폴라로이드 #5"
    ],
    "subtitle": [
      "「아아, 신이시여, 돈에 유혹된 저를 용서하소서…」"
    ],
    "description": [
      "다과회 소녀들의 일상을 기록한 사진. 그런데…",
      "대체, 누가 이 사진들을 찍은 걸까?"
    ],
    "ability": ""
  },
  "205": {
    "name": [
      "다과회 폴라로이드 #6"
    ],
    "subtitle": [
      "「멍멍… 이제 충분하겠지, 멍멍……」"
    ],
    "description": [
      "다과회 소녀들의 일상을 기록한 사진. 그런데…",
      "대체, 누가 이 사진들을 찍은 걸까?"
    ],
    "ability": ""
  },
  "206": {
    "name": [
      "다과회 폴라로이드 #7"
    ],
    "subtitle": [
      "「에헤헤♥ 아무것도 안 봤지?」"
    ],
    "description": [
      "다과회 소녀들의 일상을 기록한 사진. 그런데…",
      "대체, 누가 이 사진들을 찍은 걸까?"
    ],
    "ability": ""
  },
  "207": {
    "name": [
      "다과회 폴라로이드 #8"
    ],
    "subtitle": [
      "「정말… 이 포즈로 괜찮은 거야?」"
    ],
    "description": [
      "다과회 소녀들의 일상을 기록한 사진. 그런데…",
      "대체, 누가 이 사진들을 찍은 걸까?"
    ],
    "ability": ""
  },
  "208": {
    "name": [
      "다과회 폴라로이드 #9"
    ],
    "subtitle": [
      "「뭐야? 웃으면서 보는 듯한 얼굴을 하고…」"
    ],
    "description": [
      "다과회 소녀들의 일상을 기록한 사진. 그런데…",
      "대체, 누가 이 사진들을 찍은 걸까?"
    ],
    "ability": ""
  },
  "209": {
    "name": [
      "다과회 폴라로이드 #10"
    ],
    "subtitle": [
      "「이제… 더 이상 노래할 힘이 없어…!」"
    ],
    "description": [
      "다과회 소녀들의 일상을 기록한 사진. 그런데…",
      "대체, 누가 이 사진들을 찍은 걸까?"
    ],
    "ability": ""
  },
  "210": {
    "name": [
      "다과회 폴라로이드 #11"
    ],
    "subtitle": [
      "「그게 네 새해 소원이야?」"
    ],
    "description": [
      "다과회 소녀들의 일상을 기록한 사진. 그런데…",
      "대체, 누가 이 사진들을 찍은 걸까?"
    ],
    "ability": ""
  },
  "211": {
    "name": [
      "다과회 폴라로이드 #12"
    ],
    "subtitle": [
      "「아아, 홍차도 달아졌네!」"
    ],
    "description": [
      "다과회 소녀들의 일상을 기록한 사진. 그런데…",
      "대체, 누가 이 사진들을 찍은 걸까?"
    ],
    "ability": ""
  },
  "212": {
    "name": [
      "다과회 폴라로이드 #13"
    ],
    "subtitle": [
      "「알바니까 어쩔 수 없지…」"
    ],
    "description": [
      "다과회 소녀들의 일상을 기록한 사진. 그런데…",
      "대체, 누가 이 사진들을 찍은 걸까?"
    ],
    "ability": ""
  },
  "213": {
    "name": [
      "다과회 폴라로이드 #14"
    ],
    "subtitle": [
      "「어머, 노크도 없이 들어오다니~」"
    ],
    "description": [
      "다과회 소녀들의 일상을 기록한 사진. 그런데…",
      "대체, 누가 이 사진들을 찍은 걸까?"
    ],
    "ability": ""
  },
  "214": {
    "name": [
      "다과회 폴라로이드 #15"
    ],
    "subtitle": [
      "「…그런 참회 방식은 들어본 적 없어…」"
    ],
    "description": [
      "다과회 소녀들의 일상을 기록한 사진. 그런데…",
      "대체, 누가 이 사진들을 찍은 걸까?"
    ],
    "ability": ""
  },
  "215": {
    "name": [
      "다과회 폴라로이드 #16"
    ],
    "subtitle": [
      "「하아… 하아… 몸이 이제…!」"
    ],
    "description": [
      "다과회 소녀들의 일상을 기록한 사진. 그런데…",
      "대체, 누가 이 사진들을 찍은 걸까?"
    ],
    "ability": ""
  },
  "216": {
    "name": [
      "다과회 폴라로이드 #17"
    ],
    "subtitle": [
      "「아아, 신이시여… 부디 저를 용서하소서…」"
    ],
    "description": [
      "다과회 소녀들의 일상을 기록한 사진. 그런데…",
      "대체, 누가 이 사진들을 찍은 걸까?"
    ],
    "ability": ""
  },
  "217": {
    "name": [
      "다과회 폴라로이드 #18"
    ],
    "subtitle": [
      "「멍멍… 이제 충분하겠지 멍멍…」"
    ],
    "description": [
      "다과회 소녀들의 일상을 기록한 사진. 그런데…",
      "대체, 누가 이 사진들을 찍은 걸까?"
    ],
    "ability": ""
  },
  "218": {
    "name": [
      "다과회 폴라로이드 #19"
    ],
    "subtitle": [
      "「……냥?」"
    ],
    "description": [
      "다과회 소녀들의 일상을 기록한 사진. 그런데…",
      "대체, 누가 이 사진들을 찍은 걸까?"
    ],
    "ability": ""
  },
  "219": {
    "name": [
      "다과회 폴라로이드 #20"
    ],
    "subtitle": [
      "「…하아? 아직 안 닦았어?」"
    ],
    "description": [
      "다과회 소녀들의 일상을 기록한 사진. 그런데…",
      "대체, 누가 이 사진들을 찍은 걸까?"
    ],
    "ability": ""
  },
  "220": {
    "name": [
      "다과회 폴라로이드 #21"
    ],
    "subtitle": [
      "「하아… 11곡째인가…… 이제 충분하잖아?」"
    ],
    "description": [
      "다과회 소녀들의 일상을 기록한 사진. 그런데…",
      "대체, 누가 이 사진들을 찍은 걸까?"
    ],
    "ability": ""
  },
  "221": {
    "name": [
      "다과회 폴라로이드 #22"
    ],
    "subtitle": [
      "「왠지 시선이 점점 뜨거워지는 것 같아…」"
    ],
    "description": [
      "다과회 소녀들의 일상을 기록한 사진. 그런데…",
      "대체, 누가 이 사진들을 찍은 걸까?"
    ],
    "ability": ""
  },
  "222": {
    "name": [
      "다과회 폴라로이드 #23"
    ],
    "subtitle": [
      "「새해 소원이 첫날에 이뤄졌네, 기쁘지!?」"
    ],
    "description": [
      "다과회 소녀들의 일상을 기록한 사진. 그런데…",
      "대체, 누가 이 사진들을 찍은 걸까?"
    ],
    "ability": ""
  },
  "223": {
    "name": [
      "다과회 폴라로이드 #24"
    ],
    "subtitle": [
      "「토끼의 사랑을 느꼈으려나~♥」"
    ],
    "description": [
      "다과회 소녀들의 일상을 기록한 사진. 그런데…",
      "대체, 누가 이 사진들을 찍은 걸까?"
    ],
    "ability": ""
  },
  "224": {
    "name": [
      "다과회 폴라로이드 #25"
    ],
    "subtitle": [
      "「이상한 토끼가 버려져 있네…」"
    ],
    "description": [
      "다과회 소녀들의 일상을 기록한 사진. 그런데…",
      "대체, 누가 이 사진들을 찍은 걸까?"
    ],
    "ability": ""
  },
  "225": {
    "name": [
      "다과회 폴라로이드 #26"
    ],
    "subtitle": [
      "「들킬 뻔했어…」"
    ],
    "description": [
      "다과회 소녀들의 일상을 기록한 사진. 그런데…",
      "대체, 누가 이 사진들을 찍은 걸까?"
    ],
    "ability": ""
  },
  "226": {
    "name": [
      "다과회 폴라로이드 #27"
    ],
    "subtitle": [
      "「노크도 없이 들어오다니… 뭘 하고 싶은 걸까~♥」"
    ],
    "description": [
      "다과회 소녀들의 일상을 기록한 사진. 그런데…",
      "대체, 누가 이 사진들을 찍은 걸까?"
    ],
    "ability": ""
  },
  "227": {
    "name": [
      "다과회 폴라로이드 #28"
    ],
    "subtitle": [
      "「이상하네… 안 잠겨…」"
    ],
    "description": [
      "다과회 소녀들의 일상을 기록한 사진. 그런데…",
      "대체, 누가 이 사진들을 찍은 걸까?"
    ],
    "ability": ""
  },
  "228": {
    "name": [
      "다과회 폴라로이드 #29"
    ],
    "subtitle": [
      "「……이쪽을 보는 사람은 없겠지?」"
    ],
    "description": [
      "다과회 소녀들의 일상을 기록한 사진. 그런데…",
      "대체, 누가 이 사진들을 찍은 걸까?"
    ],
    "ability": ""
  },
  "229": {
    "name": [
      "다과회 폴라로이드 #30"
    ],
    "subtitle": [
      "「에헤헤♥ 아무 일도 없었어?」"
    ],
    "description": [
      "다과회 소녀들의 일상을 기록한 사진. 그런데…",
      "대체, 누가 이 사진들을 찍은 걸까?"
    ],
    "ability": ""
  },
  "230": {
    "name": [
      "다과회 폴라로이드 #31"
    ],
    "subtitle": [
      "「으음… 홍차가 더 달아졌어……!」"
    ],
    "description": [
      "다과회 소녀들의 일상을 기록한 사진. 그런데…",
      "대체, 누가 이 사진들을 찍은 걸까?"
    ],
    "ability": ""
  },
  "231": {
    "name": [
      "다과회 폴라로이드 #32"
    ],
    "subtitle": [
      "「알바니까 어쩔 수 없지만, 이번만이야?」"
    ],
    "description": [
      "다과회 소녀들의 일상을 기록한 사진. 그런데…",
      "대체, 누가 이 사진들을 찍은 걸까?"
    ],
    "ability": ""
  },
  "232": {
    "name": [
      "다과회 폴라로이드 #33"
    ],
    "subtitle": [
      "「손, 손님, 상품에는 손대지 마세요!」"
    ],
    "description": [
      "다과회 소녀들의 일상을 기록한 사진. 그런데…",
      "대체, 누가 이 사진들을 찍은 걸까?"
    ],
    "ability": ""
  },
  "233": {
    "name": [
      "다과회 폴라로이드 #34"
    ],
    "subtitle": [
      "「냠냠… 그럭저럭이네…」"
    ],
    "description": [
      "다과회 소녀들의 일상을 기록한 사진. 그런데…",
      "대체, 누가 이 사진들을 찍은 걸까?"
    ],
    "ability": ""
  },
  "234": {
    "name": [
      "다과회 폴라로이드 #35"
    ],
    "subtitle": [
      "「주인님? 이럴 때 놀리지 마세요…」"
    ],
    "description": [
      "다과회 소녀들의 일상을 기록한 사진. 그런데…",
      "대체, 누가 이 사진들을 찍은 걸까?"
    ],
    "ability": ""
  },
  "235": {
    "name": [
      "폴라로이드 컬렉션"
    ],
    "subtitle": [
      "「말랑말랑 귀여운 여자아이들♥ 전부 안아주고 싶어져~！」"
    ],
    "description": [
      "귀여운 소녀들의 사진을 모으기 위해 만들어진 특제 앨범.",
      "열면 살짝 홍차 향기가 감돌아…"
    ],
    "ability": [
      "폴라로이드 수집 수：\\c[6]${QJ.MPMZ.tl.checkPolaroidCount()}\\c[0]/35"
    ]
  },
  "236": {
    "name": [
      "폴라로이드 컬렉션"
    ],
    "subtitle": [
      "「말랑말랑 귀여운 여자아이들♥ 전부 안아주고 싶어져~！」"
    ],
    "description": [
      "귀여운 소녀들의 사진을 모으기 위해 만들어진 특제 앨범.",
      "열면 살짝 홍차 향기가 감돌아…"
    ],
    "ability": [
      "컴플리트 달성! 행운 영구 업!"
    ]
  },
  "311": {
    "name": [
      "청휘석"
    ],
    "subtitle": "",
    "description": [
      "매혹적인 빛을 발하는 푸른 보석. 실용적인 가치는 거의 없지만",
      "어딘가의 누군가가 비싼 값에 사줄지도 모른다……",
      "아니면, 다른 목적이 있는 걸까?"
    ],
    "ability": ""
  },
  "312": {
    "name": [
      "마력의 소응축 젤"
    ],
    "subtitle": "",
    "description": [
      "순수한 마력이 응축되어 만들어진 젤리 형태의 물질",
      "식용 가능하지만, 마법 소질에 따라 느끼는 맛이 크게 다르다고 한다",
      "가장 일반적인 용도는 마법 구축의 소모품으로 사용되는 것이다"
    ],
    "ability": ""
  },
  "314": {
    "name": [
      "붉은 능형석"
    ],
    "subtitle": "",
    "description": [
      "매혹적인 광채를 지닌 붉은 보석",
      "실용적인 가치는 부족하지만 높은 가격을 지불할 수도 있습니다…",
      "아니면 다른 의도가 있을수도?"
    ],
    "ability": ""
  }
}