{
  "2": {
    "0": [
      "「슬슬 출발해 볼까……」"
    ],
    "1": [
      "「다녀올게」"
    ],
    "2": [
      "「좋아, 준비 완료!」"
    ],
    "3": [
      "\\nl< >「잘 다녀와~、\\str[121]!」"
    ],
    "4": [
      "\\nl< >「오늘은 날씨가 별로 안좋으니깐",
      "조심해야 해…」"
    ],
    "5": [
      "\\nl< >「무리할 것 같으면, 꼭 바로 돌아와야 해!」",
      " \""
    ],
    "6": [
      "아침부터 기운이 넘치는 여동생 의 모습을 보고있으니",
      "나도 모르게 강한 감동에 휩싸였다",
      " "
    ],
    "7": [
      "\\str[120]을 꽉 껴안고 싶은 충동을 필사적으로 참으면서、",
      "웃는 얼굴로\\str[120]응했다。"
    ],
    "8": [
      "\\{「오오…！나도 갈래！」"
    ],
    "9": [
      "「음…대신에 집을 보고 있어줘！」"
    ],
    "10": [
      "\\str[120]손을 흔들며 집을 나와、",
      "오늘도\\str[120]을 위해 힘내자！"
    ],
    "11": [
      "\\nl< >「미안해, \\str[121]……    \\w[60]",
      "또 위험한 곳에 가게 해버려서..——」"
    ],
    "12": [
      "「걱정하게 해서 미안해 그러면 갔다올게.」"
    ],
    "13": [
      "\\nl< >「그치만——」"
    ],
    "14": [
      "「벌써 몇번이고 탐색하고 있고",
      "요 몇년 사이에 그 미궁도 상당히 안정되어 있으니까.」",
      "아마도 괜찮을꺼야.\""
    ],
    "15": [
      "「그럼 집은 여동생에게 맡긴다!」"
    ],
    "16": [
      "\\nl< >「우웅…조심히 다녀와……」"
    ],
    "17": [
      "그렇다、\\str[120]에게는 기묘한 병이 있다."
    ],
    "18": [
      "밖에 나가지 못하고 햇빛을 받지도 못한다.",
      "그리고 정기적으로 특별한 약을 복용하지 않으면、",
      "몸 상태를 안정시킬 수 없는 것이다."
    ],
    "19": [
      "그 약을 만들기 위한 재료는",
      "시장에서는 쉽게 구할 수 있는 것이 아니다.",
      "지금, 재료를 모을 수 있는 유일한 장소가 바로——"
    ],
    "20": [
      "그러니까 나는 오빠로서 몇번이라도 그 장소에 기어들어가、",
      "\\str[120]병을 고칠 수 있는 새로운 방법을 계속 찾아야만 해.",
      "여동생을 위해서라면 무조건..."
    ]
  },
  "3": {
    "0": [
      "「다녀왔어.」"
    ],
    "1": [
      "\\nl< >「\\str[121]?오늘은 일찍 들어왔네?」"
    ],
    "2": [
      "「응, 오늘은 좀 피곤해서",
      "무리해서 탐색에는 가지 말자…」"
    ],
    "3": [
      "\\nl< >「이게 그거잖아…… 5월병이라는 거야?」"
    ],
    "4": [
      "5월...? 지금은 더운 여름인데?"
    ],
    "5": [
      "\\nl< >「나도 자주 그런 느낌이 든단말이지…",
      "점심 때까지 자고 있었는데 일어나면\\str[121]이(가)",
      "벌써 저녁밥을 만들고있고…」"
    ],
    "6": [
      "……단지 낮잠을 좋아하는 것 뿐이잖아？"
    ],
    "7": [
      "\\nl< >「가끔은 이런것도 좋지",
      "一쉬면서 같이 놀자、\\str[121]!」"
    ],
    "8": [
      "\\nl< >「휴식도 중요하니까 다음엔 확실하게 쉬어둬.」",
      "다음번에는 주의해야해.\""
    ],
    "9": [
      "\\nl< >「그렇구만",
      "자~ 그럼 내가 편안하게 해줄께",
      "\\str[121]!」"
    ],
    "10": [
      "그러게 아직 시간이 있으니깐 하루정도는 푹 쉬자."
    ],
    "11": [
      "그래도 글쎄... 아직 시간도 있고, 오늘은 푹 쉬자。"
    ],
    "12": [
      "\\nl< >「그러면、\\str[121]같이 낮잠 자러 가자…",
      "엄~청 기분 좋다구?」"
    ],
    "13": [
      "결국、여동생과 함께 저녁까지 잠들어 버렸다."
    ],
    "14": [
      "여동생과 함께 하루종일 게임을 했다."
    ],
    "15": [
      "여동생과 함께 느긋하게 낮을 보냈다."
    ],
    "16": [
      "여동생이 편안하게 오랫동안 마사지 해줘서,",
      "기분이 너무 좋아서.. 그냥 자버렸어…"
    ],
    "17": [
      "\\nl< >「\\str[121]？오늘은 일찍 돌아왔네？」"
    ],
    "18": [
      "\\nl< >「오늘도 수고했어、\\str[121]」"
    ],
    "19": [
      "「(흥얼흥얼~)",
      "오늘은 오빠가 어떤걸 가져왔을까——!」"
    ],
    "20": [
      "\\nl< >「큰 보따리군——      \\w[90]\\^"
    ],
    "21": [
      "\\nl< >「혹시 맛있는 간식……!?」"
    ],
    "22": [
      "음……여동생은 맛있는 것 이외에는",
      "별로 관심이 없으니깐…"
    ],
    "23": [
      "\\nl< >「오늘도 수고했어、     \\w[45]\\^"
    ],
    "24": [
      "\\nl< >「\\{냄새나!          \\}\\w[20]",
      "\\str[121]냄새나!」"
    ],
    "25": [
      "「에에엣!?」"
    ],
    "26": [
      "\\nl< >「\\str[121]계속 나고있어!   \\w[90]",
      "가까이 오지마…                     \\w[90]",
      "빨리 목욕탕에 들어가!               \\w[150]\\^"
    ],
    "27": [
      "「에에에에엣——!?」"
    ],
    "28": [
      "여동생은 도망쳐 버렸다。     \\w[60]",
      "……내 몸, 그렇게 냄새가 나는 걸까, 탐험하고 있을 때",
      "뭔가 더러운 것을 건드린 건지도 모르겠구나.."
    ],
    "29": [
      "아무튼 먼저 씻고 깨끗하게 하자..."
    ]
  },
  "5": {
    "0": [
      "「아、안돼、   \\w[30]",
      "진짜 죽을수도 있어…」"
    ],
    "1": [
      "마지막 순간에 도망칠 수 있어서 다행이야…",
      "역시, 지금의 힘으로는 거기에 도전하는 것은 무리일까…",
      "그곳에 도전하기 위해…"
    ],
    "2": [
      "좀 더 수련을 해서、",
      "준비를 단단히 하고 생각을 해야겠군."
    ],
    "3": [
      "\\nl< >「오늘도 수고했어、    \\w[60]\\^"
    ],
    "4": [
      "\\nl< >「\\str[121]!?」"
    ],
    "5": [
      "\\nl< >「\\str[121]괜찮아..!?   \\w[60]",
      "온몸이 상처투성이인것 같아……!」"
    ],
    "6": [
      "「아, 조금 무리한 결과、",
      "실패해버렸다... 아하하…」"
    ],
    "7": [
      "\\nl< >「솔직히 말해서、",
      "오빠는 좀더 자신의 몸을 소중히 신경쓸 필요가 있어!」"
    ],
    "8": [
      "\\nl< >「다친곳에 빨리 붕대를 감아야해!」"
    ],
    "9": [
      "여동생의 능숙한 손놀림으로 정성스럽게 붕대를 감줬다.",
      "체력이 많이 회복된 느낌이 든다."
    ],
    "10": [
      "여동생의 서투른 손놀림으로 정성스럽게 붕대를 감줬다.",
      "체력이 조금 회복된 느낌이 든다."
    ],
    "11": [
      "머리부터 발끝까지 나를 어설프게 붕대로 감줬다.",
      "체력이 좀 회복된 느낌이 든다。"
    ],
    "12": [
      "次は\\str[121]느긋하게 푹 쉬어야해!",
      "저녁식사는 내가 만들거니까!」"
    ],
    "13": [
      "「아、그래！」"
    ],
    "14": [
      "그러고보니、",
      "지금 나는 전신이 붕대에 칭칭 감겨있고、",
      "전혀 움직일 수가 없는데……"
    ],
    "15": [
      "\\nl< >「응、\\str[121]은 착해」"
    ],
    "16": [
      "기분 탓인진 몰라도, 여동생의 의욕이 굉장히 높은 것 같아…",
      "아니면 내가 없는동안 동기 부여가 될 만한게 있었나…?"
    ],
    "17": [
      "\\nl< >「\\str[121]오빠 또 무리하고 있잖아!」"
    ],
    "18": [
      "\\nl< >「상처가 치료될 때까지 가만히 있어야지!」"
    ],
    "19": [
      "\\nl< >「다음에는 내가 확실히\\str[121]",
      "오빠를 돌봐줄게!」"
    ],
    "20": [
      "기분 탓일까？여동생의 기분이 되게 좋아 보이는데…",
      "아니면 여동생이 평소보다 훨씬 더 신난건가?"
    ]
  },
  "9": {
    "0": [
      "가슴에 품은 따뜻한 감촉이、",
      "꿈에서까지 본 약을 얻은 것을 항상 상기시켜 준다.",
      "하지만, 너무나 현실과 동떨어진 체험때문에、",
      "아직 마음의 정리가 안 돼."
    ],
    "1": [
      "집의 입구와 연결되어 있던 별의 타로 카드——",
      "이건 아버지가 남긴 물건의 하나다。",
      "생전, 아버지는 여동생을 원래대로 되돌리는 방법을 연구하고 있었지만、",
      "어째서 이렇게 쉽게 반응이 일어난 것일까."
    ],
    "2": [
      "무슨 생각을 해도 결론은 나지 않는다.",
      "이렇게 빙글빙글 생각하고 고민해도 의미가 없어. ",
      "결과적으로 홍수액을 손에 넣었기 때문에",
      "여동생에게 시도해볼 기회를 찾아보자"
    ],
    "3": [
      "색깔은 딸기쥬스 같고, 어쩌면,",
      "동생이 좋아하는 딸기우유와 같은 맛일지도 모르겠네……。"
    ],
    "4": [
      "\\nl< >「오늘도 수고했어、\\str[121]」"
    ],
    "5": [
      "\\nl< >「벌써 배가 고프다…」"
    ],
    "6": [
      "「그래그래, 금방 준비해둘게.」"
    ],
    "7": [
      "\\str[120]의 머리를 쓰다듬고 위로했다",
      "자, 다음에 무엇을 해야 할까?"
    ],
    "8": [
      "식사 준비",
      "화장실에 가기"
    ],
    "9": [
      "그러게, 이미 늦었으니 저녁 준비해야겠다."
    ],
    "10": [
      "「오늘 저녁은 어떤게 먹고 싶어?」"
    ],
    "11": [
      "\\nl< >\\{「고기요리가 좋아!」"
    ],
    "12": [
      "흠, 예상대로의 대답이다.",
      "역시 식사 밸런스의 중요성을 더 강조해야 하나",
      "\\str[120] 가끔은 균형 잡힌 식단으로 해야겠다."
    ],
    "13": [
      "잠깐 화장실에 갈까?…"
    ],
    "14": [
      "「미안, 조금만 기다려줘",
      "나중에 밥을 준비할 테니까.」"
    ],
    "15": [
      "\\nl< >「알겠어..」"
    ]
  },
  "13": {
    "0": [
      "\\nl< >「오늘도 약속을 지켜줬네",
      "너덜너덜하게 돌아오지 않았어. 수고했어!",
      "열심히 애써주는 오빠에게 칭찬해 줘야지!」"
    ],
    "1": [
      "\\nl< >「오늘도 약속을 지켜줬네",
      "이건 오늘의 상이야——」"
    ],
    "2": [
      "\\nl< >「요즘\\str[121]열심히 하고 있네, 이거는 오늘의 상이야——」",
      "오늘의 보상은 다음과 같습니다—\""
    ],
    "3": [
      "\\nl< >「이제 곧 있으면 한 달이네",
      "\\str[121]오늘도 수고했어~ 그러면여기 오늘의 도장!——」"
    ],
    "4": [
      "\\nl< >「\\str[121]!해냈어! 벌써 한달이야!!",
      "\\str[121]오빠 대단하다!」"
    ],
    "5": [
      "\\nl< >「아무튼 이게 마지막 도장이야!」"
    ],
    "6": [
      "\\nl< >「응!그림 다 그렸어!",
      "이건 착한 아이라는 증거야。",
      "오늘 중으로 씻으면 안돼!」"
    ],
    "7": [
      "오른손을 봐보았더니",
      "여동생이 붓으로 손등에 귀여운 그림을 그려 주고 있었다."
    ],
    "8": [
      "이건 나에겐 훌륭한 보상이다...하지만……"
    ],
    "9": [
      "\\nl< >「어? "더 모으면 뭔가 특별한 보상이 있다고?"』",
      "오빠는 앞으로도 계속 칭찬받고 싶은거야?」",
      " "
    ],
    "10": [
      "\nl< >「음……그럼",
      "\\str[121]이런 식으로 한달만 계속한다면",
      "특별한 보상을 줄게……」"
    ],
    "11": [
      "\\nl< >「지금은 부끄러우니깐..나중에 알려줄게…」",
      "아직은 무엇인지 말할 수 없어…\""
    ],
    "12": [
      "원래는 그냥 장난으로 한 말인데",
      "여동생은 진심으로 뭔가 특별한 보상을 생각하고 있는것 같아서",
      "할 마음이 생겼다!"
    ],
    "13": [
      "\\nl< >「특별한 보상은 아직 비밀이야",
      "지금은\\str[121]알려줄수 없어…!」"
    ],
    "14": [
      "\\nl< >「글쎄、\\str[121]!",
      "이건 약속한 특별한 보상이야!」"
    ],
    "15": [
      "\\nl< >「헤헤... 이건 내가 만든 자유이용권...」"
    ],
    "16": [
      "\\nl< >「오빠는 나를 계속 생각해서",
      "무리하고 있지만, 가끔은 어깨의 짐을 풀고 천천히",
      "쉬었으면 좋겠다……」"
    ],
    "17": [
      "\\nl< >「그니깐、오늘만큼은 자유롭게 응석부려도 돼!",
      "뭐든지 좋으니까、오빠가 편안하게",
      "그냥 생각만 해!」"
    ],
    "18": [
      "\\nl< >「엣!?    \\w[30]",
      "『야한 짓』……?",
      "저,저기……」"
    ],
    "19": [
      "\\nl< >「좋아…오빠가 그런 걸 원한다면",
      "이번 한번만…」"
    ],
    "20": [
      "\\nl< >「애초부터、오빠는 평소에도",
      "계속 나를 놀리고 있는걸……」"
    ],
    "21": [
      "\\>\\str[120]으로부터\\ii[199]를 받았다!        \\w[60]",
      "\\>이제 여동생 에게 부탁을 하나 할 수 있다!     \\w[60]"
    ]
  },
  "14": {
    "0": [
      "\\nl< >「어라?\\str[121]、그건 뭐야?」"
    ],
    "1": [
      "「아.. 오늘 기사님이 주신 옷이야",
      "게임의 특전이래——」          \\w[30]\\^"
    ],
    "2": [
      "\\nl< >「『섀도우 소울』'의 기사님!? 보여줘봐——!」",
      "흠, 어디 보자—\""
    ],
    "3": [
      "여동생은 내가 반응할 새도 없이 눈앞에 나타나 옷을 빼앗아갔다。",
      "에..아무래도 여동생은 이 선물이",
      "아주 마음에 드는 모양이다."
    ],
    "4": [
      "\\nl< >「오오오——!게다가 기사님의 친필 사인까지 있다!」"
    ],
    "5": [
      "\\nl< >「지금 당장 입어볼래——」"
    ],
    "6": [
      "\\{「잠ㄲ..잠깐만——!?",
      "여긴 아직 현관이라고!」"
    ],
    "7": [
      "나는 황급히 돌아서서 현관문을 급히 닫았다.",
      "동생은 피부가 장시간 태양을 쬐지 못하는데,",
      "너무 흥분해서 자신의 약점도 잊어버렸구나!"
    ],
    "8": [
      "\\nl< >「다 갈아입었어~!」"
    ],
    "9": [
      "「와… 의외로 딱 맞네.」"
    ],
    "10": [
      "저 기사는 언제나 중장갑을 몸에 걸치고 있으니까.",
      "본인도 꽤 덩치가 크다고 생각해서",
      "여동생도 입을 수 있을까 걱정했었는데…",
      "의외로 사이즈가 딱 맞았네?"
    ],
    "11": [
      "\\nl< >「에헤헤... 이 옷 다음부터 잠옷으로 할까나~」"
    ],
    "12": [
      "「그러면 주름이 생기잖아... 특전 기념품이고…」",
      "한정판 수집품이라 옷으로 입기엔 아까운데…\""
    ],
    "13": [
      "「그보다 밥먼저 먹게 빨리 갈아 입고와.」",
      " "
    ],
    "14": [
      "\\nl< >「네-에~」"
    ]
  },
  "15": {
    "0": [
      "「……다녀왔어.」"
    ],
    "1": [
      "나는 기운없이 인사를 하고、",
      "집에 들어서자마자 온몸을 태울 것 같은 열기가 싹 가셨다.",
      "젠장.. 이 날씨는 도대체 어떻게 된거야...이렇게 덥다니……",
      " "
    ],
    "2": [
      "「——응?이상하다?」"
    ],
    "3": [
      "평소처럼 여동생이 반겨주지 않는다는 것을 깨달았다.",
      "아직 자고 있나?"
    ],
    "4": [
      "\\nl< >「\\str[121]、어서..와...」"
    ],
    "5": [
      "티셔츠로 갈아입은 여동생이 나른하게 맞아주었다。",
      "아무래도\\str[120]도 더위를 못 견디는 것 같다……",
      "더위로 인해 동생도 지쳐버린 것이 분명했다…"
    ],
    "6": [
      "\\nl< >\\{「뜨거워…!」",
      "\\w[40]\\^"
    ],
    "7": [
      "\\nl< >「\\str[121]몸이 굉장히 뜨겁다…！」"
    ],
    "8": [
      "자신의 몸에서 아직도 열기가 피어오르는 것을 보고、",
      "금방이라도 폭발할 것 같은 착각마저 들었다……"
    ],
    "9": [
      "\\nl< >「\\str[121]、어서와……  \\w[60]",
      "역시 밖에도 더웠지?」"
    ],
    "10": [
      "「그러게, 마치 오븐 안에 있는 것 같아서……  \\w[60]",
      "이 날씨, 도대체 어떻게 된 거야……」"
    ],
    "11": [
      "「하지만 이제 괜찮아!!    \\w[40]",
      "짜잔! 무더위를 날릴 선풍기를 구해왔어!」"
    ],
    "12": [
      "\\nl< >「앗싸!빨리!빨리!   \\w[60]",
      "지금 바로 설치해서!」"
    ],
    "13": [
      "\\nl< >「선풍기랑 아이스 준비했으니까, 빨리 이쪽으로 와!」"
    ],
    "14": [
      "「오옷——!」"
    ],
    "15": [
      "돌아오자마자 시원한 장소와 시원한 음식이 있다.",
      "이 느낌도 꽤 나쁘지 않네……"
    ],
    "16": [
      "조금 기다려도 여동생은 나오지 않았다.",
      "이상한데...아직 낮잠자는건가?"
    ],
    "17": [
      "어떻게 할까……"
    ],
    "18": [
      "몰래 가다",
      "\\str[120]을 부른다"
    ],
    "19": [
      "좋아! 직접 몰래 방을 들여다보자",
      "만약에 낮잠에서 깨버리면 아쉬운거고"
    ],
    "20": [
      "\\{「다녀왔어ー!」"
    ],
    "21": [
      "무심코 말을 걸었더니",
      "잠시 후 쿵쿵거리며 계단을 내려가는 소리가 들렸다. ",
      "서둘러 아래층으로 내려오는 발소리."
    ],
    "22": [
      "……그렇게 서둘러서?"
    ],
    "23": [
      "\\nl< >「\\str[121]!?",
      "오늘은 꽤 일찍 돌아왔네——」"
    ],
    "24": [
      "빠른 걸음으로 와서 그런지",
      "여동생의 뺨은 새빨갛게 물들어 있었고 호흡도 어딘가 부자연스럽게 거칠었다.",
      " "
    ],
    "25": [
      "「………………응？   \\w[45]",
      "\\str[120]、혹시————」"
    ],
    "26": [
      "\\nl< >「힛！？」"
    ],
    "27": [
      "「아까 몰래 감자칩 먹었었잖아!?",
      "봐바, 입술에 부스러기가 묻어있잖아!」"
    ],
    "28": [
      "\\nl< >「에…아……\\w[45]응…그렇네、에헤헤……    \\w[45]",
      "방금 간식먹고있었어…」                 \\w[45]"
    ],
    "29": [
      "여동생은 너무 어설프게 변명을 하고 있어서、",
      "더욱더 수상해 보였다……"
    ],
    "30": [
      "\\nl< >「웅웅、오빠 것도 준비하고 있으니까、",
      "같이먹자……!」」"
    ],
    "31": [
      "더 이상 추궁하지 말아야겠다.",
      "\\str[120]은 그대로 도망치듯 행동했다."
    ],
    "32": [
      "현관으로 돌아온 후에도、",
      "머릿속에서는 \\str[120]의 무방비한 모습이 몇번이고 재생되고 있었다.    \\w[60]",
      "……뭐, 여름이니까 어쩔 수 없지。"
    ],
    "33": [
      "「콜록……         \\w[60]\\{",
      "다녀왔어~!」"
    ],
    "34": [
      "아무것도 눈치채지 못한 척, 나는 실내의 \\str[120]에 말을 걸었다.",
      "내가 \\str[120]을 안에서 불렀을 때 처럼."
    ]
  }
}