{
  "1": {
    "name": [
      "마법 수납 주머니"
    ],
    "subtitle": [
      ""
    ],
    "description": [
      "휴대 가능한 마법 도구로, 보통을 뛰어넘는 양의 물건을 수납할 수 있다",
      "단, 마법 도구라고 해도 수납량에는 한계가 있다……",
      "even magical tools have their storage limits.."
    ],
    "ability": [
      "무기 수납량: ${QJ.MPMZ.tl.ex_playerCheckInventory('weapon')}",
      "장비 수납량: ${QJ.MPMZ.tl.ex_playerCheckInventory('gear')}"
    ]
  },
  "2": {
    "name": [
      "섬보"
    ],
    "subtitle": [
      ""
    ],
    "description": [
      "땅을 박차고 순간적으로 거리를 좁혀, 공격을 회피할 수 있는 기술",
      "단순한 스타트 대시 같은 동작이지만,",
      "본인은 굳이 멋진 스킬 이름을 붙였다"
    ],
    "ability": [
      "스페이스 키를 계속 눌러 발동"
    ]
  },
  "3": {
    "name": [
      "섬보태도"
    ],
    "subtitle": [
      ""
    ],
    "description": [
      "젊은 검성의 지도를 받아 습득한 발도술. 섬보의 스피드를 활용하여,",
      "참격의 위력을 높인다. 준비에 따라 적을 날려버릴 힘을 발휘한다",
      "strike — enough to knock enemies away if timed right."
    ],
    "ability": [
      "섬보 중에 왼쪽 클릭으로 참격을 발동. 이동 속도에 따라 데미지가 강화된다",
      "섬보 중에 오른쪽 클릭 길게 눌러 차지하고, 기세에 따라 효과가 강화된다"
    ],
    "mobileAbility": [
      "스킬 버튼을 탭하면 참격을 발동, 이동 속도에 따라 데미지가 상승",
      "스킬 버튼을 길게 누르면 차지, 기세에 따라 효과가 강화"
    ]
  },
  "4": {
    "name": [
      "선풍베기"
    ],
    "subtitle": [
      ""
    ],
    "description": [
      "무기를 휘두르며 회전하여 참격을 날린다",
      "공격 속도는 지속 시간에 따라 가속된다",
      "검술이 서툰 자도 쉽게 습득할 수 있고, 빠르게 효과를 발휘할 수 있는 기술"
    ],
    "ability": [
      "마우스 오른쪽 버튼을 길게 눌러 스킬 발동",
      "회전 중에 스킬을 캔슬하면 무기를 던질 수 있다"
    ],
    "mobileAbility": [
      "스킬 버튼을 길게 눌러 스킬 발동",
      "회전 중에 스킬을 캔슬하면 무기를 던질 수 있다"
    ]
  },
  "7": {
    "name": [
      "위험 감지"
    ],
    "subtitle": [
      ""
    ],
    "description": [
      "통칭 「심안」이라고 불리는 스킬이지만,",
      "이것은 삶과 죽음을 헤매는 경험을 통해 각성한 직감",
      "즉, 어떤 의미에서는 트라우마의 발현일지도 모른다……"
    ],
    "ability": [
      "확인하고 싶은 대상에 마우스를 올리면 상세 정보를 확인할 수 있다"
    ],
    "mobileAbility": [
      "확인하고 싶은 대상을 탭하면 상세 정보를 확인할 수 있다"
    ]
  },
  "10": {
    "name": [
      "기척 차단"
    ],
    "subtitle": [
      "true"
    ],
    "description": [
      "그림자 속에 숨는 것을 특기로 하는 닌자 기술. 가볍게 배웠을 뿐이지만,",
      "자신에게는 잠복이나 은밀의 재능이 있는 것 같아, 금방 요령을 터득한 것 같다"
    ],
    "ability": [
      "스킬 발동 중에, Shift 키로 스텔스 상태로 전환할 수 있다",
      "몬스터에게 발견되는 경계 범위를 \\c[17]${1+$gameParty.leader().skillMasteryLevel(10)}\\c[108]칸 감소",
      "여동생을 엿볼 때의 경계치 축적 속도를 \\c[17]${15+15*$gameParty.leader().skillMasteryLevel(10)}%\\c[108] 감소"
    ]
  },
  "11": {
    "name": [
      "배후 찌르기"
    ],
    "subtitle": [
      "true"
    ],
    "description": [
      "그림자에 숨는 것을 특기로 하는 닌자 기술. 스텔스 상태 중에 발동할 수 있다",
      "무방비한 적의 배후에 접근하여 공격하면, 큰 데미지를 준다!"
    ],
    "ability": [
      "스킬 숙련도: \\c[6]${$gameActors.actor(1).skillMasteryUses(11)}\\c[0]",
      "성공 시 데미지 증가율: \\c[17]${Math.round(200 + (2333 - 200) * Math.pow($gameActors.actor(1).skillMasteryLevel(11) / 9, 1.8))}%\\c[0]"
    ]
  },
  "12": {
    "name": [
      "Musou Burst Stream"
    ],
    "subtitle": [
      ""
    ],
    "description": [
      "슬픔을 깨달은 ASABA로부터 계승된 필살 오의",
      "육안으로는 포착할 수 없을 정도의 순간에 백격을 쏘며, 적이 느끼는 것은 최후의 어둠뿐!",
      " "
    ],
    "ability": [
      "스킬 커맨드:  \\{⬆⬇⬅⮕⬆⬇\\}",
      "기술을 사용할 때마다 HP가 소모됩니다."
    ]
  },
  "15": {
    "name": [
      "여장"
    ],
    "subtitle": [
      ""
    ],
    "description": [
      "입을 리 없는 옷을 입고…… 왠지 새로운 가능성에 눈을 뜬 듯하다.",
      "전투력 상승은 전혀 없고, 오히려 약간의 정신적 대미지까지……",
      "동료들의 시선은 어딘가 미묘하고, 적의 공격도 조금은 당황할지도……?",
      "왜냐하면 이 세계에서는—— 귀여움이 정의니까!"
    ],
    "ability": [
      "장착 중인 여장 아이템 수에 따라 죄악치가 상승!"
    ]
  },
  "16": {
    "name": [
      "블레이드키퍼"
    ],
    "subtitle": [
      ""
    ],
    "description": [
      "\"무기를 어떻게 휘두르든지 간에!" "우리들은 당신을 부르기 위해 일어설 것입니다!"\"",
      "\"칼날이 닳는 것을 막기 위해!" "팔의 존엄성을 지키기 위해!"\"",
      "\"우리는 칼이 주인이고, 인간은 하인일 뿐이라고 믿기 때문입니다!\"",
      "\"가장 터무니없으면서도 흔들리지 않는 신자들!\"",
      "\"우리는—무기 보존론자—블레이드키퍼입니다!\""
    ],
    "ability": [
      "뱃지를 착용하면 이제 그 중 한 명이 됩니다"
    ]
  },
  "18": {
    "name": [
      "무기 파손"
    ],
    "subtitle": [
      ""
    ],
    "description": [
      "모든 무기에는 내구도 제한이 있으며, 정확한 공격 동작에는",
      "자신이 없기 때문에, 최종적으로 무기가 파괴될 위험이 있다",
      "단, 파괴의 순간에 강력한 회심의 일격을 날린다!",
      " "
    ],
    "ability": [
      "마지막 일격 데미지 증가율: \\c[6]${200+(100*$gameActors.actor(1).skillMasteryLevel(48))}%\\c[0]"
    ]
  },
  "26": {
    "name": [
      "검술 수련"
    ],
    "subtitle": [
      "true"
    ],
    "description": [
      "강해지기 위해 검성의 소녀에게 단련법을 물었다",
      "「매일 허공에 검 휘두르기 1000번을 하면 돼!」라는 대답이 돌아왔다",
      "——정말 그걸로 강해질 수 있을까!? 일단 해보자……"
    ],
    "ability": [
      "맨손 휘두르기 연습 횟수: \\{\\c[6]${$gameActors.actor(1).skillMasteryUses(26)}\\c[0]",
      "근접 무기 기본 공격이 \\c[6]${Math.ceil(1.8**$gameActors.actor(1).skillMasteryLevel(26))}%\\c[0] 데미지 증가"
    ]
  },
  "skillToggle": [
    "발동 중",
    "미발동"
  ]
}