{
  "13": {
        "0": [
            "……哦呀？",
			"又有一只可爱的小羔羊迷路进来吗？"
		],
		"1": [
            "呵呵呵~你是想从我这里获得力量吗？",
			"这可是恶魔的交易哦~"
        ],
        "2": [
            "但是很遗憾呢，「还不是时候」噢~",
            "现在还没有到需要你面对命运的时刻~"
        ],
        "3": [
            "现在的你还只是一只什么都不懂",
			"什么也还没意识到的迷路羔羊而已~"
        ],
        "4": [
            "嘿诶~~",
			"坐在那里是想听我的祷告吗？"
        ],
        "5": [
            "遗憾♥我可是大恶魔噢~",
			"才不会给你做这种事情~"
        ]		
    },	
  "16": {
        "0": [
            "你必汗流满面才得糊口，直到你归了土，",
			"因为你是从土而出的；你本是尘土，仍要归于尘土。"
		],
		"1": [
            "我见日光之下所做的一切事，",
			"都是虚空，都是捕风。"
        ],
        "2": [
            "我们晓得，万事都互相效力，",
            "叫爱神的人得益处，就是按他旨意被召的人。"
        ],
        "3": [
            "因为世人都犯了罪，",
			"亏缺了神的荣耀。"
        ],
        "4": [
            "因为这异象有一定的日期，快要应验，并不虚谎。",
			"虽然迟延，还要等候；因为必然临到，不再迟延。"
        ],
        "5": [
            "我的罪孽高过我的头，",
			"如同重担叫我担当不起。"
        ]		
    },
  "17": {
        "0": [
            "耶稣问他说：\"你名叫什么？\"",
			"回答说：\"我名叫群，因为我们多的缘故。\""
		],
		"1": [
            "天上又现出异象来，有一条大红龙，",
			"七头十角，七头上戴着七个冠冕。",
			"它的尾巴拖拉着天上星辰的三分之一，摔在地上。"
        ],
        "2": [
            "明亮之星，早晨之子啊！你何竟从天坠落？",
            "你这攻败列国的，何竟被砍倒在地上？"
        ],
        "3": [
            "我又看见一个兽从海中上来，有十角七头，",
			"在十角上戴着十个冠冕，七头上有亵渎的名号。"
        ],
        "4": [
            "我虽然行过死荫的幽谷，也不怕遭害，因为你与我同在；",
			"你的杖，你的竿，都安慰我。"
        ],
        "5": [
            "耶和华问撒但：\"你从哪里来？\"",
			"撒但回答说：\"我从地上走来走去，往返而来。\""
        ]		
    },
  "18": {
        "0": [
			"发现了一个传送阵…",
			"要现在离开这个地方吗…？"
		],
		"1": [
            "离开",
			"再等等…"
        ]
    }	
}