{
    "1": {
        "name": [
            "硬木剑"
        ],
        "subtitle": "",
        "description": [
            "形状完美的木剑，手感沉稳结实",
            "相传当年的勇者也是握着木剑，从起始之村踏上旅途的",
            "这一美谈激励了无数冒险者，纷纷效仿，希望能走上同样的英雄之路……"
        ],
        "ability": [
            "武器即将被破坏时造成额外伤害"
        ]
    },
    "2": {
        "name": [
            "硬木棒"
        ],
        "subtitle": "",
        "description": [
            "形状完美的木棒。小孩子看了都会爱不释手，",
            "作为武器的性能也还算过得去"
        ],
        "ability": [
            "武器即将被破坏时造成额外伤害"
        ]
    },
    "3": {
        "name": [
            "伐木斧"
        ],
        "subtitle": "",
        "description": [
            "对于在森林中探险的冒险者或开拓者来说是值得信赖的伙伴",
            "不过，由于不适合用于攻击用途，在战斗中请不要过于依赖它"
        ],
        "ability": [
            "对树木造成更大伤害"
        ]
    },
    "4": {
        "name": [
            "捏紧的拳头"
        ],
        "subtitle": "",
        "description": [
            "没有装备武器？那就对敌人使用连打吧！",
            "虽说只是权宜之计，但蕴含斗志的拳头，威力可不容小觑",
            "能用拳头解决的事为什么要用武器？"
        ],
        "ability": [
            "根据最大体力值强化连打伤害！"
        ]
    },
    "5": {
        "name": [
            "骑士之剑"
        ],
        "subtitle": "",
        "description": [
            "父亲年轻时用过的武器，保养得非常好",
            "似乎是给宫廷骑士配置的武器"
        ],
        "ability": [
            "体力在\\c[10]30%\\c[0]以下时、该武器攻击力翻倍"
        ]
    },
    "6": {
        "name": [
            "熔岩杖"
        ],
        "subtitle": "",
        "description": [
            "用火山产的矿石制作的魔杖。可以轻松地浓缩火元素",
            "但是稍微不注意就会连自己也会被卷入爆炸中"
        ],
        "ability": [
            "长按鼠标右键吟唱魔法\\c[27]红莲降陨\\c[0]"
        ]
    },
    "7": {
        "name": [
            "寒冰杖"
        ],
        "subtitle": "",
        "description": [
            "由蕴含魔力的冰晶制成的魔杖。虽然能够向广范围喷出寒霜，",
            "但实际操作起来很难，而且手会超级冷！！"
        ],
        "ability": [
            "长按鼠标右键吟唱魔法\\c[27]冰结术\\c[0]"
        ]
    },
    "8": {
        "name": [
            "怪鸟的羽毛"
        ],
        "subtitle": "",
        "description": [
            "从巨大的怪鸟身上摘下的羽毛",
            "虽然很轻盈，但可以吹出把人掀飞的气浪"
        ],
        "ability": [
            "使用旋风斩时，移动速度提升"
        ]
    },
    "9": {
        "name": [
            "骑士之剑"
        ],
        "subtitle": "",
        "description": [
            "给宫廷骑士配置的武器",
            "象征着骑士们的守护之道"
        ],
        "ability": [
            "体力在\\c[10]30%\\c[0]以下时、该武器攻击力翻倍"
        ]
    },
    "10": {
        "name": [
            "银辉大剑"
        ],
        "subtitle": "",
        "description": [
            "仿佛以银锻造而成，散发着耀眼光辉的巨大剑",
            "剑刃散发着冰冷的光芒，拥有惊人的硬度，",
            "但实际上并不清楚是由什么金属锻造出来的"
        ],
        "ability": [
            "体力不足\\c[29]400\\c[0]时、无法完美发挥该武器的性能！"
        ]
    },
    "11": {
        "name": [
            "大木槌"
        ],
        "subtitle": "",
        "description": [
            "笨重的大木槌",
            "砸到头上肯定会马上令人头昏脑胀！"
        ],
        "ability": [
            "攻击时33%的概率赋予眩晕状态",
            "体力不足\\c[29]400\\c[0]时、无法完美发挥该武器的性能！"
        ]
    },
    "12": {
        "name": [
            "棒球棍"
        ],
        "subtitle": "",
        "description": [
            "金属材质的棍棒。据说是体育运动用的，",
            "但拿来揍人也很合适，有着将飞来的物品打飞出去的特性"
        ],
        "ability": [
            "不易损坏！",
            "击飞回去的弹幕伤害倍增"
        ]
    },
    "13": {
        "name": [
            "臭鱼骨"
        ],
        "subtitle": [
            "「太臭了赶紧扔掉呀！」"
        ],
        "description": [
            "吃剩下的大型鱼骨，上面残留的肉早就腐败了",
            "不断传来难以忍受的臭味"
        ],
        "ability": [
            "你将一直散发恶臭"
        ]
    },
    "14": {
        "name": [
            "巨大蟹钳"
        ],
        "subtitle": "",
        "description": [
            "某种巨型螃蟹的蟹钳，能死死夹住目标，绝不松开",
            "正因如此，真夹住什么东西时，怎么都取不下来了……"
        ],
        "ability": [
            "武器投掷出去时会夹住目标持续造成伤害",
            "除非目标死亡否则无法取回武器"
        ]
    },
    "15": {
        "name": [
            "霜月"
        ],
        "subtitle": [
            "「想学大反派用舌头舔刀刃，结果舌头被冻在上面了…好冷好痛！」",
            "「哥哥、不要乱舔捡到的东西哦！」"
        ],
        "description": [
            "剑身由寒冰构成的魔剑，只是靠近就能感受到惊人的冷气"
        ],
        "ability": [
            "攻击时50%的概率赋予冻结状态"
        ]
    },
    "16": {
        "name": [
            "会漏电的不良品"
        ],
        "subtitle": [
            "「哔哩哔哩……哔哩哔哩……！」"
        ],
        "description": [
            "充满了狂暴能量的魔剑、但已经故障了",
            "需要小心会连使用者也一起遭到电击"
        ],
        "ability": [
            "攻击时50%的概率赋予打雷状态"
        ]
    },
    "17": {
        "name": [
            "阳炎"
        ],
        "subtitle": [
            "「哥哥、看起来好可怕、别拿着了。」"
        ],
        "description": [
            "由久经暴晒而吸收了太阳能量的特殊铁矿打造的魔剑",
            "洋溢着温暖的热浪、似乎对特定的魔物有极大的杀伤性"
        ],
        "ability": [
            "攻击时40%的概率赋予炎上状态"
        ]
    },
    "18": {
        "name": [
            "兽人的骨斧"
        ],
        "subtitle": "",
        "description": [
            "用战利品的尸骨作成的大斧",
            "并不是很锋利，对兽人而言也是更喜欢直接投掷出去"
        ],
        "ability": [
            "将武器投掷出去时造成额外伤害"
        ]
    },
    "21": {
        "name": [
            "来自地狱"
        ],
        "subtitle": [
            "「这家伙渴望着鲜血…」"
        ],
        "description": [
            "某位恶名昭彰的杀人狂的凶器之一，上面沾满了鲜血"
        ],
        "ability": [
            "攻击时45%的概率赋予出血状态"
        ]
    },
    "24": {
        "name": [
            "风暴兽人斧"
        ],
        "subtitle": "",
        "description": [
            "参悟了自然之力的高级兽人所持有的魔法大斧",
            "每一次挥斩都宛如撕裂大地般沉重有力，狂风也会伴随斧刃呼啸而出"
        ],
        "ability": [
            "攻击时有一定概率击出狂风",
            "体力不足\\c[29]400\\c[0]时、无法完美发挥该武器的性能！"
        ]
    },
    "26": {
        "name": [
            "星月夜"
        ],
        "subtitle": "",
        "description": [
            "镶嵌着如银河般闪耀的魔法宝石的法杖",
            "能够产生强大的引力场，将一切物体引向黑暗的深渊"
        ],
        "ability": [
            "长按鼠标右键吟唱魔法\\c[27]引力黑洞\\c[0]"
        ]
    },
    "27": {
        "name": [
            "毒孢针"
        ],
        "subtitle": "",
        "description": [
            "行走蘑菇掉落的奇妙细剑。其刃虽缺乏锋利，但覆满毒胞，",
            "一旦刺中敌人，毒素便会毫无例外地侵蚀对方",
            "作为武器其硬度较低，但因毒性带来的实用性极高"
        ],
        "ability": [
            "攻击时50%的概率赋予中毒状态"
        ]
    },
    "30": {
        "name": [
            "兼定"
        ],
        "subtitle": "",
        "description": [
            "陪伴着以剑术巅峰为目标的少女多年的爱刀，即使在睡梦中也未曾放开",
            "无论它是否依旧锋利，它也已成为少女求道之旅的见证者和最忠实的伙伴"
        ],
        "ability": [
            "所有已习得技能效果得到极大强化"
        ]
    },
    "35": {
        "name": [
            "克里乌之光"
        ],
        "subtitle": [
            "「啊咧？什么都看不见！这哪里是剑柄啊！？」"
        ],
        "description": [
            "获得了光之加护的魔剑。剑身不断吸引周围的光线，使其本体隐匿无形",
            "正因如此,它的锋芒愈发锐利。而在必要之时，还能解除加护，释放出真正的光辉"
        ],
        "ability": [
            "攻击时完全无视对方的防御能力"
        ]
    },
    "36": {
        "name": [
            "斩裂剑提尔锋"
        ],
        "subtitle": "",
        "description": [
            "剑刃由魔力结晶铸造的人造魔剑",
            "每一次斩击都能释放出实体化的剑波，犹如利刃穿空",
            "对于擅长剑技的武者而言，可谓是如虎添翼之利器"
        ],
        "ability": [
            "攻击生成可以飞出的剑波造成伤害"
        ]
    },
    "42": {
        "name": [
            "登的阴郁手镰"
        ],
        "subtitle": [
		    "「看好了、旋风斩是这样用的！」"
		],
        "description": [
            "外来者持有的短柄镰刀，有着可怖的造型和寄宿其内的强烈意志",
            "使用的时间太长时会感觉脑袋里听到奇怪的声音回响..."
        ],
        "ability": [
            "更宽的攻击范围，并在投掷出去时自动追踪敌人",
			"强烈意志令你掌握了特殊的战技！"
        ]
    },
    "52": {
        "name": [
            "2号机"
        ],
        "subtitle": "",
        "description": [
            "从可疑的商店那买到的通讯设备。『动手！』只要这么喊一声",
            "就能收到远方不知何处而来的狙击支援",
            "但是、需要自负话费……"
        ],
        "ability": [
            "点击鼠标右键召唤狙击支援、一次花费400元"
        ]
    },
    "53": {
        "name": [
            "甜筒大剑"
        ],
        "subtitle": "",
        "description": [
            "茶会的看板娘们用心制作的美食武器",
            "在保证武器性能的同时，也极其美味！"
        ],
        "ability": [
            "攻击时有可能被吃掉…"
        ]
    },
    "60": {
        "name": [
            "香蕉？"
        ],
        "subtitle": [
            "「这真的是香蕉吗…？」"
        ],
        "description": [
            "已经剥了皮的香蕉，需要慎重地拿在手里"
        ],
        "ability": [
            "高速状态下容易将香蕉甩出……噫！？"
        ]
    },
    "61": {
        "name": [
            "巨蜗吸尘器"
        ],
        "subtitle": "",
        "description": [
            "用巨蜗的壳改造出来的吸尘器",
            "改变了风道方向，从而拥有了强劲的吸力"
        ],
        "ability": [
            "长按鼠标吸引物体到身边"
        ]
    },
    "62": {
        "name": [
            "古树残骸"
        ],
        "subtitle": "",
        "description": [
            "从树龄很高的树干中偶然得到的、形状怪异的枝状武器",
            "坚硬的同时仍充满生命力，甚至依旧保持着生长的趋势"
        ],
        "ability": [
            "击倒敌人时自动修复武器耐久度",
            "超出满值部分的耐久度每1%将额外提供1点攻击力"
        ]
    },
    "63": {
        "name": [
            "寄生刃"
        ],
        "subtitle": "",
        "description": [
            "被树木吞噬的剑。经过漫长的岁月，",
            "金属与树木的生命融为一体，展现出一种神秘的和谐",
            "其剑刃宛如呼吸般脉动，传递给持有者一股奇妙的温暖"
        ],
        "ability": [
            "击倒敌人时为持有者恢复${Math.floor(1.2*$gameParty.leader().paramPlus(2))}体力"
        ]
    },
    "70": {
        "name": [
            "荒古荣光"
        ],
        "subtitle": [
            "「解放黄金之力 \\{⬆⬆⬇⬇⬅⮕⬅⮕\\}」"
        ],
        "description": [
            "金光璀璨的魔剑，乃世界管理员的珍藏之一",
            "曾被那个男人握在手中于深渊之中鏖战三天三夜没合过眼"
        ],
        "ability": [
            "输入神秘指令后获得无敌的力量！"
        ]
    },
    "80": {
        "name": [
            "柳叶长剑"
        ],
        "subtitle": [
            "「摘叶飞花，皆可伤人」"
        ],
        "description": [
            "轻薄而坚韧的大剑。造型如柳叶般修长锋利"
        ],
        "ability": [
            "攻击时有概率发射柳叶飞镖"
        ]
    },
    "81": {
        "name": [
            "寄坏剑"
        ],
        "subtitle": [
            "「呜哇，这些黏液还在蠕动着…好恶心！！」"
        ],
        "description": [
            "寄生了大量具有顽强生命力黏液的大剑",
            "对生命力的渴求使得这些黏液有了强烈的好战性"
        ],
        "ability": [
            "攻击对出血状态的目标造成额外伤害",
			"目标死亡时若拥有出血状态，将汲取血液"
        ]
    },
    "101": {
        "name": [
            "木弓"
        ],
        "subtitle": "",
        "description": [
            "木制的长弓",
            "可以拉动射出弓箭，但性能非常一般"
        ],
        "ability": [
            "长按鼠标右键可蓄力发射\\c[27]穿透箭\\c[0]",
            "穿透箭每穿透一个单位伤害都会衰减"
        ]
    },
    "102": {
        "name": [
            "猎人之弓"
        ],
        "subtitle": "",
        "description": [
            "用复合材料制成的长弓，降低了拉弦所需的力量",
            "虽然降低了杀伤性，但使得它可以更加轻松地连射"
        ],
        "ability": [
            "攻速上升、攻击伤害降低20%、耐久度消耗降低20%",
            "长按鼠标右键可蓄力发射\\c[27]穿透箭\\c[0]"
        ]
    },
    "103": {
        "name": [
            "火烧云"
        ],
        "subtitle": "",
        "description": [
            "充斥着火元素的魔法弓。能够点燃目标，",
            "还可以射出引发爆炸的箭矢"
        ],
        "ability": [
            "长按鼠标右键可蓄力发射\\c[27]爆炸箭\\c[0]",
            "爆炸箭命中时将引发一次剧烈的爆炸"
        ]
    },
    "104": {
        "name": [
            "雪见"
        ],
        "subtitle": "",
        "description": [
            "被寒冰覆盖着的魔法弓。可以射出一样是冰制的箭矢",
            "蓄力发射时甚至可以冰封一片区域"
        ],
        "ability": [
            "长按鼠标右键可蓄力发射\\c[27]冰封箭\\c[0]",
            "冰封箭命中时将冰封目标"
        ]
    },
    "105": {
        "name": [
            "千鸟"
        ],
        "subtitle": "",
        "description": [
            "能够招致天雷的黄金弓，因如雷般的嗡鸣声而得此名",
            "但需要小心因为是金属制品，非常容易触电…"
        ],
        "ability": [
            "长按鼠标右键可蓄力发射\\c[27]雷击箭\\c[0]"
        ]
    },
    "106": {
        "name": [
            "三头连弓地狱犬"
        ],
        "subtitle": "",
        "description": [
            "深渊的产物。能够同时射出多根箭矢的形状怪异的弓",
            "但是，这散发着诡异气息的魔弓似乎还是力量被封印着的状态"
        ],
        "ability": [
            "长按鼠标右键可蓄力发射\\c[27]穿透箭\\c[0]"
        ]
    },
    "107": {
        "name": [
            "血狩"
        ],
        "subtitle": "",
        "description": [
            "染血的长弓",
            "每次开弓，弦上都将沾满持有者的鲜血",
			"直至箭矢带回更甘甜的献礼"
        ],
        "ability": [
            "长按鼠标右键可蓄力发射\\c[27]穿血箭\\c[0]",
			"射出箭矢时将消耗体力并强化伤害，击杀目标后将回收血液"
        ]
    }
}