{
    "3": {
        "0": [
            "\"Whew… isso é muito melhor...\""
        ],
        "1": [
            "...Então, o que eu devo fazer em seguida?"
        ],
        "2": [
            "Olhar ao Redor",
            "Sonhar Acordado",
            "Matar Tempo",
            "Sair"
        ],
        "3": [
            "Esse espacinho—o que poderia estar escondido aqui...?    \\w[45]",
            "Mesmo eu dizendo isso, eu comecei a cavar sem nem pensar.."
        ],
        "4": [
            "\"Ooooh!! Isso é…!\""
        ],
        "5": [
            "——Papel higiênico."
        ],
        "6": [
            "————Um lixo."
        ],
        "7": [
            "\"Bom, a final de contar, eu to no banheiro.\""
        ],
        "8": [
            "Parece que foi perda de tempo."
        ],
        "9": [
            "\"Hm? O que foi esse barulho?\""
        ],
        "10": [
            "É um C."
        ],
        "11": [
            "Um C apareceu sei lá de onde, e passou voando pelos meus pés."
        ],
        "12": [
            "Seu desgraçado, se aparecendo dessa forma bem na minha frente!    \\{",
            "Toma isso!"
        ],
        "13": [
            "Ná mosca. O C caíu morto bem na minha frente."
        ],
        "14": [
            "\"Hmph, como esperado de mim...\""
        ],
        "15": [
            "Errei! ",
            "Assustei o C e ele desapareceu do nada sem nenhum rastro."
        ],
        "16": [
            "\"Droga, essa coisa é rápida!\""
        ],
        "17": [
            "……Isso não  vai funcionar pra sempre.",
            "Talvez seja melhor comprar um inseticida..."
        ],
        "18": [
            "\"Hm? O que foi esse barulho?\""
        ],
        "19": [
            "…O barulho parou. Será que foi só minha imaginação?"
        ],
        "20": [
            "Eu não posso ficar sentado aqui pra sempre.",
            "Provavelmente eu deveria sair—"
        ]
    },
    "9": {
        "0": [
            "\nl< >\"\\str[121]! Você ainda está no banheiro?\""
        ],
        "1": [
            "\"...To saindo já já!\""
        ],
        "2": [
            "Eu provavelmente já perdi muito tempo, melhor ir embora..."
        ]
    },
    "21": {
        "0": [
            "Nesse momento, eu escutei um som familiar."
        ],
        "1": [
            "\\{Espera...\\w[45] esse som, é um C!"
        ],
        "2": [
            "\nl< >\\{\"…………Huh?\""
        ],
        "3": [
            "\nl< >\\{\"Aaaaahhhh—!!\""
        ],
        "4": [
            "\\str[120] também viu um C!",
            "Isso é ruim! Se um C atacar em uma situação como essa, ",
            "ela pode desmaiar de susto!!"
        ],
        "5": [
            "\\{\"……！\""
        ],
        "6": [
            "Antes mesmo que eu pudesse pensar, meu corpo agiu sozinho",
            "e eu corri para o banheiro igual um raio."
        ],
        "7": [
            "\\{\"Foi você que fez a \\str[120] chorar!?\""
        ],
        "8": [
            "Na mosca. O C morreu na hora."
        ],
        "9": [
            "\nl< >\"Uuuh... \\str[121]...\""
        ],
        "10": [
            "\"Tá tudo bem agora. ",
            "Aquele negócio não está mais lá—\\str[121] deu conta daquilo.\""
        ],
        "11": [
            "\nl< >\"Huh...?",
            "\\str[121]... sua calça...\""
        ],
        "12": [
            "\"——————————Ah.\""
        ],
        "13": [
            "Já que eu já estava nervoso antes de ir ao ",
            "banheiro. Meu pau já tava durasso—",
            "e muito perto do rosto da \\str[120]…"
        ],
        "14": [
            "Assim como eu temia, ",
            "eu notei algo estranho nos olhos da \\str[120],",
            "ela também estava inquieta.    \\w[60]",
            "Será que aquele doce estranho ainda está fazendo efeito?"
        ],
        "15": [
            "A expressão da \\str[120] parecia atordoada, e do nada ",
            "Ela se inclinou pra frente e botou meu pau na sua."
        ],
        "16": [
            "Essa ousadia totalmente destruiu meu auto controle.",
            "Eu botei minhas mãos na cabeça da \\str[120],",
            "eu comecei a guiar sua cabeça para botar meu pau ainda mais fundo."
        ],
        "17": [
            "Mesmo sendo meio desajeitada, ",
            "o calor e maciez da sua boca ",
            "ainda era um sentimento maravilhoso."
        ],
        "18": [
            "Desse ângulo",
            "Eu conseguia ver a buceta molhada e trêmula da \\str[120]",
            "Como se fosse algo vindo direto de um sonho."
        ],
        "19": [
            "Em pouco tempo",
            "A vontade de gozar começou a borbulhar dentro de mim—"
        ],
        "20": [
            "Não querendo que \\str[120] se engasgasse, ",
            "eu tirei meu pau da sua boca."
        ],
        "21": [
            "Nesse exato momento, jorrou um imenso jato de porra, ",
            "cobrindo e respingando todo o seu rosto."
        ],
        "22": [
            "\nl< >\"Ugh… que gosto horrível…\""
        ],
        "23": [
            "\\str[120] botou a língua pra fora de brincadeira, ",
            "mas eu ainda conseguia ver que ela estava bem tímida.",
            "Ela nunca faria algo tão ousado se estivesse normal—",
            "deve ser o efeito daquele doce."
        ],
        "24": [
            "Mas honestamente, se não fosse por esse doce,",
            "eu não faço ideia de como isso teria acabado."
        ],
        "25": [
            "Depois, limpamos o banheiro juntos ",
            "e voltamos silenciosamente para o quarto,",
            "fingindo que nada tinha acontecido."
        ]
    },
    "22": {
        "0": [
            "De mansinho, de mansinho..."
        ],
        "1": [
            "Hmm... Fico preocupado ",
            "se tem algo errado com a \\str[120]...",
            "Eu vou dar uma olhadinha e sair..."
        ],
        "2": [
            "Pera... o que é isso!?"
        ],
        "3": [
            "Peguei a \\str[120] se masturbando.    \\w[60]",
            "O que tá acontecendo… ",
            "Será que ainda é o efeito ",
            "do doce que eu dei pra ela antes!?"
        ],
        "4": [
            "Mesmo que sua técnica ainda pareça um pouco desajeitada,",
            "mas vendo o quão úmida ela está ",
            "ela está perdidamente e aproveitando o momento."
        ],
        "5": [
            "Vendo a vontade e dedicação da \\str[120] em se aliviar, ",
            "Eu não consegui segurar a vontade de invadir e ajudar ela…"
        ],
        "6": [
            "Peguei a \\str[120] se esfregando por cima da calcinha.    \\w[60]",
            "O que tá acontecendo… ",
            "Isso poderia ser o efeito do ",
            "doce que eu dei pra ela antes!?"
        ],
        "7": [
            "Talvez pela falta de experiência, ",
            "\\str[120] está desajeitadamente esfregando sua ",
            "calcinha com a ponta dos seus dedos,  ",
            "meio que não pegando o jeito da coisa."
        ],
        "8": [
            "Vendo a vontade e dedicação da \\str[120] em se aliviar, ",
            "Eu não consegui segurar a vontade de invadir e ajudar ela…"
        ],
        "9": [
            "Masa aparecer do nada, certamente assustaria a \\str[120], ",
            "hmm… é, provavelmente é melhor me afastar silenciosamente."
        ],
        "10": [
            "Espionar novamente!",
            "Se Afastar"
        ],
        "11": [
            "Incapaz de resistir o desejo crescente,",
            "Eu me inclinei pra chegar mais perto da ",
            "fresta da porta, observando cuidadosamente."
        ],
        "12": [
            "Bater uma",
            "Invadir!",
            "Desistir"
        ],
        "13": [
            "Eu também estou ficando um pouco excitado... ",
            "Devo me juntar a \\str[120]...?"
        ],
        "14": [
            "Isso parece arriscado… melhor não.",
            "Se eu continuar assistindo, vai ser estranho.",
            "Eu devo cair fora antes que a \\str[120] perceba."
        ],
        "15": [
            "Como não foi a primeira vez que eu vejo ",
            "algo assim, Eu só deixei rolar ",
            "e aproveitei o momento."
        ],
        "16": [
            "Enquanto \\str[120] estava perdida no seu próprio mundo, ",
            "eu silenciosamente fechei a porta atrás de mim."
        ],
        "17": [
            "\"Parece que a \\str[120] está finalmente naquela idade ",
            "que se começa a criar interesse nessas coisas…\"",
            " ",
            " ",
            "Com um sentimento estranho de tristeza, ",
            "eu decidi fingir que não ví nada…"
        ],
        "18": [
            "No momento que nós dois chegamos no clímax, ",
            "eu relaxei e gozei a porra toda."
        ],
        "19": [
            "Com um calafrio correndo pelo seu corpo, ",
            "\\str[120] lentamente parou o que estava fazendo ",
            "e voltou a respirar suavemente."
        ],
        "20": [
            "Mas se eu continuar assistindo, isso vai acabar bem mal.",
            "Melhor eu sumir antes que a \\str[120] perceba."
        ],
        "21": [
            "Fazer esse tipo de coisa a \\str[120] parece tão estranho…",
            "Antes que eu percebesse, minha mão sincronizou com o ritmo dela ",
            "e nesse momento, eu pude sentir que nossos sentidos",
            "estavam de alguma forma conectados."
        ],
        "22": [
            "Observando os dedos da \\str[120], eu só conseguia imaginar—",
            "e se não fosse os dedos dela a tocando, ",
            "mas sim meu pau…?"
        ],
        "23": [
            "Enquanto eu me perdia nesse pensamento,",
            "eu quase conseguia sentir o quão macia ",
            "seria a buceta da \\str[120]…",
            "A imaginação certamente é algo assustador."
        ],
        "24": [
            "Eu me pergunto como seria a sensação de ",
            "estar tão perto quanto os dedos da \\str[120]’,",
            "esfregando meu pau contra a sua buceta…"
        ],
        "25": [
            "Eu comecei a imaginar a cabeça do meu pau pressionando contra ",
            "a buceta apertada da \\str[120], lentamente abrindo espaço e revelando",
            "seu interior quente e úmido. Meu pau coberto com seu líquido ",
            "criaria um fio fluido nos conectando…"
        ],
        "26": [
            "A exitação que eu sinto com ela, não chega nem perto de",
            "quando estou sozinho. Enquanto eu me perco nessas fantasias, ",
            "a culpa no meu coração se tornava combustível,",
            "me trazendo ondas e ondas de prazer."
        ],
        "27": [
            "Parece a \\str[120] está quase gozando, ",
            "e eu não pude deixar de acelerar meus movimentos também."
        ],
        "28": [
            "\\{Ugh, eu não consigo mais segurar…!"
        ]
    },
    "23": {
        "0": [
            "Com o que aconteceu na última vez, ",
            "eu decidi ousadamente só invadir o banheiro."
        ],
        "1": [
            "\nl< >\\{\"…O-\\str[121]!?\""
        ],
        "2": [
            "\nl< >\"…\\str[121],",
            "por que você entrou aqui também…?\""
        ],
        "3": [
            "Seu tom pareceu um pouco repreensivo, mas julgando pela sua ",
            "expressão atordoada e pelo fato que ela não estava nem tentando ",
            "me expulsar, parece que eu estava liberado."
        ],
        "4": [
            "Eu silenciosamente me movi para ficar próximo a \\str[120],",
            "meu pau, só alguns centímetros de distância. Ela começou com ",
            "suas próprias mãos, se inclinou um pouco mais perto de mim ",
            "e começou a me lamber com sua língua."
        ],
        "5": [
            "A delicada língua da \\str[120] deslizava pela cabeça do ",
            "meu pau, como se fosse uma pequena serpente, o calor, ",
            "e a delicadeza me fez tremer incontrolavelmente."
        ],
        "6": [
            "Nós ficamos assim em silêncio por um tempo, ",
            "e eu conseguia me sentir chegando cada vez mais perto do limite…",
            "\\str[120] deve ter notado como meu pau estava se contraindo, ",
            "porque ela começou a mover sua mão ainda mais rápido."
        ],
        "7": [
            "Finalmente, com essa onda incontrolável atingindo seu limite, ",
            "minha porra começõu a jorrar.  \\w[60]",
            "No momento que o primeiro jato pousou no rosto da \\str[120]’, ",
            "ela de repente botou meu pau em sua boca."
        ],
        "8": [
            "Enquanto ela me chupava, \\str[120] continuou provocando a ",
            "cabeça do meu pau com sua língua, bem onde a porra estava jorrando.",
            " ",
            " ",
            "Essa gentileza inesperada, o calor e maciez totalmente quebrou ",
            "o meu autocontrole, e meu pau simplesmente jorrou o resto ",
            "da minha porra direto na sua boca."
        ],
        "9": [
            "Depois, limpamos o banheiro juntos,",
            "e voltamos para o quarto, ",
            "nós dois fingimos que nunca havia acontecido nada."
        ]
    }
}
