{
  "1": {
        "0": [
            "今は魔王が討伐されてから幾年も経った時代。"
		],
		"1": [
            "かつてその名を轟かせた勇者と賢者も、",
			"今では子供を戒めるための童話",
			"に過ぎない存在となっていた。"
        ],
        "2": [
            "それは十年前に突如地上に現れ、",
            "数々の謎を孕む巨大迷宮の通称である。"
        ],
        "3": [
            "果てしなく深く続くその深淵には、",
			"さまざまな遺跡が混在し、",
			"魔力に育まれた魔物たちが急速に繁殖している。"
        ],
        "4": [
            "魔王が再び現れることのないこの時代に、",
			"新たな未知の迷宮の誕生は、",
			"人類世界の平和を一瞬にして打ち破った。"
        ],
        "5": [
            "公会は幾度となく探索隊を編成し迷宮に挑んだが、",
			"未だに突破口は見つかっていない。"
        ],
        "6": [
            "領主や冒険者公会、その他様々な者たちが",
            "この迷宮に名を付けようとしたが、"
        ],
        "7": [
            "それらの名前は時とともに忘れ去られ、",
			"最終的に「アビス」という名だけが人々の記憶に残った。"
        ],
        "8": [
            "幸いなことに、この迷宮は無限に拡張し人類世界を侵略する",
			"意図を示さなかったため、",
			"公会は最終的にこの迷宮の探索権を一般に開放する",
			"ことを決定した。"
        ],
        "9": [
            "そして、忘れ去られつつあった冒険者",
			"という職業も再び活気を取り戻したのである。"
        ],
        "10": [
            "この最後の大迷宮秘境で、俺の目的は",
			"\\str[120]の体質を改善する方法を探すことだ——"
        ]		
    },
  "4": {
        "0": [
            "父は才気あふれる錬金術師だった。"
		],
		"1": [
            "魔族との戦いが必要のない今の平和な時代でも、",
			"父は幾つもの錬金術の難題を解決してきた。"
        ],
        "2": [
            "「母さんのことは本当にすまない…」"
        ],
        "3": [
            "「どんな方法も試したけど……でも……！」"
        ],
        "4": [
            "そんな栄光を浴びていた男が、",
			"今は無力に地面に膝をついて、",
			"幼い俺に謝り続けていた。"
        ],
        "5": [
            "男の手が俺の肩を強く握り始め、",
			"俺も泣き出してしまった。",
			"ようやく自分の取り乱しに気づいたのか、",
			"男はしゃがんで優しく俺の頭を撫でた。"
        ],
        "6": [
            "「もう大丈夫だ、父さんが悪かった、",
            "こんなに早く挫けてはいけなかった……」"
        ],
        "7": [
            "「お前は良い子だ、まだ全てを背負う必要はないんだ。",
			"これからのことは父さんに任せておけ。」"
        ],
        "8": [
            "「そうだ、たとえそれで……それでも……」"
        ],
        "9": [
            "男の声が徐々に震え始めた。",
			"それは何を恐れているからだろうか？"
        ],
        "10": [
            "俺はまだ何も知らなかった。ただ、男がそれ以降、",
			"記憶の中でいつも優しい表情を浮かべていた",
			"父さんの姿に戻ることはなかった。"
        ]		
    }	
}