{
  "gameTitle": [
    "存在感薄い彼女との簡単生活"
  ],
  "quantityHeld": [
    "\\fs[18]•所持数:\\c[17] ${} \\c[0]\\py[-8]"
  ],
  "autoUpdate": [
    "同期可能なバージョン${}のゲームデータが見つかりました。",
    "今すぐダウンロードして更新しますか？"
  ],
  "fullScreen": [ 
    "フルスクリーン"
  ],
  "masterVolume": [ 
    "マスター音量"
  ],
  "voiceVolume": [ 
    "Voice 音量"
  ],
  "BgmVolume": [
    "BGM 音量"
  ],
  "BgsVolume": [
    "BGS 音量"
  ],
  "SeVolume": [
    "SE 音量"
  ],
  "MaxPlayerMsgs": [
    "プレイヤーメッセージ表示上限"
  ],
  "GameFAQ": [
    "ゲームQ&A"
  ],
  "ShowWeaponDurability": [
    "武器耐久表示常時"
  ],
  "DisableAutoUpdate": [
    "自動更新を無効化"
  ],
  "LockedFPS": [
    "60FPSに固定"
  ],
  "Language": [
    "ゲーム言語"
  ],
  "SwitchLanguage": [
    "ゲームの言語設定に変更が検出されました！",
    "新しい言語環境に対応するため、ゲームを再起動します！"
  ],
  "ErrorReport": [
    "ゲームエラーが発生しました。 逆流茶会のDiscordサーバーでバグ報告をお願いします。",
    "(青い選択肢をクリックするとDiscordの招待リンクが開きます)",
    "(エラースクリーンショットを添付してください)"
  ],
  "UpdateComplete1": [
    "ゲームの自動アップデートが完了しました！",
    "ウィンドウを閉じるとゲームが自動的に再起動し、更新内容が適用されます！",
    "再起動後、自動セーブを読み込んで現在の進行に戻ることができます！"
  ],
  "UpdateComplete2": [
    "ゲームの自動アップデートが完了しました！",
    "更新内容に対応するため、まもなくゲームが自動で再起動します！"
  ],
  "RemindToUpdate": [
    "ゲームにエラーが発生し、フリーズしました！",
    "新しいパッチが公開されていますので、",
    "自動アップデートで修正してください！"
  ],
  "bagFull": [
    "所持上限超過！！"
  ],
  "noStatusEffects": [
    "なんの状態でもないよ！"
  ],  
  "unimplementedDoor": [
    "このドアはこちら側から押して開かない"
  ],
  "zipUpdateComplete": [
    "パッチのインストールが完了しました、",
    "ゲームを再起動してアップデートを適用します！"
  ],
  "zipUpdateFail": [
    "パッチの解凍インストールに失敗しました！",
    "自動更新を再試行するか、",
    "手動でパッチファイルを解凍してインストールしてください！"
  ],
  "fileDownloadedSuccessfully": [
    "${}のダウンロードに失敗しました！再試行中です！"
  ],
  "fileDownloadFailed": [
    "${}文件下载失败！正在重新尝试下载！"
  ],
  "installPatch": [
    "解凍が必要なパッチが検出されました。現在インストール中です——この過程では画面が一時的に固まる可能性がありますので、少々お待ちください！"
  ],
  "totalFilesToUpdate": [
    "${}個の更新ファイルが検出されました——ダウンロードを開始します！"
  ],
  "renameCharacter": [
    "思い出した、",
	"彼女は——"
  ],
  "heroName": [
    "お兄ちゃん"
  ],
  "heroineName": [
    "妹"
  ]  
}