﻿{
  "father": [
    "Pria"
  ],
  "2": {
    "0": [
      "Udara yang berat dan menyesakkan memenuhi ruangan yang remang-remang itu."
    ],
    "1": [
      "Batuk\\w[30]...batuk,batuk...\\w[30]"
    ],
    "2": [
      "Pria itu terbaring lemah di tempat tidur,",
      "kain tipis yang menutupi tubuhnya gemetar bersamanya",
      "napas pendek, seolah-olah akan berhenti bergerak",
      "kapan saja."
    ],
    "3": [
      "Bahkan sebagai anak laki-laki yang naif,",
      "Secara naluriah aku merasakan dari tubuh lemah itu",
      "dan wajah pucat seperti ini",
      "ketika kehidupan hampir habis."
    ],
    "4": [
      "Anda mungkin akan mengalami masa-masa sulit setelah ini..."
    ],
    "5": [
      "Suaranya serak dan lemah, setiap kata terdengar",
      "seperti itu menghabiskan sedikit kehidupan yang tersisa,",
      "dengan susah payah dipaksa keluar dari tenggorokannya."
    ],
    "6": [
      "Saya tahu ini bukan sesuatu yang harus dikatakan seorang ayah... \\w[30]",
      "tapi aku masih berharap kamu bisa berjanji padaku—"
    ],
    "7": [
      "…………?"
    ],
    "8": [
      "Aku berdiri di sana dengan linglung,",
      "tidak dapat memproses pesan terakhir yang tiba-tiba ini,",
      "pikiranku benar-benar kosong."
    ],
    "9": [
      "Ah... ini kata-kata yang penting,",
      "namun saya tidak bisa fokus sama sekali",
      "Aku hanya bisa menatap kosong ke wajah ayahku",
      "saat cahaya perlahan meninggalkannya."
    ],
    "10": [
      "…Tolong jaga dia, \\w[30]",
      "mulai sekarang, perlakukan dia sebagai ○○—"
    ],
    "11": [
      "Suaranya memudar seperti asap ditiup angin,",
      "terlalu lemah untuk menyelesaikan kata-kata terakhirnya.",
      "Dia perlahan menoleh ke arah",
      "sudut ruangan yang gelap."
    ],
    "12": [
      "Sudut itu diselimuti oleh bayangan tebal,",
      "seolah-olah itu menyembunyikan sesuatu yang sangat penting."
    ],
    "13": [
      "Pria ini, yang merupakan ayah sekaligus majikanku,",
      "mengambil nafas terakhirnya begitu saja.",
      "Matanya tetap terbuka,",
      "namun terang kehidupan telah meninggalkan mereka."
    ],
    "14": [
      "Tanpa sadar, mataku pun mengikuti tatapannya,",
      "melihat ke arah sudut misterius itu—————"
    ]
  }
}