{
  "7": {
    "1": [
      "Encontré una fogata...",
      "¿qué debería hacer ahora?"
    ],
    "2": [
      "Descansar",
      "No hacer nada"
    ],
    "objectName": [
      "Fogata"
    ],
    "sentouryoku": [
      "???"
    ],
    "description": [
      ""
    ]
  },
  "8": {
    "1": [
      "ASABA me mira con anticipación—",
      "¿Huelió algo en mí...?"
    ],
    "2": [
      "ASABA me mira con curiosidad—",
      "¿Huelió algo en mí...?"
    ],
    "3": [
      "ASABA me mira con disgusto—",
      "¿Realmente lo molesté...?"
    ],
    "4": [
      "¿Debería intentar alimentar a ASABA?"
    ],
    "5": [
      "¡Alimentarlo!",
      "No quiero"
    ],
    "6": [
      "ASABA terminó la comida con mirada vacía—",
      "Quizás no le gustó..."
    ],
    "7": [
      "ASABA parece muy complacido con la fresa—",
      "¡Recibí una bendición extraña de ASABA!"
    ],
    "8": [
      "ASABA me mira con disgusto—",
      "¿Fue tan malo...? La comida de ahora..."
    ],
    "9": [
      "¿¡.................?!  \\w[45]",
      "¡¡ASABA está... roto!!"
    ],
    "10": [
      "ASABA ya está lleno—"
    ],
    "11": [
      "¡………………!",
      "ahora ASABA guarda rencor contra mí…"
    ],
    "objectName": [
      "\\c[116]A↗SA↘BA↗"
    ],
    "sentouryoku": [
      "2333"
    ],
    "subtitle": [
      "Morada en el Sendero del Aventurero"
    ],
    "bossName": [
      "El Devorador de Bayas"
    ],
    "description": [
      "Una criatura extraña que ama comer fresas.",
      "Tiene piel dura y una defensa absurda, pero ",
      "como está tan enfocada en las fresas,  ",
      "carece de gran impulso por atacar. Por ello,",
      "los aventureros que pasan suelen acabar alimentándola…"
    ]
  },
  "24": {
    "1": [
      "……Usa?",
      "¿Por qué eres tan fea, usa…?"
    ],
    "2": [
      "Usa…… huelo…",
      "tienes aroma de zanahorias, usa…"
    ],
    "objectName": [
      "\\c[114]Maid Bunny"
    ],
    "sentouryoku": [
      "?77"
    ],
    "description": [
      "Una chica extraña siempre vestida de doncella con orejas de conejo.",
      "Posee la habilidad de teletransportarse, ",
      "apareciendo de todo tipo de agujeros extraños.",
      "Molesta frecuentemente a los aventureros, pero es en su mayoría inofensiva."
    ]
  },
  "32": {
    "1": [
      "¡Sigo en el río!"
    ],
    "2": [
      "Encontré una máquina gacha extraña...",
      "Su expresión se parece a la de \\str[120]..."
    ],
    "3": [
      "Intentar insertar dinero",
      "Intentar alimentarla"
    ],
    "4": [
      "Pero no tengo suficiente dinero para alimentarla…"
    ],
    "5": [
      "¿Debería realmente alimentarla ",
      "\\ii[\\v[90]]…?"
    ],
    "6": [
      "Sí",
      "No"
    ],
    "objectName": [
      "Máquina Gacha Misteriosa"
    ],
    "sentouryoku": [
      "9"
    ],
    "description": [
      "Una máquina gacha invocada por una tarjeta del Tarot.",
      "Se traga todo lo que los aventureros le ofrecen.",
      "Cuando está satisfecha, gira feliz y ",
      "finalmente escupe una cápsula recompensa.",
      "Pero cuidado, no la sobrealimentes—aunque es",
      "una máquina, parece sufrir indigestión..."
    ]
  },
  "41": {
    "1": [
      "¡Hola~! Bienvenido, nya♪ Tómate tu tiempo mirando,",
      "¡y no dudes en preguntarme lo que quieras, nya!"
    ],
    "objectName": [
      "\\c[114]NLCH Delivery!"
    ],
    "sentouryoku": [
      "?999"
    ],
    "description": [
      "Una tienda móvil manejada por dos chicas gato.",
      "Aparecen llamativamente cuando los aventureros las llaman.",
      "La mercancía es basura del Abismo que encontraron.",
      "Cuidado, los precios son una estafa total.",
      "Si las subestimas, te golpearán...",
      "PS:\\c[2]En lista negra de las Maid Bunnies ",
      "\\c[2]por robar clientes."
    ]
  },
  "43": {
    "objectName": [
      "Hongo Caminante"
    ],
    "sentouryoku": [
      "120"
    ],
    "description": [
      "Un monstruo extraño común en junglas, ",
      "mucho más grande que los hongos normales.",
      "Camina libremente con sus piernas y es agresivo.",
      "Sin embargo, es delicioso, por lo que es un blanco ",
      "favorito de aventureros y chefs."
    ]
  },
  "51": {
    "objectName": [
      "\\c[116]Orco Menor"
    ],
    "sentouryoku": [
      "320"
    ],
    "description": [
      "Un orco joven en crecimiento, ",
      "ya del tamaño de un humano.",
      "Reacciona a seres vivos y absorbe ",
      "su fuerza vital vorazmente."
    ]
  },
  "53": {
    "objectName": [
      "Zombi"
    ],
    "sentouryoku": [
      "210"
    ],
    "description": [
      "Un cadáver reanimado con nigromancia.",
      "Aún retiene agresividad y posee ",
      "una habilidad de combate considerable."
    ]
  },
  "65": {
    "objectName": [
      "\\c[116]Pájaro Monstruoso"
    ],
    "sentouryoku": [
      "260"
    ],
    "description": [
      "Una bestia aviar gigante.",
      "Embiste a aventureros con su gran cuerpo,",
      "y usa ataques sónicos, así que cuidado."
    ]
  },
  "66": {
    "1": [
      "La babosa gata parece ",
      "gustarme mucho..."
    ],
    "objectName": [
      "\\c[114]Babosa Gata Naranja Atigrada"
    ],
    "sentouryoku": [
      "?10"
    ],
    "description": [
      "Una babosa que mutó tras comer por error ",
      "un gatito adorable, volviéndose tierna.",
      "Perdió su voluntad de atacar,",
      "pero se infla como un gato ante amenazas..."
    ]
  },
  "67": {
    "1": [
      "La babosa gata parece ",
      "gustarme mucho..."
    ],
    "objectName": [
      "\\c[114]Babosa Gata Calicó Atigrada"
    ],
    "sentouryoku": [
      "?10"
    ],
    "description": [
      "Una babosa que mutó tras comer por error ",
      "un gatito adorable, volviéndose tierna.",
      "Perdió su voluntad de atacar,",
      "pero se infla como un gato ante amenazas..."
    ]
  },
  "68": {
    "1": [
      "La babosa gata parece ",
      "gustarme mucho..."
    ],
    "objectName": [
      "\\c[114]Babosa Gata Blanca Atigrada"
    ],
    "sentouryoku": [
      "?10"
    ],
    "description": [
      "Una babosa que mutó tras comer por error ",
      "un gatito adorable, volviéndose tierna.",
      "Perdió su voluntad de atacar,",
      "pero se infla como un gato ante amenazas..."
    ]
  },
  "69": {
    "1": [
      "La babosa gata parece ",
      "gustarme mucho..."
    ],
    "objectName": [
      "\\c[114]Babosa Gata Siamés"
    ],
    "sentouryoku": [
      "?10"
    ],
    "description": [
      "Una babosa que mutó tras comer por error ",
      "un gatito adorable, volviéndose tierna.",
      "Perdió su voluntad de atacar,",
      "pero se infla como un gato ante amenazas..."
    ]
  },
  "70": {
    "objectName": [
      "Hada Banana"
    ],
    "sentouryoku": [
      "?10"
    ],
    "description": [
      "¿Una criatura…? con forma de banana.",
      "Un hada nacida de la aura Abisal.",
      "Poca amenaza para aventureros.",
      "Pero corren rumores de que puede ",
      "lanzar personas fácilmente…"
    ]
  },
  "71": {
    "objectName": [
      "Hada Manzana"
    ],
    "sentouryoku": [
      "?10"
    ],
    "description": [
      "¿Una criatura…? con forma de manzana.",
      "Un hada nacida de la aura Abisal.",
      "Poca amenaza para aventureros.",
      "Pero corren rumores de que puede ",
      "lanzar personas fácilmente…"
    ]
  },
  "72": {
    "objectName": [
      "\\c[115]Mano Cortada de Mago Caído"
    ],
    "sentouryoku": [
      "480"
    ],
    "description": [
      "La extremidad cercenada de un mago muerto.",
      "Nadie sabe lo que vivió su dueño,",
      "pero, con nigromancia, la mano sigue activa.",
      "Los aventureros la ven hacer gestos obvios ",
      "al atacar."
    ]
  },
  "73": {
    "objectName": [
      "Elemental de Agua"
    ],
    "sentouryoku": [
      "180"
    ],
    "description": [
      "Criatura alquímica de agua que maneja magia elemental.",
      "Tiene alta resistencia a ataques físicos,",
      "pero no sobrevive en ambientes sin agua."
    ]
  },
  "77": {
    "objectName": [
      "\\c[115]Gato Demonio"
    ],
    "sentouryoku": [
      "300"
    ],
    "description": [
      "Gato callejero poseído por poder demoníaco.",
      "Ganó habilidad de volar y poderes mágicos oscuros.",
      "Pero al final, sigue siendo un gato—",
      "Solo lanza pequeños rayos mágicos."
    ]
  },
  "78": {
    "objectName": [
      "\\c[115]Espíritu Vengativo"
    ],
    "sentouryoku": [
      "400"
    ],
    "description": [
      "Criatura mágica de rencor de un alma muerta.",
      "Deambula sin fin por cementerios.",
      "Tiene alta resistencia a ataques físicos,",
      "y escupe fuego fantasmal letal."
    ]
  },
  "80": {
    "bossName": [
      "Bestia Carmesí Frenética"
    ],
    "subtitle": [
      "Morada en las Catacumbas Olvidadas"
    ],
    "sentouryoku": [
      "1600"
    ],
    "description": [
      ""
    ]
  },
  "87": {
    "objectName": [
      "Babosa Herbívora"
    ],
    "sentouryoku": [
      "60"
    ],
    "description": [
      "Monstruo común en las afueras del Abismo.",
      "Se volvió verde por comer plantas.",
      "Si se la aborda de repente, se agita",
      "y lanza baba corrosiva."
    ]
  },
  "88": {
    "objectName": [
      "Babosa Jack"
    ],
    "sentouryoku": [
      "999"
    ],
    "description": [
      "Babosa que consumió una Bomba Jack.",
      "No explotó de inmediato, pero es inestable.",
      "Se agita y se autodestruye si se la provoca."
    ]
  },
  "89": {
    "objectName": [
      "\\c[116]Babosa Espectro"
    ],
    "sentouryoku": [
      "340"
    ],
    "description": [
      "Babosa mutada por ambiente de cementerio.",
      "Ataca agresivamente como zombi, volviéndose más feroz.",
      "El aura mortufera en su cuerpo infecta al contacto,",
      "causando muerte instantánea si no tienes cuidado..."
    ]
  },
  "90": {
    "objectName": [
      "\\c[116]Babosa Helada"
    ],
    "sentouryoku": [
      "400"
    ],
    "description": [
      "Babosa mutada que absorbió magia desconocida.",
      "Medra en áreas acuáticas y crea armadura de hielo.",
      "Absorbe mucha agua, la enfría rápidamente ",
      "y la dispara a aventureros."
    ]
  },
  "91": {
    "objectName": [
      "\\c[116]Babosa Chispeante"
    ],
    "sentouryoku": [
      "280"
    ],
    "description": [
      "Babosa que descarga electricidad.",
      "Hasta las babosas ignoran qué comió para mutar.",
      "Pero en su estado actual, acercarse es peligroso..."
    ]
  },
  "92": {
    "objectName": [
      "Babosa Mineral"
    ],
    "sentouryoku": [
      "350"
    ],
    "description": [
      "Babosa que consumió cristales mágicos, endureciéndose.",
      "Minerales resistentes crecen en su superficie.",
      "Aunque resistente, sigue siendo una babosa. ",
      "El mineral que suelta parece valioso…"
    ]
  },
  "97": {
    "1": [
      "Oh~ ¡Qué invitado tan raro~! Jeje~",
      "Tengo cosas buenas, tómate tu tiempo♥"
    ],
    "2": [
      "¡Yaho~! ¡Qué coincidencia~! ¡Qué gusto verte~!",
      "¿Es el destino~? ¿O eres súper afortunado~?"
    ],
    "3": [
      "Jeje, igual~! Si tienes suerte,",
      "cuidado—alguien podría arrebatártela♥"
    ],
    "4": [
      "Mi tienda es especial, ¿sabes?",
      "Vendo cosas que no encontrarás en otro lugar~"
    ],
    "5": [
      "¿Mhm~? ¿Qué pasa? Tienes la cara roja~ \\w[45]Jeje~ \\w[45]",
      "¿Te cautivé? Eres tan tierno~"
    ],
    "6": [
      "Estos objetos son…",
      "¿Quién eres…?"
    ],
    "7": [
      "Ajá♥ Proo~hibido~ para~ mayores.",
      "Te gustan estas cosas, ¿eh?"
    ],
    "8": [
      "Claro~ Las tengo♥",
      "Onii-san… ¿te interesa~?"
    ],
    "9": [
      "Oh~ ¿Quieres saber de mí?",
      "Es justo~ No me he presentado, ¿verdad~?"
    ],
    "10": [
      "Bueno, soy~ ¡El Archidemonio",
      "de las profundidades del Abismo! ¡Aki~!"
    ],
    "11": [
      "¡Oye! No pongas cara de miedo~",
      "¡Solo estoy aquí para hacer un intercambio~!"
    ],
    "12": [
      "Sniff sniff…",
      "\\w[90]\\^"
    ],
    "13": [
      "¡Sí! ¡Este olor!",
      "¡Es eso! ¡Dámelo♥ Por favoooooor~!"
    ],
    "14": [
      "Vamos~",
      "Me lo darás, ¿verdad♥"
    ],
    "15": [
      "(Ah, era el salmón en mi mochila",
      "lo que la atrajo...)"
    ],
    "16": [
      "¡Mhm mhm~! ¡Esto es lo que quería!",
      "¡Te agradeceré como corresponde♥"
    ],
    "17": [
      "Por favor~ Aunque sea un poco…",
      "¿Me lo compartes? Porfiis♥"
    ],
    "18": [
      "(¿Qué hago…? Parece que",
      "esta chica quiere salmón…)"
    ],
    "19": [
      "No dar nada"
    ],
    "20": [
      "Oh~    \\w[45]",
      "¿Intentas desafiar a la Dama Aki?"
    ],
    "21": [
      "Tsk tsk~ ¡Chico travieso~!",
      "¡Tendré que castigarte bien♥"
    ],
    "22": [
      "\\>\\c[10]《Ritual de Contrato Demoníaco: Maldición Absoluta del Humano Puro =",
      "\\>Desde Hoy, Tu Vida Es Modo Infierno》!!     \\w[90]"
    ],
    "23": [
      "Y así—",
      "Estás maldecido—"
    ],
    "24": [
      "¡Tanto salmón para mí♥ Eres muy dulce, onii-san~",
      "¿Quieres conquistarme, eh~?"
    ],
    "25": [
      "Tan tierno♥ No puedo resistirme~",
      "¡Jeje~!"
    ],
    "26": [
      "Lleva a este tierno con~",
      "Si quieres encontrarme, envíalo con un mensaje~♥"
    ],
    "27": [
      "¿Quieres comprar esto?",
      "¡Claro~ Te lo vendo~!"
    ],
    "28": [
      "¡Ah! Pero, a mí no me importa el dinero~",
      "Para un demonio, eso no vale nada~"
    ],
    "29": [
      "Hmm, tienes buenos músculos,",
      "¡Seguro puedes lograrlo~!"
    ],
    "30": [
      "...Jeje, si quieres esto~",
      "¡Intercámbialo por salmón~!"
    ],
    "31": [
      "Hay agua por todas partes cerca, ¿no?",
      "¿No es difícil pescar algunos peces~?"
    ],
    "32": [
      "Si pensaste que terminaba, te equivocas~♥",
      "¡A menos que te arrepientas, no te dejaré ir!"
    ],
    "33": [
      "Además~ ¿Esta maldición?",
      "¡Durará un tiempo~♥"
    ],
    "34": [
      "¡Ahaha♥ Qué molesto, ¿eh~?",
      "Debe ser irritante para ti, onii-san♥"
    ],
    "35": [
      "Aww~ ¿Quieres rogarme que levante la maldición~?",
      "¿Qué debo hacer~♥"
    ],
    "36": [
      "¿Y si me niego~? ¿Qué harás~?",
      "No pongas esa cara~ No funcionará~"
    ],
    "37": [
      "Ahora quiero molestarte más, onii-san♥",
      "No quitaré la maldición~ ¡Ahaha♥"
    ],
    "38": [
      "Guau, estás desesperado, ¿eh? ¡ZAKO♥",
      "Muéstrame arrepentimiento con más sinceridad~♥"
    ],
    "39": [
      "(Si quiero romper la maldición…",
      "Creo que debo darle pescado…)"
    ],
    "40": [
      "¡Waa~! Gracias",
      "onii-san~♥"
    ],
    "41": [
      "¡Tanto salmón para mí♥ sluuurp♥",
      "Ahh~ Es el paraíso del salmón♥"
    ],
    "42": [
      "¡Listo~! ¡La maldición se levantó~!",
      "¡Espero jugar pronto, onii-san♥"
    ],
    "43": [
      "Vaya~ Cuanto tiempo, onii-san~",
      "Viniste en el momento justo~♥"
    ],
    "44": [
      "¿Quieres probar algo nuevo?",
      "Un Mizumanju que hice yo~"
    ],
    "45": [
      "¿El efecto? ¡Jeje~!",
      "Vuelve tu cuerpo más sensible♥"
    ],
    "46": [
      "¡No solo en humanos~",
      "También en monstruos es súper efectivo~!"
    ],
    "47": [
      "¿Qué opinas? ¿Diez salmones~?",
      "¿Quieres comprarlo? ¿No? Decide ya♥"
    ],
    "48": [
      "¡Lo compro!",
      "Mejor no…"
    ],
    "49": [
      "En serio, ZAKO onii-san, ¿tu cerebro es ZAKO~?",
      "Ni siquiera puedes dar peces… inútil♥"
    ],
    "50": [
      "Sin dinero ni salmón—qué onii-san débil y patético~",
      "No extraña que estés soltero y seas virgen~"
    ],
    "51": [
      "Si cambias de opinión, vuelve a comprarlo~",
      "Aunque no me importa♥"
    ],
    "52": [
      "Tch~ Qué aburrido, nya~",
      "Increíble que rechaces algo tan genial♥"
    ],
    "53": [
      "Gracias por comprar, nya~",
      "Ahora comeré mucho salmón de nuevo~"
    ],
    "54": [
      "Tch~ Qué aburrido, nya~",
      "Increíble que rechaces algo tan genial♥"
    ],
    "55": [
      "Ah~ Quiero decir, quizás no pase nada♥",
      "Pero onii-san, luces súper débil~"
    ],
    "56": [
      "Así que pensé advertirte~",
      "Esto, ya sabes, puedes usarlo en ti también~"
    ],
    "57": [
      "Y sí, el efecto es volverte súper sensible♥",
      "Así que, no lo uses en ti, ¿vale~?"
    ],
    "58": [
      "¿O en serio quieres usarlo?",
      "onii-san es un pequeño masoquista sin esperanza, ¿eh♥"
    ],
    "59": [
      "Bromeo~♥ Bueno,",
      "visítame otra vez, ¿sí~? ♥"
    ],
    "60": [
      "Qué mal~ ¿Ya se acabó~?",
      "Dios, onii-san, estás desesperado, ¿eh♥"
    ],
    "61": [
      "Si quieres más, espera a la próxima~",
      "Pero si traes salmón, quizás haga excepción♥"
    ],
    "62": [
      "Oh~ ¿Quieres más? ¡Qué glotón~!",
      "¿Compras tanto… planeas algo travieso~?"
    ],
    "63": [
      "¡Whoaaa—♥ Salmón de tanta calidad—!",
      "debieras haber traído esto antes~"
    ],
    "64": [
      "Si es de esa clase~",
      "¡Dame uno y te lo vendo~♥"
    ],
    "objectName": [
      "\\c[10]Aki"
    ],
    "sentouryoku": [
      "\\c[10]Es grosero preguntar las estadísticas de una chica~♥"
    ],
    "description": [
      "Parece una niña inofensiva,",
      "pero en realidad es un Archidemonio libre.",
      "Amigable con los humanos, pero adora provocarlos",
      "y saborear sus reacciones agitadas.",
      "Administra una tienda por capricho,",
      "con objetos y precios que cambian según su voluntad.",
      "Básicamente, solo quiere obtener su salmón favorito",
      "de los humanos como sea posible..."
    ]
  },
  "98": {
    "1": [
      "Encontré una máquina de dulces",
      "llena de golosinas coloridas—"
    ],
    "2": [
      "Veamos... Un giro cuesta... ",
      "\\w[60]\\^"
    ],
    "3": [
      "\\>Veamos... Un giro cuesta...",
      "\\c[6]\\v[86]\\c[0]¡¿yen!? \\< ¡Es carísimo!!"
    ],
    "4": [
      "A \\str[120] le gustarán estas golosinas...",
      "¿Qué hacer? ¿Lo intento?"
    ],
    "5": [
      "Veamos... Un giro cuesta... \\w[60]\\c[6]\\v[86]\\c[0]yen",
      "¿Qué hacer? ¿Lo intento?"
    ],
    "6": [
      "Pagar con dinero",
      "Canjear con pescado"
    ],
    "7": [
      "Pero... No tengo",
      "tanto dinero..."
    ],
    "8": [
      "Sí, sí~♥",
      "Ofrece un poco más de salmón..."
    ],
    "objectName": [
      "Máquina de Dulces"
    ],
    "sentouryoku": [
      "???"
    ],
    "description": [
      "Máquina de dulces llena de golosinas coloridas.",
      "Todas son konpeitō hechos a mano por la dueña.",
      "Parecen tener ingredientes especiales, ",
      "con un aroma extraño pero agradable…",
      "Pero si preguntas por curiosidad qué llevan,",
      "Solo obtendrás una sonrisa misteriosa de la chica..."
    ]
  },
  "101": {
    "objectName": [
      "\\c[116]Cría Roja"
    ],
    "sentouryoku": [
      "380"
    ],
    "description": [
      "Criatura grotesca nacida de un huevo.",
      "Su crecimiento en ambiente antinatural ",
      "deformó su cuerpo en una masa de tejidos.",
      "Posee un impulso feroz de atacar,",
      "impulsado por devorar carne y renacer."
    ]
  },
  "102": {
    "1": [
      "Encontré un bote de basura...",
      "¿Qué hacer con él?"
    ],
    "2": [
      "Buscar alrededor",
      "Tirar arma",
      "Tirar equipo"
    ],
    "3": [
      "Son las cosas",
      "que acabo de tirar..."
    ],
    "4": [
      "(Uf… Mi mochila está llena…",
      "Tendré que tirar todo...)"
    ],
    "5": [
      "¡Tirar todo!",
      "Pensarlo de nuevo..."
    ],
    "6": [
      "...¿De verdad quiero tirar esto?",
      "\\str[8]"
    ],
    "7": [
      "\\fr${itemIcon}\\fr y ${itemLength} equipo en total."
    ],
    "objectName": [
      "Bote de Basura"
    ],
    "sentouryoku": [
      "???"
    ],
    "description": [
      "Hasta en el Abismo, tirar basura no es cool.",
      "Lo que tiras desaparece al día siguiente...",
      "Como si alguien limpiara.",
      "Cuidado—no quemes cosas.",
      "Si lo maltratas, ",
      "puedes activar algo feo."
    ]
  },
  "110": {
    "objectName": [
      "Espantapájaros"
    ],
    "sentouryoku": [
      "???"
    ],
    "description": [
      "\"Soy un espantapájaros.",
      "Sin corazón, ",
      "no siento dolor.\""
    ]
  },
  "113": {
    "objectName": [
      "Conejo Cornudo"
    ],
    "sentouryoku": [
      "50"
    ],
    "description": [
      "Conejo mutado por contaminación mágica—",
      "su cuerno es marca del cambio.",
      "Aún en crecimiento, no es peligroso.",
      "Además, su carne sigue tierna y deliciosa."
    ]
  },
  "115": {
    "objectName": [
      "\\c[115]Babosa Ardiente"
    ],
    "sentouryoku": [
      "620"
    ],
    "description": [
      "Babosa envuelta en llamas—",
      "su cercanía emite calor intenso.",
      "Ataques normales son inútiles.",
      "Los aventureros agradecen que solo aparezca ",
      "en ambientes extremos como campos de lava."
    ]
  },
  "119": {
    "objectName": [
      "\\c[10]Demonio de la Muerte"
    ],
    "garble": [
      "true"
    ],
    "sentouryoku": [
      "???"
    ],
    "description": [
      "Un mero eco de la voluntad ",
      "del Demonio de la Muerte—",
      "ningún mortal sobrevive su precio.",
      "Hasta este eco trae muerte",
      "a todo lo que ve,",
      "incluso a su invocador."
    ]
  },
  "possibleDrops": [
    "Objetos posibles"
  ]
}