{
  "3": {
    "0": [
      "\"Uf… eso se siente mucho mejor...\""
    ],
    "1": [
      "…Entonces, ¿qué debería hacer ahora?"
    ],
    "2": [
      "Mirar alrededor",
      "Soñar despierto",
      "Pasar el rato",
      "Salir"
    ],
    "3": [
      "Este espacio diminuto y estrecho—¿qué podría estar escondido aquí...?    \\w[45]",
      "Aun así, no pude evitar empezar a hurgar alrededor."
    ],
    "4": [
      "\"¡Ooooh!! ¡Esto es…!\""
    ],
    "5": [
      "——Papel higiénico."
    ],
    "6": [
      "————Basura."
    ],
    "7": [
      "\"Bueno, al fin y al cabo estoy en el baño.\""
    ],
    "8": [
      "Siento que perdí el tiempo."
    ],
    "9": [
      "\"¿Hm? ¿Qué fue ese sonido?\""
    ],
    "10": [
      "Es una C."
    ],
    "11": [
      "Una C se coló de quién sabe dónde y pasó velozmente junto a mis pies."
    ],
    "12": [
      "¡Maldito, presentándote tan descaradamente frente a mí!    \\{",
      "¡Toma esto!"
    ],
    "13": [
      "En el blanco. La C cayó muerta en el acto."
    ],
    "14": [
      "\"Hmm, como era de esperarse de mí...\""
    ],
    "15": [
      "¡Fallé! ",
      "Asustada, la C desapareció sin dejar rastro."
    ],
    "16": [
      "¡Maldición, esa cosa es rápida!\""
    ],
    "17": [
      "……Esto no servirá para siempre.",
      "Quizás sea hora de conseguir repelente..."
    ],
    "18": [
      "\"¿Hm? ¿Qué fue ese sonido?\""
    ],
    "19": [
      "…El sonido se detuvo. ¿Solo fue mi imaginación?"
    ],
    "20": [
      "No puedo quedarme aquí sentado eternamente.",
      "Debería salir—"
    ]
  },
  "9": {
    "0": [
      "\\nl< >\"¡\\str[121]! ¿Todavía estás en el baño?\""
    ],
    "1": [
      "\"...¡En un segundo salgo!\""
    ],
    "2": [
      "Probablemente perdí mucho tiempo—mejor irme..."
    ]
  },
  "21": {
    "0": [
      "Justo entonces, un sonido familiar resonó."
    ],
    "1": [
      "\\{Espera...\\w[45] ese sonido—¡es una C!"
    ],
    "2": [
      "\\nl< >\\{\"…………¿Eh?\""
    ],
    "3": [
      "\\nl< >\\{\"¡¡Aaaaahhhh—!!\""
    ],
    "4": [
      "¡\\str[120] también notó a la C!",
      "¡Esto es malo! Si la C ataca en esta situación,",
      "¡podría desmayarse del susto!"
    ],
    "5": [
      "\\{\"……¡!\""
    ],
    "6": [
      "Antes de poder pensar, mi cuerpo actuó por sí solo,",
      "y entré al baño a velocidad relámpago."
    ],
    "7": [
      "\\{\"¿¡Eres tú el que hizo llorar a mi \\str[120]!?\""
    ],
    "8": [
      "Impacto directo. La C murió en el acto."
    ],
    "9": [
      "\\nl< >\"Uuuh... \\str[121]...\""
    ],
    "10": [
      "\"Ya está bien.",
      "La cosa mala se fue—\\str[121] la eliminó.\""
    ],
    "11": [
      "\\nl< >\"¿Eh...?",
      "\\str[121]... tus pantalones...\""
    ],
    "12": [
      "\"——————————Ah.\""
    ],
    "13": [
      "Como ya estaba excitado antes de entrar",
      "al baño, mi verga estaba dura como una roca—",
      "tan cerca del rostro de \\str[120]…"
    ],
    "14": [
      "Mientras me preocupaba,",
      "noté algo extraño en los ojos de \\str[120],",
      "ella también se retorcía.    \\w[60]",
      "¿Seguiría haciendo efecto ese caramelo extraño?"
    ],
    "15": [
      "La expresión de \\str[120] empezó a verse aturdida,",
      "y de la nada,",
      "se inclinó y tomó mi verga en su boca."
    ],
    "16": [
      "Ese movimiento audaz destrozó mi autocontrol.",
      "Puse mi mano sobre la cabeza de \\str[120],",
      "y guié para que tomara mi verga más profundamente."
    ],
    "17": [
      "Aunque era bastante torpe,",
      "el calor y suavidad de su boca",
      "aún se sentían increíbles."
    ],
    "18": [
      "Desde este ángulo,",
      "podía ver el coño húmedo de \\str[120] temblar levemente,",
      "como algo sacado de un sueño."
    ],
    "19": [
      "Pronto,",
      "esa urgencia de venir comenzó a crecer en oleadas—"
    ],
    "20": [
      "No queriendo que mi \\str[120] se ahogara,",
      "saqué mi verga de su boca."
    ],
    "21": [
      "Justo en ese momento, un gran chorro de semen salió,",
      "manchando toda su cara."
    ],
    "22": [
      "\\nl< >\"Ugh… sabe horrible…\""
    ],
    "23": [
      "\\str[120] sacó su lengua juguetonamente,",
      "pero noté que aún estaba muy tímida.",
      "Nunca haría algo tan audaz normalmente—",
      "debe ser el efecto de ese caramelo."
    ],
    "24": [
      "Pero honestamente, sin ese caramelo,",
      "no sé cómo habría terminado esto."
    ],
    "25": [
      "Después, limpiamos el baño juntos",
      "y volvimos a la habitación,",
      "actuando como si nada hubiera pasado."
    ]
  },
  "22": {
    "0": [
      "Merodeando, merodeando..."
    ],
    "1": [
      "Hmm... Me preocupa",
      "si algo le pasa a \\str[120]...",
      "Solo echaré un vistazo rápido y me iré..."
    ],
    "2": [
      "Espera... ¡¿qué es esto?!"
    ],
    "3": [
      "Pillé a \\str[120] masturbándose.    \\w[60]",
      "¿Qué está pasando…",
      "¿Será el efecto del",
      "caramelo que le di antes?!"
    ],
    "4": [
      "Aunque su técnica aún parece torpe,",
      "el néctar ocasional muestra",
      "que está completamente sumida en el placer."
    ],
    "5": [
      "Ver a \\str[120] esforzándose por sentir placer,",
      "me hizo querer intervenir y ayudarla…"
    ],
    "6": [
      "Pillé a \\str[120] tocándose sobre sus pantis.    \\w[60]",
      "¿Qué está pasando…",
      "¿Será el efecto del",
      "caramelo que le di antes?!"
    ],
    "7": [
      "Quizás por falta de experiencia,",
      "\\str[120] frota torpemente sus",
      "pantis con las yemas,",
      "sin entender bien cómo."
    ],
    "8": [
      "Ver a \\str[120] esforzándose por sentir placer,",
      "me hizo querer intervenir y ayudarla…"
    ],
    "9": [
      "Pero aparecer ahora asustaría a \\str[120],",
      "hmm… mejor irme discretamente."
    ],
    "10": [
      "¡Espiar de nuevo!",
      "Alejarse"
    ],
    "11": [
      "Incapaz de resistir el impulso,",
      "me acerqué a la rendija de la puerta,",
      "observando atentamente."
    ],
    "12": [
      "Masturbarse",
      "¡Irrumpir!",
      "Olvidarlo"
    ],
    "13": [
      "Empiezo a excitarne también...",
      "¿Debería unirme a \\str[120]...?"
    ],
    "14": [
      "Es arriesgado… mejor no.",
      "Si sigo viendo, será incómodo.",
      " Debo irme antes de que \\str[120] me note."
    ],
    "15": [
      "Como no es la primera vez que veo",
      "algo así, fluí e intenté disfrutar el momento."
    ],
    "16": [
      "Mientras \\str[120] seguía en su mundo,",
      "cerré la puerta silenciosamente."
    ],
    "17": [
      "\"Parece que \\str[120] llegó a esa edad",
      "donde se interesa en estas cosas…\"",
      " ",
      " ",
      "Sintiendo una tristeza extraña,",
      "decidí fingir que no vi nada…"
    ],
    "18": [
      "Cuando ambos llegamos al clímax,",
      "me solté y vine por todas partes."
    ],
    "19": [
      "Con un escalofrío en su cuerpo,",
      "\\str[120] dejó de tocarse y",
      "comenzó a respirar suavemente."
    ],
    "20": [
      "Si sigo viendo, esto empeorará.",
      "Mejor escapar antes de que \\str[120] note."
    ],
    "21": [
      "Hacer esto con \\str[120] se siente raro…",
      "Sin darme cuenta, mi mano sincronizó con su ritmo,",
      "y en ese instante,",
      "parecía que nuestros sentidos se conectaban."
    ],
    "22": [
      "Mirando los dedos de \\str[120], no pude evitar imaginar—",
      "¿Y si no fueran sus dedos,",
      "sino mi verga tocándola…?"
    ],
    "23": [
      "Perdido en ese pensamiento,",
      "casi sentía lo suave que sería",
      "el coño de \\str[120]…",
      "La imaginación es poderosa."
    ],
    "24": [
      "Me pregunto cómo se sentiría",
      "acercarme como sus dedos,",
      "frotándome contra su coño…"
    ],
    "25": [
      "Empiezo a imaginar la punta de mi verga presionando",
      "el coño cerrado de \\str[120], abriéndolo lentamente",
      "al empujar, revelando su interior húmedo. Mi verga",
      "se lubrica, un hilo perverso conectándonos…"
    ],
    "26": [
      "La excitación con ella no se compara a estar solo.",
      "Perdiéndome en fantasías,",
      "la culpa se convierte en combustible,",
      "dándome oleadas de placer."
    ],
    "27": [
      "\\str[120] parece a punto de venir,",
      "y no puedo evitar acelerar mis movimientos."
    ],
    "28": [
      "\\{¡Ugh, no aguanto más…!"
    ]
  },
  "23": {
    "0": [
      "Tras lo ocurrido, decidí entrar",
      "audazmente al baño."
    ],
    "1": [
      "\\nl< >\\{\"…¿\\str[121]-D…?\""
    ],
    "2": [
      "\\nl< >\"…\\str[121],",
      "¿por qué entraste tú también…?\""
    ],
    "3": [
      "Su tono sonaba regañón, pero por su",
      "expresión aturdida y no echarme, parecía estar bien."
    ],
    "4": [
      "Me acerqué a \\str[120], mi verga",
      "a centímetros de ella. Siguió tocándose,",
      "se inclinó un poco, y lamió con su lengua."
    ],
    "5": [
      "La lengua esbelta de \\str[120] se deslizó por",
      "la punta de mi verga como una serpiente,",
      "la cálida y cosquilleante sensación me hizo temblar."
    ],
    "6": [
      "Estuvimos así en silencio,",
      "sintiendo que estaba por venir…",
      "\\str[120] notó cómo mi verga palpitaba,",
      "y aceleró sus movimientos."
    ],
    "7": [
      "Finalmente, al llegar al clímax,",
      "mi semen comenzó a salir.  \\w[60]",
      "Al primer chorro en su cara,",
      "de pronto tomó mi verga en su boca."
    ],
    "8": [
      "Mientras chupaba, \\str[120] lamió la punta",
      "justo donde salía el semen.",
      " ",
      " ",
      "Esa suavidad y calor inesperados",
      "rompieron mi control, y descargué",
      "el resto en su boca."
    ],
    "9": [
      "Después, limpiamos el baño juntos,",
      "y al volver a la habitación,",
      "fingimos que nada ocurrió."
    ]
  }
}