{
  "0": [
    "✦Una taza que le gusta a \\str[120], ",
    "con un diseño extraño de conejo. ",
    "Parece ser un best-seller en NLCH."
  ],
  "1": [
    "✦La pequeña linterna dejada por Padre, ",
    "parece ser una herramienta alquímica. ",
    "Es muy duradera a pesar de su edad y ",
    "emite una luz cálida y reconfortante."
  ],
  "2": [
    "✦Una lámpara nocturna tierna con luz suave, ",
    "perfecta para encender al levantarse ",
    "para ir al baño de noche."
  ],
  "3": [
    "✦Una planta frondosa llamada “Ficus umbellata”. ",
    "Está prosperando, y parece que \\str[120] la ",
    "cuida con mucho esmero todos los días."
  ],
  "4": [
    "✦Una planta frondosa llamada “Pothos”. ",
    "No luce muy saludable, ",
    "así que \\str[120] la colocó cerca de la ventana. ",
    "¿Debo decirle que al pothos en realidad ",
    "no le gusta la luz solar...?"
  ],
  "5": [
    "✦Algunos libros que \\str[120] escogió ",
    "del estudio de Padre. ",
    "Son principalmente libros de filosofía ",
    "y completamente incomprensibles."
  ],
  "6": [
    "✦Recogí una rama seca de abedul de camino ",
    "a casa —pensé que se veía genial, ",
    "así que se la mostré a \\str[120]. ",
    "Ella la colocó silenciosamente en un jarrón."
  ],
  "7": [
    "✦Un boceto de un pájaro dibujado por \\str[120], ",
    "aparentemente basado en aves que vio ",
    "mientras miraba por la ventana."
  ],
  "8": [
    "✦Un ventilador pequeño y viejo con flujo de aire débil. ",
    "Hay que acercarse mucho para ",
    "sentir la brisa fresca."
  ],
  "9": [
    "✦Una secadora de pelo avanzada con ",
    "un flujo de aire increíblemente fuerte. ",
    "Si la apuntas hacia tu cara, se siente ",
    "como si el viento arrancara tu piel."
  ],
  "10": [
    "✦Una bañera con ajuste de temperatura, ",
    "pero con un rango de 99°C a -10°C... ",
    "¿Eso está realmente bien?"
  ],
  "11": [
    "✦Un champú con aroma a frutas que \\str[120] adora. ",
    "Hace su cabello súper sedoso, ",
    "pero se acaba demasiado rápido. ",
    "Queda actualmente:\\c[20]${$gameSelfVariables.value([6, 8, 'shampoo'])}%"
  ],
  "12": [
    "✦Parece la ropa interior que ",
    "\\str[120] acaba de quitarse... ",
    "Está cuidadosamente doblada."
  ],
  "13": [
    "✦Una consola de juegos legendaria y extremadamente rara. ",
    "Tener una te haría una leyenda entre los gamers."
  ],
  "14": [
    "✦Una muñeca regalada a \\str[120] por Padre ",
    "en su cumpleaños. La atesora mucho ",
    "y siempre la mantiene cerca."
  ],
  "15": [
    "\\fr\\fs[20]\\c[10]Círculo Mágico Perdido",
    "\\fs[22]\\i[16]???\\fr",
    "✦Un Espacio de Otro Mundo creado por ",
    "una carta mágica heredada de padre. ",
    "Completamente inmune al tiempo: ",
    "los objetos aquí no desaparecen. ",
    "Este círculo también está conectado a la entrada ",
    "del hogar, permitiendo un retorno seguro y estable. ",
    "Si esto fue diseñado deliberadamente por padre, ",
    "previendo el inevitable descenso de su hija ",
    "al abismo, es algo que ahora desconocemos..."
  ],
  "16": [
    "\\fr\\fs[28]\\c[114]Gran Laberinto",
    "\\fr\\fs[22]\\i[16]???",
    "✦La entrada al Laberinto de las Ruinas, ",
    "invadido por monstruos del aura Abisal. ",
    "Aunque peligroso, guarda grandes oportunidades, ",
    "con rumores de secretos Abisales ocultos en su profundidad. ",
    "Aún así, es solo un camino más hacia el Abismo."
  ]
}