{
  "gameTitle": [
    "Una vida simple con mi discreta chica"
  ],
  "quantityHeld": [
    "\\fs[16]•Cantidad en posesión:\\c[17] ${} \\c[0]\\py[-8]"
  ],
  "autoUpdate": [
    "Actualización disponible: Versión ${} de datos del juego detectada. ",
    "¿Deseas descargar e instalar la actualización ahora?"
  ],
  "fullScreen": [
    "Pantalla completa"
  ],
  "masterVolume": [
    "Volumen maestro"
  ],
  "voiceVolume": [
    "Volumen de voces"
  ],
  "BgmVolume": [
    "Volumen de BGM"
  ],
  "BgsVolume": [
    "Volumen de BGS"
  ],
  "SeVolume": [
    "Volumen de SE"
  ],
  "MaxPlayerMsgs": [
    "Máx. mensajes del jugador"
  ],
  "GameFAQ": [
    "FAQ del juego"
  ],
  "ShowWeaponDurability": [
    "Mostrar durabilidad del arma"
  ],
  "DisableAutoUpdate": [
    "Desactivar actualización automática"
  ],
  "LockedFPS": [
    "Bloquear a 60 FPS"
  ],
  "Language": [
    "Idioma del juego"
  ],
  "SwitchLanguage": [
    "¡Se detectó un cambio de idioma del juego!",
    "¡Reiniciando ahora para aplicar la configuración de idioma nueva!"
  ],
  "ErrorReport": [
    "Ocurrió un error. Por favor, reporta el error en el servidor de Discord de NLCH.",
    "(Haz clic en 'Aceptar' para abrir el enlace de invitación)",
    "(Adjunta una captura de pantalla del error)"
  ],
  "UpdateComplete1": [
    "¡Actualización del juego completada!",
    "El juego se reiniciará automáticamente al cerrar esta ventana.",
    "¡Puedes cargar el guardado automático para continuar!"
  ],
  "UpdateComplete2": [
    "¡Actualización del juego completada!",
    "¡El juego se reiniciará pronto para aplicar la actualización!"
  ],
  "RemindToUpdate": [
    "Ha ocurrido un error y el juego está bloqueado.",
    "Hay un parche más reciente disponible—",
    "¡Usa la actualización automática para solucionarlo!"
  ],
  "bagFull": [
    "¡¡Límite de inventario excedido!!"
  ],
  "noStatusEffects": [
    "¡Sin efectos de estado en absoluto!"
  ],
  "unimplementedDoor": [
    "Esta puerta no se puede abrir desde este lado"
  ],
  "zipUpdateComplete": [
    "Parche instalado correctamente. ",
    "¡Reiniciando el juego para aplicar la actualización!"
  ],
  "zipUpdateFail": [
    "¡Error al extraer e instalar el parche!",
    "Por favor, intenta la actualización automática de nuevo o",
    "¡extrae manualmente los archivos del parche para instalarlo!"
  ],
  "fileDownloadedSuccessfully": [
    "¡${} se descargó correctamente!"
  ],
  "fileDownloadFailed": [
    "¡Error al descargar ${}! ¡Reintentando ahora!"
  ],
  "installPatch": [
    "El parche requiere extracción—instalando ahora. Esto puede causar lag, ¡ten paciencia!"
  ],
  "totalFilesToUpdate": [
    "Se detectaron ${} archivo(s) para actualizar—¡iniciando descarga!"
  ],
  "renameCharacter": [
    "Ahora recuerdo—",
    "ella es..."
  ],
  "heroName": [
    "Onii-chan"
  ],
  "heroineName": [
    "Imouto"
  ],
  "nonHardwareAccelerated": [
    "¡El juego usa gráficos integrados!",
    "Si tienes una GPU dedicada, recomendamos configurar Game.exe ",
    "para usarla en el panel de control gráfico y mejorar el rendimiento."
  ],
  "isAmdCPU": [
    "Tu CPU es AMD.",
    "Algunos procesadores AMD pueden tener bajones de FPS con videos VP9 (WebM) ",
    "en entornos Chromium. Si ocurre, intenta forzar al juego a ",
    "usar renderizado por GPU o actualiza los controladores."
  ],
  "failedToLoad": [
    "Este error puede deberse a:",
    "① Archivos corruptos o nombres dañados por codificación al extraer/instalar.",
    "② El desarrollador olvidó incluir el archivo—espera un parche."
  ]
}