{
    "1": {
        "name": [
              "Кузнечная наковальня"
        ],
        "subtitle": "",
        "description": [
              "Тяжёлая наковальня из кузницы,",
              "каким-то образом используемая как экипировка.",
              "Её твёрдость и вес идеально подходят для заточки оружия,",
              "хотя неопытным будет нелегко..."
        ],
        "ability": [
              "Сенпо заменяется на извлечение наковальни для ремонта оружия",
              "Нельзя ремонтировать магическое или золотое оружие"
        ]
    },
    "2": {
        "name": [
              "Оружие с драгоценными камнями"
        ],
        "subtitle": "",
        "description": [
              "Минералы, покоящиеся под землёй,",
              "— отличная алхимическая основа.",
              "Этот кинжалообразный маготехнический артефакт проводит силу драгоценных камней,",
              "но из-за дороговизны его использования большинство алхимиков отказались от него..."
        ],
        "ability": [
              "При атаке случайно расходует драгоценный камень для усиления урона",
              "Чем ценнее камень, тем выше дополнительный магический урон"
        ]
    },		
    "3": {
        "name": [
              "Странный аксессуар для волос"
        ],
        "subtitle": "",
        "description": [
              "Аксессуар для волос с необычным украшением.",
              "Это кролик... или булочка...?"
        ],
        "ability": [
              ""
        ]
    },
    "5": {
        "name": [
              "Защитные перчатки"
        ],
        "subtitle": "",
        "description": [
              "Перчатки из изолирующих материалов,",
              "изначально использовавшиеся рабочими как средство защиты.",
              "Удивительно, но они также обеспечивают высокую устойчивость к магическим атакам..."
        ],
        "ability": [
              "Сильно снижает воздействие молнии при экипировке"
        ]
    },
    "6": {
        "name": [
              "Рождение несчастья"
        ],
        "subtitle": "",
        "description": [
              "Паразитированный Философским камнем,",
              "слабое существо было насильно наделено бесконечной жизненной силой,",
              "бесконечно переходя между жизнью и смертью,",
              "пока не наступило безумие. Даже после удаления эта сила остаётся."
        ],
        "ability": [
              "Увеличивает HP. Усиливает восстановление HP на 25%",
              "Даёт автоматическую регенерацию при экипировке"
        ]
    },
    "7": {
        "name": [
              "Проклятый зародыш"
        ],
        "subtitle": "",
        "description": [
              "Недоразвитый проклятый зародыш,",
              "который, несмотря ни на что, остаётся живым.",
              "Его сильная воля к жизни и переполняющая энергия способны повлиять даже на носителя."
        ],
        "ability": [
              "Увеличивает HP. Усиливает восстановление HP на 20%"
        ]

    },
    "8": {
        "name": [
              "Кластер мана-кристаллов"
        ],
        "subtitle": "",
        "description": [
              "Минерал, сформированный Великим Лабиринтом, содержит следы маны.",
              "Ношение его усиливает магические способности."
        ],
        "ability": [
              "Экипировка увеличивает скорость произнесения заклинаний и магическую силу",
              "Атаки магического оружия наносят дополнительно 5% магического урона"
        ]
    },
    "9": {
        "name": [
              "Кластер бездны маны"
        ],
        "subtitle": "",
        "description": [
              "Редкий кластер, наполненный плотной маной,",
              "излучающий ощутимые магические волны.",
              "Высоко ценится алхимиками."
        ],
        "ability": [
              "Экипировка увеличивает скорость произнесения заклинаний и магическую силу",
              "Атаки магического оружия наносят дополнительно 10% магического урона"
        ]
    },
    "10": {
        "name": [
              "Обруч сосредоточения"
        ],
        "subtitle": "",
        "description": [
              "Обруч, который носил великий мудрец в юности, будучи авантюристом.",
              "Помогает сосредоточиться и защищает от внешних отвлекающих факторов."
        ],
        "ability": [
              "Иммунитет к оглушению",
              "Усиливает магическую силу и масштаб заклинаний"
        ]
    },
    "11": {
        "name": [
              "Перчатки поглощения маны"
        ],
        "subtitle": "",
        "description": [
              "Перчатки, которые великий мудрец носил в юности, будучи авантюристом.",
              "Они естественным образом собирают ману,",
              "наделяя оружие магическими свойствами."
        ],
        "ability": [
              "При экипировке оружие в руках становится магическим",
              "Атаки магического оружия наносят дополнительно 30% магического урона"
        ]
    },
    "12": {
        "name": [
              "Одолжённые когти Неко"
        ],
        "subtitle": [
              "\"...Мяу~?\""
		],
        "description": [
              "Когти Неко, спрятанные внутри Неко-Слайма, будто наполнены духом кошки.",
              "Экипировка увеличивает вашу ловкость!"
        ],
        "ability": [
              "Увеличивает силу атаки и скорость атаки"
        ]
    },
    "13": {
        "name": [
              "Одолжённые лапки Неко"
        ],
        "subtitle": [
              "\"...Мяу~?\""
		],
        "description": [
              "Лапки Неко, спрятанные внутри Неко-Слайма, будто наполнены духом кошки.",
              "Экипировка увеличивает вашу ловкость!"
        ],
        "ability": [
              "Увеличивает скорость атаки и передвижения, сокращает перезарядку Сенпо"
        ]
    },
    "14": {
        "name": [
              "Кольцо из душистой травы"
        ],
        "subtitle": "",
        "description": [
              "Кольцо, сплетённое из листьев и корней, источает травяной аромат.",
              "Когда-то служило талисманом для путешественников,",
              "символизирует жизненную силу и энергию."
        ],
        "ability": [
              "Макс. HP +\\c[29]${QJ.MPMZ.tl.ex_fragrantGrassRingEffectResolve()}\\c[0]",
              "Ношение нескольких таких предметов усиливает эффект"
        ]
    },
    "15": {
        "name": [
              "Костюм плюшевого кота"
        ],
        "subtitle": "",
        "description": [
              "Мягкий и уютный плюшевый костюм кота — пушистый и огромный.",
              "Просторный крой окутывает вас и даже позволяет спрятать дополнительные вещи~"
        ],
        "ability": [
              "Дополнительная вместимость для оружия +10",
              "Дополнительная вместимость для снаряжения +20"
        ]
    },
    "16": {
        "name": [
              "Шлем с шипами"
        ],
        "subtitle": "",
        "description": [
              "Металлический шлем с шипами, внушающий опасность со всех сторон.",
              "Обеспечивает надёжную защиту и автоматически наносит урон ближайшим врагам."
        ],
        "ability": [
              "Автоматически наносит урон ближайшим врагам"
        ]
    },
    "17": {
        "name": [
              "Броня с шипами"
        ],
        "subtitle": "",
        "description": [
              "Металлическая броня с шипами, внушающая опасность со всех сторон.",
              "Обеспечивает надёжную защиту и автоматически наносит урон ближайшим врагам."
        ],
        "ability": [
              "Автоматически наносит урон ближайшим врагам"
        ]
    },
    "18": {
        "name": [
              "Рукавицы с шипами"
        ],
        "subtitle": "",
        "description": [
              "Металлические рукавицы с шипами, внушающие опасность со всех сторон.",
              "Обеспечивают надёжную защиту и автоматически наносят урон ближайшим врагам при атаке."
        ],
        "ability": [
              "Автоматически наносят урон ближайшим врагам при атаке"
        ]
    },
    "19": {
        "name": [
              "Сапоги с шипами"
        ],
        "subtitle": "",
        "description": [
              "Металлические сапоги с шипами, внушающие опасность со всех сторон.",
              "Обеспечивают надёжную защиту и автоматически наносят урон ближайшим врагам при движении."
        ],
        "ability": [
              "Автоматически наносят урон ближайшим врагам при движении"
        ]
    },
    "20": {
        "name": [
              "Рыцарский шлем"
        ],
        "subtitle": "",
        "description": [
              "Стандартный шлем придворных рыцарей.",
              "Его изящный и прочный дизайн символизирует верность рыцарскому кодексу."
        ],
        "ability": [
              "Увеличивает защиту, если HP ниже \\c[10]30%\\c[0]"
        ]
    },
    "21": {
        "name": [
              "Рыцарская броня"
        ],
        "subtitle": "",
        "description": [
              "Стандартная броня придворных рыцарей.",
              "Её изящный и прочный дизайн символизирует верность рыцарскому кодексу."
        ],
        "ability": [
              "Увеличивает защиту, если HP ниже \\c[10]30%\\c[0]"
        ]
    },
    "22": {
        "name": [
              "Рыцарские рукавицы"
        ],
        "subtitle": "",
        "description": [
              "Стандартные рукавицы придворных рыцарей.",
              "Их изящный и прочный дизайн символизирует верность рыцарскому кодексу."
        ],
        "ability": [
              "Увеличивает атаку и защиту, если HP ниже \\c[10]30%\\c[0]"
        ]
    },
    "23": {
        "name": [
              "Рыцарские поножи"
        ],
        "subtitle": "",
        "description": [
              "Стандартные поножи придворных рыцарей.",
              "Их изящный и прочный дизайн символизирует верность рыцарскому кодексу."
        ],
        "ability": [
              "Увеличивает скорость передвижения, если HP ниже \\c[10]30%\\c[0]"
        ]
    },
    "24": {
        "name": [
              "Охотничий наряд"
        ],
        "subtitle": "",
        "description": [
              "Сшитый из толстой шкуры и прочного льна,",
              "когда-то был повседневной экипировкой лесных охотников.",
              "Хотя защита ограничена, он лёгкий и гибкий,",
              "позволяя быстро передвигаться по лесу."
        ],
        "ability": [
              "Медленно восстанавливает HP, если стоять на траве"
        ]
    },
    "25": {
        "name": [
              "Охотничий пояс"
        ],
        "subtitle": "",
        "description": [
              "Сделан из прочной кожи, украшен надёжными пряжками и сумками.",
              "Когда-то был незаменим для лесных охотников в путешествиях,",
              "остаётся лёгким и удобным даже в долгих походах."
        ],
        "ability": [
              "Макс. HP +20, увеличивает скорость передвижения",
              "Дополнительная вместимость для оружия +5, для снаряжения +5"
        ]
    },	
    "26": {
        "name": [
              "Перо огненной птицы"
		],
		"subtitle": [
              ""
		],
        "description": [
              "Перо огненной птицы, символизирующее вечную жизнь,",
              "всё ещё пылает тёплым пламенем.",
              "Даже одно перо способно воскресить мёртвого."
		],
        "ability": [
              "Срабатывает при снижении HP до нуля, полностью восстанавливает HP",
              "После активации предмет исчезает"
		]
    },
    "27": {
        "name": [
              "Туалетная бумага"
        ],
        "subtitle": "",
        "description": [
              "Туалетная бумага, взятая из дома.",
              "Полезный предмет для авантюристов,",
              "которым внезапно понадобился перерыв в опасном подземелье."
        ],
        "ability": [
              "Снижает получаемый урон от кровотечения на \\c[10]30%\\c[0]"
        ]
    },
    "29": {
        "name": [
              "Кровавый Джекки"
        ],
        "subtitle": [
              "\"Этот жаждет криков...\""
		],
        "description": [
              "Одно из смертоносных орудий печально известного убийцы,",
              "всё ещё дрожит в предвкушении."
        ],
        "ability": [
              "Наносит больше урона врагам с низким HP, до \\c[10]30%\\c[0]"
        ]
    },
    "30": {
        "name": [
              "Охотничий кинжал"
        ],
        "subtitle": [
              "\"Смерть из дула, удача от клинка\""
        ],
        "description": [
              "Маленький острый кинжал, легко помещающийся в сапоге.",
              "Для охотника он всегда приносит последнюю добычу."
        ],
        "ability": [
              "Увеличивает шанс выпадения мяса"
        ]
    },
    "31": {
        "name": [
              "Призрак туманной ночи"
        ],
        "subtitle": [
              "\"Этот мечтает исчезнуть...\""
        ],
        "description": [
              "Одно из смертоносных орудий печально известного убийцы,",
              "создано для сокрытия своего присутствия."
        ],
        "ability": [
              "Периодически становится невидимым",
              "Убийства в невидимости наносят двойной урон"
        ]
    },
    "32": {
        "name": [
              "Кошачий удар"
        ],
        "subtitle": "",
        "description": [
              "\"Хьяа—!! Не связывайся со мной, ня!\"",
              "Мягкие перчатки-лапки, любимое оружие одной кошкодевочки.",
              "С ними вы обретаете кошачью ловкость — и тягу к рыбе..."
        ],
        "ability": [
              "Скорость атаки увеличена. Дополнительный удар +1",
              "Шанс срабатывания особых эффектов от доп. ударов снижен вдвое"
        ]
    },
    "33": {
        "name": [
              "Яблочный головной убор"
        ],
        "subtitle": "",
        "description": [
              "Головной убор из яблок, так что на защиту особо не рассчитывайте.",
              "Зато яблоки очень вкусные!"
        ],
        "ability": [
              "Есть шанс получить лечение при ранении"
        ]
    },
    "34": {
        "name": [
              "Кольцо с клинком"
        ],
        "subtitle": "",
        "description": [
              "Говорят, один авантюрист, боявшийся драться голыми руками, внедрил меч в кольцо.",
              "Слишком мал, чтобы использовать,",
              "но заметно повышает вашу внушительность."
        ],
        "ability": [
              "Физическая сила атаки +15%"
        ]
    },
    "35": {
        "name": [
              "Вакидзаси"
        ],
        "subtitle": "",
        "description": [
              "Изысканный короткий клинок, часто носимый самураями как запасное оружие.",
              "Хотя он короткий, его лезвие способно наносить глубокие раны,",
              "которые долго не заживают."
        ],
        "ability": [
              "Количество обычных атак с ближним оружием +1",
              "Дополнительная атака может вызвать кровотечение"
        ]
    },
    "36": {
        "name": [
              "Манэки-нэко"
        ],
        "subtitle": "",
        "description": [
              "Жадный маленький слуга с вечно недовольным видом.",
              "С радостью собирает все выпавшие предметы, независимо от их ценности."
        ],
        "ability": [
              "Манэки-нэко автоматически собирает для вас все типы дропов.",
              "Если экипировать несколько, увеличивается только радиус сбора."
        ]
    },
    "37": {
        "name": [
              "Копилка-свинка"
        ],
        "subtitle": "",
        "description": [
              "Милый слуга, который хранит собранные деньги.",
              "Когда наполнится, может произойти что-то интересное,",
              "но пока она очень хрупкая."
        ],
        "ability": [
              "С радостью собирает деньги. Текущие накопления: \\c[6]${$gameSelfVariables.value([1, 110, 'deposit'])}\\c[0] йен!",
              "Легко ломается при атаке, теряя все накопленные деньги"
        ]
    },
    "38": {
        "name": [
              "Жадная копилка-свинка"
        ],
        "subtitle": "",
        "description": [
              "Копилка-свинка, переполненная богатством — мечта, ставшая явью.",
              "Но даже с набитым золотом брюхом её жадность не знает границ."
        ],
        "ability": [
              "Излучает ауру Требования Мамона. Текущие накопления: \\c[6]${$gameSelfVariables.value([1, 110, 'deposit'])}\\c[0] йен!",
              "Бесконечно собирает деньги, выплёвывая проценты каждые 10 секунд"
        ]
    },
    "39": {
        "name": [
              "Панцирь зелёной черепахи"
        ],
        "subtitle": "",
        "description": [
              "Прочный и тяжёлый панцирь черепахи.",
              "На суше с ним невозможно поднять ноги...!"
        ],
        "ability": [
              "Замедляет скорость передвижения, но увеличивает скорость плавания"
        ]
    },
    "40": {
        "name": [
              "Костюм горничной"
        ],
        "subtitle": "",
        "description": [
              "Трофей, полученный после урока непослушной девочке с кроличьими ушами.",
              "До сих пор хранит запах земли и моркови."
        ],
        "ability": [
              "При экипировке маскирует вас под монстра, но вы не можете атаковать",
              "С этим костюмом вы становитесь лучшим другом Кролика-горничной"
        ]
    },
    "41": {
        "name": [
              "Милые кроличьи ушки"
        ],
        "subtitle": "",
        "description": [
              "Съёмный аксессуар в виде кроличьих ушек.",
              "Кто бы ни надел, будет выглядеть абсолютно очаровательно!"
        ],
        "ability": [
              "Приносит удачу! Предметы выпадают чаще!"
        ]
    },
    "42": {
        "name": [
              "Душа взрывного маньяка"
        ],
        "subtitle": [
              "\"Взры————в!\""
		],
        "description": [
              "Воля, пожертвовавшая всем ради взрывов.",
              "Теперь, обладая ею, не захочется ли тебе ещё более мощных взрывов?"
        ],
        "ability": [
              "Малый шанс вызвать взрыв при атаке или получении урона",
              "Снижает получаемый урон от взрывов на 50%"
        ]
    },
    "43": {
        "name": [
              "Значок хранителя клинков"
        ],
        "subtitle": [
              "\"Вы, авантюристы, вызываете у меня отвращение!",
              "Машете клинками только ради убийств, не заботясь об их боли!\""
		],
        "description": [
              "Значок, который носят только те, кто верит в сохранение оружия."
        ],
        "ability": [
              "Сила атаки -20%, максимум атаки ограничен 200",
              "Снижает потерю прочности оружия на 20%"
        ]
    },
      "44": {
            "name": [
                  "◉▽◉"
            ],
            "subtitle": [
                  "\"Сакабамбаспис всё это уже видел.\""
            ],
            "description": [
                  "Легендарный древний слуга — хоть это и рыба, плавать он не умеет",
                  "У него крепкая кожа, а его спецприём — Циклонная реактивная пушка!"
            ],
            "ability": [
                  "Может поднять черепаху Саккабанкаме и бросить её в атаку",
                  "Если упадёт в воду, назад уже не выберется..."
            ]
      },
    "45": {
        "name": [
              "Ядовитые объятия"
        ],
        "subtitle": [
              "\"Этот кинжал полон смертельного яда, знаешь ли — (лизь)\""
		],
        "description": [
              "Ядовитый магический короткий меч — держись подальше."
        ],
        "ability": [
              "Автоматически вращающийся слуга",
              "Высокий шанс наложить яд при контакте"
        ]
    },
    "46": {
        "name": [
              "Кулак ярости"
        ],
        "subtitle": "",
        "description": [
              "Могучий магический кулак, наполненный неведомой яростью,",
              "остаётся крепко сжатым..."
        ],
        "ability": [
              "Автоматически вращающийся слуга",
              "Отбрасывает любого врага, которого касается"
        ]
    },
    "47": {
        "name": [
              "Проклятая рука Ксериса"
        ],
        "subtitle": "",
        "description": [
              "Отрубленная рука, наполненная силой нежити.",
              "Даже без тела она остаётся живой и агрессивной."
        ],
        "ability": [
              "Автоматически вращающийся слуга",
              "Проклинает любую цель, на которую показывает средним пальцем"
        ]
    },
    "48": {
        "name": [
              "Цепной контракт заклинания"
        ],
        "subtitle": [
              "\"Когда тот, кого ты любишь, умирает, ты должен лишить себя жизни.",
              "Когда тот, кого ты любишь, умирает, другого пути нет.\""
        ],
        "description": [
              "Чтобы спасти своего фамильяра, один алхимик создал этот контракт..."
        ],
        "ability": [
              "Связь с вашим слугой — любой урон, полученный им, достаётся вам",
              "Каждый связанный слуга даёт эффект исцеления"
        ]
    },
    "50": {
        "name": [
              "Картофельные чипсы"
        ],
        "subtitle": "",
        "description": [
              "Свежие, только что обжаренные, с тёплым аппетитным ароматом.",
              "Осторожно — чайки могут украсть ваши чипсы!"
        ],
        "ability": [
              "Привлекает чаек, которые воруют ваши чипсы"
        ]
    },
    "53": {
        "name": [
              "Костяное кольцо Повешенного"
        ],
        "subtitle": "",
        "description": [
              "Кольцо, сделанное из костей покойного Повешенного.",
              "Хотя большая часть его силы утрачена,",
              "оно всё же даёт владельцу немного свободы от гравитации."
        ],
        "ability": [
              "Снижает урон от падения на 50%"
        ]
    },
    "54": {
        "name": [
              "Незавершённая Золотая Чаша"
        ],
        "subtitle": "",
        "description": [
              "Реликвия святого, которую ещё предстоит наполнить,",
              "приносит владельцу огромную удачу.",
              "Источник этого благословения неизвестен,",
              "чаша тихо ждёт дня, когда будет завершена."
        ],
        "ability": [
              "Сильно увеличивает удачу. Удваивает получаемые деньги"
        ]
    },
    "55": {
        "name": [
              "Перчатки поджигателя"
        ],
        "subtitle": [
              "\"Ха, какие грязные фейерверки.\""
		],
        "description": [
              "Толстые, жаропрочные перчатки, пропитанные запахом пороха."
        ],
        "ability": [
              "+30% радиус взрыва для собственных бомб",
              "Бомбы могут вызвать цепную реакцию взрывов"
        ]
    },
    "56": {
        "name": [
              "Милость Святой Девы"
        ],
        "subtitle": [
              "\"Хороший ребёнок, хороший ребёнок...\""
		],
        "description": [
              "Один из нарядов монахини, шелковистый на ощупь, незабываемый.",
              "Святое сияние пронизывает его волокна, даря утешение."
        ],
        "ability": [
              "Принудительно переводит в режим мудреца",
              "Получаете больше привязанности при поглаживании головы \\str[120]"
        ]
    },
    "57": {
        "name": [
              "Итиго, вернись!!"
        ],
        "subtitle": [
              ""
		],
        "description": [
             "АСАБА, охваченный горем из-за утраченной клубники,",
             "раскрывает своё высшее искусство.",
             "Стоит попасть под прицел — вас поглотит неотвратимый шторм комбо...",
             "Но печаль остаётся — сожжённый эмоциями судьбы, вы тоже наследуете этот запретный приём!"
        ],
        "ability": [
             "Используйте особый приём с правильной командой",
             "Чем ниже HP, тем сильнее приём"
        ]
    },
    "59": {
        "name": [
              "Кулон Рубрум"
        ],
        "subtitle": [
              ""
        ],
        "description": [
              "Драгоценная реликвия павшего мага.",
              "Кулон, созданный из небольшого фрагмента Философского камня,",
              "наполнен слабой, но вечной алхимической силой."
        ],
        "ability": [
              "Усиливает магическую атаку в зависимости от количества фрагментов Философского камня",
              "Снижает расход прочности оружия при использовании магии на \\c[6]24%\\c[0]"
        ]
    },
    "60": {
        "name": [
              "Обруч павшего мага"
        ],
        "subtitle": "",
        "description": [
              "Проклятый обруч, пропитанный тёмной магией,",
              "одержимый упрямой злобой, разъедающей плоть"
        ],
        "ability": [
              "Сила магической атаки +100%",
              "Макс. HP -50%"
        ]
    },
    "61": {
        "name": [
              "Плащ павшего мага"
        ],
        "subtitle": "",
        "description": [
              "Проклятый плащ, пропитанный тёмной магией,",
              "одержим духом мести, жаждущим возмездия"
        ],
        "ability": [
              "Послесветы, создаваемые Сенпо, остаются дольше",
              "Объекты, которых они касаются, замирают на месте"
        ]
    },
    "62": {
        "name": [
              "Перчатки павшего мага"
        ],
        "subtitle": "",
        "description": [
              "Проклятые перчатки, пропитанные тёмной магией,",
              "наполнены духом мести, жаждущим атаковать"
        ],
        "ability": [
              "Снаряды наводятся на ближайших врагов"
        ]
    },
    "63": {
        "name": [
              "Обувь павшего мага"
        ],
        "subtitle": "",
        "description": [
              "Проклятая обувь, пропитанная тёмной магией,",
              "наполнена духом мести, дарящим призрачную ловкость"
        ],
        "ability": [
              "Увеличивает скорость передвижения, даёт состояние пустоты при использовании Сенпо"
        ]
    },
    "65": {
        "name": [
              "Повязка решимости"
        ],
        "subtitle": [
              "\"Да кто, по-твоему, я такой!?\""
		],
        "description": [
              "Повязка, пробуждающая страсть при ношении.",
              "Реального эффекта нет, но её несгибаемый дух не имеет равных."
        ],
        "ability": [
              "Снижает шанс наложения негативных статусов",
              "Есть небольшой шанс устоять перед смертельным уроном"
        ]
    },
    "67": {
        "name": [
              "Наручи бойца"
        ],
        "subtitle": "",
        "description": [
              "Перевязанные наручи, которые бойцы носят во время спарринга.",
              "Они защищают суставы и улучшают точность движений."
        ],
        "ability": [
              "-12% расход прочности оружия",
              "Увеличивает скорость атаки и усиливает урон от комбо без оружия"
        ]
    },
    "68": {
        "name": [
              "Обувь бойца"
        ],
        "subtitle": "",
        "description": [
              "Обувь, которую обычно носят мастера боевых искусств,",
              "излучающая мощную ауру"
        ],
        "ability": [
              "Увеличивает скорость передвижения. Усиливает Сенпо"
        ]
    },
    "69": {
        "name": [
              "Ломатель лиц"
		],
		"subtitle": [
              "\"Чёрт... Хочу просто кому-нибудь врезать по лицу...!\""
		],
        "description": [
              "Боксерские перчатки, оставленные легендарным боксёром.",
              "В них всё ещё ощущается невероятная сила."
		],
        "ability": [
              "Нельзя использовать оружие, пока экипировано",
              "Удары кулаками могут наносить дополнительный урон в зависимости от HP цели"
		]
    },
    "70": {
        "name": [
              "Сердце пугала"
        ],
        "subtitle": "",
        "description": [
              "Пустое тело пугала.",
              "Нет ни тепла, ни сердцебиения — но оно может жить вместо тебя."
        ],
        "ability": [
              "Блокирует все формы восстановления HP, пока экипировано",
              "При 0 HP позволяет оставаться активным немного дольше перед падением"
        ]
    },
    "73": {
        "name": [
              "Кольцо лавы"
        ],
        "subtitle": "",
        "description": [
              "Кольцо, выкованное из камня, наполненного раскалённой магмой.",
              "С ним легче переносить боль от холода и огня."
        ],
        "ability": [
              "Сильно снижает шанс заморозки",
              "Снижает шанс получения ожога"
        ]
    },
    "74": {
        "name": [
              "Том Саламандры"
        ],
        "subtitle": [
              "\"Да, они любят острый перец...\""
		],
        "description": [
              "Гримуар, переплетённый чешуёй саламандры.",
              "Хотя он похож на энциклопедию, его записи о саламандрах, живущих в вулканах,",
              "дают глубокое понимание огня при изучении."
        ],
        "ability": [
              "Усиливает урон и форму магии огня"
        ]
    },
    "80": {
        "name": [
              "Королевский указ"
        ],
        "subtitle": "",
        "description": [
              "Кольцо, символизирующее высшее величие истинного короля.",
              "Сильно повышает боевой дух последователей!"
        ],
        "ability": [
              "Немного увеличивает все характеристики",
              "Увеличивает размер всех слуг и усиливает их особые свойства"
        ]
    },
      "100": {
            "name": [
                  "Модуль I \"Nexus\""
            ],
            "subtitle": "",
            "description": [
                  "Ядро, значительно превосходящее современные техгологии; на его поверхности",
                  "светятся загадочные энергетические схемы. Даже при отсутствии большинства модулей ",
                  "оно демонстрирует невероятную вычислительную и сенсорную мощность"
            ],
            "ability": [
                  "При экипировке даёт обнаружение объектов в области",
                  "С ростом уровня ядра увеличивается число типов обнаруживаемых объектов"
            ]
      },
    "125": {
        "name": [
              "Ацу Ацу Бодзу"
        ],
        "subtitle": "",
        "description": [
              "Тряпичная кукла, созданная с искренней молитвой.",
              "Она несёт желания, немного меняя обычную погоду.",
              "Однако после этого кукла тихо исчезает."
        ],
        "ability": [
              "Гарантирует жаркую погоду на следующий день, если экипирована"
        ]
    },
    "126": {
        "name": [
              "Тэру Тэру Бодзу"
        ],
        "subtitle": "",
        "description": [
              "Тряпичная кукла, созданная с искренней молитвой.",
              "Она несёт желания, немного меняя обычную погоду.",
              "Однако после этого кукла тихо исчезает."
        ],
        "ability": [
              "Гарантирует солнечную погоду на следующий день, если экипирована"
        ]
    },
    "127": {
        "name": [
              "Кумо Кумо Бодзу"
        ],
        "subtitle": "",
        "description": [
              "Тряпичная кукла, созданная с искренней молитвой.",
              "Она несёт желания, немного меняя обычную погоду.",
              "Однако после этого кукла тихо исчезает."
        ],
        "ability": [
              "Гарантирует облачную погоду на следующий день, если экипирована"
        ]
    },
    "128": {
        "name": [
              "Амэ Амэ Бодзу"
        ],
        "subtitle": "",
        "description": [
              "Тряпичная кукла, созданная с искренней молитвой.",
              "Она несёт желания, немного меняя обычную погоду.",
              "Однако после этого кукла тихо исчезает."
        ],
        "ability": [
              "Гарантирует дождливую погоду на следующий день, если экипирована"
        ]
    },
    "129": {
        "name": [
              "Улыбка девочки"
        ],
        "subtitle": [
              "\"\\str[121], ты хорошо сдержал обещание!\""
		],
        "description": [
              "Младшая сестра, которая всегда восхищалась и переживала за \\str[121],",
              "наконец-то улыбается с удовлетворением.",
              "Для \\str[121] этого достаточно, чтобы продолжать двигаться вперёд."
        ],
        "ability": [
              "Желание увеличено, все характеристики повышены"
        ]
    },
    "130": {
        "name": [
              "Снятые трусики \\str[120]"
        ],
        "subtitle": [
              "\"Всё ещё хранит аромат \\str[120]...\""
		],
        "description": [
              "Трусики, полученные от \\str[120] по недоразумению.",
              "Так и не были возвращены, но в глубине души есть счастье."
        ],
        "ability": [
              "Вдохновляет \\str[120]. При HP < 50% включается авто-восстановление"
        ]
    },
    "131": {
        "name": [
              "Плюшевый кролик"
        ],
        "subtitle": [
              "\"Вааа—! Не ломай его~~!\""
        ],
        "description": [
              "Плюшевый кролик, которого \\str[120] всегда носит ",
              "в руках, наполнен её ароматом",
              "Интересно... почему он оказался у меня?"
        ],
        "ability": [
            ""
        ]
    },	
    "147": {
        "name": [
                "Пластырь"
        ],
        "subtitle": "",
        "description": [
             ""
        ],
        "ability": []
    },
    "150": {
        "name": [
                "Бонусная футболка"
        ],
        "subtitle": "",
        "description": [
                "Авторский наряд от рыцаря,",
                "якобы для продвижения игры.",
                "Но мне совсем не хочется его носить."
        ],
        "ability": []
    },
    "152": {
        "name": [
                "Пижама \\str[120]"
        ],
        "subtitle": "",
        "description": [
                "Пижама-майка, которую обычно носит \\str[120],",
                "украшена любимыми бантиками.",
                "Странно... почему она оказалась у меня?"
        ],
        "ability": []
    },
    "153": {
        "name": [
                "Шорты \\str[120]"
        ],
        "subtitle": "",
        "description": [
                "Мягкие и пушистые шорты, которые обычно носит \\str[120],",
                "украшены любимыми бантиками.",
                "Странно... почему они оказались у меня?"
        ],
        "ability": []
    },
    "154": {
        "name": [
                "Голубые белые трусики"
        ],
        "subtitle": "",
        "description": [
                ""
        ],
        "ability": []
    },
    "155": {
        "name": [
                "Розовые белые трусики"
        ],
        "subtitle": "",
        "description": [
                ""
        ],
        "ability": []
    },
    "156": {
        "name": [
                "Белые трусики"
        ],
        "subtitle": "",
        "description": [
        ""
        ],
        "ability": []
    },
    "157": {
        "name": [
                "Пластырь"
        ],
        "subtitle": "",
        "description": [
        ""
        ],
        "ability": []
    },
    "159": {
        "name": [
                "Без трусиков..."
        ],
        "subtitle": "",
        "description": [
        ""
        ],
        "ability": []
    },
    "296": {
        "name": [
                "Счастливый молоточек Руики"
        ],
        "subtitle": [
                "\"Главная горничная Руика всегда использует его, чтобы стукнуть непослушных кроликов.\""
        ],
        "description": [
                "Сокровище Горничных-Кроликов, благодаря которому они так быстро захватили рынок.",
                "Легкий взмах — и он исполняет желания владельца.",
                "Авантюристы часто видят, как он чинит машины, сломанные проказниками."
        ],
        "ability": [
                "Увеличивает количество денег и шанс выпадения предметов"
        ]
    },
    "297": {
        "name": [
                "Аптечка Мио"
        ],
        "subtitle": [
                "\"Боже мой! Я снова упала в яму!?\""
        ],
        "description": [
                "Изначально инструмент, который администратор использовал для теста системы исцеления,",
                "но позже забыл удалить.",
                "Однако против мгновенной смерти она бесполезна."
        ],
        "ability": [
                "Восстанавливает 100% HP в секунду при экипировке"
        ]
    },
    "298": {
        "name": [
                "Золотой палец Сироин"
        ],
        "subtitle": [
                "\"Ты же понимаешь, что эта штука сломает игру?\"",
                "\"Понимаю.\"",
                "\"И всё равно хочешь её надеть?\"",
                "\"Разумеется.\""
        ],
        "description": [
                "Реликвия, превращающая прикосновение в золото — заветная мечта Хранителей Клинков."
        ],
        "ability": [
                "Оружие больше не ломается при атаках"
        ]
    },
    "299": {
        "name": [
                "Абсолютная территория"
        ],
        "subtitle": [
        ""
        ],
        "description": [
                "Священное пространство между мини-юбкой и гольфами девушки,",
                "Оно не только даёт высокую магическую защиту, но и абсурдную",
                "способность вытаскивать любые предметы из-под юбки по желанию."
        ],
        "ability": [
                "Дополнительная вместимость для оружия +99",
                "Дополнительная вместимость для снаряжения +99"
        ]
    },
    "300": {
        "name": [
                "Катализатор Аматория"
        ],
        "subtitle": [
                "\"Отдай мне свою любовь—! Или давай просто умрём вместе~~~!\""
        ],
        "description": [
                "Запретный артефакт, выкованный некой яндере-архидемоницей,",
                "Он насильно влюбляет любого, кто его коснётся, в носителя,",
                "игнорируя их волю."
        ],
        "ability": [
                "Сильно увеличивает характеристики, получаемые при поглаживании \\str[120]"
        ]
    }
}