{
  "3": {
        "0": [
            "\"Фух... так намного лучше...\""
		],
        "1": [
            "...Итак, что мне делать дальше?"
		],
        "2": [
            "Оглядеться",
			"Мечтать",
			"Убить время",
			"Уйти"
		],
        "3": [
            "В этом тесном уголке… что тут вообще может скрываться...?    \\w[45]",
			"И всё же, сказав это, я не удержался и начал рыться вокруг."
		],
        "4": [
            "\"Оооох!! Это…!\""
		],
        "5": [
            "——Туалетная бумага."
		],
        "6": [
            "————Хлам."
		],
        "7": [
            "\"Ну, я же всё-таки в туалете.\""
		],
        "8": [
            "Похоже, я потратил время впустую."
		],
        "9": [
            "\"Хм? Что это за звук?\""
		],
        "10": [
            "Это-т..."
		],
        "11": [
            "Появился невесть откуда и метнулся мимо моих ног."
		],
        "12": [
            "Ах ты мерзавец, осмелился показаться прямо передо мной!    \\{",
			"Получи!"
		],
        "13": [
            "В яблочко. Тарак— тут же рухнул замертво."
		],
        "14": [
            "\"Хмф, как и следовало ожидать от меня…\""
		],
        "15": [
            "Промах! ",
			"Спугнувшись, Тарак— тут же исчез без следа."
		],
        "16": [
            "\"Чёрт, какой же он быстрый!\""
		],
        "17": [
            "……Так вечно продолжаться не может.",
			"Пожалуй, пора раздобыть средство от насекомых..."
		],
        "18": [
            "\"Хм? Что это за звук?\""
		],
        "19": [
            "…Звук пропал. Мне это просто показалось?"
		],
        "20": [
            "Не могу же я вечно тут сидеть.",
			"Пора, наверное, выбираться отсюда—"
		]
    },	
  "9": {
        "0": [
            "\\nl< >\"\\str[121]! Ты всё ещё в туалете?\""
		],
        "1": [
            "\"...Сейчас выйду!\""
		],
        "2": [
            "Я, наверное, уже слишком много времени потратил — пора идти..."
		]
    },		
  "21": {
        "0": [
            "В этот момент раздался знакомый звук."
		],
		"1": [
            "\\Постой...\\w[45] этот звук — это Тарак—!!"
        ],
		"2": [
            "\\nl< >\\{\"…………А?\""
        ],
		"3": [
            "\\nl< >\\{\"Аааааа—!!\""
        ],
		"4": [
            "\\str[120] тоже заметила Т.!",
            "Плохо дело! Если Т. нападёт в такой ситуации,",
            "она может упасть в обморок от шока!!"
        ],
		"5": [
            "\\{\"……！\""
        ],
		"6": [
            "Не успев даже подумать, я действовал на автомате,",
			"и стремглав ворвался в туалет."
        ],
		"7": [
            "\\{\"Ты тот, кто довёл мою \\str[120] до слёз!?\""
        ],
		"8": [
            "Прямое попадание. Т. сражён на месте."
        ],
		"9": [
            "\\nl< >\"Э-э... \\str[121]...\""
        ],
		"10": [
            "\"Теперь всё в порядке. ",
			"Плохой твари больше нет — \\str[121] с ней разобрался.\""
        ],
		"11": [
            "\\nl< >\"А...?",
			"\\str[121]... твои штаны...\""
        ],
		"12": [
            "\"——————————Ах.\""
        ],
		"13": [
            "Поскольку я уже был на взводе, прежде чем ворваться",
			"в туалет. Мой член стоял как камень",
			"так близко к лицу \\str[120]..."
        ],
		"14": [
            "Как раз в тот момент, когда я волновался",
			"Я заметил что-то странное в глазах \\str[120]",
			"она тоже ерзала.    \\w[60]",
			"Может, эта странная конфета все еще работает?"
        ],
		"15": [
            "Выражение лица \\str[120] стало выглядеть ошеломленным",
			"а затем, ни с того ни с сего, ",
			"она наклонилась и взяла мой член в рот"
        ],
		"16": [
            "Этот смелый шаг полностью разрушил мой самоконтроль. ",
			"Я положил руку на голову своей \\str[120]",
			"и стал направлять ее, чтобы она еще глубже принимала мой член"
        ],
		"17": [
            "Несмотря на то, что она была довольно неуклюжей",
			"тепло и мягкость ее рта",
			"все равно были потрясающими"
        ],
		"18": [
            "С этого ракурса",
			"Я мог видеть, как влажная киска \\str[120] слегка подрагивает",
			"словно что-то из сна"
        ],
		"19": [
            "Вскоре",
			"желание кончить стало нарастать волнами..."
        ],
		"20": [
            "Не желая, чтобы моя \\str[120] задохнулась,",
			"Я вытащил свой член из ее рта"
        ],
		"21": [
            "В этот момент из него вырвалась огромная порция спермы, ",
			"забрызгав ей все лицо"
        ],
		"22": [
            "\\\nl< >\"Фу... ужасный вкус...\""
        ],
		"23": [
            "\\str[120] игриво высунула язык",
			"но я мог сказать, что она все еще очень застенчива",
			"Обычно она никогда бы не сделала ничего такого смелого...",
			"Должно быть, это эффект от конфет"
        ],
		"24": [
            "Но если честно, если бы не эта конфета,",
			"я не представляю, чем бы все закончилось."
        ],
		"25": [
            "После этого мы вместе прибрались в туалете",
			"и вернулись в спальню",
			"ведя себя тихо, как будто ничего не произошло"
        ]
    },		
  "22": {
        "0": [
            "Крадучись, крадучись..."
		],
		"1": [
            "Хм... Я просто беспокоюсь ",
			"если что-то не так с \\str[120]...",
			"Я просто быстро посмотрю и уйду..."
        ],
		"2": [
            "Подождите... что это!?"
        ],
		"3": [
            "Поймал \\str[120] на...    \\w[60]",
			"Что происходит...",
			"Может, это эффект от ",
			"конфет, которые я дал ей раньше!?"
        ],
		"4": [
            "Хотя ее техника все еще кажется немного неуклюжей",
			"иногда она показывает нектар",
			"она полностью теряется в момент радости"
        ],
		"5": [
            "Видя, как \\str[120] изо всех сил старается чувствовать себя хорошо,",
			"Я не мог не захотеть вмешаться и помочь ей..."
        ],
		"6": [
            "Поймана на том, что \\str[120] трогала себя за трусики.    \\w[60]",
			"Что происходит...",
			"Может это эффект от ",
			"конфет, которые я дал ей раньше!?"
        ],
		"7": [
            "Может быть, из-за недостатка опыта, ",
			"\\str[120] неуклюже теребит свои ",
			"трусики кончиками пальцев, ",
			"не совсем понимая, как это делается"
        ],
		"8": [
            "Видя, как \\str[120] изо всех сил старается чувствовать себя хорошо,",
			"Я не мог не захотеть вмешаться и помочь ей..."
        ],
		"9": [
            "Но появление сейчас определенно напугает \\str[120]",
			"Хмм... да, наверное, лучше тихо отойти"
        ],
		"10": [
            "Еще раз подсмотреть!",
			"Уходи"
        ],
		"11": [
            "Не в силах сопротивляться растущему желанию",
			"Я наклонился ближе к щели в двери, ",
			"внимательно наблюдая"
        ],
		"12": [
            "Передёрнуть",
			"Ворваться!",
			"Забыть об этом"
        ],
		"13": [
            "Я тоже начинаю чувствовать себя немного взволнованным... ",
			"Может, мне присоединиться к \\str[120]...?"
        ],
		"14": [		
			"Это как-то рискованно... лучше не надо",
			"Если я продолжу смотреть, это будет неловко",
			"Я должен убраться, пока моя \\str[120] не заметила"	
        ],
		"15": [
            "Поскольку я уже не в первый раз вижу ",
			"нечто подобное, я просто плыл по течению",
			"течению и попытался насладиться моментом"
        ],
		"16": [
            "Пока моя \\str[120] все еще была погружена в свой собственный мир",
			"Я тихо закрыл за собой дверь"
        ],
		"17": [
            "\"Похоже, \\str[120] наконец-то достигла того возраста,",
			"когда она начинает интересоваться подобными вещами...\"",
			" ",
			" ",
			"Испытывая странное чувство грусти, ",
			"Я решил притвориться, что ничего не видел..."			
        ],
		"18": [
            "В тот момент, когда мы оба достигли своего пика",
			"Я полностью отпустил себя и просто кончил"
        ],
		"19": [
            "Дрожь пробежала по ее телу",
			"\\str[120] медленно остановила свои действия и ",
			"начала тихонько дышать"
        ],
		"20": [
            "Если я буду продолжать наблюдать, все станет очень плохо",
			"Лучше сбежать, пока \\str[120] не заметила"
        ],	
		"21": [
            "Заниматься подобными вещами с \\str[120] так странно...",
			"Не успел я опомниться, как моя рука начала подстраиваться под ее ритм",
			"и в этот момент",
			"мне показалось, что наши чувства как-то связаны"
        ],
		"22": [
            "Наблюдая за пальцами \\str[120], я не мог не представить...",
			"что если бы ее трогали не пальцы, ",
			"а мой член...?"
        ],
		"23": [
            "Когда я погрузился в эти мысли",
			"мне казалось, что я действительно могу почувствовать, насколько мягкой",
			"\\str[120] киска была бы...",
			"Воображение действительно страшная штука"
        ],
		"24": [
            "Интересно, каково это - ",
			"подойти так близко, как пальцы моей \\str[120]",
			"поглаживая его прямо по ее киске..."
        ],
		"25": [
            "Я начинаю представлять, как кончик моего члена прижимается к ",
			"плотно закрытой киске моей \\str[120], медленно раздвигая ее",
			"по мере того, как я толкаю ее, открывая влажную внутренность. Мой член ",
			"тоже становится скользким, между нами тянется развратная прядь..."
        ],
		"26": [
            "Волнение, которое я испытываю с ней, совсем не похоже на то, что я испытываю",
			"когда я один. Когда я теряю себя в этих фантазиях, ",
			"чувство вины в моем сердце превращается в топливо",
			"принося мне волну за волной удовольствия"
        ],
		"27": [
            "\\str[120] выглядит так, будто она вот-вот кончит",
			"и я не могу не ускорить свои движения"
        ],
		"28": [
            "\\\\{Ух, я больше не могу...!"
        ]			
    },
  "23": {
        "0": [
            "Учитывая то, что случилось в прошлый раз",
			"я решил просто смело ворваться в туалет"
		],
		"1": [
            "\\nl< >\\{\"…Э-\\str[121]!?\""
        ],
		"2": [
            "\\nl< >\"…\\str[121],",
			"Зачем ты сюда пришел??\\"
        ],
		"3": [
            "Ее тон звучал немного ругательно, но, судя по ее ",
			"ошеломленному выражению лица и тому факту, что она не пыталась ",
			"выгнать меня, казалось, что все в порядке"
        ],
		"4": [
            "Я тихонько переместился и встал рядом со своёй \\str[120], мой член",
			"всего в нескольких сантиметрах от нее. Она продолжала ",
			"своей рукой, наклонилась немного ближе ко мне",
			"и начала облизывать меня своим языком"
        ],
		"5": [
            "Её тонкий язычок скользил по кончику, ",
			"как маленькая змейка, теплое, ",
			"щекочущее ощущение заставляло меня неконтролируемо дрожать"
        ],
		"6": [
            "Некоторое время мы оставались так в тишине",
			"и я чувствовал, что приближаюсь к краю...",
			"\\str[120], должно быть, заметила, как дергается мой член",
			"потому что она начала двигать рукой еще быстрее"
        ],
		"7": [
            "Наконец, по мере того как нарастал этот неудержимый прилив освобождения, ",
			"моя сперма начала вырываться наружу.  \\w[60]",
			"В тот момент, когда первая струя попала на лицо \\str[120]",
			"она внезапно взяла мой член в рот"
        ],
		"8": [
            "Пока она сосала, моя \\str[120] продолжала дразнить кончиком языка",
			"ее языком прямо там, где вытекала сперма",
			" ",
			" ",
			"Эта неожиданная нежность и мягкое тепло полностью ",
			"нарушили мой самоконтроль, и мой член просто разрядился",
			"остатки моей спермы прямо ей в рот"
        ],
		"9": [
            "После этого мы вместе прибрались в туалете",
			"и когда мы вернулись в спальню",
			"мы оба сделали вид, что ничего не произошло"
        ]		
    }		
}