{
  "2": {
        "0": [
            "\"Похоже, пора выдвигаться…\""
		],
		"1": [
            "\"Ладно, я пошёл.\""
        ],
		"2": [
            "\"Хорошо, всё готово!\""
        ],
		"3": [
            "\\nl< >\"Береги себя в дороге, \\str[121]!\""
        ],
		"4": [
            "\\nl< >\"Погода сегодня какая-то нехорошая,",
            "так что будь осторожен, ладно…\""
        ],
		"5": [
            "\\nl< >\"Если почувствуешь, что уже не можешь, ",
            "сразу возвращайся домой!\""
        ],
        "6": [
            "Видеть \\str[120] такой энергичной по утрам — редкая картина,",
            "и сердце тут же наполнилось сильными чувствами."
        ],
        "7": [
            "Подавив желание крепко обнять \\str[120], ",
            "я просто улыбнулся ей."
        ],
		"8": [
            "\\{\"Я скоро вернусь!\""
        ],
		"9": [
            "\"Хорошо… Веди себя хорошо и присмотри за домом, ладно?\""
        ],
        "10": [
            "Я помахал \\str[120], выходя из дома,",
            "напоминая себе, что должен вновь сегодня стараться — ради неё!"
        ],
		"11": [
            "\\nl< >\"Извини, \\str[121]…    \\w[60]",
            "Я снова отправляю тебя в такое опасное место—\""
        ],
		"12": [
            "\"Опять за своё. Не волнуйся, всё будет в порядке.\""
        ],
		"13": [
            "\\nl< >\"Но—\""
        ],
		"14": [
            "\"Я уже много раз его исследовал,",
            "и годами тот лабиринт остаётся совершенно стабильным, ",
            "так что всё нормально.\""
        ],
		"15": [
            "\"Хорошо… Веди себя хорошо и присмотри за домом, ладно?\""
        ],
		"16": [
            "\\nl< >\"Хорошо… но будь осторожен…\""
        ],
        "17": [
            "Да. \\str[120]… она страдает странной болезнью."
        ],
		"18": [
            "Она не может выходить наружу и не может бывать на солнце. ",
            "И если она вовремя не принимает особое алхимическое лекарство, ",
            "её состояние, говорят, становится ещё более нестабильным…"
        ],
		"19": [
            "Ингредиенты для этого лекарства нельзя просто ",
            "купить на рынке. ",
            "Единственное место, где я могу достать их все — там—"
        ],
        "20": [
            "Так что как семья, сколько бы раз ни пришлось, ",
            "я обязан идти туда, чтобы найти способ ",
            "раз и навсегда вылечить \\str[120]."
        ]
   },
  "3": {
        "0": [
            "\"Я вернулся.\""
        ],
        "1": [
            "\\nl< >\"\\str[121]? Ты сегодня рано вернулся.\""
        ],
        "2": [
            "\"Да, сегодня немного устал,",
            "поэтому не стал себя гнать на исследования…\""
        ],
        "3": [
            "\\nl< >\"Это та самая… майская хандра, да?\""
        ],
        "4": [
            "Май…? Но сейчас же середина лета."
        ],
        "5": [
            "\\nl< >\"У меня бывает так же…",
            "Думаю, ещё полдень, а проснусь — ",
            "\\str[121] уже приготовил ужин…\""
        ],
        "6": [
            "…Разве это не просто проспала?"
        ],
        "7": [
            "\\nl< >\"Иногда полезно притормозить, \\str[121]. ",
            "Поиграй со мной!\""
        ],
        "8": [
            "\\nl< >\"Полноценный отдых тоже важен, ",
            "так что в следующий раз будь осмотрительнее.\""
        ],
        "9": [
            "\\nl< >\"Понимаю,",
            "тогда позволь сделать тебе массаж, \\str[121]!\""
        ],
        "10": [
            "Ага, времени достаточно — давай сегодня просто расслабимся и отдохнём."
        ],
        "11": [
            "Ты права, времени полно — сегодня просто расслабимся и отдохнём."
        ],
        "12": [
            "\\nl< >\"Тогда почему бы тебе тоже не вздремнуть, \\str[121]…",
            "очень приятно, знаешь?\""
        ],
        "13": [
            "В итоге я дремал вместе с \\str[120] до заката."
        ],
        "14": [
            "Я провёл весь день, играя с \\str[120]."
        ],
        "15": [
            "Я спокойно провёл день с \\str[120]."
        ],
        "16": [
            "\\str[120] с энтузиазмом долго делала мне массаж,",
            "и это было так приятно, что я незаметно заснул…"
        ],
        "17": [
            "\\nl< >\"\\str[121]? Ты сегодня так рано дома.\""
        ],
        "18": [
            "\\nl< >\"С возвращением, \\str[121].\""
        ],
        "19": [
            "\"Хехехе, эй, \\str[120]—",
			"угадай, что я сегодня принёс домой—!\""
        ],
        "20": [
            "\\nl< >\"Это довольно большая посылка—     \\w[90]\\^"
        ],
        "21": [
            "\\nl< >\"Неужели… что-то вкусненькое!?\""
        ],
        "22": [
            "Да… похоже, \\str[120] правда ни в чём не проявляет интереса,",
			"кроме еды…"
        ],
        "23": [
            "\\nl< >\"С возвращением,       \\w[45]\\^"
        ],
        "24": [
            "\\nl< >\"\\{Фу, гадость!         \\\\}\\w[20]",
			"\\str[121], от тебя несёт!\""
        ],
        "25": [
            "\"Эээ!?\""
        ],
        "26": [
            "\\nl< >\"\\str[121], от тебя жутко пахнет!   \\w[90]",
			"Не подходи ко мне…               \\w[90]",
			"Иди уже прими ванну!           \\w[150]\\^"
        ],
        "27": [
            "\"ЧТОоооо—!?\""
        ],
        "28": [
            "\\str[120] убежала.     \\w[60]",
			"…Неужели от меня и правда так плохо пахнет? ",
			"Подцепил что-то мерзкое во время исследования?"
        ],
        "29": [
            "Ладно, сперва надо поспешить и принять душ…"
        ]
    },
  "5": {
        "0": [
            "\"Н-не могу больше…   \\w[30]",
			"Я там чуть не погиб…\""
		],
		"1": [
            "Повезло, что я в последний момент сумел выбраться…",
			"Как и думал, с моей нынешней силой туда соваться чистое безрассудство",
			"чистое безрассудство…"
        ],
		"2": [
            "Надо ещё потренироваться, основательно подготовиться,",
			"и только потом думать о покорении его…"
        ],
		"3": [
            "\\nl< >\"С возвращением,    \\w[60]\\^"
        ],
		"4": [
            "\\nl< >\"\\str[121]!?\"" 
        ],
		"5": [
            "\\nl< >\"\\str[121], ты в порядке!?    \\w[60]",
			"Ты весь в ранах…!\""
        ],
		"6": [
            "\"Ахаха… Я слегка переборщил,",
			"и в итоге провалился…\""
        ],
		"7": [
            "\\nl< >\"\\str[121], честное слово…",
			"тебе правда надо лучше о себе заботиться!\""
        ],
		"8": [
            "\\nl< >\"Раз ты ранен, надо скорее тебя перевязать!\""
        ],
		"9": [
            "\\str[120] ловко занялась моими ранами, ",
            "и я почувствовал, как силы заметно вернулись."
        ],
		"10": [
            "\\str[120] старательно перевязала меня своими неловкими ручками, ",
            "и мне стало немного полегче."
        ],
		"11": [
            "\\str[120] неуклюже обмотала меня бинтами с головы до ног, ",
            "и мне стало совсем чуть-чуть лучше."
        ],
		"12": [
            "\\nl< >\"Теперь, \\str[121], просто отдыхай!",
			"Ужин оставь мне!\""
        ],
		"13": [
            "\"Ах… да…\""
        ],
		"14": [
            "При этом всё тело перемотано, как у мумии, ",
            "и я вообще не могу пошевелиться…"
        ],
		"15": [
            "\\nl< >\"Мхм, \\str[121], ты молодец.\""
        ],
		"16": [
            "Показалось ли мне, ",
            "или \\str[120] выглядела куда более воодушевлённой, чем обычно…?"
        ],
		"17": [
            "\\nl< >\"\\str[121], ты опять слишком перенапрягся!\""
        ],
		"18": [
            "\\nl< >\"Надо скорее остановить кровь!\""
        ],
		"19": [
            "\\nl< >\"С этого дня ",
            "дай позаботиться о тебе, \\str[121]!\""
        ],
		"20": [
            "Показалось ли мне, ",
            "или \\str[120] выглядела даже более воодушевлённой, чем обычно…?"
        ]
    },
  "9": {
        "0": [
            "Тёплое ощущение в объятиях каждое мгновение напоминало, что…",
            "Я наконец заполучил столь желанное лекарство.",
            "Но этот чересчур нереальный опыт всё ещё не даёт мне покоя."
		],
		"1": [
            "Удалось связаться с стоящей у двери картой таро Звезды.",
            "Это один из предметов, что оставил отец.",
            "При жизни он постоянно искал способ вернуть \\str[120] в норму,",
            "но почему… всё откликнулось так легко…"
        ],
		"2": [
            "Как ни ломай голову — выводов не будет.",
            "Пустые размышления бессмысленны.",
            "Главное — теперь у меня есть эликсир Рубрум.",
            "Надо найти возможность дать \\str[120] его попробовать."
        ],
		"3": [
            "Как раз по цвету — словно клубничный сок,",
            "а вдруг и вкус, как у её любимого клубничного молока…"
        ],
		"4": [
            "\\nl< >\"С возвращением, \\str[121].\""
        ],
		"5": [
            "\\nl< >\"Я уже голодная…\""
        ],
		"6": [
            "\"Понял-понял, сейчас приготовлю ужин.\""
        ],
		"7": [
            "Я мягко погладил \\str[120] по голове и немного её успокоил.",
            "Ладно — что делать дальше?"
        ],
		"8": [
            "Приготовить ужин",
            "Сходить в туалет"
        ],
		"9": [
            "Точно, уже не рано — пора заняться ужином."
        ],
		"10": [
            "\"Что хочешь на ужин сегодня?\""
        ],
		"11": [
            "\\nl< >\\{\"Мясо — самое то!\""
        ],
		"12": [
            "Хмм… предсказуемый ответ…",
            "Похоже, всё же стоит как-нибудь подобрать момент и объяснить",
            "\\str[120], насколько важно сбалансированное питание."
        ],
		"13": [
            "Уф, кажется, хочется в туалет…"
        ],
		"14": [
            "\"Прости, подожди чуть-чуть, ужин потом подготовлю.\""
        ],
		"15": [
            "\\nl< >\"Поняла.\""
        ]			
    },
  "13": {
        "0": [
            "\\nl< >\"\\str[121] сегодня, как и договаривались,",
            "не превратил себя в тряпку — здорово!",
            "Надо похвалить старающегося \\str[121]!\""
		],
		"1": [
            "\\nl< >\"Сегодня \\str[121] тоже выполнил обещание. ",
            "Вот твоя награда дня!\""
        ],
		"2": [
            "\\nl< >\"В последнее время \\str[121] постоянно старается. ",
            "Вот сегодняшняя награда——\""
        ],
		"3": [
            "\\nl< >\"Вот-вот уже месяц будет,",
            "\\str[121], ты так старался — держи, сегодняшняя награда——\""
        ],
		"4": [
            "\\nl< >\"\\str[121]! Ура, уже месяц прошёл!",
            "\\str[121], ты просто молодец!\""
        ],
		"5": [
            "\\nl< >\"В общем, это последняя награда!\""
        ],
		"6": [
            "\\nl< >\"Готово! Дорисовала!",
            "Это свидетельство, что \\str[121] — хороший мальчик!",
            "Сегодня смывать не разрешаю!\""
        ],
		"7": [
        "Я посмотрел на правую руку: \\str[120] кисточкой нарисовала на тыльной стороне милый узор.",
        "Такой маленький, но очень тёплый знак."
        ],
		"8": [
            "Вот это да, награда, конечно, мощная… но всё же…"
        ],
		"9": [
        "\\nl< >\"Э? ",
        "‘Если собирать дальше, будет особая награда’?",
        "……\\str[121], ты хочешь ещё больше похвалы?\""
        ],
		"10": [
            "\\nl< >\"Хмм… тогда если \\str[121] и дальше продержится месяц,",
            "дам тебе ещё более особую награду…\""
        ],
		"11": [
        "\\nl< >\"Но… это слишком неловко, ",
        "так что пока я не скажу, какая это награда…\""
        ],
		"12": [
            "Изначально я просто пошутил,",
            "но \\str[120], кажется, и правда обдумывает какую-то особую награду,",
            "мотивация прямо выросла!"
        ],
		"13": [
            "\\nl< >\"Особая награда — это секрет. ",
            "Сейчас я сказать не могу, \\str[121]…!\""
        ],
		"14": [
            "\\nl< >\"Держи, \\str[121]! ",
            "Как и договаривались — это твоя особая награда!\""
        ],
		"15": [
            "\\nl< >\"Хехе… это купон ‘на всё что угодно’, сделанный мной.\""
        ],
		"16": [
            "\\nl< >\"\\str[121] всегда думает обо мне, но как \\str[120],",
            "я тоже хочу, чтобы \\str[121] отпустил груз и как следует отдохнул…\""
        ],
		"17": [
        "\\nl< >\"Так что, \\str[121], можешь использовать это ",
        "и нежничать сколько хочешь со мной!\"",
        "Любая просьба подойдёт — главное, чтобы \\str[121] думал о том, как расслабиться!\""
        ],
		"18": [
            "\\nl< >\"Э!?     \\w[30]",
            "‘А… и неприличные вещи тоже можно…?’",
            "То-том…\""
        ],
		"19": [
            "\\nl< >\"Можно… если \\str[121] хочет именно такого,",
            "я не откажу…\""
        ],
		"20": [
            "\\nl< >\"В конце концов, \\str[121], ",
            "ты ведь обычно меня только и дразнишь…\""
        ],
		"21": [
            "\\>Получено от \\str[120] \\ii[199]!        \\w[60]",
            "\\>Теперь можно попросить \\str[120] о чем-нибудь ласковом!     \\w[60]"
        ]			
    },
  "14": {
        "0": [
            "\\nl< >\"О? \\str[121], что это у тебя в руках?\""
		],
		"1": [
            "\"А… сегодня рыцарь передал мне этот наряд,",
            "сказал, что это бонус к игре—\"          \\w[30]\\^"
        ],
        "2": [
            "\\nl< >\"Тот самый рыцарь из ‘Shadow Soul’!? ",
            "Быстро, дай посмотреть—\""
        ],
        "3": [
            "\\str[120] молнией метнулась передо мной ",
            "и выхватила одежду—",
            "Хм… похоже, ей и правда очень нравится этот подарок."
        ],
        "4": [
            "\\nl< >\"Оооо—! Тут даже есть автограф рыцаря!\""
        ],
        "5": [
            "\\nl< >\"Примерю прямо сейчас—\""
        ],
        "6": [
            "\\{\"А, стой—!? ",
            "Мы всё ещё у входа!\""
        ],
        "7": [
            "Я поспешно отвернулся и захлопнул входную дверь. ",
            "Кожа \\str[120] не переносит долгого солнца. ",
            "Неужели она от радости забыла о своём ограничении!?"
        ],
        "8": [
            "\\nl< >\"Готово, переоделась—!\""
        ],
        "9": [
            "\"Хех… и правда сидит неплохо.\""
        ],
        "10": [
            "Тот рыцарь всегда настаивал на тяжёлых доспехах, ",
            "я думал, он точно высокий и широкий. ",
            "Я переживал, что \\str[120] не сможет нормально это носить, ",
            "но к моему удивлению, размер подошёл идеально…"
        ],
        "11": [
            "\\nl< >\"Эхехе… Буду просто носить это как пижаму~\""
        ],
        "12": [
            "\"Оно же всё помнётся… ",
            "разве это не коллекционный предмет…\""
        ],
        "13": [
            "\"К тому же уже почти время есть. ",
            "Давай сначала переоденься.\""
        ],
        "14": [
            "\\nl< >\"Ладно~\""
        ]
    },
  "15": {
        "0": [
            "\"…Я вернулся.\""
		],
		"1": [
            "Я вяло поздоровался,",
            "и стоило переступить порог, ",
            "жар, распиравший всё тело, сразу начал спадать.",
            "Чёртова погода… кто бы подумал, что будет так жарко…"
        ],
		"2": [
            "\"—Хм? Странно.\""
        ],
		"3": [
            "Я понял, что \\str[120] не вышла меня встречать, как обычно. ",
            "Она ещё спит?"
        ],
		"4": [
            "\\nl< >\"\\str[121], с возвращением…\""
        ],
		"5": [
            "В одной футболке, ",
            "\\str[120] вяло вышла меня встретить —",
            "было видно, что жара доконала и её…"
        ],
		"6": [
            "\\nl< >\\{\"Так жарко…!\"",
            "\\w[40]\\^"
        ],
		"7": [
            "\\nl< >\"\\str[121], ты весь раскалён…!\""
        ],
		"8": [
            "Глядя на своё ещё парящее от жара тело,",
            "на миг мне показалось, что я сейчас взорвусь…"
        ],
		"9": [
            "\\nl< >\"\\str[121], с возвращением…    \\w[60]",
            "Снаружи, должно быть, было очень жарко, да?\""
        ],
		"10": [
        	"\"Ага, словно в духовке…   \\w[60]",
        	"Что за погода такая…\""
        ],
		"11": [
            "\"Но теперь всё будет хорошо!!    \\w[40]",
            "Та-дам! Я раздобыла вентилятор!\""
        ],
		"12": [
            "\\nl< >\"Здорово! Быстрее-быстрее!   \\w[60]",
            "Ставь его прямо сейчас!\""
        ],
		"13": [
            "\\nl< >\"Вентилятор и эскимо наготове, идём!\""
        ],
		"14": [
            "\"Ооо—!\""
        ],
		"15": [
            "Возвращаться в прохладу да ещё и с эскимо —",
            "чувство, скажу я вам, не так уж и плохо…"
        ],
		"16": [
            "Я подождал немного, но \\str[120] всё ещё не вышла.",
            "Странно… неужели всё ещё дремлет?"
        ],
		"17": [
            "Что же делать…"
        ],
		"18": [
            "Подкрасться",
            "Позвать \\str[120]"
        ],
		"19": [
            "Ладно! Потихоньку прокрадусь к её комнате,",
            "будет жаль, если разбужу её во время дневного сна."
        ],
		"20": [
            "\\{\"Я дома—!\""
        ],
		"21": [
            "Я небрежно окликнул,",
            "и вскоре послышались ",
            "торопливые шаги на лестнице."
        ],
		"22": [
            "…Ух ты, как быстро?"
        ],
		"23": [
            "\\nl< >\"\\str[121]!?",
            "Ты сегодня правда очень рано—\""
        ],
		"24": [
        	"Наверно, потому что бежала,",
        	"щеки \\str[120] порозовели, а ",
            "дыхание стало необычно частым и сбивчивым."
        ],
		"25": [
            "\"………А?    \\w[45]",
            "\\str[120], неужели ты—\""
        ],
		"26": [
            "\\nl< >\"Ик!?\""
        ],
		"27": [
            "\"Ты сейчас тайком ела чипсы, да!?",
            "Смотри, крошки у тебя в уголке рта!\""
        ],
		"28": [
            "\\nl< >\"Э… а… \\w[45] эм… ну да,    \\w[45]",
            "э-хе-хе… немного перекусывала…\"                 \\w[45]"
        ],
		"29": [
            "\\str[120] неловко путалась в оправданиях, ",
            "и это выглядело ещё подозрительнее…"
        ],
		"30": [
            "\\nl< >\"Ладно-ладно, я и тебе порцию взяла,",
            "давай вместе поедим…!\""
        ],
		"31": [
            "Не дав мне возможности продолжить расспросы, ",
            "\\str[120] юркнула прочь."
        ],
		"32": [
            "Вернувшись к входу, я в голове всё прокручивал ",
            "небрежный, слегка откровенный вид сестрёнки.     \\w[60]",
            "…Впрочем, на дворе же лето."
        ],
		"33": [
            "\"Кхм-кхм…         \\w[60]\\{",
            "Я дома—!\""
        ],
		"34": [
            "Сделав вид, что ничего не заметил, ",
            "я окликнул \\str[120] внутри."
        ]	
    }		
}