{
  "3": {
        "0": [
            "Я собирался сдержаться, но в итоге ",
            "не удержался. Не успел опомниться, ",
            "как уже оказался в ванной."
		],
        "1": [
            "Хотя место и знакомое, ",
            "пробираться вот так",
            "делает всё новым и захватывающим…"
		],
        "2": [
            "Пробрался, шаг за тихим шагом…!",
            "Так, проникновение прошло без шума…!"
		],
        "3": [
            "До того как \\str[120] выйдет, времени немного… ",
            "Может, уйти из ванной уже сейчас?"
		],
        "4": [
            "Уйти",
            "Да ну его"
		],
        "5": [
            "На сегодня хватит — если меня ",
            "\\str[120] поймает, будет плохо."
		],
        "6": [
            "Да, \\str[120] скоро выйдет——"
		],
        "7": [
            "Может, задержусь ещё чуточку…"
		],
        "8": [
            "Я уже проник в ванную.",
            "Нужно вести себя тихо, чтобы \\str[120] не заметила…"
		],
        "9": [
            "Потанцевать!",
            "Медитировать",
            "Продолжить наблюдать"
		],
        "10": [
            "Хмм… нужно быть особенно осторожным,",
            "нельзя вызывать подозрения у \\str[120]…"
		],
        "11": [
            "Да… надо успокоиться.",
            "Пора помедитировать—  \\w[30]"
		],
        "12": [
            "В мире медитации я один.",
            "Это всегда приносит умиротворение…"
		],
        "13": [
            "……………………",
            "……………………"
		],
        "14": [
            "Ого, с обострённым вниманием,",
            "даже шум душа из ванной ",
            "слышен кристально ясно. Я даже слышу ",
            "голос \\str[120] отчётливо—"
		],
        "15": [
            "От этого я ещё больше взбудоражился…"
		],
        "16": [
            "Напряжение зашкаливает… ",
            "Нужно найти, чем отвлечься.",
            "Тогда—\\w[60]\\{танцуем!"
		],
        "17": [
            "\\{Здесь, в этой ванной!",
            "В этом тесном, полном опасности месте!",
            "Двигайся, тело!",
            "Оттачивай ниндзя‑чутьё и равновесие!"
		],
        "18": [
            "\\{Здесь, в этой ванной!",
            "В этом тесном, полном опасности месте!",
            "Пусть тело движется свободно!"
		],
        "19": [
            "\\{...Ха!\\w[60] Ха!  \\w[60]"
		],
        "20": [
            "Дыхание, пульс, движение — всё в идеальном ритме.",
            "Это уже не просто тренировка. Это искусство.",
            "Лишь истинный ниндзя способен выступать на ",
            "такой опасной сцене!"
		],
        "21": [
            "—\\str[120] никогда не узнает.",
            "Что у неё за спиной однажды танцевала тень ",
            "и ускользнула незамеченной."
		],
        "22": [
            "Мои шаги отдавались эхом и тут же стихали с каждым движением.",
            "Это не просто танец…",
            "Это ритуал — дань пути скрытности."
		],
        "23": [
            "…\\str[120] до сих пор ничего не заметила.",
            "Теперь я могу приходить и уходить в этом доме бесшумно."
		],
        "24": [
            "Я тень! Я ветер! Я— \\w[60]",
            "…Нет, я просто идиот, танцующий в ванной…"
		],
        "25": [
            "…Если подумать, ",
            "похоже, я немного переусердствовал?"
		],
        "26": [
            "…Кажется, я немного прокачал",
            "навыки скрытности."
        ],
        "27": [
            "…Ух! Поскользнулся — чуть не впечатался в ",
            "стиральную машину…!"
		],
        "28": [
            "Фух — это сердце так колотится…",
            "какое-то странное чувство удовлетворения.",
            "Даже, пожалуй, бодрит?"
		]
  }, 
  "11": {
        "0": [
            "Умывшись, ",
            "\\str[120] выглядела куда бодрее.",
            "Теперь мы стоим рядом и ",
            "чистим зубы перед зеркалом."
        ],
        "1": [
            "Вот так вместе делить утреннюю рутину вместе",
            "для нас редкость, и на мгновение",
            "я даже немного занервничал.",
            "Ну… пожалуй, перекинусь парой слов—"
        ],
        "2": [
            "\"Шо мы будем е-есть на-за зав-трак...\""
        ],
        "3": [
            "\\nl< >\"П-пока... ни о чём... не ду-мала...\"  \\w[330]\\^"
        ],
        "4": [
            "\"Чисти вот так... та-к чище бу-дет...\""
        ],
        "5": [
            "\\nl< >\"О-нии-чан... ты... сам—!\"    \\w[330]\\^"
        ],
        "6": [
            "Хмм… ни слова разобрать невозможно.",
            "С полным ртом пены ",
            "говорить — то ещё мучение."
        ],
        "7": [
            "Мы закончили чистить зубы, болтая на ",
            "языке, на котором сами друг у друга не понимаем."
        ]
  },
  "13": {
           "0": [
              "\\nl< >\"...Опять новая выходка, да?\""
          ],
          "1": [
             "Хотя моя \\str[120] держится уверенно,",
             "вместо того чтобы выгнать меня, как раньше,",
             "она лишь проворчала немного."
          ],
          "2": [
              "Понимаю — она просто застенчивая.",
              "Ей нужен лишь небольшой толчок ",
              "в такой момент!"
          ],
          "3": [
              "\"Вообще-то, ",
              "кажется, меня снова проклял архидемон в лесу.\""
          ],
          "4": [
                "Прямо перед \\str[120],",
                "Я одним движением спустил штаны",
                "вытаскивая свой твердый, пульсирующий член"
          ],
          "5": [
              "\\nl< >\"Э!? \\str[121]...!    \\w[30]",
              "Почему ты тут начинаешь раздеваться...?!\""
          ],
          "6": [
              "Она растерялась и хотела закрыть глаза,",
              "но руки были заняты — ",
              "она прикрывала грудь."
          ],
          "7": [
              "\"Этот чёртов демон проклял меня, ",
              "превратил мой член в тикающую бомбу.",
              "Если срочно ничего не сделать, весь дом рванёт!\""
          ],
          "8": [
              "\\nl< >\"...Т-тогда что делать?\""
          ],
          "9": [
              "\"Просто используйте свою руку. ",
              "Если ты будешь продолжать гладить его, он выйдет...\""
          ],
          "10": [
              "\\nl< >\"Тогда почему ты сам не можешь, \\str[121]?\""
          ],
          "11": [
              "Её внезапный ответ оставил меня без слов."
          ],
          "12": [
              "Похоже, слишком частые глупые уловки",
              "научили её чему-то...?!"
          ],
          "13": [
              "\"Было бы менее неловко, если бы \\}",
              "рука моей милой \\\\str[120] делала это.\""
          ],
          "14": [
              "Мой голос затих, становясь всё тише и тише."
          ],
          "15": [
              "\\nl< >\"Подозрительно это звучит... \\str[121], ",
              "ты снова пытаешься меня разыграть?\""
          ],
          "16": [
              "Её подозрение росло — если ничего не сделать,",
              "в следующий момент меня точно выставят..."
          ],
          "17": [
              "\\nl< >\"П-подожди—?! \\str[121], это...!\""
          ],
          "18": [
              "\"Пока ты сомневаешься, ",
              "твой \\str[121] страдает от этого проклятия, знаешь ли.",
              "Ты правда сможешь спокойно смотреть, как я мучаюсь?\""
          ],
          "19": [
              "Я сделал самое невинное и жалостливое лицо, наклонился к ней вплотную",
              "затем прижал свой уже набирающий силу член прямо к ее лицу",
              "безостановочно терся об нее"
          ],
          "20": [
              "\\nl< >\"Но... \\str[121], на страдальца ты совсем не похож...   \\w[120]",
              "И прекрати прижимать ко мне всякую странность…!\""
          ],
          "21": [
              "\"Смотри~ даже мой член ноет, он вот-вот взорвется, видишь?\""
          ],
          "22": [
              "\\nl< >\"Мм... м-ммм...\""
          ],
          "23": [
              "\"Если рванёт, нашего уютного дома больше не будет, понимаешь.\""
          ],
          "24": [
              "\\nl< >\"...Боже ж ты мой, \\str[121], ты вечно...     \\w[60]",
              "врёшь с серьёзным видом...\""
          ],
          "25": [
              "Её лицо вспыхнуло целиком, даже ушки покраснели,",
              "и она уже не сопротивлялась — нужен всего один толчок...",
              "Ещё один шаг — и панцирь застенчивости треснет окончательно!"
          ],
          "26": [
              "Купон \\str[120]",
              "Дать обещание",
              "Подкупить деньгами"
          ],
          "27": [
              "\\nl< >\"...Ладно, я поняла...    \\w[60]",
              "Только в этот раз помогу тебе...\""
          ],
          "28": [
              "Похоже, взятка сработала,",
              "в её ответе уже не осталось и следа сопротивления."
          ],
          "29": [
              "\\nl< >\"...Так достаточно?\""
          ],
          "30": [
              "Она нежно обхватила мой член своей маленькой рукой",
              "явно не зная, что такое бывает"
          ],
          "31": [
              "Одной ее мягкой теплой ладони обхватившей меня, было достаточно",
	          "чтобы заставить меня пульсировать от возбуждения"
          ],
          "32": [
              "\"\"Просто держать его не получится...",
	          "нужно двигать рукой вверх-вниз.\""
          ],
          "33": [
              "Видя ее замешательство, мне пришлось взять ее за руку и показать",
              "двигая ею вверх-вниз в качестве демонстрации"
          ],
          "34": [
              "\\nl< >\"............??\""
          ],
          "35": [
              "\\nl< >\"Т-так?\""
          ],
          "36": [
              "Она начала медленно дрочить мне, ее движения были неуклюжими",
              "но, чувствуя ее тепло так близко, я готов был потерять сознание"
          ],
          "37": [
              "\\nl< >\"...Долго ещё это делать?\""
          ],
          "38": [
              "\"Не торопись... Уже почти-\""
          ],
          "39": [
              "Казалось, она поняла, что к чему, и набрала скорость",
              "внезапный прилив удовольствия отправил меня за край,",
	          "прежде чем я успел предупредить ее..."
          ],
          "40": [
              "\\nl< >\"...Э?     \\w[30]\\{",
              "Н-нннгьяааааа—\""
          ],
          "41": [
              "Запаниковав от внезапно возникшего огромного фантана,",
	          "она инстинктивно попыталась закрыть его рукой",
              "пытаясь удержать сперму, чтобы она не выплеснулась повсюду"
          ],
          "42": [
              "\"Всё нормально, правда, эта штука не опасна—",
              "\\w[20]\\^"
          ],
          "43": [
              "\\nl< >\"—у \\str[121] правда взорвалось?! ",
              "А мои глаза...?! Так горячо и липко, ааааа...!!\""
          ],
          "44": [
              "\"Ооооохххххх—?!\""
          ],
          "45": [
              "Испугавшись, она сжала его еще сильнее",
	          "боль, скрутившая мой член, заставила меня",
              "кричать вместе с ней"
          ],
          "46": [
              "\"Н-нннгьяаааа—\"",
              "\"Ооооохххххх—\""
          ],
          "47": [
              "\\nl< >\"Фу, теперь всё липкое...    \\w[90]",
              "Это всё из-за тебя, \\str[121], ",
              "ты даже не предупредил, что так будет...\""
          ],
          "48": [
              "\"Ах... ааах... ты не совсем неправ...\""
          ],
          "49": [
              "Отвечать почти не мог, в голове пусто,",
              "ещё мгновение назад она дарила блаженство,",
              "а этот небольшой ‘инцидент’ едва не оставил травму на всю жизнь..."
          ],
          "50": [
              "\\nl< >\"Ладно! Раз всё, то марш отсюда!   \\w[60]",
              "Мне нужно в душ!!\""
          ],
          "51": [
              "Хотелось бы... вместе принять ванну... правда..."
          ],
          "52": [
              "Уверен, будь мы сейчас помылись вместе,",
              "всё зашло бы ещё дальше, ",
              "но меня уже выставили из умывальной."
          ]
  },
  "15": {
        "0": [
            "Кстати… среди всякой чепухи, ",
            "которой меня учила та ниндзя-девочка,",
        "был один занятный ‘структурный принцип ниндзя-двери’.",
        "Звучало довольно интересно.",
        "Может, применить его к двери в ванну—"
		],
		"1": [
            "Например, вырезать маленькое смотровое окошко ",
            "под нужным углом — доступное только мне—",
            "если всё сделать аккуратно и не испортить ",
            "звуко- и гидроизоляцию… тогда можно будет—",
            "\\{ Хе-хе-хе~~~~~"
        ],
        "2": [
            "\\{Кхм!\\}\\w[45] Это вовсе не для чего-то странного.",
            "Вдруг \\str[120] станет плохо в ванне — ",
            "мне нужно заметить это сразу.",
            "Исключительно ради безопасности! Именно так!"
        ],
        "3": [
            "\\{Ладно!",
            "пора поработать, пока есть возможность!"
        ],	
        "4": [
            "Фух… на сегодня хватит. ",
            "Если засидеться, \\str[120] может заподозрить.",
            "Ещё парочка доработок — ",
            "и всё будет готово~~!"
        ],
        "5": [
            "Вчерашняя доработка ниндзя-двери прошла удачно.",
            "Сегодня двигаем прогресс дальше!"
        ],
        "6": [
            "Уф…! Ещё чуть-чуть —",
            "и просверлил бы боковую стену.",
            "Хорошо, что \\str[120] не зашла проверить…"
        ],
        "7": [
            "На сегодня хватит. Если засидеться, ",
            "она может начать что-то подозревать.",
            "Ещё один подход с доработками — ",
            "и всё будет готово~~!"
        ],
        "8": [
            "Так… сегодня финишная прямая.",
            "Основа готова — осталось стесать ",
            "последний слой и наклеить полупрозрачную ",
            "плёнку, чтобы \\str[120] не заметила."
        ],
        "9": [
            "…Готово! Угол обзора идеальный,",
            "и всё полностью скрыто!",
            "С этого ракурса видна вся ванная!",
            "Похоже, можно пользоваться уже завтра~!"
        ],
        "10": [
            "Разумеется, всё это исключительно из заботы ",
            "о здоровье и благополучии \\str[120]!",
            "Ничего странного!"
        ],
        "11": [
            "Хорошо вспотел — самое время в душ!"
        ],
		"12": [
            "Тон-тон-тон-тон-тон-тон-тон~~!"
        ]
  },	
  "17": {
        "0": [
            "\\str[120] вот-вот закончит ванну...",
			"Лучше поскорее уйти."
		],
		"1": [
            "С двери ванной \\str[120] больше не видно...",
			"Похоже, она лежит в ванне."
        ],
        "2": [
            "Через дверь ванной видно \\str[120],",
            "кажется, она всё ещё намыливается..."
        ],
        "3": [
            "\\str[120] пока не заметила, что я стою ",
            "перед ванной.",
			"Что делать?"
        ],
        "4": [
            "Ворваться!",
			"Подглядеть",
			"Уйти"
        ],
        "5": [
            "Тогда... лишь одним глазком..."
        ],	
        "6": [
            "Через стекло отчётливо виден силуэт \\str[120],",
			"фантазия моментально разыгралась."
        ],	
        "7": [
            "Продолжить разведку",
			"Пора назад"
        ],	
        "8": [
            "Всё чисто, продолжаем разведку!"
        ],
        "9": [
            "\\str[120] закончила ванну, ",
			"мне нужно поскорее уйти."
        ],	
        "10": [
            "...Ооо! Я её вижу!"
        ],	
        "11": [
            "\\str[120] аккуратно вытирает руки."
        ],		
        "12": [
            "Гель для душа?",
			"Слишком много пены, ",
			"детали плохо видно…"
        ],
        "13": [
            "\\str[120] всё ещё тщательно вытирает грудь…",
			"выглядит чересчур откровенно…"
        ],
        "14": [
            "...Ещё хочешь продолжать подсматривать?"
        ],
        "15": [
            "Продолжать",
			"Использовать ниндзя-дверь",
			"Забить"
        ],
        "16": [
            "…\\str[120], кажется, почувствовала мое присутствие.",
			"Лучше перестать подсматривать."
        ],
        "17": [
            "\\str[120] забралась в ванну.",
			"Радостно напевает мелодию."
        ],
        "18": [
            "…Пожалуй, пора.",
			"\\str[120] уже заканчивает — лучше уйти."
        ],
        "19": [
            "Самое время воспользоваться ",
			"ниндзя-дверью и насладиться заново…!"
        ],
        "20": [
            "—Разве я и так её уже не использую?"
        ],
        "21": [
            "\\str[120] всё ещё тщательно вытирает грудь…",
			"выглядит чересчур откровенно…"
        ]	
  },	
  "23": {
        "0": [
            "Тихонечко подкрадываюсь…………  \\w[30]",
			"Если подглядывать, дверь нужно открывать аккуратно, ",
			"чтобы \\str[120] ничего не заметила—"
		],
		"1": [
            "О-о-о—! Я её вижу!",
			"Похоже, \\str[120] вот-вот снимет трусики.",
			"Интересно, увижу ли я что‑нибудь с этого угла!?"
        ],
        "2": [
            "О-о-о—! Я её вижу!",
            "Похоже, \\str[120] вот-вот начнёт раздеваться.",
			"Редко удаётся увидеть её только в трусиках… ",
			"получится ли поймать момент, когда она их снимет!?"
        ],
        "3": [
        	"О-о-о—! Я её вижу!",
        	"Похоже, \\str[120] вот-вот начнёт раздеваться.",
        	"Нижняя часть уже совсем голая… ",
				"хоть бы взглянуть поближе…"
        ],
        "4": [
            "Вот чёрт, толкнул дверь слишком сильно…!"
        ],
        "5": [
            "…Неплохой вид~        \\w[30]",
			"Наверное, пора уходить."
        ],	
        "6": [
            "Что дальше? ",
			"пробраться поглубже в ванную?"
        ],	
        "7": [
            "Пробраться внутрь",
			"Вернуться"
        ],	
        "8": [
            "Если продолжу, ",
			"возможно, узнаю что‑то ещё…!"
        ],
        "9": [
            "На сегодня хватит. ",
			"Будет плохо, если \\str[120] меня поймает."
        ],
        "10": [
            "…\\str[120] заметила, что я подглядываю!",
            "Меня тут же выставили."
        ]
  },	
  "25": {
        "0": [
            "\\nl< >\"О-\\str[121]!? Что ты здесь делаешь?\""
		],
		"1": [
            "\\nl< >\"…Это ты там, за дверью, \\str[121]?\""
        ],
        "2": [
            "Гх…!",
            "Всё-таки меня раскрыли."
        ],
        "3": [
            "\\nl< >\"Я знала, что это ты, \\str[121]. ",
			"Зачем ты тут шныряешь?\""
        ],
        "4": [
            "\\nl< >\"…\\str[121]?    \\w[30]",
			"Что ты там делаешь, прячешься за дверью?\""
        ],
        "5": [
            "Я уже пробрался внутрь…",
			"Назад пути нет…!"
        ],	
        "6": [
            "Меня поймали на подглядывании…",
			"Как теперь объясниться перед \\str[120]…"
        ],	
        "7": [
            "Медосмотр",
			"Дай посмотреть!",
			"Придумать отмазку",
			"Крайняя мера",
			"Хочу непотребства!"
        ],	
        "8": [
            "Ааа…! Похоже, остаётся ",
			"только прибегнуть к крайней мере!"
        ],
        "9": [
            "\"НОГИ В РУКИ, СВАЛИВАЕМ!!!\""
        ],
        "10": [
            "Я быстро смылся.      \\w[30]",
			"Разумеется, и после этого ",
			"\\str[120] всё равно отчитала меня."
        ],
        "11": [
            "\\{",
			"……Я правда это делаю?!",
			"Сейчас?! Прямо здесь?!"
        ],
        "12": [
            "\\nl< >\"\\str[121]!? Ты снова подглядываешь…!?\""
        ],
        "13": [
            "…Похоже, \\str[120] поймала меня на подглядывании!",
			"Но мне это не кажется?",
			"Будто она даже слегка подвигалась, ",
			"чтобы мне было лучше видно——"
        ],	
        "14": [
            "\"Успокойся, дорогая \\str[120].",
			"\\str[121] точно не собирается делать ничего плохого.\""
        ],
        "15": [
            "\\{\"Я всего лишь хотел заботливо присмотреть ",
			"за своей милой сестрёнкой из тени！\""
        ],
        "16": [
            "\"Верно, это просто медосмотр！\""
        ],
        "17": [
            "\\nl< >\"Я уже слышала эту отмазку！\""
        ],
        "18": [
            "\"Нет-нет! ",
			"В этот раз совсем не так, как в прошлый！\""
        ],
        "19": [
            "\\nl< >\"Ч-что ты имеешь в виду…",
			"Зачем \\str[121] стал бы делать такое……\""
        ],
        "20": [
            "\"Это крайне важно!",
			"Если бы с твоим здоровьем было что‑то не так,",
			"а я, как брат, это не заметил бы……！\""
        ],
        "21": [
            "\\nl< >\"Угхх… Так что именно \\str[121] хочет сделать？\""
        ],
        "22": [
            "\"Дай сначала посмотрю на грудь\"    \\w[40]\\^"
        ],
        "23": [
            "Ах — чёрт. ",
			"Сболтнул то, что действительно думал..."
        ],
        "24": [
            "\\nl< >\"…И это правда как‑то относится к делу?\""
        ],
        "25": [
            "\\nl< >\"Ладно, если \\str[121] действительно хочет…     \\w[120]",
			"\\}Обманщик ты…\\{"
        ],
        "26": [
            "\\nl< >\"Ну вот, доволен？\""
        ],
        "27": [
            "\"А, д-да… Очень красиво.\""
        ],
        "28": [
            "Не думал, что \\str[120] и правда покажет грудь.",
			"Так опешил, что едва успел толком рассмотреть."
        ],
        "29": [
            "\\nl< >\"Ладно, хватит!",
			"\\str[121] закончил со своим ‘осмотром’, да?",
			"Я иду в ванну, так что марш отсюда！\""
        ],
        "30": [
            "\\nl< >\\{",
			"\"Ни за что! \\str[121], дурак！\""
        ],
        "31": [
            "\\str[120] вытолкнула меня из ванной.      \\w[30]",
			"…Сработает ли эта отмазка в следующий раз?"
        ],
        "32": [
            "\"Вообще-то, \\str[120]… у \\str[121] есть болезнь,",
			"от которой он умрёт, если не увидит наготу……！\""
        ],
        "33": [
            "Это была первая попавшаяся отмазка,",
			"но мне удалось состроить весьма мученическое лицо."
        ],
        "34": [
            "\\nl< >\"Э!? У \\str[121] такая болезнь!?\""
        ],
        "35": [
            "\"И не помню, когда подцепил…",
			"Но как накрывает — всё тело начинает чесаться,",
			"и помогает только вид чьей‑то наготы！\""
        ],
        "36": [
            "\\nl< >\"Постой, это вообще настоящая болезнь?\""
        ],
        "37": [
            "\"Ах… ааах…!! Зуд начинается…！\""
        ],
        "38": [
            "Я намеренно рухнул на пол,",
			"дрожа весь как‑будто ‘по‑настоящему’."
        ],
        "39": [
            "\\nl< >\\{\"…………………………\""
        ],
        "40": [
            "\\nl< >\"Ладно, ладно…",
			"Если ты уж так, то посмотрИ…\""
        ],
        "41": [
            "Милая и доверчивая \\str[120] сразу мне поверила,",
			"смутилась до очаровательности."
        ],
        "42": [
            "\\nl< >\"Ну как, доволен？\""
        ],
        "43": [
            "Она оказалась слишком милой,",
			"и я так засмотрелся, ",
			"что забыл продолжать игру."
        ],
        "44": [
            "\\nl< >\"…Так больше не чешется?\""
        ],
        "45": [
            "\"Ага, теперь чувствую себя полностью обновлённым.\""
        ],
        "46": [
            "Я быстро поднялся с пола ",
			"и одарил её весьма довольной улыбкой."
        ],
        "47": [
            "\\nl< >\"Угхх…! Значит, ты всё это время ",
			"просто издевался надо мной, да!?\""
        ],
        "48": [
            "\\nl< >\"Идиот же ты, \\str[121]! ",
			"Уже марш отсюда！\""
        ],
        "49": [
            "Надув щёчки от досады, ",
			"\\str[120] вытолкнула меня из ванной.",
			"Хмм… похоже, в конце я всё запорол."
        ],
        "50": [
            "\\nl< >\"Э!? \\str[121] хочет увидеть моё…!?\""
        ],
        "51": [
            "\\nl< >\"Ни за что! \\str[121], ну и дурак же ты！\""
        ],
        "52": [
            "\\nl< >\"Зачем вообще такое просить!? ",
			"Это же странно…！\""
        ],
        "53": [
            "\\nl< >\\{\"Блин, \\str[121], дурачина!!!\""
        ],
        "54": [
            "\\str[120] с сердцем выставила меня за дверь.",
		    "Пожалуй, на этот раз я и правда перегнул…"
        ]
  },
  "32": {
        "0": [
            "Раз уж \\str[120] позвала меня,",
            "я не стал долго думать и просто зашёл в ванную.    \\w[30]\\{",
            "В конце концов, это ведь она сама меня позвала."
        ],
        "1": [
            "\"Что случилось?\""
        ],
        "2": [
            "\\nl< >\"Эм... шампунь закончился.",
            "\\str[121], можешь принести новую бутылку?\""
        ],
        "3": [
            "\\str[120] застенчиво выглянула из ванной,",
            "словно осторожный, но любопытный зверёк —",
            "такой, которого невольно хочется подразнить…",
            "Что мне теперь делать?"
        ],
        "4": [
            "Позвать \\str[120]",
            "Принести шампунь"
        ],
        "5": [
            "\\nl< >\"Э-э... я же ещё моюсь…\""
        ],
        "6": [
            "\\nl< >\"Эй, я ведь позвала тебя только потому, что ",
            "не хотела намочить пол…\""
        ],
        "7": [
            "Я отогнал странные мысли,",
            "нашёл запасной шампунь в шкафчике ",
            "и протянул его \\str[120]."
        ],
        "8": [
            "\\nl< >\"Спасибо, \\str[121]! ",
            "Я вернусь к ванне — увидимся позже!\""
        ],
        "9": [
            "\\str[120] закрыла дверь и вернулась к купанию.   \\w[30]",
            "Хм... может, остаться здесь ещё немного?"
        ],
        "10": [
            "Осмотреться",
            "Вернуться"
        ],
        "11": [
            "Раз уж я уже здесь,",
            "почему бы немного не осмотреться?"
        ],
        "12": [
            "\\str[120] всё ещё купается... лучше вернуться."
        ],
        "13": [
            "\\str[120] послушно подошла ко мне",
            "Поскольку она еще купалась,",
            "на ней было только свободно обернутое полотенце",
            "и от ее тела исходил запах геля для душа, смешанный с паром."
        ],
        "14": [
            "Итак... ",
            "что мне теперь делать с \\str[120]...?"
        ],
        "15": [
            "Дать конфету",
            "Погладить по голове",
            "Потрогать грудь",
            "Поболтать"
        ],
        "16": [
            "\"Хорошая девочка, хорошая~ ",
            "Вот, держи конфетку.\""
        ],
        "17": [
            "\\nl< >\"Я уже одну съела—    \\w[70]\\^"
        ],
        "18": [
            "\\nl< >\"Хотя она вкусная, ",
            "после неё тело будто немного нагревается…\""
        ],
        "19": [
            "\\nl< >\"Конфета, да... сладкая...      \\w[60]",
            "Но \\str[121], ты ведь сейчас как дедушка звучишь, знаешь?\""
        ],
        "20": [
            "Я накормил \\str[120] странной конфетой."
        ],
        "21": [
            "\\nl< >\"Я же сказала — перестань трогать меня!\""
        ],
        "22": [
            "\"    ヾ(・ω・｀)    ",
            "Хорошая девочка, хорошая~\""
        ],
        "23": [
            "\\nl< >\"Ммм...    \\w[45]",
            "У меня же волосы ещё мокрые,",
            "не трогай голову сейчас…\""
        ],
        "24": [
            "Я погладил влажные волосы \\str[120] —",
            "да, на ощупь было не очень…"
        ],
        "25": [
            "\\nl< >\"\\str[121]... ты вообще помнишь, зачем пришёл...?\""
        ],
        "26": [
            "\\nl< >\"Если уж так хочешь, \\str[121], просто скажи...",
            "Ты ведь всё равно постоянно о таком думаешь…\""
        ],
        "27": [
            "\\nl< >\"Так это опять твоя рука ‘случайно’ скользнула...?   \\w[90]\\{",
            "\\str[121], извращенец!\""
        ],
        "28": [
            "Глядя на силуэт \\str[120] под полотенцем,",
            "моя рука сама по себе потянулась к этому мягкому, ощутимому теплу."
        ],
        "29": [
            "\\nl< >\\{\"—Нья!? \\str[121]!?\""
        ],
        "30": [
            "\"Прости, рука соскользнула.\""
        ],
        "31": [
            "\\nl< >\"Не время дразнить меня...!\""
        ],
        "32": [
            "Ммм... по ощущениям,",
            "кажется, \\str[120] снова немного подросла."
        ],
        "33": [
            "\\nl< >\"Хватит уже... где мой шампунь?\""
        ],
        "34": [
            "\"Температура воды нормальная?\""
        ],
        "35": [
            "\\nl< >\"Да, идеально — очень приятно.\""
        ],
        "36": [
            "Немного поболтал с \\str[120]."
        ],
        "37": [
            "Хмм, я уже достаточно задержался. ",
            "Пора перестать дразнить \\str[120]",
            "и просто отдать ей шампунь."
        ],
        "38": [
            "\\nl< >\"Спасибо, \\str[121]! ",
            "Пойду дальше мыться — увидимся потом~\""
        ],
        "39": [
            "\\str[120] закрыла дверь и вернулась к купанию.    \\w[30]",
            "Если задержусь, это будет выглядеть подозрительно... лучше уйти."
        ],
        "40": [
            "\\nl< >\\{\"—Нья!?\"",
            "\\w[45]\\^"
        ],
        "41": [
            "\\str[120] вдруг поскользнулась прямо передо мной,",
            "упала лицом вниз —",
            "было больно даже смотреть."
        ],
        "42": [
            "\\{\"Ах! Ты... ",
            "в порядке!?\""
        ],
        "43": [
            "Я быстро подбежал и помог \\str[120] подняться.",
            "К счастью, падение было лёгким — без травм."
        ],
        "44": [
            "\\nl< >\"Ууу... \\str[121], это было больно...\""
        ],
        "45": [
            "\\nl< >\"Наверное, шишка останется...!\""
        ],
        "46": [
            "Глядя, как \\str[120] слегка дрожит от боли,",
            "я осторожно успокоил её и помог снова сесть в ванну, ",
            "чтобы смыть шампунь."
        ]
    }
}