{
	"skillToggle": [
            "Активно",
            "Неактивно"
    ],	
    "1": {
        "name": [
            "Магическая сумка-хранилище"
        ],
        "subtitle": [
		    ""
		],
        "description": [
            "Портативный магический инструмент, позволяющий носить ",
            "гораздо больше вещей, чем обычно. Однако ",
            "даже у магических инструментов есть пределы хранения.."
        ],
        "ability": [
            "Ёмкость оружия: ${QJ.MPMZ.tl.ex_playerCheckInventory('weapon')}",
            "Ёмкость снаряжения: ${QJ.MPMZ.tl.ex_playerCheckInventory('gear')}"
        ]
    },	
    "2": {
        "name": [
            "Сэнпо"
        ],
        "subtitle": [
		    ""
		],
        "description": [
            "Быстрый шаг по земле покрывает короткую дистанцию,",
            "позволяя уклоняться от некоторых атак. Это всего лишь стартовый рывок ",
            "— но пользователь настаивает на крутом названии"
        ],
        "ability": [
            "Удерживайте пробел для активации"
        ]
    },
    "3": {
        "name": [
            "Сэнпо Тати"
        ],
        "subtitle": [
		    ""
		],
        "description": [
            "Техника выхвата меча, изученная у юной Мастера Клинка.",
            "В сочетании с Сэнпо высвобождает удар, усиленный скоростью,  ",
            "— достаточно, чтобы отбросить врагов при правильном тайминге."
        ],
        "ability": [
            "ЛКМ во время Сэнпо: Рубящий удар, урон зависит от скорости",
            "Зажмите ПКМ во время Сэнпо: Разгон, эффект зависит от импульса"
        ],
        "mobileAbility": [
            "Нажмите кнопку навыка, чтобы рубануть: урон зависит от скорости движения",
            "Удерживайте кнопку навыка для разгона: эффект зависит от импульса"
        ]		
    },
    "4": {
        "name": [
            "Вихревой разрез"
        ],
        "subtitle": [
		    ""
		],
        "description": [
            "Крутясь, размахивая оружием, наносите непрерывные атаки. ",
            "Скорость атак со временем увеличивается. Для тех, кто не силён ",
            "в технике меча, приём прост в освоении и эффективен."
        ],
        "ability": [
            "Зажмите ПКМ, чтобы активировать навык",
            "Отмените во время вращения, чтобы метнуть оружие"
        ],
        "mobileAbility": [
            "Удерживайте кнопку навыка, чтобы активировать навык",
            "Отмените во время вращения, чтобы метнуть оружие"
        ]		
    },	
    "7": {
        "name": [
            "Чутьё опасности"
        ],
        "subtitle": [
		    ""
		],
        "description": [
            "Часто зовут «Оком разума», но на деле это чувство, ",
            "отточенное бесчисленными касаниями со смертью,",
            "иначе говоря, скорее травматический рефлекс, чем навык..."
        ],
        "ability": [
            "Наведите курсор на цель, чтобы увидеть подробности"
        ],
        "mobileAbility": [
            "Нажмите на цель, чтобы увидеть подробности"
        ]		
    },	
    "10": {
        "name": [
            "Сокрытие дыхания"
        ],
        "subtitle": [
            "true"
        ],
        "description": [
            "Техника ниндзя. Выучил наспех, но…",
            "как-то быстро уловил суть."
        ],
        "ability": [
            "Нажмите Shift при активном навыке, чтобы войти в скрытность",
            "Уменьшает радиус обнаружения монстра на \\c[17]${1+$gameParty.leader().skillMasteryLevel(10)}\\c[108] клетку",
            "Снижает скорость роста тревожности \\str[120] при подглядывании на \\c[17]${15+15*$gameParty.leader().skillMasteryLevel(10)}%\\c[0]"
        ]
    },	
    "11": {
        "name": [
            "Удар в спину"
        ],
        "subtitle": [
            "true"
        ],
        "description": [
            "Техника ниндзя. Можно активировать в скрытности",
            "Ударьте врага со спины, когда он не защищён, чтобы нанести огромный урон!"
        ],
        "ability": [
            "Мастерство навыка: \\c[6]${$gameActors.actor(1).skillMasteryUses(11)}\\c[0]",
            "Бонус урона при убийстве: \\c[17]${Math.round(200 + (2333 - 200) * Math.pow($gameActors.actor(1).skillMasteryLevel(11) / 9, 1.8))}%\\c[0]"
        ]
    },	
    "12": {
        "name": [
            "Му-со: Взрывной поток"
        ],
        "subtitle": [
		    ""
		],
        "description": [
            "Секретный финишер, унаследованный от ASABA, принявшего скорбь",
            "В миг, слишком быстрый для глаза, обрушивается сотня ударов —",
            "и врагу остаётся лишь кромешная тьма!"
        ],
        "ability": [
            "Команда навыка:  \\{⬆⬇⬅⮕⬆⬇\\}",
            "Каждое применение навыка расходует немного HP"
        ]
    },
    "15": {
        "name": [
            "Кроссдрессинг"
        ],
        "subtitle": [
		    ""
		],
        "description": [
            "Ты надел одежду не по тебе… и что-то внутри ",
            "шевельнулось. Боевого бонуса нет — может даже поехать крыша.",
            "Спутники смотрят странно, враги могут замешкаться…",
            "В конце концов, в этом мире — милота есть справедливость!"
        ],
        "ability": [
            "Увеличивает Грех в зависимости от числа надетых кроссдресс-вещей!"
        ]
    },		
    "16": {
        "name": [
            "Хранители клинка"
        ],
        "subtitle": [
		    ""
		],
        "description": [
            "\"Как бы ты ни размахивал оружием!\" \"Мы восстанем, чтобы тебя пристыдить!\"",
            "\"Чтобы клинки не истирались!\" \"Чтобы защитить достоинство оружия!\"",
            "\"Ибо верим: меч — господин, а люди — лишь слуги!\"",
            "\"Самые нелепые, но несокрушимые верующие!\"",
            "\"Мы — Сторожи Оружия — Хранители Клинка!\""
        ],
        "ability": [
            "Надев их значок, ты теперь один из них"
        ]
    },			
    "18": {
        "name": [
            "Поломка оружия"
        ],
        "subtitle": [
		    ""
		],
        "description": [
            "У любого оружия есть предел прочности, ",
            "а так как пользователь не силён в точных атаках,",
            "есть риск его сломать. Но когда оружие ломается —",
            "последний удар становится мощным критическим!"
        ],
        "ability": [
            "Бонус урона финального удара: \\c[6]${200+(100*$gameActors.actor(1).skillMasteryLevel(48))}%\\c[0]"    
        ]
    },		
    "26": {
        "name": [
            "Тренировка фехтования"
        ],
        "subtitle": [
            "true"
        ],
        "description": [
            "Попросил совета у девушки-мечницы, как стать сильнее",
            "Она лишь сказала: ‘Просто маши мечом по 1 000 раз каждый день!’",
            "—И это правда сработает!? Ладно, попробуем..."
        ],
        "ability": [
            "Выполнено взмахов: \\{\\c[6]${$gameActors.actor(1).skillMasteryUses(26)}\\c[0]",
            "Базовый урон оружия ближнего боя увеличен на \\c[6]${Math.ceil(1.8**$gameActors.actor(1).skillMasteryLevel(26))}%"
        ]
    }	
}