{
    "2": {
        "0": [
            "Sau khi bước vào Cổng Sao, ",
			"mảnh đá trong ba lô tôi đột nhiên ",
			"tỏa ra một luồng nhiệt dữ dội.",
			" ",
			"Tôi vội lấy mảnh đá ra, chỉ để phát hiện ra ",
			"rằng thứ vốn yên tĩnh và ổn định bấy lâu nay ",
			"bắt đầu biến đổi—"
		],
		"1": [
            "\"C-cái gì thế này...\""
        ],
        "2": [
            "Tôi hoàn toàn không biết chuyện gì vừa xảy ra.",
            "Viên đá đột nhiên bắt đầu phát sáng ",
			"một cách điên cuồng theo những xung kỳ lạ đó..."
        ],
        "3": [
            "Chỉ trong khoảnh khắc tiếp theo, ",
			"viên đá đột nhiên bắt đầu tan chảy—"
        ],
        "4": [
            "\"Á… aaah!?   \\w[60]",
			"Không, không—nó sắp tràn ra rồi!!\""
        ],
        "5": [
            "Khi viên đá bất ngờ nhanh chóng chuyển ",
			"thành dạng lỏng, tôi cuống cuồng lục tìm trong ",
			"ba lô và lấy ra một chiếc lọ thủy tinh, vội vàng ",
			"thu thập chất lỏng đỏ vẫn còn dính trên tay."
        ],
        "6": [
            "…………",
			"…………"
        ],
        "7": [
            "Liệu đây có phải là Xích Sắc Linh Dược mà cha tôi ",
			"đã nhắc đến...?",
			"Nhưng sao nó lại phản ứng khi ở trong cánh cổng này...?"
        ]		
    }
}