{
  "2": {
        "0": [
            "\\nl< >\"\\str[121]... hang in there...    \\w[90]",
			"You’ll definitely get better.\""
		],
        "1": [
            "What’s gonna happen to my dignity as her \\str[121]..."
		],
        "2": [
            "\\nl< >\"\\str[121]... don’t be sad.\""
		],
        "3": [
            "\\nl< >\"\\{Hemorrhoids\\}? That must’ve been caused by bad habits...\""
		],
        "4": [
            "This is bad. The misunderstanding’s only getting worse—"
		],
        "5": [
            "\"Ah, that’s why I’m not——\"",
			"\\w[45]\\^"
		],
        "6": [
            "\\nl< >\\{  \"Could it be something even more serious!?\"   "
		],
        "7": [
            "\"Sorry, it’s just hemorrhoids.\""
		],
        "8": [
            "And so, my reason for spending too long in the toilet ",
			"was officially decided…"
		],
        "9": [
            "\\nl< >\"…So it really was constipation?\""
		],
        "10": [
            "Not good—",
			"\\str[120]’s starting to get the wrong idea."
		],
        "11": [
            "\"Oh dear \\str[120], your \\str[121] ",
			"was simply pondering deep thoughts, you know?\""
		],
        "12": [
            "\\nl< >\"I see...! That’s amazing, \\str[121].\""
		],
        "13": [
            "Amazing, right? ",
			"Your \\str[121] just temporarily ascended into sage mode."
		],
        "14": [
            "\"Anyway, let’s start making dinner!\""
		],
        "15": [
            "\\nl< >\"\\str[121], you were in the toilet for so long again.\""
		],
        "16": [
            "Can’t even deny it... I really was in there forever..."
		],
        "17": [
            "\"Ahem…! That doesn’t matter right now,",
			"come on, let’s get dinner started!\""
		],
        "18": [
            "\\nl< >\"So suspicious…\""
		],
        "19": [
            "\\nl< >\"You’re so slow, \\str[121]! Are you constipated?!\""
		],
        "20": [
            "\"Ahaha… no way…\""
		],
        "21": [
            "\"You’re hungry already, right? ",
			"Okay, let’s get started on dinner—!!\""
		]
    },

  "3": {
        "0": [
            "\\nl< >\"\\str[121]... You’re still there, right?\""
		],
        "1": [
            "\\nl< >\"Bugs are so scary, ",
			"but \\str[121] came to help me right away.\""
		],
        "2": [
            "\\nl< >\"You came so fast,",
			"it’s like you were waiting right outside the toilet.\""
		],
        "3": [
            "\\>\\{\"—Ack!\"",
			"\\w[90]"
		],
        "4": [
            "Overcome with guilt,",
			"I lost focus for a moment, slipped, and almost fell."
		],
        "5": [
            "\\nl< >\"\\str[121]... are you okay!?\""
		],
        "6": [
            "\"N-no, I’m fine! I just ran over too fast,",
			"and twisted my ankle a little, ahaha...\""
		],
        "7": [
            "After that, I somehow managed to brush it off with \\str[120]."
		],
        "8": [
            "\\nl< >\"\\str[121], honestly— you were so cool just a moment ago...",
			"and now you’re teasing me again!\""
		],
        "9": [
            "\\nl< >\"Come to think of it, \\str[121] showed up really fast this time.",
			"Don’t tell me you were actually waiting outside the toilet from the start...?\""
		],
        "10": [
            "\\nl< >\"Ugh, bugs really are scary...",
			"I’m so glad \\str[121] came just in time.\""
		],
        "11": [
            "\"Don’t worry, ",
			"I’ll always come running whenever you’re in danger!\""
		],
        "12": [
            "\\nl< >\"But you know, \\str[121]...",
			"hiding outside the toilet from the start,",
			"that’s pretty careless of you〜\""
		],
        "13": [
            "\\nl< >\"That’s not okay, you know? ",
			"Peeking at a girl while she’s using the toilet~!\""
		],
        "14": [
            "\\nl< >\"So, how was it? ",
			"Watching a girl pee with those lewd eyes of yours—",
			"what did it feel like?\""
		],
        "15": [
            "\\nl< >\"Ahaha... so I’ve been found out, huh...?\""
		],
        "16": [
            "Cold sweat ran down my back as I looked at \\str[120]’s mischievous smile.",
			"For a moment, I couldn’t even tell if she was actually angry—",
			"maybe... I’m the one being toyed with here..."
		]
    },		
  "4": {
        "0": [
            "I wanted to cheer \\str[120] up a bit more,",
			"but I got kicked out of the room.\""
		],
        "1": [
            "Oh well, guess I’ll just sleep for now—",
			"I’ll think of something tomorrow..."
		]
    },		
  "6": {
        "0": [
            "Phew... good thing I didn’t embarrass myself ",
			"in front of \\str[120]...",
			"But———"
		],
		"1": [
            "\\{\"Ugh———\"  \\w[60]"
        ],
        "2": [
            "This is worse than I thought...",
            "Has it been going on for over half an hour now...?"
        ],
        "3": [
            "Feels like my whole body’s being drained...",
            "Maybe there really was something wrong ",
			"with dinner?"
        ],
        "4": [
            "\\nl< >\"\\str[121]... are you okay...?",
			"I heard... some really scary noises...\""
        ],
        "5": [
            "\"Ahaha… maybe I ate something bad…",
			"Don’t come close… it’s dangerous here…\""
        ],	
        "6": [
            "I heard \\str[120]’s worried voice from ",
			"outside the door. As much as I wanted to ",
			"get out of here quickly, even the strength to ",
			"stand was slipping away from me..."
        ],	
        "7": [
            "\\{\"Uooohhhh—\"  \\w[60]"
        ],
        "8": [
            "I can’t…",
			"It just won’t stop..."
        ],
        "9": [
            "\\nl< >\"\\str[121]… are you still in there?\""
        ],
        "10": [
            "\\nl< >\"U-um... actually...",
			"I kind of need to use the toilet too...\""
        ],
        "11": [
            "\\{\"Gwoooaaahhh—\" \\w[60]"
        ],	
        "12": [
            "\\{\"N-not yet—",
			"I still... can’t come out—!\""
        ],
        "13": [
            "\\nl< >\"Eh... it’s been another ten minutes already...\\w[120]",
			"I... I really need to go too...\""
        ],	
        "14": [
            "\"Uwooaaahhhh—!",
			"I-it won’t stop—!\""
        ],
        "15": [
            "\\nl< >\"\\str[121]... is already...\""
        ],	
        "16": [
            "\"Uwooaaaaooooqaswdectfrvtghunijopioijoh——!\""
        ],
        "17": [
            "\\nl< >\"Uwaaaahhh——!",
			"I can’t hold it anymore...!\""
        ],
        "18": [
            "\"Uwaaaaahhhhhhh——!\"",
			"\"Uwooooohhhhhhh——!\""
        ],
        "19": [
            "That night, from an obscure house,",
			"came the agonized roars of a wild beast,",
			"intermixed with blush-inducing cries ",
			"and indescribable moans."
        ],	
        "20": [
            "Sometimes low like a dying beast’s struggle,",
			"sometimes sharp like a shy girl’s scream,",
			"they blended into a chaotic and ambiguous ,",
			"symphony."
        ],	
        "21": [
            "Meanwhile, deep in the far-off night,",
			"even the adventurers still fighting at ",
			"the abyss’s edge shivered,",
			"instinctively pausing with swords in hand,",
			"exchanging glances, briefly wondering",
			"if somewhere in the shadows, a new and ",
			"unknown abyssal creature had been born."
        ]
    }
		
}
