{
  "1": {
    "name": [
      "Bolsa de Almacenamiento Mágico"
    ],
    "subtitle": [
      ""
    ],
    "description": [
      "Una herramienta mágica portátil que te permite llevar ",
      "muchos más objetos de lo normal. Sin embargo, ",
      "incluso las herramientas mágicas tienen sus límites de almacenamiento."
    ],
    "ability": [
      "Capacidad de armas: ${QJ.MPMZ.tl.ex_playerCheckInventory('weapon')}",
      "Capacidad de equipamiento: ${QJ.MPMZ.tl.ex_playerCheckInventory('gear')}"
    ]
  },
  "2": {
    "name": [
      "Senpo"
    ],
    "subtitle": [
      ""
    ],
    "description": [
      "Un paso rápido en el suelo cubre una corta distancia, ",
      "permitiéndote esquivar algunos ataques. Es solo una técnica de ",
      "arranque inicial, pero el usuario insiste en darle un nombre genial."
    ],
    "ability": [
      "Mantén presionada la barra espaciadora para activar"
    ]
  },
  "3": {
    "name": [
      "Senpo Tachi"
    ],
    "subtitle": [
      ""
    ],
    "description": [
      "Una técnica de desenvaine aprendida de la joven Maestra de la Espada. ",
      "Al combinar con Senpo, liberas un golpe potenciado por la velocidad ",
      "— suficiente para lanzar enemigos si se sincroniza bien."
    ],
    "ability": [
      "Clic izquierdo durante Senpo: Tajo, el daño escala con la velocidad",
      "Mantén clic derecho durante Senpo: Carga, los efectos escalan con el impulso"
    ],
    "mobileAbility": [
      "Toca el botón de habilidad para tajar, el daño escala con la velocidad de movimiento",
      "Mantén el botón de habilidad para cargar, el efecto escala con el impulso"
    ]
  },
  "4": {
    "name": [
      "Tajo Tornado"
    ],
    "subtitle": [
      ""
    ],
    "description": [
      "Gira mientras blandís tu arma para lanzar ataques continuos. ",
      "La velocidad de ataque aumenta con el tiempo. Para aquellos que no son expertos ",
      "en técnicas de espada, este movimiento es fácil de aprender y efectivo."
    ],
    "ability": [
      "Mantén clic derecho para activar la habilidad",
      "Cancela durante el giro para lanzar tu arma"
    ],
    "mobileAbility": [
      "Mantén el botón de habilidad para activar la habilidad",
      "Cancela durante el giro para lanzar tu arma"
    ]
  },
  "7": {
    "name": [
      "Sentido del Peligro"
    ],
    "subtitle": [
      ""
    ],
    "description": [
      "A menudo llamado ‘Ojo de la Mente’, pero en realidad es un sentido ",
      "agudizado por numerosos encuentros con la muerte. ",
      "En otras palabras, más un reflejo traumático que una habilidad real..."
    ],
    "ability": [
      "Pasa el cursor sobre el objetivo para ver información detallada"
    ],
    "mobileAbility": [
      "Toca el objetivo para ver información detallada"
    ]
  },
  "10": {
    "name": [
      "Ocultamiento de Respiración"
    ],
    "subtitle": [
      "verdadero"
    ],
    "description": [
      "Una técnica ninja. La aprendí apresuradamente, pero… ",
      "de alguna manera, la dominé bastante rápido."
    ],
    "ability": [
      "Presiona Shift mientras estás activo para entrar en sigilo",
      "Reduce el rango de detección del monstruo en \\c[17]${1+$gameParty.leader().skillMasteryLevel(10)}\\c[108] casilla",
      "Reduce la tasa de alerta de \\str[120] al espiar en \\c[17]${15+15*$gameParty.leader().skillMasteryLevel(10)}%\\c[0]"
    ]
  },
  "11": {
    "name": [
      "Puñalada por la Espalda"
    ],
    "subtitle": [
      "verdadero"
    ],
    "description": [
      "Una técnica ninja. Puede activarse mientras estás en sigilo.",
      "¡Ataca a un enemigo desprevenido por la espalda para infligir daño masivo!"
    ],
    "ability": [
      "Maestría de habilidad: \\c[6]${$gameActors.actor(1).skillMasteryUses(11)}\\c[0]",
      "Bonificación de daño de asesinato: \\c[17]${Math.round(200 + (2333 - 200) * Math.pow($gameActors.actor(1).skillMasteryLevel(11) / 9, 1.8))}%\\c[0]"
    ]
  },
  "15": {
    "name": [
      "Crossdressing"
    ],
    "subtitle": [
      ""
    ],
    "description": [
      "Te pones ropa que no es para ti… y algo dentro de ti ",
      "se agitó. Sin bonificación de combate—podría incluso confundirte un poco.",
      "Tus compañeros miran raro, y los enemigos podrían dudar… quizás.",
      "Después de todo, en este mundo—¡la ternura es la justicia!"
    ],
    "ability": [
      "¡Incrementa el Pecado según la cantidad de objetos de crossdressing equipados!"
    ]
  },
  "18": {
    "name": [
      "Rotura de Arma"
    ],
    "subtitle": [
      ""
    ],
    "description": [
      "Todas las armas tienen límites de durabilidad, ",
      "y como el usuario no es bueno en ataques precisos, ",
      "existe el riesgo de romperlas. Pero cuando el arma se rompa—",
      "¡infligirá un golpe crítico poderoso!"
    ],
    "ability": [
      "Potenciación de daño final: \\c[6]${200+(100*$gameActors.actor(1).skillMasteryLevel(48))}%\\c[0]"
    ]
  },
  "26": {
    "name": [
      "Entrenamiento de Esgrima"
    ],
    "subtitle": [
      "verdadero"
    ],
    "description": [
      "Pedí consejo a una chica maestra de espadas para hacerme más fuerte.",
      "Lo único que dijo fue ‘¡Solo balanza tu espada 1,000 veces al día!’",
      "—¡¿En serio funcionará?! De todos modos, intentémoslo..."
    ],
    "ability": [
      "Número de prácticas realizadas: \\{\\c[6]${$gameActors.actor(1).skillMasteryUses(26)}\\c[0]",
      "Daño base de armas cuerpo a cuerpo incrementado en \\c[6]${Math.ceil(1.8**$gameActors.actor(1).skillMasteryLevel(26))}%"
    ]
  },
  "skillToggle": [
    "Activado",
    "Inactivo"
  ]
}