﻿{
  "1": {
    "name": [
      "บัตรกำนัลชา"
    ],
    "subtitle": "",
    "description": [
      "บัตรกำนัลที่ออกโดย NLCH ใช้เพื่อแลกขนมชาแสนอร่อย",
      "แต่… ร้านค้าของ NLCH อยู่ที่ไหนล่ะ?"
    ],
    "ability": [
      "สามารถป้อนเข้าเครื่องกาชาได้โดยไม่เกิดความเสียหายเพื่อกระตุ้นการดึง",
      "ให้ดึง 11 ครั้งพร้อมลูกบอลทองคำอย่างน้อยหนึ่งลูกเสมอ"
    ]
  },
  "2": {
    "name": [
      "คู่มือนักผจญภัย"
    ],
    "subtitle": [
      "เขียนโดย RORO เริ่มเมื่อ 10/2024/10"
    ],
    "description": [
      "เริ่มต้นจากบันทึกประจำวันของนักผจญภัยชื่อ RORO",
      "เมื่อเวลาผ่านไป ผู้คนที่พบว่ามันสนุกก็เข้าร่วมและเพิ่มบันทึกมากขึ้น",
      "และด้วยเหตุนี้หนังสือนำเที่ยวที่น่าสงสัยเล่มนี้จึงครอบคลุมทุกอย่างตั้งแต่",
      "'วิธีเข้าดันเจี้ยน' ถึง 'กินอะไรเป็นมื้อเย็น'—ถือกำเนิดขึ้น"
    ],
    "ability": [
      "ให้คุณเรียกดูคำแนะนำในเกม"
    ]
  },
  "3": {
    "name": [
      "ขยะ"
    ],
    "subtitle": "",
    "description": [
      "เศษต่างๆ ไร้ประโยชน์",
      "ทำไมฉันถึงหยิบสิ่งนี้ขึ้นมา?"
    ],
    "ability": ""
  },
  "4": {
    "name": [
      "10เยน"
    ],
    "subtitle": "",
    "description": [
      ""
    ],
    "ability": ""
  },
  "5": {
    "name": [
      "50 เยน"
    ],
    "subtitle": "",
    "description": [
      ""
    ],
    "ability": ""
  },
  "6": {
    "name": [
      "100เยน"
    ],
    "subtitle": "",
    "description": [
      ""
    ],
    "ability": ""
  },
  "7": {
    "name": [
      "500เยน"
    ],
    "subtitle": "",
    "description": [
      ""
    ],
    "ability": ""
  },
  "8": {
    "name": [
      "1,000 เยน"
    ],
    "subtitle": "",
    "description": [
      ""
    ],
    "ability": ""
  },
  "9": {
    "name": [
      "5,000เยน"
    ],
    "subtitle": "",
    "description": [
      ""
    ],
    "ability": ""
  },
  "10": {
    "name": [
      "10,000 เยน"
    ],
    "subtitle": "",
    "description": [
      ""
    ],
    "ability": ""
  },
  "11": {
    "name": [
      "50,000เยน"
    ],
    "subtitle": "",
    "description": [
      ""
    ],
    "ability": ""
  },
  "12": {
    "name": [
      "100,000 เยน"
    ],
    "subtitle": "",
    "description": [
      ""
    ],
    "ability": ""
  },
  "13": {
    "name": [
      "แผนที่กระต่าย"
    ],
    "subtitle": "",
    "description": [
      "แผนที่ที่กระต่ายสาวใช้ ยังคงเต็มไปด้วยเศษแครอท",
      "พวกเขาขุดหลุมกระต่ายและโหนสลิงไปรอบๆ—เกือบจะเหมือนกับพนักงานส่งของ",
      "ตั้งแต่ผู้นำที่ชั่วร้ายและมีจิตใจเฉียบแหลมปรากฏตัวเมื่อสิบปีก่อน",
      "เหล่ากระต่ายเข้ายึดครอง Abyss และเริ่มซื้อขายกับสัตว์ประหลาด"
    ],
    "ability": [
      "ช่วยให้คุณดูแผนที่ Abyss และวัตถุโต้ตอบทั้งหมด"
    ]
  },
  "14": {
    "name": [
      "กล้องเมจิก"
    ],
    "subtitle": "",
    "description": [
      "ว่ากันว่าเป็นสิ่งประดิษฐ์ของชาวตะวันออก สร้างขึ้นอย่างวิจิตรบรรจงแต่สูญหายไป",
      "ในเหว... มันค้างฉากต่างๆ ให้เป็นภาพ แต่มันก็เป็นเช่นนั้น",
      "ได้รับผลกระทบจากเวทย์มนตร์ได้ง่าย บางครั้งก็จับสิ่งแปลก ๆ ได้"
    ],
    "ability": [
      "กด F7 เพื่อถ่ายภาพ"
    ]
  },
  "15": {
    "name": [
      "จอยสเตชั่น วี"
    ],
    "subtitle": "",
    "description": [
      ""
    ],
    "ability": [
      ""
    ]
  },
  "16": {
    "name": [
      "DLC วิญญาณเงา"
    ],
    "subtitle": "",
    "description": [
      ""
    ],
    "ability": [
      ""
    ]
  },
  "17": {
    "name": [
      "อาโฮเกของพี่สาว"
    ],
    "subtitle": "",
    "description": [
      "อาโฮเกะดึงออกมาจากหัวน้องสาวของฉัน",
      "แต่ดูเหมือนเธอจะไม่สังเกตเห็น...อาโฮเกคนนี้ยังคงดื้อรั้น",
      "ลุกขึ้นยืนและมีสปริงที่ยืดหยุ่นได้อย่างน่าประหลาด"
    ],
    "ability": ""
  },
  "18": {
    "name": [
      "ยางดั๊คกี้"
    ],
    "subtitle": "",
    "description": [
      ""
    ],
    "ability": [
      ""
    ]
  },
  "19": {
    "name": [
      "พัดลมไฟฟ้า"
    ],
    "subtitle": "",
    "description": [
      ""
    ],
    "ability": [
      ""
    ]
  },
  "20": {
    "name": [
      "ชิ้นส่วนของปราชญ์"
    ],
    "subtitle": [
      "นี่คือความแข็งแกร่งของความแข็งแกร่งทั้งหมด",
      "เพราะมันจะพิชิตทุกสิ่งที่ละเอียดอ่อนและทะลุทะลวงทุกสิ่งที่เป็นของแข็ง"
    ],
    "description": [
      "แม้แต่เพียงเศษเสี้ยวก็ยังมีพลังมหาศาล—"
    ],
    "ability": ""
  },
  "23": {
    "name": [
      "นมอร่อย"
    ],
    "subtitle": [
      "สนับสนุนโดย:NLCH"
    ],
    "description": [
      "เครื่องดื่มจากตู้หยอดเหรียญสุดแปลก",
      "ไม่ต้องสนใจรสชาติทำไมถึงมีตู้จำหน่ายสินค้าอัตโนมัติ?"
    ],
    "ability": [
      "HP+120、ได้รับความอร่อย!! สถานะ"
    ]
  },
  "24": {
    "name": [
      "นมแครอท"
    ],
    "subtitle": [
      "สนับสนุนโดย:NLCH"
    ],
    "description": [
      "เครื่องดื่มจากตู้หยอดเหรียญสุดแปลก",
      "ไม่ต้องสนใจรสชาติทำไมถึงมีตู้จำหน่ายสินค้าอัตโนมัติ?"
    ],
    "ability": [
      "HP+75、สุ่มลบสถานะเจ็บป่วย 1 อัน"
    ]
  },
  "25": {
    "name": [
      "นมสตรอเบอร์รี่"
    ],
    "subtitle": [
      "สนับสนุนโดย:NLCH"
    ],
    "description": [
      "เครื่องดื่มจากตู้หยอดเหรียญสุดแปลก",
      "ไม่ต้องสนใจรสชาติทำไมถึงมีตู้จำหน่ายสินค้าอัตโนมัติ?"
    ],
    "ability": [
      "HP+75、โจมตี+50% ชั่วขณะหนึ่ง"
    ]
  },
  "26": {
    "name": [
      "นมเมลอน"
    ],
    "subtitle": [
      "สนับสนุนโดย:NLCH"
    ],
    "description": [
      "เครื่องดื่มจากตู้หยอดเหรียญสุดแปลก",
      "ไม่ต้องสนใจรสชาติทำไมถึงมีตู้จำหน่ายสินค้าอัตโนมัติ?"
    ],
    "ability": [
      "HP+75、พลังโจมตีเวทย์+50% ชั่วขณะหนึ่ง"
    ]
  },
  "27": {
    "name": [
      "นมกล้วย"
    ],
    "subtitle": [
      "สนับสนุนโดย:NLCH"
    ],
    "description": [
      "เครื่องดื่มจากตู้หยอดเหรียญสุดแปลก",
      "ไม่ต้องสนใจรสชาติทำไมถึงมีตู้จำหน่ายสินค้าอัตโนมัติ?"
    ],
    "ability": [
      "HP+75、เร่งความเร็วสักพักหนึ่ง"
    ]
  },
  "30": {
    "name": [
      "คอนเปโตสีชมพู"
    ],
    "subtitle": [
      "ฟุฟุฟุ... อย่ารู้ส่วนผสมเลยดีกว่า~♥"
    ],
    "description": [
      "คอนเปโตที่ประดิษฐ์ขึ้นอย่างประณีตโดย Archdemon",
      "ให้กลิ่นหอมคล้ายพีชจนเวียนหัวเพียงแค่ได้กลิ่น..."
    ],
    "ability": [
      "กินแล้วรู้สึกร้อนไปทั้งตัว!"
    ]
  },
  "31": {
    "name": [
      "บลู คอนเปโต"
    ],
    "subtitle": [
      "ฟุฟุฟุ... อย่ารู้ส่วนผสมเลยดีกว่า~♥"
    ],
    "description": [
      "คอนเปโตที่ประดิษฐ์ขึ้นอย่างประณีตโดย Archdemon",
      "มอบกลิ่นหอมคล้ายบลูเบอร์รี่ที่มอบความสงบเพียงแค่ได้กลิ่น..."
    ],
    "ability": [
      "ให้ความรู้สึกสงบหลังรับประทานอาหาร..."
    ]
  },
  "32": {
    "name": [
      "กรีน คอนเปโต"
    ],
    "subtitle": [
      "ฟุฟุฟุ... อย่ารู้ส่วนผสมเลยดีกว่า~♥"
    ],
    "description": [
      "คอนเปโตที่ประดิษฐ์ขึ้นอย่างประณีตโดย Archdemon",
      "มอบกลิ่นหอมคล้ายเมลอนที่ทำให้คุณรู้สึกสดชื่นขึ้นเพียงแค่ได้กลิ่น..."
    ],
    "ability": [
      "ไม่ได้รับผล"
    ]
  },
  "33": {
    "name": [
      "สปริงกี้ มิซุมันจู"
    ],
    "subtitle": [
      "ฟุฟุฟุ... อย่ารู้ส่วนผสมเลยดีกว่า~♥"
    ],
    "description": [
      "ประดิษฐ์ด้วยมือโดย Archdemon Mizumanju ที่เด้งดึ๋งและสดชื่น",
      "กระแทกจนแทบช็อคทันทีที่สัมผัสลิ้น!"
    ],
    "ability": [
      "ไม่ได้รับผล"
    ]
  },
  "35": {
    "name": [
      "โคล่าของ NLCH(L)"
    ],
    "subtitle": [
      "สนับสนุนโดย:NLCH"
    ],
    "description": [
      "เครื่องดื่มจากตู้หยอดเหรียญสุดแปลก",
      "ไม่ต้องสนใจรสชาติทำไมถึงมีตู้จำหน่ายสินค้าอัตโนมัติ?"
    ],
    "ability": [
      "การสั่นอย่างรุนแรงอาจทำให้เกิดการระเบิดที่รุนแรงได้"
    ]
  },
  "42": {
    "name": [
      "เคนัส"
    ],
    "subtitle": [
      "พลังแห่งการระเบิด"
    ],
    "description": [
      "หินที่สลักด้วยอักษรรูนเวทย์มนตร์ ออกแบบมาเพื่อให้แม้แต่มือใหม่ด้วย",
      "ไม่มีความรู้เรื่องเวทมนตร์ใดที่สามารถกระตุ้นผลของมันได้อย่างง่ายดาย"
    ],
    "ability": [
      "ขว้างและเปลี่ยนเป้าหมายที่สัมผัสเป็นระเบิด",
      "ระเบิดใน 5 วินาที โดยมีเป้าหมายที่ใหญ่ขึ้นทำให้เกิดการระเบิดในวงกว้าง"
    ]
  },
  "43": {
    "name": [
      "อันซูซ"
    ],
    "subtitle": [
      "พลังแห่งการเปิดเผย"
    ],
    "description": [
      "หินที่สลักด้วยอักษรรูนเวทย์มนตร์ ออกแบบมาเพื่อให้แม้แต่มือใหม่ด้วย",
      "ไม่มีความรู้เรื่องเวทมนตร์ใดที่สามารถกระตุ้นผลของมันได้อย่างง่ายดาย"
    ],
    "ability": [
      "ทิ้งเครื่องหมายข้อความไว้ที่ตำแหน่งเมื่อใช้",
      "หลังจากอัปเดต ป้ายจะปรากฏให้ผู้เล่นคนอื่นมองเห็นได้"
    ]
  },
  "44": {
    "name": [
      "ไรโด้"
    ],
    "subtitle": [
      "พลังแห่งการขี่"
    ],
    "description": [
      "หินที่สลักด้วยอักษรรูนเวทย์มนตร์ ออกแบบมาเพื่อให้แม้แต่มือใหม่ด้วย",
      "ไม่มีความรู้เรื่องเวทมนตร์ใดที่สามารถกระตุ้นผลของมันได้อย่างง่ายดาย"
    ],
    "ability": [
      "พ่นเครื่องหมายที่ช่วยให้สามารถสลับตำแหน่งได้"
    ]
  },
  "45": {
    "name": [
      "เอวาซ"
    ],
    "subtitle": [
      "พลังแห่งการเปลี่ยนแปลง"
    ],
    "description": [
      "หินที่สลักด้วยอักษรรูนเวทย์มนตร์ ออกแบบมาเพื่อให้แม้แต่มือใหม่ด้วย",
      "ไม่มีความรู้เรื่องเวทมนตร์ใดที่สามารถกระตุ้นผลของมันได้อย่างง่ายดาย"
    ],
    "ability": [
      "ขว้างและสลับตำแหน่งกับเป้าหมายที่สัมผัส"
    ]
  },
  "46": {
    "name": [
      "คนโง่"
    ],
    "subtitle": [
      "ความอยากรู้อยากเห็นไม่รู้จบของนักผจญภัยผู้โง่เขลา"
    ],
    "description": [
      "การ์ดเวทย์มนตร์ที่เต็มไปด้วยคาถา ออกแบบมาอย่างนั้น",
      "แม้แต่มือใหม่ก็สามารถเปิดใช้งานเอฟเฟกต์ได้อย่างง่ายดาย"
    ],
    "ability": [
      "ใช้การบังคับเคลื่อนย้ายคุณไปยังแผนที่แบบสุ่ม"
    ]
  },
  "48": {
    "name": [
      "มหาปุโรหิต"
    ],
    "subtitle": [
      "ขอให้เธอได้รับความโปรดปราน..."
    ],
    "description": [
      "การ์ดเวทย์มนตร์ที่เต็มไปด้วยคาถา ออกแบบมาอย่างนั้น",
      "แม้แต่มือใหม่ก็สามารถเปิดใช้งานเอฟเฟกต์ได้อย่างง่ายดาย"
    ],
    "ability": [
      "เมื่อใช้ จะเรียกประตูที่นำไปสู่โบสถ์ที่ล่มสลาย"
    ]
  },
  "50": {
    "name": [
      "จักรพรรดิ์"
    ],
    "subtitle": [
      "ความยิ่งใหญ่ของมังกรที่ขัดขืนไม่ได้"
    ],
    "description": [
      "การ์ดเวทย์มนตร์ที่เต็มไปด้วยคาถา ออกแบบมาอย่างนั้น",
      "แม้แต่มือใหม่ก็สามารถเปิดใช้งานเอฟเฟกต์ได้อย่างง่ายดาย"
    ],
    "ability": [
      "ใช้คำคำรามของมังกรเพื่อทำให้ศัตรูทั้งหมดบนหน้าจอมึนงง"
    ]
  },
  "52": {
    "name": [
      "คนรัก"
    ],
    "subtitle": [
      "กลิ่นที่คงอยู่ของแม่มด"
    ],
    "description": [
      "การ์ดเวทย์มนตร์ที่เต็มไปด้วยคาถา ออกแบบมาอย่างนั้น",
      "แม้แต่มือใหม่ก็สามารถเปิดใช้งานเอฟเฟกต์ได้อย่างง่ายดาย"
    ],
    "ability": [
      "เมื่อใช้ จะเรียกมอนสเตอร์ออกมาและทำให้พวกมันบ้าคลั่งชั่วขณะหนึ่ง"
    ]
  },
  "53": {
    "name": [
      "รถม้า"
    ],
    "subtitle": [
      "ที่บริการของคุณ! นรกด่วน!"
    ],
    "description": [
      "การ์ดเวทย์มนตร์ที่เต็มไปด้วยคาถา ออกแบบมาอย่างนั้น",
      "แม้แต่มือใหม่ก็สามารถเปิดใช้งานเอฟเฟกต์ได้อย่างง่ายดาย"
    ],
    "ability": [
      "เมื่อใช้ รถบรรทุก NLCH จะกระแทกเข้ากับเครื่องเล่น"
    ]
  },
  "54": {
    "name": [
      "ความแข็งแกร่ง"
    ],
    "subtitle": [
      "ปลดปล่อยพลังของทหารเทพยักษ์"
    ],
    "description": [
      "การ์ดเวทย์มนตร์ที่เต็มไปด้วยคาถา ออกแบบมาอย่างนั้น",
      "แม้แต่มือใหม่ก็สามารถเปิดใช้งานเอฟเฟกต์ได้อย่างง่ายดาย"
    ],
    "ability": [
      "อาวุธระยะประชิดจะขยายและโจมตีเพิ่มขึ้นชั่วคราว"
    ]
  },
  "56": {
    "name": [
      "วงล้อแห่งโชคลาภ"
    ],
    "subtitle": [
      "รูเล็ตการพนันวิญญาณ"
    ],
    "description": [
      "การ์ดเวทย์มนตร์ที่เต็มไปด้วยคาถา ออกแบบมาอย่างนั้น",
      "แม้แต่มือใหม่ก็สามารถเปิดใช้งานเอฟเฟกต์ได้อย่างง่ายดาย"
    ],
    "ability": [
      "เมื่อใช้ จะสุ่มบัฟหรือดีบัฟ"
    ]
  },
  "57": {
    "name": [
      "ความยุติธรรม"
    ],
    "subtitle": [
      "ขี้เถ้าต่อขี้เถ้า ฝุ่นต่อฝุ่น"
    ],
    "description": [
      "การ์ดเวทย์มนตร์ที่เต็มไปด้วยคาถา ออกแบบมาอย่างนั้น",
      "แม้แต่มือใหม่ก็สามารถเปิดใช้งานเอฟเฟกต์ได้อย่างง่ายดาย"
    ],
    "ability": [
      "เมื่อใช้ จะลบสถานะทั้งหมดออกจากเครื่องเล่น"
    ]
  },
  "59": {
    "name": [
      "ความตาย"
    ],
    "subtitle": [
      "เป้าหมายของชีวิตคือความตาย"
    ],
    "description": [
      "การ์ดเวทย์มนตร์ที่เต็มไปด้วยคาถา ออกแบบมาอย่างนั้น",
      "แม้แต่มือใหม่ก็สามารถเปิดใช้งานเอฟเฟกต์ได้อย่างง่ายดาย"
    ],
    "ability": [
      "เมื่อใช้แล้วพลังของ Death Devil จะปรากฎที่นี่"
    ]
  },
  "60": {
    "name": [
      "ความพอประมาณ"
    ],
    "subtitle": [
      "กล่องแห่งขุมนรกของแพนโดร่า"
    ],
    "description": [
      "การ์ดเวทย์มนตร์ที่เต็มไปด้วยคาถา ออกแบบมาอย่างนั้น",
      "แม้แต่มือใหม่ก็สามารถเปิดใช้งานเอฟเฟกต์ได้อย่างง่ายดาย"
    ],
    "ability": [
      "เมื่อใช้แล้วจะเรียกเครื่องกาชาออกมา"
    ]
  },
  "63": {
    "name": [
      "เดอะสตาร์"
    ],
    "subtitle": [
      "ดวงดาวคือแสงสว่างนำทางบ้าน"
    ],
    "description": [
      "การ์ดเวทย์มนตร์ที่เต็มไปด้วยคาถา ออกแบบมาอย่างนั้น",
      "แม้แต่มือใหม่ก็สามารถเปิดใช้งานเอฟเฟกต์ได้อย่างง่ายดาย"
    ],
    "ability": [
      "เรียกประตูดวงดาวใกล้กับผู้เล่นเพื่อกลับสู่จุดเริ่มต้น"
    ]
  },
  "65": {
    "name": [
      "เดอะซัน"
    ],
    "subtitle": [
      "เกิดใหม่จากเถ้าถ่าน"
    ],
    "description": [
      "การ์ดเวทย์มนตร์ที่เต็มไปด้วยคาถา ออกแบบมาอย่างนั้น",
      "แม้แต่มือใหม่ก็สามารถเปิดใช้งานเอฟเฟกต์ได้อย่างง่ายดาย"
    ],
    "ability": [
      "ได้รับพรจาก Firebird เมื่อใช้"
    ]
  },
  "67": {
    "name": [
      "โลก"
    ],
    "subtitle": [
      "ขอเชิญคุณเข้าสู่โลกสวนจิ๋วอันลึกลับ..."
    ],
    "description": [
      "การ์ดเวทย์มนตร์ที่เต็มไปด้วยคาถา ออกแบบมาอย่างนั้น",
      "แม้แต่มือใหม่ก็สามารถเปิดใช้งานเอฟเฟกต์ได้อย่างง่ายดาย"
    ],
    "ability": [
      "รีเซ็ตการนับถอยหลังสำหรับเหตุการณ์ที่เกี่ยวข้องกับดรอปเมื่อใช้งาน"
    ]
  },
  "70": {
    "name": [
      "แจ็ค บอมบ์"
    ],
    "subtitle": [
      "ดูนี่สิ...!"
    ],
    "description": [
      "ระเบิดเล่นแร่แปรธาตุที่เต็มไปด้วยธาตุไฟอันบ้าคลั่ง",
      "เนื่องจากลักษณะที่ไม่เสถียรสูง มันจะระเบิดทันที",
      "เพียงแค่ถือมันไว้",
      "มันจะระเบิดทันทีในสภาพแวดล้อมที่ร้อน!"
    ],
    "ability": ""
  },
  "71": {
    "name": [
      "ฟรอสต์แจ็คบอมบ์"
    ],
    "subtitle": [
      "ดูนี่สิ...!"
    ],
    "description": [
      "ระเบิดเล่นแร่แปรธาตุที่เต็มไปด้วยธาตุน้ำแข็ง",
      "เนื่องจากลักษณะที่ไม่เสถียรสูง มันจะระเบิดทันที",
      "เพียงแค่ถือมันไว้"
    ],
    "ability": ""
  },
  "72": {
    "name": [
      "พิษแจ็คบอมบ์"
    ],
    "subtitle": [
      "ดูนี่สิ...!"
    ],
    "description": [
      "ระเบิดเล่นแร่แปรธาตุที่เต็มไปด้วยพิษร้ายแรง",
      "เนื่องจากลักษณะที่ไม่เสถียรสูง มันจะระเบิดทันที",
      "เพียงแค่ถือมันไว้"
    ],
    "ability": ""
  },
  "75": {
    "name": [
      "นาฬิกาปิดผนึก"
    ],
    "subtitle": "",
    "description": [
      "สิ่งประดิษฐ์เวทมนตร์พิเศษที่จารึกไว้ด้วยคาถาผนึก",
      "เมื่อแตกสลาย มันจะเปิดใช้งานเอฟเฟกต์ ก่อให้เกิดทุกสิ่ง",
      "ภายในช่วงที่กำหนด รวมทั้งเวลาด้วย จะต้องหยุดชะงักลง"
    ],
    "ability": ""
  },
  "76": {
    "name": [
      "แปะก๊วย"
    ],
    "subtitle": "",
    "description": [
      "อาหารแปลกๆ ที่ไม่ทราบที่มา ว่ากันว่ามีรสชาติดีอย่างน่าประหลาดใจ",
      "กลิ่นของมันไม่เพียงแต่ล่อลวงสัตว์เท่านั้นแต่ยังล่อลวงสัตว์ประหลาดอีกด้วย!",
      "ควรจัดการด้วยความระมัดระวัง กลิ่นจะจางลงอย่างรวดเร็วหากเก็บไว้ไม่ดี"
    ],
    "ability": [
      "เมื่อโยนออกไปจะสร้างเมฆกลิ่นที่ดึงดูดสัตว์ประหลาดเข้ามา"
    ]
  },
  "77": {
    "name": [
      "พุดดิ้งซูชิ"
    ],
    "subtitle": "",
    "description": [
      "ความคุ้นเคยของ Archdemon บางตัว ปล่อยให้มันหลวมไป",
      "จะนำคุณไปสู่ที่อยู่ของ Archdemon แต่",
      "มันคือเนโกะ ซูชิ หรือพุดดิ้งกันแน่? มันยังดูอร่อยอยู่เลย"
    ],
    "ability": ""
  },
  "88": {
    "name": [
      "เนื้อขานก"
    ],
    "subtitle": "",
    "description": [
      "เนื้อน่องที่ได้จากนกนานาชนิด",
      "เนื้อมีความนุ่มและอวบอิ่ม",
      "ทำให้เหมาะสำหรับอาหารจานเนื้อ"
    ],
    "ability": ""
  },
  "89": {
    "name": [
      "เนื้อสัตว์ใหญ่"
    ],
    "subtitle": "",
    "description": [
      "เนื้อสดแกะสลักจากสัตว์ประหลาด อาหารจานเนื้ออร่อยได้",
      "จะทำจากมัน สัตว์ประหลาดกินคน และคนก็กินสัตว์ประหลาด",
      "นี่คือระเบียบธรรมชาติ"
    ],
    "ability": ""
  },
  "90": {
    "name": [
      "เนื้อสัตว์เล็ก"
    ],
    "subtitle": "",
    "description": [
      "เนื้อสดแกะสลักจากสัตว์ประหลาด อาหารจานเนื้ออร่อยได้",
      "จะทำจากมัน สัตว์ประหลาดกินคน และคนก็กินสัตว์ประหลาด",
      "นี่คือระเบียบธรรมชาติ"
    ],
    "ability": ""
  },
  "97": {
    "name": [
      "น้ำเมือกแปลก ๆ"
    ],
    "subtitle": "",
    "description": [
      "เมือกที่หลั่งออกมาจาก WaterWeird ที่ใช้กันโดยทั่วไป",
      "ส่วนผสมในการเล่นแร่แปรธาตุ",
      "บางครั้งก็ใช้เป็นสารหล่อลื่นด้วย"
    ],
    "ability": ""
  },
  "98": {
    "name": [
      "เห็ดเดิน"
    ],
    "subtitle": "",
    "description": [
      "เห็ดจาก Walking Mushroom ตอนนี้ไม่สามารถเคลื่อนไหวได้",
      "เมื่อหั่นออกมาจะมีลักษณะเหมือนเห็ดทั่วไป"
    ],
    "ability": ""
  },
  "100": {
    "name": [
      "เมือกเมือก"
    ],
    "subtitle": "",
    "description": [
      "เมือกที่หลั่งออกมาจากเมือกที่ใช้กันโดยทั่วไป",
      "ส่วนผสมในการเล่นแร่แปรธาตุ",
      "บางครั้งก็ใช้เป็นสารหล่อลื่นด้วย"
    ],
    "ability": ""
  },
  "101": {
    "name": [
      "แอปเปิล"
    ],
    "subtitle": "",
    "description": [
      "ผลไม้คัดสดใหม่เต็มรสชาติสดชื่น",
      "การรับประทานอาหารโดยตรงจะช่วยฟื้นฟูสุขภาพได้เล็กน้อย"
    ],
    "ability": ""
  },
  "102": {
    "name": [
      "บล็อคแกง"
    ],
    "subtitle": "",
    "description": [
      "บล็อกแกงรสเผ็ดที่ทำจากเครื่องเทศที่แปลกใหม่",
      "เข้ากันได้ดีกับข้าวและสามารถเติมลงในส่วนผสมต่างๆ ได้"
    ],
    "ability": ""
  },
  "103": {
    "name": [
      "ข้าวขาว"
    ],
    "subtitle": "",
    "description": [
      "ข้าวขาวง่ายๆแต่สบายใจ",
      "จะทานเปล่าๆหรือผสมกับส่วนผสมต่างๆก็ได้"
    ],
    "ability": ""
  },
  "104": {
    "name": [
      "แครอท"
    ],
    "subtitle": "",
    "description": [
      "ผักทั่วไปแต่ก็แปลกที่จะพบมันในเหว",
      "ต้องเตรียมการอย่างเหมาะสมก่อนรับประทานอาหาร"
    ],
    "ability": ""
  },
  "105": {
    "name": [
      "มันฝรั่ง"
    ],
    "subtitle": "",
    "description": [
      "ผักทั่วไปแต่ก็แปลกที่จะพบมันในเหว",
      "ต้องเตรียมการอย่างเหมาะสมก่อนรับประทานอาหาร"
    ],
    "ability": ""
  },
  "106": {
    "name": [
      "พริก"
    ],
    "subtitle": "",
    "description": [
      "ผักทั่วไปแต่ก็แปลกที่จะพบมันในเหว",
      "ต้องเตรียมการอย่างเหมาะสมก่อนรับประทานอาหาร"
    ],
    "ability": ""
  },
  "107": {
    "name": [
      "มะเขือเทศ"
    ],
    "subtitle": "",
    "description": [
      "ผักทั่วไปแต่ก็แปลกที่จะพบมันในเหว",
      "ต้องเตรียมการอย่างเหมาะสมก่อนรับประทานอาหาร"
    ],
    "ability": ""
  },
  "108": {
    "name": [
      "กล้วย"
    ],
    "subtitle": "",
    "description": [
      "ผลไม้คัดสดใหม่เต็มรสชาติสดชื่น",
      "การรับประทานอาหารโดยตรงจะช่วยฟื้นฟูสุขภาพได้เล็กน้อย"
    ],
    "ability": ""
  },
  "109": {
    "name": [
      "สตรอเบอร์รี่"
    ],
    "subtitle": "",
    "description": [
      "ผลไม้คัดสดใหม่เต็มรสชาติสดชื่น",
      "การรับประทานอาหารโดยตรงจะช่วยฟื้นฟูสุขภาพได้เล็กน้อย"
    ],
    "ability": ""
  },
  "110": {
    "name": [
      "องุ่น"
    ],
    "subtitle": "",
    "description": [
      "ผลไม้คัดสดใหม่เต็มรสชาติสดชื่น",
      "การรับประทานอาหารโดยตรงจะช่วยฟื้นฟูสุขภาพได้เล็กน้อย"
    ],
    "ability": ""
  },
  "111": {
    "name": [
      "สัปปะรด"
    ],
    "subtitle": "",
    "description": [
      "ผลไม้คัดสดใหม่เต็มรสชาติสดชื่น",
      "การรับประทานอาหารโดยตรงจะช่วยฟื้นฟูสุขภาพได้เล็กน้อย"
    ],
    "ability": ""
  },
  "112": {
    "name": [
      "แตงโม"
    ],
    "subtitle": "",
    "description": [
      "ผลไม้คัดสดใหม่เต็มรสชาติสดชื่น",
      "การรับประทานอาหารโดยตรงจะช่วยฟื้นฟูสุขภาพได้เล็กน้อย"
    ],
    "ability": ""
  },
  "113": {
    "name": [
      "สปาเก็ตตี้"
    ],
    "subtitle": "",
    "description": [
      "เส้นบะหมี่ที่ยืดหยุ่นและยืดหยุ่นเข้ากันได้ดีกับทุกเมนู",
      "อร่อยเพียงเติมซอสนิดหน่อย"
    ],
    "ability": ""
  },
  "114": {
    "name": [
      "ซอสมะเขือเทศ"
    ],
    "subtitle": "",
    "description": [
      "ทำจากมะเขือเทศ มีรสเปรี้ยวอมหวาน",
      "ทางที่ดีที่สุดอย่าคิดว่าทำไมสัตว์ประหลาดถึงทิ้งสิ่งนี้"
    ],
    "ability": ""
  },
  "115": {
    "name": [
      "แป้งสาลี"
    ],
    "subtitle": "",
    "description": [
      "แป้งสาลีบด มีประโยชน์สำหรับประกอบอาหารต่างๆ"
    ],
    "ability": ""
  },
  "116": {
    "name": [
      "เห็ดนางรม"
    ],
    "subtitle": "",
    "description": [
      "เห็ดทั่วไปที่มักพบเห็นภายนอก",
      "อย่างไรก็ตาม การพบมันในเหวนั้นค่อนข้างจะผิดปกติ"
    ],
    "ability": ""
  },
  "117": {
    "name": [
      "เห็ดหอม"
    ],
    "subtitle": "",
    "description": [
      "เห็ดทั่วไปที่มักพบเห็นภายนอก",
      "อย่างไรก็ตาม การพบมันในเหวนั้นค่อนข้างจะผิดปกติ"
    ],
    "ability": ""
  },
  "118": {
    "name": [
      "เห็ดบีช"
    ],
    "subtitle": "",
    "description": [
      "เห็ดทั่วไปที่มักพบเห็นภายนอก",
      "อย่างไรก็ตาม การพบมันในเหวนั้นค่อนข้างจะผิดปกติ"
    ],
    "ability": ""
  },
  "119": {
    "name": [
      "เห็ดไลแลค"
    ],
    "subtitle": "",
    "description": [
      "เห็ดทั่วไปที่มักพบเห็นภายนอก",
      "อย่างไรก็ตาม การพบมันในเหวนั้นค่อนข้างจะผิดปกติ"
    ],
    "ability": ""
  },
  "120": {
    "name": [
      "เห็ดแสงจันทร์"
    ],
    "subtitle": "",
    "description": [
      "เห็ดทั่วไปที่มักพบเห็นภายนอก",
      "อย่างไรก็ตาม การพบมันในเหวนั้นค่อนข้างจะผิดปกติ"
    ],
    "ability": ""
  },
  "121": {
    "name": [
      "เห็ดไผ่"
    ],
    "subtitle": "",
    "description": [
      "เห็ดทั่วไปที่มักพบเห็นภายนอก",
      "อย่างไรก็ตาม การพบมันในเหวนั้นค่อนข้างจะผิดปกติ"
    ],
    "ability": ""
  },
  "122": {
    "name": [
      "สตรอเบอร์รี่ของอาซาบะ"
    ],
    "subtitle": [
      "อืม…สตรอเบอร์รี่…สตรอเบอร์รี่ของฉัน…"
    ],
    "description": [
      "สตรอเบอร์รี่คุณภาพสูงล้ำค่าที่สุดของอาซาบะจนทนไม่ไหว",
      "ที่จะกิน แต่แม้จะปกป้องมันอย่างสิ้นหวังจนถึงที่สุด",
      "มันยังคงกลายเป็นเพียงถ้วยรางวัล—"
    ],
    "ability": ""
  },
  "127": {
    "name": [
      "หนวดปลาหมึกยักษ์"
    ],
    "subtitle": "",
    "description": [
      "หนวดปลาหมึกยักษ์หักที่ตกปลามาจากทะเล ย่างแล้วจะมีกลิ่นหอมมาก",
      "นอกจากนี้ยังสามารถปรุงร่วมกับส่วนผสมอื่นๆ ได้อีกด้วย"
    ],
    "ability": ""
  },
  "130": {
    "name": [
      "ปลาทรายแดง"
    ],
    "subtitle": "",
    "description": [
      "สดๆจากทะเล เหมาะสำหรับทำซาชิมิ",
      "นอกจากนี้ยังสามารถปรุงร่วมกับส่วนผสมอื่นๆ ได้อีกด้วย"
    ],
    "ability": ""
  },
  "131": {
    "name": [
      "ปลาทูน่า"
    ],
    "subtitle": "",
    "description": [
      "สดๆจากทะเล เหมาะสำหรับทำซาชิมิ",
      "นอกจากนี้ยังสามารถปรุงร่วมกับส่วนผสมอื่นๆ ได้อีกด้วย"
    ],
    "ability": ""
  },
  "132": {
    "name": [
      "จงอยปากลาย"
    ],
    "subtitle": "",
    "description": [
      "สดๆจากทะเล เหมาะสำหรับทำซาชิมิ",
      "นอกจากนี้ยังสามารถปรุงร่วมกับส่วนผสมอื่นๆ ได้อีกด้วย"
    ],
    "ability": ""
  },
  "133": {
    "name": [
      "ปลาเก๋า"
    ],
    "subtitle": "",
    "description": [
      "สดๆจากทะเล เหมาะสำหรับทำซาชิมิ",
      "นอกจากนี้ยังสามารถปรุงร่วมกับส่วนผสมอื่นๆ ได้อีกด้วย"
    ],
    "ability": ""
  },
  "134": {
    "name": [
      "แปซิฟิก เซารี"
    ],
    "subtitle": "",
    "description": [
      "สดๆจากทะเล เหมาะสำหรับทำซาชิมิ",
      "นอกจากนี้ยังสามารถปรุงร่วมกับส่วนผสมอื่นๆ ได้อีกด้วย"
    ],
    "ability": ""
  },
  "135": {
    "name": [
      "กุ้งหวาน"
    ],
    "subtitle": "",
    "description": [
      "กุ้งที่จับสดๆจากทะเลเหมาะสำหรับซาซิมิ",
      "นอกจากนี้ยังสามารถปรุงร่วมกับส่วนผสมอื่นๆ ได้อีกด้วย"
    ],
    "ability": ""
  },
  "136": {
    "name": [
      "กุ้งมังกรหนาม"
    ],
    "subtitle": "",
    "description": [
      "ล็อบสเตอร์ที่จับสดๆ จากทะเล ระวังอย่าให้โดนจับ",
      "นอกจากนี้ยังสามารถปรุงร่วมกับส่วนผสมอื่นๆ ได้อีกด้วย"
    ],
    "ability": ""
  },
  "137": {
    "name": [
      "ปูขน"
    ],
    "subtitle": "",
    "description": [
      "ปูทะเลสดๆ ระวังอย่าให้ถูกหนีบ",
      "นอกจากนี้ยังสามารถปรุงร่วมกับส่วนผสมอื่นๆ ได้อีกด้วย"
    ],
    "ability": ""
  },
  "142": {
    "name": [
      "แซลมอน"
    ],
    "subtitle": "",
    "description": [
      "สดๆจากทะเล เหมาะสำหรับทำซาชิมิ",
      "นอกจากนี้ยังสามารถปรุงร่วมกับส่วนผสมอื่นๆ ได้อีกด้วย"
    ],
    "ability": ""
  },
  "143": {
    "name": [
      "คิงแซลมอน"
    ],
    "subtitle": "",
    "description": [
      "สดๆจากทะเล เหมาะสำหรับทำซาชิมิ",
      "นอกจากนี้ยังสามารถปรุงร่วมกับส่วนผสมอื่นๆ ได้อีกด้วย"
    ],
    "ability": ""
  },
  "151": {
    "name": [
      "เนื้อสัตว์"
    ],
    "subtitle": "",
    "description": [
      "เนื้อที่นำมาจากสัตว์ประหลาด สามารถใช้ประกอบอาหารได้อร่อย",
      "สัตว์ประหลาดกินมนุษย์ และมนุษย์กินสัตว์ประหลาด มันเป็นเรื่องธรรมชาติเท่านั้น"
    ],
    "ability": ""
  },
  "153": {
    "name": [
      "ไข่ใหญ่"
    ],
    "subtitle": "",
    "description": [
      "ไข่ใบใหญ่จากเหว มันมาจากสิ่งมีชีวิตอะไร?",
      "ฉันไม่ได้คิดมาก ไข่ก็คือไข่"
    ],
    "ability": ""
  },
  "173": {
    "name": [
      "นางฟ้ากล้วย"
    ],
    "subtitle": "",
    "description": [
      "นี่มันอะไรกันเนี่ย?"
    ],
    "ability": ""
  },
  "175": {
    "name": [
      "นางฟ้าแอปเปิ้ล"
    ],
    "subtitle": "",
    "description": [
      "นี่มันอะไรกันเนี่ย?"
    ],
    "ability": ""
  },
  "190": {
    "name": [
      "ยูริ โดจินชิ"
    ],
    "subtitle": [
      "Onee-chan... ฉันรู้สึกเหมือน... ฉันอยู่ไม่ได้ถ้าไม่มีคุณอีกต่อไป..."
    ],
    "description": [
      "โดจินชิที่มีงานศิลปะที่สวยงาม",
      "แต่มันสื่อถึงความรักต้องห้ามระหว่างสาวสวยสองคน...",
      "เนื้อเรื่องเข้มข้นมาก ขนาดหน้าหนังสือยังส่งกลิ่นสีชมพูอ่อนๆ อีกด้วย"
    ],
    "ability": [
      "เพิ่มความปรารถนาหลังจากอ่าน!"
    ]
  },
  "191": {
    "name": [
      "โมเอะ โดจินชิ"
    ],
    "subtitle": [
      "เหนื่อยนะคยอง~♡"
    ],
    "description": [
      "โดจินชิที่เต็มไปด้วยฟองสีชมพูและเอฟเฟกต์รูปหัวใจ",
      "ตัวละครหน้าแดงและสับสนกับสิ่งเล็กๆ น้อยๆ...",
      "พวกเขาบอกว่าคุณอาจจะถอนหายใจมาก~ หลังจากอ่านจบ"
    ],
    "ability": [
      "เพิ่มความปรารถนาหลังจากอ่าน!"
    ]
  },
  "192": {
    "name": [
      "แคทเกิร์ล โดจินชิ"
    ],
    "subtitle": [
      "อาจารย์... ย่า~ ขอลูบหัวหน่อยได้ไหม?"
    ],
    "description": [
      "โดจินชิที่มีกลิ่นหญ้าชนิดหนึ่งเล็กน้อย",
      "แสดงให้เห็นแคทเกิร์ลส่งเสียงฟี้อย่างแมว กลิ้งไปมา และกระดิกหาง",
      "อาจทำให้คุณพิจารณาหาเมียเมียคุยได้..."
    ],
    "ability": [
      "เพิ่มความปรารถนาหลังจากอ่าน!"
    ]
  },
  "197": {
    "name": [
      "น้ำอมฤตแดง"
    ],
    "subtitle": [
      "นี่คือความแข็งแกร่งของความแข็งแกร่งทั้งหมด",
      "เพราะมันจะพิชิตทุกสิ่งที่ละเอียดอ่อนและทะลุทะลวงทุกสิ่งที่เป็นของแข็ง"
    ],
    "description": [
      "ชิ้นส่วนของปราชญ์สีแดงไหลเหมือนเลือด",
      "การใช้งานที่เหมาะสมยังไม่เป็นที่ทราบแน่ชัด แต่สำหรับตอนนี้",
      "แค่ลองดื่มเหมือนเครื่องดื่ม…"
    ],
    "ability": [
      ""
    ]
  },
  "199": {
    "name": [
      "คูปองรางวัลน้องสาว"
    ],
    "subtitle": [
      "มีรอยเขียนมากมาย...."
    ],
    "description": [
      "เป็นรางวัลพิเศษจากน้องสาวสำหรับการทำงานหนักของโอนี่จัง",
      "คุณสามารถร้องขออะไรกับเธอได้ แม้แต่คำขอที่ไม่สมเหตุสมผลก็ตาม",
      "แต่ถึงแม้ไม่มีสิ่งนี้ เธอก็ยังอยากช่วยแบกภาระของโอนี่จัง"
    ],
    "ability": ""
  },
  "200": {
    "name": [
      "โพลารอยด์ของ NLCH#1"
    ],
    "subtitle": [
      "คุณกำลังทำอะไรอยู่ มองมาทางนี้แบบนั้น…!"
    ],
    "description": [
      "ภาพถ่ายชีวิตประจำวันของสาวๆ",
      "งานเลี้ยงน้ำชา แต่… ใครเป็นคนถ่ายรูปเหล่านี้?"
    ],
    "ability": ""
  },
  "201": {
    "name": [
      "โพลารอยด์ของ NLCH#2"
    ],
    "subtitle": [
      "นี่เป็นเพียงการแสดงความรักของกระต่าย~"
    ],
    "description": [
      "ภาพถ่ายชีวิตประจำวันของสาวๆ",
      "งานเลี้ยงน้ำชา แต่… ใครเป็นคนถ่ายรูปเหล่านี้?"
    ],
    "ability": ""
  },
  "202": {
    "name": [
      "โพลารอยด์ #3 ของ NLCH"
    ],
    "subtitle": [
      "…มันสะอาดเพียงพอแล้วใช่ไหม?"
    ],
    "description": [
      "ภาพถ่ายชีวิตประจำวันของสาวๆ",
      "งานเลี้ยงน้ำชา แต่… ใครเป็นคนถ่ายรูปเหล่านี้?"
    ],
    "ability": ""
  },
  "203": {
    "name": [
      "โพลารอยด์ #4 ของ NLCH"
    ],
    "subtitle": [
      "ม-ไม่ นี่มันแย่มาก... ยามันแรงเกินไป!"
    ],
    "description": [
      "ภาพถ่ายชีวิตประจำวันของสาวๆ",
      "งานเลี้ยงน้ำชา แต่… ใครเป็นคนถ่ายรูปเหล่านี้?"
    ],
    "ability": ""
  },
  "204": {
    "name": [
      "โพลารอยด์ #5 ของ NLCH"
    ],
    "subtitle": [
      "ข้าแต่พระเจ้า ขอทรงโปรดยกโทษที่ข้าพระองค์ถูกล่อลวงด้วยเงิน..."
    ],
    "description": [
      "ภาพถ่ายชีวิตประจำวันของสาวๆ",
      "งานเลี้ยงน้ำชา แต่… ใครเป็นคนถ่ายรูปเหล่านี้?"
    ],
    "ability": ""
  },
  "205": {
    "name": [
      "โพลารอยด์ #6 ของ NLCH"
    ],
    "subtitle": [
      "โฮ่ง...ยังไม่พออีกเหรอ...?"
    ],
    "description": [
      "ภาพถ่ายชีวิตประจำวันของสาวๆ",
      "งานเลี้ยงน้ำชา แต่… ใครเป็นคนถ่ายรูปเหล่านี้?"
    ],
    "ability": ""
  },
  "206": {
    "name": [
      "โพลารอยด์ #7 ของ NLCH"
    ],
    "subtitle": [
      "อิอิ~♥ ไม่เห็นอะไรเลยใช่มั้ยล่ะ?"
    ],
    "description": [
      "ภาพถ่ายชีวิตประจำวันของสาวๆ",
      "งานเลี้ยงน้ำชา แต่… ใครเป็นคนถ่ายรูปเหล่านี้?"
    ],
    "ability": ""
  },
  "207": {
    "name": [
      "โพลารอยด์ #8 ของ NLCH"
    ],
    "subtitle": [
      "เอาน่า ท่านี้น่าจะโอเคใช่ไหม?"
    ],
    "description": [
      "ภาพถ่ายชีวิตประจำวันของสาวๆ",
      "งานเลี้ยงน้ำชา แต่… ใครเป็นคนถ่ายรูปเหล่านี้?"
    ],
    "ability": ""
  },
  "208": {
    "name": [
      "โพลารอยด์ #9 ของ NLCH"
    ],
    "subtitle": [
      "ใบหน้าของคุณดูขบขันอะไรเช่นนี้...?"
    ],
    "description": [
      "ภาพถ่ายชีวิตประจำวันของสาวๆ",
      "งานเลี้ยงน้ำชา แต่… ใครเป็นคนถ่ายรูปเหล่านี้?"
    ],
    "ability": ""
  },
  "209": {
    "name": [
      "โพลารอยด์ #10 ของ NLCH"
    ],
    "subtitle": [
      "ไม่ไหวแล้ว...ร้องต่อไป...!"
    ],
    "description": [
      "ภาพถ่ายชีวิตประจำวันของสาวๆ",
      "งานเลี้ยงน้ำชา แต่… ใครเป็นคนถ่ายรูปเหล่านี้?"
    ],
    "ability": ""
  },
  "210": {
    "name": [
      "โพลารอยด์ #11 ของ NLCH"
    ],
    "subtitle": [
      "นี่คือความปรารถนาปีใหม่ของคุณเหรอ?"
    ],
    "description": [
      "ภาพถ่ายชีวิตประจำวันของสาวๆ",
      "งานเลี้ยงน้ำชา แต่… ใครเป็นคนถ่ายรูปเหล่านี้?"
    ],
    "ability": ""
  },
  "211": {
    "name": [
      "โพลารอยด์ #12 ของ NLCH"
    ],
    "subtitle": [
      "อ่า แม้แต่ชาก็เริ่มมีรสหวานขึ้นแล้ว!"
    ],
    "description": [
      "ภาพถ่ายชีวิตประจำวันของสาวๆ",
      "งานเลี้ยงน้ำชา แต่… ใครเป็นคนถ่ายรูปเหล่านี้?"
    ],
    "ability": ""
  },
  "212": {
    "name": [
      "โพลารอยด์ #13 ของ NLCH"
    ],
    "subtitle": [
      "คือมันเป็นงานพาร์ทไทม์ก็เลยอดไม่ได้..."
    ],
    "description": [
      "ภาพถ่ายชีวิตประจำวันของสาวๆ",
      "งานเลี้ยงน้ำชา แต่… ใครเป็นคนถ่ายรูปเหล่านี้?"
    ],
    "ability": ""
  },
  "213": {
    "name": [
      "โพลารอยด์ #14 ของ NLCH"
    ],
    "subtitle": [
      "โอ้ คุณเข้ามาโดยไม่เคาะเลย~"
    ],
    "description": [
      "ภาพถ่ายชีวิตประจำวันของสาวๆ",
      "งานเลี้ยงน้ำชา แต่… ใครเป็นคนถ่ายรูปเหล่านี้?"
    ],
    "ability": ""
  },
  "214": {
    "name": [
      "โพลารอยด์ #15 ของ NLCH"
    ],
    "subtitle": [
      "อย่างนั้นเหรอ...? วิธีสารภาพรักที่ไม่เคยได้ยินมาก่อน..."
    ],
    "description": [
      "ภาพถ่ายชีวิตประจำวันของสาวๆ",
      "งานเลี้ยงน้ำชา แต่… ใครเป็นคนถ่ายรูปเหล่านี้?"
    ],
    "ability": ""
  },
  "215": {
    "name": [
      "โพลารอยด์ #16 ของ NLCH"
    ],
    "subtitle": [
      "ฮ่า... ฮ่า... ร่างกายทนไม่ไหวแล้ว...!"
    ],
    "description": [
      "ภาพถ่ายชีวิตประจำวันของสาวๆ",
      "งานเลี้ยงน้ำชา แต่… ใครเป็นคนถ่ายรูปเหล่านี้?"
    ],
    "ability": ""
  },
  "216": {
    "name": [
      "โพลารอยด์ #17 ของ NLCH"
    ],
    "subtitle": [
      "โอ้พระเจ้า...โปรดยกโทษให้ฉันด้วย..."
    ],
    "description": [
      "ภาพถ่ายชีวิตประจำวันของสาวๆ",
      "งานเลี้ยงน้ำชา แต่… ใครเป็นคนถ่ายรูปเหล่านี้?"
    ],
    "ability": ""
  },
  "217": {
    "name": [
      "โพลารอยด์ #18 ของ NLCH"
    ],
    "subtitle": [
      "โฮ่ง...ยังไม่พออีกเหรอ...?"
    ],
    "description": [
      "ภาพถ่ายชีวิตประจำวันของสาวๆ",
      "งานเลี้ยงน้ำชา แต่… ใครเป็นคนถ่ายรูปเหล่านี้?"
    ],
    "ability": ""
  },
  "218": {
    "name": [
      "โพลารอยด์ของ NLCH#19"
    ],
    "subtitle": [
      "...เหมียว?"
    ],
    "description": [
      "ภาพถ่ายชีวิตประจำวันของสาวๆ",
      "งานเลี้ยงน้ำชา แต่… ใครเป็นคนถ่ายรูปเหล่านี้?"
    ],
    "ability": ""
  },
  "219": {
    "name": [
      "โพลารอยด์ของ NLCH#20"
    ],
    "subtitle": [
      "...ฮะ? ยังไม่ทำความสะอาดเหรอ?"
    ],
    "description": [
      "ภาพถ่ายชีวิตประจำวันของสาวๆ",
      "งานเลี้ยงน้ำชา แต่… ใครเป็นคนถ่ายรูปเหล่านี้?"
    ],
    "ability": ""
  },
  "220": {
    "name": [
      "โพลารอยด์ #21 ของ NLCH"
    ],
    "subtitle": [
      "ฮ่า...เพลงที่ 11 แล้ว...ยังไม่พออีกเหรอ?"
    ],
    "description": [
      "ภาพถ่ายชีวิตประจำวันของสาวๆ",
      "งานเลี้ยงน้ำชา แต่… ใครเป็นคนถ่ายรูปเหล่านี้?"
    ],
    "ability": ""
  },
  "221": {
    "name": [
      "โพลารอยด์ #22 ของ NLCH"
    ],
    "subtitle": [
      "ทำไมแววตาถึงรู้สึกเร่าร้อนขึ้น...?"
    ],
    "description": [
      "ภาพถ่ายชีวิตประจำวันของสาวๆ",
      "งานเลี้ยงน้ำชา แต่… ใครเป็นคนถ่ายรูปเหล่านี้?"
    ],
    "ability": ""
  },
  "222": {
    "name": [
      "โพลารอยด์ #23 ของ NLCH"
    ],
    "subtitle": [
      "ความปรารถนาปีใหม่ของคุณเป็นจริงทันที มีความสุขไหม?"
    ],
    "description": [
      "ภาพถ่ายชีวิตประจำวันของสาวๆ",
      "งานเลี้ยงน้ำชา แต่… ใครเป็นคนถ่ายรูปเหล่านี้?"
    ],
    "ability": ""
  },
  "223": {
    "name": [
      "โพลารอยด์ #24 ของ NLCH"
    ],
    "subtitle": [
      "คุณรู้สึกถึงความรักของกระต่ายมั้ย~♥"
    ],
    "description": [
      "ภาพถ่ายชีวิตประจำวันของสาวๆ",
      "งานเลี้ยงน้ำชา แต่… ใครเป็นคนถ่ายรูปเหล่านี้?"
    ],
    "ability": ""
  },
  "224": {
    "name": [
      "โพลารอยด์ #25 ของ NLCH"
    ],
    "subtitle": [
      "กระต่ายประหลาดถูกทิ้ง..."
    ],
    "description": [
      "ภาพถ่ายชีวิตประจำวันของสาวๆ",
      "งานเลี้ยงน้ำชา แต่… ใครเป็นคนถ่ายรูปเหล่านี้?"
    ],
    "ability": ""
  },
  "225": {
    "name": [
      "โพลารอยด์ #26 ของ NLCH"
    ],
    "subtitle": [
      "เกือบโดนจับ..."
    ],
    "description": [
      "ภาพถ่ายชีวิตประจำวันของสาวๆ",
      "งานเลี้ยงน้ำชา แต่… ใครเป็นคนถ่ายรูปเหล่านี้?"
    ],
    "ability": ""
  },
  "226": {
    "name": [
      "โพลารอยด์ #27 ของ NLCH"
    ],
    "subtitle": [
      "เข้ามาแบบไม่เคาะ...ทำอะไรอยู่~♥"
    ],
    "description": [
      "ภาพถ่ายชีวิตประจำวันของสาวๆ",
      "งานเลี้ยงน้ำชา แต่… ใครเป็นคนถ่ายรูปเหล่านี้?"
    ],
    "ability": ""
  },
  "227": {
    "name": [
      "โพลารอยด์ #28 ของ NLCH"
    ],
    "subtitle": [
      "แปลกนะ...เหมือนจะยึดมันไม่ได้..."
    ],
    "description": [
      "ภาพถ่ายชีวิตประจำวันของสาวๆ",
      "งานเลี้ยงน้ำชา แต่… ใครเป็นคนถ่ายรูปเหล่านี้?"
    ],
    "ability": ""
  },
  "228": {
    "name": [
      "โพลารอยด์ #29 ของ NLCH"
    ],
    "subtitle": [
      "...ไม่มีใครเฝ้าดูอยู่ตรงนี้ใช่ไหม?"
    ],
    "description": [
      "ภาพถ่ายชีวิตประจำวันของสาวๆ",
      "งานเลี้ยงน้ำชา แต่… ใครเป็นคนถ่ายรูปเหล่านี้?"
    ],
    "ability": ""
  },
  "229": {
    "name": [
      "โพลารอยด์ #30 ของ NLCH"
    ],
    "subtitle": [
      "อิอิ~♥ ไม่มีอะไรเกิดขึ้น โอเค้?"
    ],
    "description": [
      "ภาพถ่ายชีวิตประจำวันของสาวๆ",
      "งานเลี้ยงน้ำชา แต่… ใครเป็นคนถ่ายรูปเหล่านี้?"
    ],
    "ability": ""
  },
  "230": {
    "name": [
      "โพลารอยด์ #31 ของ NLCH"
    ],
    "subtitle": [
      "อืม...ชายิ่งหวานเข้าไปอีก...!"
    ],
    "description": [
      "ภาพถ่ายชีวิตประจำวันของสาวๆ",
      "งานเลี้ยงน้ำชา แต่… ใครเป็นคนถ่ายรูปเหล่านี้?"
    ],
    "ability": ""
  },
  "231": {
    "name": [
      "โพลารอยด์ #32 ของ NLCH"
    ],
    "subtitle": [
      "ฉันรู้ว่ามันเป็นส่วนหนึ่งของงาน แต่แค่ครั้งนี้ครั้งเดียว โอเคไหม?"
    ],
    "description": [
      "ภาพถ่ายชีวิตประจำวันของสาวๆ",
      "งานเลี้ยงน้ำชา แต่… ใครเป็นคนถ่ายรูปเหล่านี้?"
    ],
    "ability": ""
  },
  "232": {
    "name": [
      "โพลารอยด์ #33 ของ NLCH"
    ],
    "subtitle": [
      "P-กรุณาอย่าสัมผัสสินค้าอย่างไม่ระมัดระวัง!"
    ],
    "description": [
      "ภาพถ่ายชีวิตประจำวันของสาวๆ",
      "งานเลี้ยงน้ำชา แต่… ใครเป็นคนถ่ายรูปเหล่านี้?"
    ],
    "ability": ""
  },
  "233": {
    "name": [
      "โพลารอยด์ #34 ของ NLCH"
    ],
    "subtitle": [
      "เคี้ยว เคี้ยว...ก็งั้นๆ ฉันคิดว่า..."
    ],
    "description": [
      "ภาพถ่ายชีวิตประจำวันของสาวๆ",
      "งานเลี้ยงน้ำชา แต่… ใครเป็นคนถ่ายรูปเหล่านี้?"
    ],
    "ability": ""
  },
  "234": {
    "name": [
      "โพลารอยด์ #35 ของ NLCH"
    ],
    "subtitle": [
      "ผู้เชี่ยวชาญ? ได้โปรดอย่าแกล้งฉันในเวลาแบบนี้..."
    ],
    "description": [
      "ภาพถ่ายชีวิตประจำวันของสาวๆ",
      "งานเลี้ยงน้ำชา แต่… ใครเป็นคนถ่ายรูปเหล่านี้?"
    ],
    "ability": ""
  },
  "235": {
    "name": [
      "อัลบั้มโพลารอยด์ คอลเลคชั่น"
    ],
    "subtitle": [
      "สาวๆ ที่น่ารักและอ่อนโยน♥ ฉันอยากพาพวกเธอทุกคนกลับบ้าน—!"
    ],
    "description": [
      "อัลบั้มภาพจัดทำขึ้นเพื่อรวบรวมภาพสาวน่ารักโดยเฉพาะ",
      "เมื่อเปิดออกมาจะมีกลิ่นของชาดำจางๆ..."
    ],
    "ability": [
      "โพลารอยด์ที่รวบรวมได้: \\c[6]${QJ.MPMZ.tl.checkPolaroidCount()}\\c[0]/35"
    ]
  },
  "236": {
    "name": [
      "อัลบั้มโพลารอยด์ คอลเลคชั่น"
    ],
    "subtitle": [
      "สาวๆ ที่น่ารักและอ่อนโยน♥ ฉันอยากพาพวกเธอทุกคนกลับบ้าน—!"
    ],
    "description": [
      "อัลบั้มภาพจัดทำขึ้นเพื่อรวบรวมภาพสาวน่ารักโดยเฉพาะ",
      "เมื่อเปิดออกมาจะมีกลิ่นของชาดำจางๆ..."
    ],
    "ability": [
      "สะสมครบ! โชคเพิ่มขึ้นอย่างถาวร!"
    ]
  },
  "311": {
    "name": [
      "หินเรืองแสงสีฟ้า"
    ],
    "subtitle": "",
    "description": [
      "อัญมณีสีน้ำเงินที่เปล่งประกายอันน่าหลงใหล",
      "แม้จะขาดคุณค่าในทางปฏิบัติ แต่ก็มีบางคนอาจจ่ายราคาสูงเพื่อซื้อมัน...",
      "หรือมีเจตนาอื่น?"
    ],
    "ability": ""
  },
  "312": {
    "name": [
      "เจลมานาขนาดเล็ก"
    ],
    "subtitle": "",
    "description": [
      "สารที่มีลักษณะคล้ายเยลลี่เกิดขึ้นจากมานาที่ควบแน่นล้วนๆ",
      "มันกินได้ แต่รสชาติของมันแตกต่างกันไปมากตามความสามารถทางเวทย์มนตร์ของคนๆ หนึ่ง",
      "การใช้งานหลักคือเป็นวัสดุสิ้นเปลืองสำหรับเวทมนตร์"
    ],
    "ability": ""
  },
  "314": {
    "name": [
      "หินรูปสี่เหลี่ยมขนมเปียกปูนสีแดง"
    ],
    "subtitle": "",
    "description": [
      "อัญมณีสีแดงที่เปล่งประกายอันน่าหลงใหล",
      "แม้จะขาดคุณค่าในทางปฏิบัติ แต่ก็มีบางคนอาจจ่ายราคาสูงเพื่อซื้อมัน...",
      "หรือมีเจตนาอื่น?"
    ],
    "ability": ""
  }
}