﻿{
  "autoUpdateReminder": {
    "0": [
      "กระบวนการอัปเดตจะเริ่มโดยอัตโนมัติเมื่อคุณตื่นนอนในวันถัดไป",
      "โปรดตรวจสอบให้แน่ใจว่าการเชื่อมต่ออินเทอร์เน็ตของคุณเสถียรตลอดกระบวนการ!",
      "\\w[120]"
    ],
    "1": [
      "ไม่สามารถดูบันทึกการอัพเดตได้!",
      "การเชื่อมต่อเครือข่ายอาจล้มเหลว!",
      "\\w[120]"
    ]
  },
  "maidBunnyBoss": {
    "0": [
      "ข้างหน้าไม่มีอะไรพิเศษจริงๆ!",
      "ไม่จำเป็นต้องไปตรวจสอบที่สหรัฐอเมริกา!"
    ],
    "1": [
      "ท-ไม่มีอะไรที่นี่จริงๆ! ม-อย่าเข้ามาใกล้กว่านี้นะ!",
      "ฉัน-ฉันสาบานว่าไม่มีอะไรซ่อนอยู่ที่นี่อย่างแน่นอนในสหรัฐอเมริกา!"
    ],
    "2": [
      "...สหรัฐอเมริกา?",
      "นั่นเสียงอะไรแปลกๆ?"
    ],
    "3": [
      "...อุษา!?",
      "คุณพบสถานที่แห่งนี้ได้อย่างไร—!"
    ],
    "4": [
      "...อุษา!?",
      "มนุษย์...!!"
    ],
    "5": [
      "อุส่า ไอ้สารเลว— \\w[45]",
      "\\{คุณมาที่นี่เพื่อขโมยแครอทของฉัน!!       -"
    ],
    "6": [
      "สหรัฐ!? แครอทของฉัน!!         -",
      "\\{หัวขโมยแครอท!!         -"
    ]
  },
  "noBombFishing": {
    "0": [
      "ห้ามตกปลาด้วยระเบิดโดยเด็ดขาด!",
      "ทำด้วยความเสี่ยงของคุณเอง!"
    ]
  },
  "sela": {
    "1": [
      "(ดูเหมือนเธอจะไม่ตื่นในเร็วๆ นี้…",
      "คิดว่าฉันจะกลับมาทีหลัง…)"
    ],
    "2": [
      "…อืม?",
      "เรา…ถึงสถานีแล้วเหรอ?"
    ],
    "3": [
      "ฮะ? เดี๋ยว-นี่ไม่ใช่รถไฟเหรอ?",
      "เมื่อสักครู่นี้ร้อนมาก..."
    ],
    "4": [
      "แคมป์ไฟ…เอ่อ…",
      "นั่นเป็นเหตุผลว่าทำไมมันถึงอบอุ่นมาก"
    ],
    "5": [
      "แต่… มันแปลก… เมื่อสักครู่นี้",
      "ฉันยังคงมองดูแม่น้ำแห่งดวงดาวอยู่นอกหน้าต่าง…"
    ],
    "6": [
      "ฉันคงถูกสะกดจิตมากเกินไป…",
      "และสุดท้ายก็พลาดจุดแวะพักของฉัน"
    ],
    "7": [
      "คุณกำลังถามว่ารถไฟคืออะไร…?",
      "อิอิ… รถไฟ ฮะ—"
    ],
    "8": [
      "เป็นสิ่งที่ส่งเสียงดังกระทบกันติดตัวทุกคน",
      "ส่องแสงระยิบระยับราวกับดวงดาวราวกับเพชรที่กระจัดกระจาย~"
    ],
    "9": [
      "นกหวีดของมัน-",
      "ฟังดูเหมือนวาฬร้องเพลงเลยนะรู้ไหม?"
    ],
    "10": [
      "อิอิ ยังไม่เข้าใจอีกเหรอ?",
      "ถ้าอย่างนั้นให้ฉันแสดงตั๋วให้คุณดู บางทีนั่นอาจจะช่วยได้~"
    ],
    "11": [
      "ตั๋วรถไฟกาแลกติก",
      "เป็นอย่างมากเช่นกัน"
    ],
    "12": [
      "ฮะ? ฮะ??",
      "ตั๋ว…หมดแล้ว…"
    ],
    "13": [
      "ตั๋วใบนั้นมีลายเถาวัลย์สีดำและ",
      "ไม้กางเขนประหลาดตรงกลาง…หายไป…"
    ],
    "14": [
      "ฉันขอโทษ… ฉันไม่สามารถแสดงกาแล็กซีให้คุณดูได้อีกแล้ว…",
      "ดูเหมือนว่าฉันทำตั๋วหาย…"
    ],
    "15": [
      "ถ้าไม่มีมัน ฉันคงไม่สามารถกลับขึ้นรถไฟได้…",
      "อุ๊ย@...อะไรนะ..."
    ],
    "16": [
      "ฉันจะทำอย่างไรตอนนี้…?  ฉันเดาว่าฉันจะรออยู่ที่นี่…",
      "บางทีรถไฟขบวนถัดไปอาจจะพบฉัน"
    ],
    "17": [
      "และอีกอย่าง… ฉันขอโทษ…",
      "ไฟที่นี่ร้อนเกินไป…"
    ],
    "18": [
      "พอฉันนั่งลง ความง่วงก็ครอบงำฉัน...",
      "เหมือนกระแสน้ำ…พัดพาฉันไป…"
    ],
    "19": [
      "(คนนี้…",
      "เผลอหลับไปแล้วจริงๆ!)"
    ],
    "20": [
      "ที่นี่อบอุ่นจริงๆ",
      "แต่… มันแตกต่างจากแสงแดด"
    ],
    "21": [
      "แสงแดดคือความอบอุ่นจากภายนอก",
      "แคมป์ไฟ…คือความอบอุ่นของการเดินทาง"
    ],
    "22": [
      "…อืม?",
      "รถไฟจะมารับฉันไหม?"
    ],
    "23": [
      "ฮะ? โอ้,",
      "คุณอีกแล้วนะนักผจญภัย!"
    ],
    "24": [
      "ฉันเพิ่งคุยกับคุณก่อนหน้านี้…",
      "แต่รู้สึกเหมือนเวลาผ่านไปนานมากตั้งแต่นั้นมา..."
    ],
    "25": [
      "ฉันจำได้ไหมว่าฉันทำตั๋วหายที่ไหน…?",
      "อืม… ไม่จริง… ตอนนี้มันเบลอหมดแล้ว…"
    ],
    "26": [
      "ไม่หนักเหมือนเหรียญในโลกนี้...",
      "มันเบา—เบายิ่งกว่าขนหงส์~"
    ],
    "27": [
      "สีของมันดูเหมือน 'ทะเลสาบที่กำลังหลับไหล' ที่ถูกแช่แข็งอยู่ข้างใน",
      "และถ้าคุณถือมันไว้ตรงแสง คุณจะเห็นละอองดาวไหลอยู่ข้างใน~"
    ],
    "28": [
      "มันอาจมี...",
      "ล้มตรงไหน…"
    ],
    "29": [
      "บางทีในทุ่งที่เต็มไปด้วยปราชญ์สีน้ำเงิน",
      "หรือสุนัขจิ้งจอกผู้กล้าหาญพากลับถ้ำของมัน"
    ],
    "30": [
      "หรือบางที...ก็กลายเป็นหยาดน้ำค้างยามเช้าหยดแรก",
      "ห้อยลงมาจากขอบหน้าต่างของใครบางคน"
    ],
    "31": [
      "(นี่คือ…ปริศนาเหรอ?",
      "ฉันไม่รู้ว่าเธอกำลังพูดถึงอะไร…)"
    ],
    "32": [
      "ฉันขอโทษ…สิ่งเดียวที่ฉันจำได้",
      "พวกนี้… ภาพจางๆ ขุ่นมัว…"
    ],
    "33": [
      "ที่นี่...เพื่อคุณ...",
      "เคยชอบอ่านเรื่องนี้ตอนอยู่บนรถไฟเหมือนกัน..."
    ],
    "34": [
      "เต็มไปด้วย... บันทึกที่น่าสนใจ...",
      "ฉันคิดว่ามันอาจจะมีประโยชน์สำหรับคุณเช่นกัน นักผจญภัย..."
    ],
    "35": [
      "(เธอมุ่งเน้นไปที่การวาดภาพของเธอ...",
      "อย่ารบกวนเธอดีกว่า…)"
    ],
    "36": [
      "(ผมอยากรู้นิดหน่อย...",
      "เธอกำลังวาดอะไร…?)"
    ],
    "37": [
      "(รอ...",
      "นั่นอะไรน่ะ!?)"
    ],
    "38": [
      "(ผมคิดว่าผมเพิ่งเห็น...",
      "สิ่งที่ฉันไม่ควรเห็นอย่างแน่นอน…)"
    ]
  },
  "PhilosophersFragment": {
    "title": [
      "ชิ้นส่วนของปราชญ์"
    ],
    "description50": [
      "ชิ้นส่วนพิเศษที่ได้รับจากสัตว์ร้ายสีแดง",
      "หากสามารถรวบรวมเศษต่างๆได้",
      "มันอาจช่วยปรับปรุงอาการของ ${} ได้"
    ],
    "description56": [
      "ชิ้นส่วนพิเศษที่ได้รับจาก Maid Bunny",
      "หากสามารถรวบรวมเศษต่างๆได้",
      "มันอาจช่วยปรับปรุงอาการของ ${} ได้"
    ]
  },
  "imoutoAhoge": {
    "0": [
      "บังเอิญดึงอาโฮเกะของอิมูโตะออกมา"
    ],
    "1": [
      "ดูเหมือนเธอจะไม่ได้สังเกตเห็นอะไรผิดปกติ",
      "และมันก็งอกขึ้นมาใหม่อย่างรวดเร็ว",
      "...นี่อาจเป็นทรัพยากรหมุนเวียนบางชนิดหรือเปล่า?"
    ],
    "2": [
      "\\nl< >...มีอะไรเหรอโอนี่จัง?",
      "คุณดูจริงจังมาก"
    ],
    "3": [
      "เนื่องจากมันดูซับซ้อน",
      "ฉันไม่ควรคิดลึกเกินไปเกี่ยวกับเรื่องนี้"
    ],
    "4": [
      "อย่าแตะมันอีกเลยดีกว่า..."
    ],
    "5": [
      "\\nl< >...ฉันรู้สึกคันนิดหน่อย   -",
      "ทำอะไรสักอย่างเหรอ โอนี่จัง?"
    ],
    "6": [
      "ฉ-ฉันไม่ได้ทำอะไรเลย… ฉันหมายถึง!"
    ]
  },
  "cookingSystem": {
    "0": [
      "\\ii[\\v[\\v[85]]]พร้อมแล้ว ฉันควรทำอย่างไร?"
    ],
    "1": [
      "สลับมัน",
      "ถอดมันออก"
    ],
    "2": [
      "ยังคัดวัตถุดิบอยู่!!"
    ]
  },
  "inventoryExpansion": {
    "0": [
      "ดูเหมือนว่าจะใช้ \\ii[312]",
      "สามารถขยายความจุกระเป๋าเป้ได้..."
    ],
    "1": [
      "ขยายช่องอาวุธ",
      "ขยายช่องเกียร์",
      "ช่างเถอะ"
    ],
    "2": [
      "ปริมาณของ \\ii[312]",
      "ดูเหมือนไม่เพียงพอ..."
    ]
  },
  "loadingEasterEgg": {
    "0": [
      "\\nl< >สเต็กแฮมเบิร์กเป็นอาหารที่อร่อยที่สุด  -"
    ],
    "1": [
      "\\nl< >โอนี่จังจะนำกลับมาอย่างแน่นอน",
      "ภูเขาเนื้อสำหรับ Imouto ของเขา... \\w[360] \\^"
    ],
    "2": [
      "ดูเหมือนพี่สาวจะพูดอะไรสักอย่าง..."
    ],
    "3": [
      "\\nl< >แต่พริกเขียวเป็นศัตรูกัน   -",
      "โอนี่จัง คุณต้องกินให้หมด… \\w[120]",
      "ไปกำจัดศัตรูสีเขียวกันเถอะ~!               -"
    ],
    "4": [
      "\\nl< >อ่า คุณตื่นแล้ว… \\w[60]",
      "โอนี่จัง หลับสบายมั้ย?"
    ],
    "5": [
      "ไม่จริง… อย่างไรก็ตาม",
      "ฉันได้ยินเสียงแปลกๆ",
      "สักพักแล้ว…"
    ],
    "6": [
      "\\nl< >เอ๊ะ อิอิ นั่นคือ \\w[60] ของฉัน",
      "บริการการนอนหลับสุดพิเศษสำหรับคุณโอนี่จัง!"
    ],
    "7": [
      "\\nl< >น้องสาวของฉันน่ารักมาก... \\w[120]",
      "เธอเป็นผู้หญิงที่ฉันชอบที่สุดในโลก... \\w[210]",
      "น้องสาวของฉันคือ———— \\w[150]\\^"
    ],
    "8": [
      "ดูเหมือนพี่สาวจะพูดอะไรสักอย่าง..."
    ],
    "9": [
      "\\nl< >อ๊ะ โอนี่จัง! สวัสดีตอนเย็น-!"
    ],
    "10": [
      "\\nl< >อืม... คุณได้ยินทุกอย่างที่ฉันพูดหรือเปล่า?"
    ],
    "11": [
      "\\nl< >โอนี่จัง ใบหน้าที่กำลังหลับไหลของคุณ",
      "เมื่อกี้ตลกมาก~"
    ],
    "12": [
      "\\nl< >ไม่ค่อยเห็นคุณเผลอหลับไป~"
    ]
  },
  "rubberDuck": {
    "0": [
      "เป็ดยางผู้โดดเดี่ยว",
      "ลอยอยู่บนน้ำ..."
    ],
    "1": [
      "หยิบมันขึ้นมา",
      "ปล่อยให้มันเป็นไป"
    ],
    "2": [
      "มีใครทิ้งสิ่งนี้ไปหรือเปล่า?",
      "ดูเหมือนจะเศร้านิดหน่อยนะฮะ…"
    ],
    "3": [
      "ลองคิดดูสิ…",
      "ผมก็โดนน้ำจากต้นน้ำเหมือนกันครับ..."
    ],
    "4": [
      "ถ้าฉันเอาสิ่งนี้กลับบ้าน...",
      "น้องสาวของฉันจะมีความสุขไหม?"
    ],
    "5": [
      "แต่ดูเหมือนสกปรกไปหน่อย",
      "บางทีฉันควรจะทิ้งมันไป..."
    ]
  },
  "drowning": {
    "0": [
      "เอ่อ...ก็ใกล้แล้ว...",
      "ฉันลื่นล้มจากริมฝั่งแม่น้ำเกือบจมน้ำ!"
    ]
  },
  "mecha": {
    "0": [
      "เครื่องจักรประหลาดที่ปกคลุมไปด้วยฝุ่นมานานยืนอยู่ที่นี่...",
      "มันไม่ตอบสนองแม้ว่าจะสัมผัสก็ตาม"
    ],
    "1": [
      "ฮะ...?",
      "มีบางอย่างอยู่ที่นี่เหรอ?"
    ],
    "2": [
      "ส่วนที่หลุด?",
      "ดูเหมือนว่าจะยังสามารถเปิดใช้งานได้..."
    ]
  },
  "erohon": {
    "0": [
      "(ยังมีคนหรือมอนสเตอร์อยู่ใกล้ๆ...",
      "อย่าเอาหนังสือเล่มนี้ออกไปจะดีกว่า)"
    ]
  },
  "ninja": {
    "0": [
      "ฉันไม่อยากจะเชื่อเลยว่าจะมีห้องลับที่มนุษย์สร้างขึ้นในสถานที่แบบนี้",
      "ใครเป็นคนสร้างมันขึ้นมา…?"
    ],
    "1": [
      "อ้าว…!?",
      "มีแม้แต่ผู้หญิงคนหนึ่งที่หมดสติอยู่ที่นี่…"
    ],
    "2": [
      "ตอนนี้ฉันคิดเกี่ยวกับมัน ฉันได้ยินเสียงดังก้องแปลก ๆ ...",
      "ท้องของเธอกำลังส่งเสียงเหล่านั้นหรือเปล่า…?"
    ],
    "3": [
      "ฮึ…",
      "หิวมาก…"
    ],
    "4": [
      "…………",
      "เธอหิวมากจนแทบไม่รู้สึกตัวหรือเปล่า…?"
    ],
    "5": [
      "มีแคมป์ไฟที่นี่สมบูรณ์แบบ",
      "ฉันจะทำอาหารให้เธอกิน!"
    ],
    "6": [
      "ฉันควรใช้ \\ii[\\v[90]]",
      "และทำอะไรง่ายๆ?"
    ],
    "7": [
      "มาทำกันเถอะ!",
      "…ช่างเถอะ."
    ],
    "8": [
      "อืม… บางทีฉันควรจะสลับกัน",
      "ส่วนผสมที่ดีกว่า..."
    ],
    "9": [
      "เฮ้~ ฉันทำอาหารร้อนๆมาฝากคุณนะ!",
      "คุณคิดว่าคุณสามารถกินได้หรือไม่?"
    ],
    "10": [
      "สูดดม สูดดม สูดดม…",
      "กลิ่นนั้น… มันคืออาหารเหรอ?"
    ],
    "11": [
      "กลิ่นอาหาร!!"
    ],
    "12": [
      "\\{เอาล่ะ ฉันกำลังเจาะเข้าไป!!"
    ],
    "13": [
      "คุณ...คุณน้อย...",
      "ฉันทำแบบนั้นนะรู้ไหม..."
    ],
    "14": [
      "(เธอกินเสร็จภายในไม่กี่คำ...",
      "เธอคงจะหิวโหยจริงๆ…)"
    ],
    "15": [
      "แทะเล็มเคี้ยว… คุณช่วยฉันไว้โดยสิ้นเชิง!",
      "ไม่ได้กินมาหลายวันแล้ว…เคี้ยวเคี้ยว…"
    ],
    "16": [
      "ฉันคิดว่าฉันจะกลายเป็นผีผู้หิวโหย",
      "หลอกหลอนดันเจี้ยนนี้… กร๊าก…"
    ],
    "17": [
      "เฮ้… แค่กินช้าลงหน่อย… อย่างไรก็ตาม",
      "ทำไมคุณมาที่นี่คนเดียวในที่แบบนี้?"
    ],
    "18": [
      "อ่า! ฉันรู้-!",
      "ฉันกำลังทำภารกิจอย่างจริงจัง โอเค!"
    ],
    "19": [
      "ฉันอยากจะค้นหาสมบัติที่ซ่อนอยู่ในบริเวณนี้",
      "ฉันจึงขุดห้องลับในที่อันเงียบสงบ!"
    ],
    "20": [
      "แต่แล้ว… แทะเล็มเคี้ยว",
      "หลังจากที่ฉันเข้าไป ทางเข้าก็ถูกปิดด้วยป้ายหลุมศพ!"
    ],
    "21": [
      "เอ่อ ฉันไม่ได้คาดหวังอย่างนั้นเลย",
      "ดังนั้นเสบียงของฉันก็เลยหมดเร็วมาก…และจากนั้น…"
    ],
    "22": [
      "นินจาที่วิ่งเข้าไปวุ่นวายแบบนี้…",
      "ตอนนี้ฉันไม่สามารถเผชิญหน้ากับองค์กรได้…"
    ],
    "23": [
      "ฮะ…ฮะ? แต่ทำไมคุณถึงได้",
      "ขุดห้องลับตั้งแต่แรก…"
    ],
    "24": [
      "เพราะสมบัตินั้นไม่ได้ปรากฏขึ้นเสมอไป",
      "ฉันก็เลยต้องเตรียมตัวอยู่นานๆ...เคี้ยวเอื้อง"
    ],
    "25": [
      "นอกจากนี้ ฉันไม่สามารถแจ้งให้ใครทราบเกี่ยวกับเรื่องนี้ได้",
      "นี่เป็นภารกิจลับสุดยอดโดยตรงจากบอส!"
    ],
    "26": [
      "หากใครทราบ…",
      "คุณคิดว่าจะเกิดอะไรขึ้น…"
    ],
    "27": [
      "แน่นอนว่าฉันจะต้องดูแลพวกเขาอย่างเงียบๆ...",
      "ไม่อย่างนั้น ฉันคงเป็นนินจาที่ล้มเหลว… เคี้ยวอาหาร"
    ],
    "28": [
      "…เดี๋ยวก่อนอะไรนะ!",
      "ฉันเพิ่งรั่ว Intel โดยสิ้นเชิง!"
    ],
    "29": [
      "อืม… ฉันสัญญาว่าจะไม่พูดอะไร…",
      "ดังนั้น เอ่อ..."
    ],
    "30": [
      "…ฮะ!?"
    ],
    "31": [
      "ฉันไม่อยากจะเชื่อเลยว่าฉันทำมันพังขนาดนี้อีกแล้ว…",
      "เอ่อ…แม้ว่าคุณจะช่วยฉัน…"
    ],
    "32": [
      "ค-รอสักครู่!",
      "คุณจะฆ่าฉันเพียงเพื่อการนั้น!?"
    ],
    "33": [
      "นั่นคือสิ่งที่เป็นนินจาเกี่ยวกับ...",
      "คุณต้องต่อสู้เพื่อเอาชีวิตรอด..."
    ],
    "34": [
      "ฉันหมายถึง ฉันไม่อยากทำร้ายคุณจริงๆ เหมือนกัน",
      "แต่ฉันยังคงเป็นหนี้อาหารคุณ…"
    ],
    "35": [
      "ฉัน-ถ้าเป็นเช่นนั้น-",
      "\\^"
    ],
    "36": [
      "มีเพียงคำตอบเดียวเท่านั้น—",
      "คุณต้องกลายเป็นนินจาด้วย!"
    ],
    "37": [
      "หากคุณเข้าร่วมกลุ่มของเรา",
      "ไม่มีเหตุผลที่เราจะต้องทะเลาะกัน!"
    ],
    "38": [
      "ค-รอสักครู่!",
      "นี่ฉันไม่มีทางเลือกจริงๆ ใช่ไหม!?"
    ],
    "39": [
      "ไม่เป็นไร",
      "ฉันจะอ่อนโยน..."
    ],
    "40": [
      "…ห๊ะ!?",
      "อยู่ห่างจากฉัน!!"
    ],
    "41": [
      "คุณมีความสามารถพิเศษในเรื่องนินจานี่จริงๆ…!",
      "คุณเรียนรู้ทั้งหมดนี้ด้วยการฝึกฝนเพียงเล็กน้อย!"
    ],
    "42": [
      "ตอนนี้,",
      "คุณก็เป็นหนึ่งในพวกเราเช่นกัน!"
    ],
    "43": [
      "แต่ฉันจะต้องรอจนกว่าภารกิจของฉันจะเสร็จสิ้น",
      "ก่อนที่ฉันจะแนะนำคุณให้รู้จักกับเจ้านาย!"
    ],
    "44": [
      "ณ จุดนี้",
      "ไม่มีอะไรสำคัญอีกต่อไปแล้ว…"
    ]
  }
}