﻿{
  "13": {
    "0": [
      "...โอ้พระเจ้า? มีอีก",
      "ลูกแกะตัวน้อยน่ารักหลงเข้ามา?"
    ],
    "1": [
      "อิอิอิ~ คุณมาที่นี่เพื่อแสวงหาพลังจากฉันเหรอ?",
      "นี่เป็นข้อตกลงกับปีศาจนะรู้ไหม~"
    ],
    "2": [
      "แต่น่าเสียดายที่มันยัง 'ยังไม่ถึงเวลา'~",
      "ยังไม่ถึงเวลาที่คุณจะต้องเผชิญหน้ากับชะตากรรมของคุณ~"
    ],
    "3": [
      "ตอนนี้คุณยังเป็นเพียงลูกแกะตัวน้อยที่หลงทาง~",
      "คนที่ไม่รู้อะไรเลยและยังไม่ตระหนักอะไรเลย~"
    ],
    "4": [
      "เฮ้~~ คุณกำลังนั่งอยู่ตรงนั้นเหรอ?",
      "หวังว่าจะได้ยินคำอธิษฐานของฉันเหรอ?"
    ],
    "5": [
      "น่าเสียดาย♥ ฉันเป็นปีศาจผู้ยิ่งใหญ่~",
      "ฉันไม่ทำแบบนั้นเพื่อคุณหรอก~"
    ]
  },
  "16": {
    "0": [
      "เจ้าจะต้องกินด้วยเหงื่อไหลอาบคิ้ว",
      "อาหารของคุณจนกว่าคุณจะกลับคืนสู่พื้นดิน",
      "เนื่องจากเจ้าถูกรับมาจากที่นั่น",
      "เพราะเจ้าเป็นฝุ่นและเจ้าจะกลับมาเป็นผงคลี"
    ],
    "1": [
      "ข้าพเจ้าได้เห็นทุกสิ่งที่ทำกันภายใต้ดวงอาทิตย์",
      "ล้วนไร้ความหมายเหมือนวิ่งตามสายลม"
    ],
    "2": [
      "และเรารู้ว่าทุกสิ่งทำงานร่วมกัน",
      "เป็นผลดีแก่ผู้ที่รักพระเจ้า",
      "ผู้ได้รับเรียกตามพระประสงค์ของพระองค์"
    ],
    "3": [
      "เพราะว่าทุกคนได้ทำบาปและล้มลง",
      "ขาดพระสิริของพระเจ้า"
    ],
    "4": [
      "เพราะว่านิมิตนั้นยังเป็นเวลาที่กำหนดไว้",
      "มันพูดถึงจุดจบและจะไม่พิสูจน์ว่าเป็นเท็จ",
      "แม้จะยังเหลืออยู่แต่จงรอคอยมัน",
      "มันจะมาอย่างแน่นอนและไม่ชักช้า"
    ],
    "5": [
      "ความผิดของฉันท่วมท้นฉัน",
      "เหมือนเป็นภาระที่หนักเกินกว่าจะรับได้"
    ]
  },
  "17": {
    "0": [
      "พระเยซูตรัสถามว่าท่านชื่ออะไร?",
      "เขาตอบว่า ฉันชื่อลีเจียน เพราะว่าพวกเรามีกันมากมาย"
    ],
    "1": [
      "จึงมีหมายสำคัญอีกอย่างหนึ่งปรากฏขึ้นในสวรรค์ว่า",
      "มังกรแดงตัวใหญ่มีเจ็ดหัวสิบเขา",
      "และบนหัวมีมงกุฎเจ็ดอัน หางของมันกวาด",
      "หนึ่งในสามของดวงดาวจากท้องฟ้าโยนลงมายังแผ่นดินโลก"
    ],
    "2": [
      "ข้าแต่ผู้ส่องแสง บุตรแห่งรุ่งอรุณ!",
      "ตกลงมาจากสวรรค์ได้อย่างไร?",
      "เจ้าผู้เคยทำให้ประชาชาติตกต่ำ",
      "เจ้าถูกเหวี่ยงลงมายังแผ่นดินโลกอย่างไร?"
    ],
    "3": [
      "และข้าพเจ้าเห็นสัตว์ร้ายตัวหนึ่งขึ้นมาจากทะเล",
      "มีเขาสิบเขาและเจ็ดหัว",
      "มีมงกุฎสิบอันบนเขา",
      "และชื่อดูหมิ่นบนหัวของมัน"
    ],
    "4": [
      "แม้ข้าพเจ้าจะเดินผ่านหุบเขาเงามรณะ",
      "ข้าพระองค์จะไม่กลัวความชั่วร้าย เพราะพระองค์ทรงสถิตกับข้าพระองค์",
      "ไม้เท้าของคุณและไม้เท้าของคุณ พวกเขาปลอบใจฉัน"
    ],
    "5": [
      "พระเจ้าตรัสกับซาตานว่า เจ้ามาจากไหน?",
      "ซาตานตอบว่า จากการท่องโลก",
      "กลับไปกลับมาบนนั้น"
    ]
  },
  "18": {
    "0": [
      "...มันคือวงกลมเทเลพอร์ต",
      "ออกจากที่นี่ตอนนี้…?"
    ],
    "1": [
      "ออกจาก",
      "รอสักครู่…"
    ]
  }
}