﻿{
  "1": {
    "0": [
      "ตอนนี้เป็นยุคหลายปีหลังจากนั้น",
      "จอมมารพ่ายแพ้ต่อฮีโร่"
    ],
    "1": [
      "ฮีโร่และปราชญ์ผู้โด่งดังครั้งหนึ่ง",
      "ตำนานของพวกเขาตอนนี้ไม่มีอะไรอีกแล้ว",
      "มากกว่าเทพนิยายที่ผู้ใหญ่ใช้ดุเด็ก"
    ],
    "2": [
      "นี่คือชื่อที่ตั้งให้กับเขาวงกตยักษ์ลึกลับ",
      "ที่จู่ๆ ก็ปรากฏบนผิวน้ำเมื่อสิบปีก่อน"
    ],
    "3": [
      "มันดูลึกล้ำไม่รู้จบ",
      "พื้นที่ที่เต็มไปด้วยซากปรักหักพังต่างๆ",
      "และสัตว์ประหลาดที่ผสมพันธุ์อย่างรวดเร็วภายใต้พลังเวทย์มนตร์ของมัน"
    ],
    "4": [
      "โดยที่จอมมารไม่คุกคามมนุษยชาติอีกต่อไป",
      "การกำเนิดอย่างกะทันหันของเขาวงกตที่ไม่รู้จักนี้",
      "ทำลายความสงบสุขอันสั้นของโลกมนุษย์ในทันที"
    ],
    "5": [
      "กิลด์นักผจญภัยได้จัดทีมสำรวจจำนวนมาก",
      "เพื่อเจาะลึกลงไป แต่พวกเขาไม่เคยมีความก้าวหน้าอย่างเด็ดขาด",
      "อย่างไรก็ตาม เขาวงกตไม่เคยแสดงเจตนาที่จะบุกรุกเลย",
      "หรือโจมตีโลกภายนอก"
    ],
    "6": [
      "เจ้าเมืองและอำนาจต่างๆ",
      "ทุกคนพยายามตั้งชื่อและจัดการเขาวงกต"
    ],
    "7": [
      "แต่ชื่อเหล่านั้นก็ถูกลืมไปตามกาลเวลา",
      "และสุดท้ายก็เหลือเพียง 'อบิส' เท่านั้น",
      "ฝังลึกอยู่ในความทรงจำของผู้คน"
    ],
    "8": [
      "เนื่องจากเขาวงกตไม่แสดงอาการใดๆ",
      "ขยายออกไปบริโภคโลก",
      "ในที่สุดกิลด์นักผจญภัยก็ตัดสินใจ——",
      "เพื่อเปิดสิทธิการสำรวจแก่ประชาชนทั่วไป"
    ],
    "9": [
      "ดังนั้นอาชีพที่ครั้งหนึ่งเคยถูกลืม",
      "'นักผจญภัย'",
      "ต้อนรับยุคใหม่แห่งความรุ่งโรจน์และความเร่าร้อน"
    ],
    "10": [
      "และในเขาวงกตอันยิ่งใหญ่สุดท้ายนี้",
      "ฉันมีเป้าหมายเดียวเท่านั้น——",
      "เพื่อหาวิธีรักษาอาการ \\str[120] ของฉันให้หายขาด———"
    ]
  },
  "4": {
    "0": [
      "พ่อของฉันเป็นนักเล่นแร่แปรธาตุที่เก่งกาจ"
    ],
    "1": [
      "แม้ในยุคที่สงบสุขเช่นนี้ที่ไม่จำเป็นต้องต่อสู้กับปีศาจ",
      "เขายังคงไขปริศนาการเล่นแร่แปรธาตุหลายอย่างอย่างแข็งขัน"
    ],
    "2": [
      "ฉันเสียใจมาก…เกี่ยวกับแม่ของคุณ…"
    ],
    "3": [
      "ฉันได้ลองทุกอย่างแล้ว…",
      "แต่…!"
    ],
    "4": [
      "แต่ชายผู้นี้ซึ่งทุกคนชื่นชม",
      "ตอนนี้กำลังคุกเข่าลงบนพื้นอย่างอ่อนแรง",
      "ขอโทษซ้ำแล้วซ้ำเล่า",
      "ถึงฉันที่ยังเยาว์วัย"
    ],
    "5": [
      "เขาจับไหล่ของฉันแน่นขึ้น",
      "และฉันก็อดไม่ได้ที่จะร้องไห้",
      "บางทีเมื่อรู้ตัวว่าเขาสูญเสียการควบคุมไปแล้ว",
      "เขาค่อยๆ คลายมือและตบหัวฉันเบาๆ แทน"
    ],
    "6": [
      "ตอนนี้ไม่เป็นไร… มันเป็นความผิดของพ่อ",
      "ฉันไม่ควรยอมแพ้ง่ายๆ..."
    ],
    "7": [
      "คุณเป็นเด็กดี",
      "คุณไม่จำเป็นต้องทนทั้งหมดนี้...",
      "ที่เหลือฝากไว้กับพ่อ"
    ],
    "8": [
      "ถูกต้อง… แม้ว่าจะต้องเสียค่าใช้จ่ายทุกอย่างก็ตาม… ฉันต้อง…"
    ],
    "9": [
      "เสียงของเขาเริ่มสั่นเทา",
      "เขากลัวอะไรบางอย่างหรือเปล่า?"
    ],
    "10": [
      "ตอนนั้นฉันไม่เข้าใจอะไรเลย",
      "แต่ฉันจำได้ว่าหลังจากวันนั้น",
      "เขาไม่เคยกลับมาเป็นพ่อที่ใจดีและอ่อนโยนที่ฉันเคยรู้จักอีกเลย"
    ]
  }
}