﻿{
  "1": {
    "0": [
      "เทศกาลแมนจูฮันอิมพีเรียล..."
    ],
    "1": [
      "ฉันหิว..."
    ]
  },
  "2": {
    "0": [
      "\\nl< >\\str[121]! อยากกินอะไรมั้ย!?"
    ],
    "1": [
      "เธอกระตือรือร้นมากครั้งหนึ่ง",
      "ฉันควรขออะไรดี?"
    ],
    "2": [
      "กินคุณ!",
      "จานเนื้อ!",
      "เมนูผัก!",
      "อะไรก็ได้"
    ],
    "3": [
      "\\nl< >โอ๊ย~ ฉันไม่ใช่อาหารนะรู้ไหม!          -",
      "หาก \\str[121] ไม่มีอะไรพิเศษในใจ",
      "ฉันจะคิดเมนูเอง!"
    ],
    "4": [
      "\\nl< >อิอิอิ~ \\str[121]!",
      "ในที่สุดคุณก็รู้แล้วว่าเนื้ออร่อยขนาดไหน!"
    ],
    "5": [
      "\\nl< >รอก่อน",
      "ฉันจะทำสเต็กชิ้นใหญ่ให้คุณ!"
    ],
    "6": [
      "\\nl< >แต่… เรามีส่วนผสมไม่เพียงพอ…",
      "วันนี้ฉันอาจจะทำอย่างอื่นได้เท่านั้น"
    ],
    "7": [
      "\\nl< >มันไม่ใช่สิ่งที่ฉันชอบจริงๆ… \\w[120]",
      "แต่เนื่องจาก \\str[121] บอกว่าต้องการมัน ฉันจะทำให้ดีที่สุด!"
    ],
    "8": [
      "\\nl< >ดังนั้น \\str[121] แค่นั่งที่โต๊ะดีๆ",
      "และรออาหารพร้อม!        -"
    ]
  },
  "5": {
    "0": [
      "วันนี้เราจะทำอะไรกินกันดี~"
    ]
  },
  "10": {
    "0": [
      "เป็นเรื่องยากที่จะรับประทานอาหารเช้ากับ \\str[120]",
      "ฉันจะทำให้ดีที่สุดดีกว่า!"
    ],
    "1": [
      "ฉันทำอาหารเช้าง่ายๆ ด้วยส่วนผสมที่เหลือ"
    ],
    "2": [
      "โอ้-!? มันเรืองแสง—! มันดูน่าทึ่ง!"
    ],
    "3": [
      "ทำอาหารสำเร็จ!    -",
      "อร่อยจนหมดแรงกลับมา!"
    ],
    "4": [
      "วันนี้ฉันรู้สึกดีมาก มันดูน่าอร่อยจริงๆ…"
    ],
    "5": [
      "ฉันกินข้าวเช้าเสร็จอย่างเงียบๆ และรู้สึกมีพลังงานเพิ่มขึ้นเล็กน้อย"
    ],
    "6": [
      "ไม่นะ!    -",
      "มันไหม้นิดหน่อย…"
    ],
    "7": [
      "ฉันกินอาหารเช้ารสชาติแปลกๆ",
      "และฉันก็ไม่พอใจเลย…"
    ],
    "8": [
      "อ๊าาา———— \\w[30]",
      "ไฟไหม้ไปหมดแล้ว!"
    ],
    "9": [
      "อาหารเช้ากลายเป็นก้อนถ่าน",
      "ชิมแล้วไม่มีรสชาติเลย..."
    ],
    "10": [
      "ใกล้ถึงเวลาออกเดินทางแล้ว…",
      "ฉันทิ้งโน้ตไว้สำหรับ \\str[120] ดังนั้นมันควรจะไม่เป็นไร"
    ]
  },
  "12": {
    "0": [
      "…รู้สึกเหมือนฉันเห็นบางสิ่งที่คุ้นเคย"
    ],
    "1": [
      "เอ่อ… ฉันอยากได้เนื้อ…"
    ],
    "2": [
      "จะเติมอะไรอร่อยๆ ลงไปอีก~"
    ],
    "3": [
      "วันนี้มากินปลากันเถอะ!"
    ],
    "4": [
      "- นี่มันกินได้ด้วยเหรอ!?"
    ],
    "5": [
      "ไม่เผ็ด!"
    ],
    "6": [
      "…ฉันเกลียดผัก"
    ],
    "7": [
      "แฮมเบิร์กสเต็ก~ แฮมเบิร์กสเต็ก~"
    ],
    "8": [
      "นี่เป็นของกินได้ไหม?"
    ],
    "9": [
      "เนื้อผัดเปรี้ยวหวาน...ก็น่าอร่อยเหมือนกันนะ?"
    ]
  },
  "13": {
    "0": [
      "ล้มเหลว… \\w[60]",
      "\\str[120] และฉันก็บังคับตัวเองให้ทำ",
      "กินอาหารแปลกๆ ที่ฉันทำ..."
    ],
    "1": [
      "ฉันเพลิดเพลินกับอาหารจานเนื้อแสนอร่อยกับ \\str[120]"
    ],
    "2": [
      "ฉันชอบทานอาหารเย็นกับ \\str[120]"
    ],
    "3": [
      "แต่มันเผ็ดมากจน \\str[120] เริ่มร้องไห้ทันที..."
    ],
    "4": [
      "นอกจากนี้ มันเผ็ดมากจน \\str[120] เริ่มร้องไห้ทันที..."
    ]
  },
  "17": {
    "0": [
      "\\nl< >\\str[121]…",
      "คุณได้ล้างกลิ่นนั้นออกจากร่างกายของคุณไปหมดแล้วหรือยัง?",
      "อย่ากลับมาสกปรกทั้งหมดในครั้งต่อไป"
    ]
  },
  "18": {
    "0": [
      "\\nl< >นี่ \\str[121]!    -",
      "อ่าาา————"
    ],
    "1": [
      "……เอ๊ะ? เห็นแล้ว?",
      "ฉากนี้ให้ความรู้สึกคุ้นเคยมาก…!"
    ],
    "2": [
      "ฉันจะเลี้ยงเอง————",
      "\\w[60]\\^"
    ],
    "3": [
      "\\nl< >แหวะ \\str[121]!",
      "ตอนนี้คุณเป็นคนไข้ที่ได้รับบาดเจ็บ จำไว้!"
    ],
    "4": [
      "อ่าโอเค"
    ],
    "5": [
      "ท่วมท้นไปด้วยความมุ่งมั่นของ \\str[120]",
      "ฉันกินสิ่งที่เธอไม่รู้จักที่เธอให้ฉันอย่างเชื่อฟัง"
    ],
    "6": [
      "\\{ ฟะฟะ!?"
    ],
    "7": [
      "ความตกใจที่คุ้นเคยนั้นระเบิดในปากของฉัน",
      "บางทีฉันอาจจะชินแล้ว คราวนี้ฉันไม่เป็นลม"
    ],
    "8": [
      "\\nl< >เป็นอย่างไรบ้าง \\str[121]? รสชาติดีมั้ย?"
    ],
    "9": [
      "รสชาติ อืม ก็แบบ————"
    ],
    "10": [
      "จู่ๆ คลื่นความร้อนก็พุ่งออกมาจากท้องของฉัน!",
      "ความเหนื่อยล้าทั้งหมดของฉันปลิวไป!"
    ],
    "11": [
      "…ฮะ? มันรู้สึกดีจริงๆ เหรอ?"
    ],
    "12": [
      "\\nl< >เย้ ดูเหมือนว่าการฝึกฝนของฉันจะได้ผลแล้ว!"
    ],
    "13": [
      "เธอได้ฝึกฝนอะไรบ้าง?",
      "อยากรู้แต่ไม่กล้าถาม..."
    ]
  },
  "21": {
    "0": [
      "ยังไม่มีสูตรให้ทำตามตอนนี้...",
      "ฉันควรจะทำอะไรด้วยตัวเองไหม?"
    ],
    "1": [
      "ให้ \\str[120] ทำอาหาร",
      "ทำมันด้วยตัวเอง"
    ],
    "2": [
      "\\nl< >ฉันขอโทษ,\\str[121]... \\w[60]",
      "ฉันยังอยู่ในการฝึก คราวหน้าให้ฉันจัดการเอง!"
    ],
    "3": [
      "…ดูเหมือนว่า \\str[120] กำลังพยายามอย่างเต็มที่",
      "เพื่อเรียนรู้วิธีทำอาหาร",
      "โอเค ฉันว่าฉันต้องทำอาหารเย็นแล้วล่ะ"
    ],
    "4": [
      "\\nl< >\\{\\str[121]!",
      "อยากกินอาหารที่ฉันทำมั้ย!?"
    ],
    "5": [
      "\\nl< >โอ้พระเจ้า ฉันปฏิเสธคุณไม่ได้จริงๆ~"
    ],
    "6": [
      "\\nl< >ปล่อยให้เป็นหน้าที่ของฉัน!",
      "ฉันมั่นใจว่าฉันทำของอร่อยได้จริงๆ!"
    ]
  },
  "22": {
    "0": [
      "\\nl< >\\{Nnnnn……!\\w[250] เฮฟโฮ……!  -",
      "อืม อืม……!    -"
    ],
    "1": [
      "\\nl< >ฮ่าฮ่า…\\w[120] ฮ่า…\\w[180] \\str[121]…… \\w[60]",
      "คุณหนักมาก……!"
    ],
    "2": [
      "ด้วยความมุ่งมั่นเต็มที่",
      "\\str[120] ลากร่างที่อ่อนล้าของฉันไปที่โต๊ะกินข้าว…"
    ],
    "3": [
      "\\nl< >ตอนนี้รอที่นี่สักครู่ \\str[121]",
      "ฉันจะกลับมาทันที"
    ],
    "4": [
      "อาหารที่ทำโดย \\str[120] เอง… ฉันจะพูดยังไงดี",
      "ฉันตั้งหน้าตั้งตารอมันอยู่นะ……",
      "แต่ลองคิดดูว่าเธอเคยทำอาหารมาก่อนหรือไม่…?"
    ],
    "5": [
      "\\nl< >นี่ \\str[121]!    -",
      "อ่าาา————"
    ],
    "6": [
      "จ้องมองไปที่วัตถุที่ไม่สามารถระบุได้ตรงหน้าฉัน",
      "ร่างกายของฉันเริ่มสั่นอย่างควบคุมไม่ได้"
    ],
    "7": [
      "อืม ที่รัก \\str[120]……\\w[60]",
      "\\str[121] ยังมีกำลังพอที่จะเลี้ยงตัวเองได้นะรู้ไหม?   -",
      "ถ้าคุณถอดผ้าพันแผลพวกนี้ออก…… \\w[20]\\^"
    ],
    "8": [
      "\\nl< >ไม่มีทาง!",
      "ตอนนี้คุณได้รับบาดเจ็บ \\str[121]",
      "คุณต้องพักผ่อนให้เพียงพอ!"
    ],
    "9": [
      "\\nl< >หรือบางที...",
      "ความพยายามทำอาหารครั้งแรกของฉันมันไม่ดีเลยจริงๆ……?   -",
      "ถ้าอย่างนั้นขอชิมก่อน…"
    ],
    "10": [
      "\\{ ให้ฉันลองดูสิ! โปรด!"
    ],
    "11": [
      "ก่อนที่ \\str[120] จะสามารถตอบสนองได้",
      "ฉันรีบโน้มตัวไปข้างหน้าและ",
      "กัดช้อนที่เธอถืออยู่"
    ],
    "12": [
      "อืม… จุ๊บ จุ๊บ จุ๊บ— \\w[60]",
      "มันเป็นแบบ———— \\w[30]\\^"
    ],
    "13": [
      "\\{ ฟะฟะ!?"
    ],
    "14": [
      "\\nl< >\\str[121]!? มะ-เกิดอะไรขึ้น!?"
    ],
    "15": [
      "รู้สึกเหมือนดื่มโซดาอัดลมสูง",
      "เนื้อสัมผัสแปลกๆ ระเบิดในปากของฉันทันที",
      "ก่อนที่ฉันจะทันได้โต้ตอบ ฉันก็สลบไป..."
    ],
    "16": [
      "\\nl< >\\{ โอนี่-ชาน-!",
      "\\w[60]\\^"
    ],
    "17": [
      "อ่า… อาหารที่สร้างขึ้นด้วยมือของ \\str[120] เอง…",
      "น่าเสียดายที่ฉันทำไม่เสร็จ…"
    ]
  }
}