﻿{
  "1": {
    "0": [
      "อืม ดูเหมือนฉันจะนอนไม่หลับเลย..."
    ],
    "1": [
      "ปวดท้อง...อาหารไม่ย่อยหรือเปล่า?",
      "บางทีมื้อเย็นนั้นอาจจะมากเกินไป..."
    ],
    "2": [
      "เอ่อ จู่ๆ ฉันก็ตื่น...!"
    ],
    "3": [
      "มันยังเที่ยงคืนอยู่เลย",
      "นอนได้อีกหน่อย...\\w[30].\\w[30].\\w[30].",
      "ฉันควรไปตรวจน้องสาวของฉันไหม?"
    ],
    "4": [
      "ไปที่ห้องของ \\str[120]",
      "ไปนอนกันเถอะ"
    ],
    "5": [
      "จะนอนถึงเช้าเลยเหรอ...?"
    ],
    "6": [
      "นอน",
      "เดี๋ยว"
    ],
    "7": [
      "อ๊ากกก—!!?"
    ],
    "8": [
      "มะ-อะไรนะ? โอ้ มันเป็นเพียงฝันร้าย..."
    ],
    "9": [
      "นั่นทำให้ฉันกลัวมาก...",
      "ฉันคิดว่าฉันเห็น \\str[120] เวอร์ชันที่น่ากลัวจริงๆ"
    ],
    "10": [
      "…ฉันควรไปตรวจสอบที่ \\str[120]",
      "จะเป็นอย่างไรถ้าความฝันนั้น—"
    ],
    "11": [
      "ใช่แล้ว ความฝันนั้นน่ากลัวมาก...",
      "พักผ่อนก่อนดีกว่า..."
    ]
  },
  "2": {
    "0": [
      "\\c[10]—ตรวจพบคำขออัปเดตข้อมูลจากเวอร์ชัน \\str[1]  -",
      "คุณต้องการดำเนินการอัปเดตอัตโนมัติทันทีหรือไม่"
    ],
    "1": [
      "เริ่มการอัพเดต",
      "ช่างเถอะ"
    ],
    "2": [
      "...เช้าแล้วเหรอ?",
      "ฉันรู้สึกเหมือนมีความฝันบางอย่างเกี่ยวกับ",
      "น้องสาวคนเล็กของฉัน",
      "แต่ฉันจำไม่ได้..."
    ],
    "3": [
      "...เช้าแล้วเหรอ?",
      "ฉันรู้สึกไม่ค่อยหลับสบาย..."
    ],
    "4": [
      "เอ่อ เช้าแล้วเหรอ? ฉันนอนหลับสบายมาก"
    ],
    "5": [
      "วันนี้เป็นวันที่ดี...\\w[45]หือ?",
      "รู้สึกเหมือนแสงแดดแรงเกินไปหน่อยเหรอ?"
    ],
    "6": [
      "วันนี้เป็นวันที่ดี"
    ],
    "7": [
      "วันนี้อากาศดูไม่ค่อยดีนัก"
    ],
    "8": [
      "ฝนตกไหม?",
      "ฉันหวังว่ามันจะไม่ส่งผลกระทบต่อการผจญภัยของเรา..."
    ],
    "9": [
      "ไม่ได้ตรวจน้องสาวมาหลายวันแล้ว...",
      "สงสัยวันนี้ฉันควรจะแวะมา"
    ],
    "10": [
      "เอาล่ะ ฉันตื่นแล้ว วันนี้มีแผนอะไร—"
    ],
    "11": [
      "ไปที่ห้องของ \\str[120]",
      "ออกไปเดี๋ยวนี้"
    ],
    "12": [
      "เอาล่ะ เรามาตรวจสอบกันที่ \\str[120] กัน!"
    ],
    "13": [
      "เอาล่ะ ถึงเวลาจัดการทุกอย่างให้เรียบร้อย",
      "และออกไปผจญภัย!"
    ]
  },
  "4": {
    "0": [
      "...หือ!?\\w[60]...เดี๋ยวก่อน \\w[60]",
      "เช้าแล้วเหรอ...?"
    ],
    "1": [
      "ฉันรู้สึกเวียนศีรษะ...",
      "เมื่อคืนฉันเผลอหลับไปแบบนั้นเหรอ...?"
    ],
    "2": [
      "ฉันจำไม่ได้ว่าเกิดอะไรขึ้นเมื่อคืนนี้... \\w[90]",
      "เอ่อ ฉันคงจะเหนื่อยเกินไปสินะ..."
    ]
  }
}