﻿{
  "1": {
    "0": [
      "ทั้งที่เราตกลงจะอาบน้ำด้วยกัน",
      "เราทั้งคู่ยังขี้อายอยู่นิดหน่อย",
      "ถึงแม้ว่าเราจะเห็นกันเปลือยเปล่าก็ตาม",
      "เราทั้งคู่ห่อตัวด้วยผ้าเช็ดตัวแล้วเดินเข้าไปในห้องน้ำ"
    ],
    "1": [
      "\\nl< >ร็อค กระดาษ กรรไกร ยิง!    -",
      "เอ๊ะๆๆๆ~ วันนี้ฉันชนะแล้ว!"
    ],
    "2": [
      "ร็อค กระดาษ กรรไกร ยิง!    -",
      "ใช่! ฉันชนะ!"
    ],
    "3": [
      "ตั้งแต่ฉันแพ้เกม",
      "ฉันไม่มีทางเลือกอื่นนอกจากนั่งรออยู่ในอ่างอย่างเงียบๆ",
      "ขณะที่ \\str[120] ซักผ้าเสร็จแล้ว"
    ],
    "4": [
      "ตั้งแต่ฉันชนะเกมนี้",
      "วันนี้ฉันต้องอาบน้ำก่อน",
      "ในขณะเดียวกัน \\str[120] ก็นั่งอยู่ในอ่างด้วยสีหน้าเบื่อหน่ายเล็กน้อย"
    ],
    "5": [
      "หลังจากอาบน้ำเสร็จอย่างรวดเร็ว",
      "ฉันนั่งลงในอ่างอาบน้ำและรออย่างเงียบๆ ให้ \\str[120] อาบน้ำเสร็จ"
    ],
    "6": [
      "ดู \\str[120] สระผมอย่างประหม่าเล็กน้อย",
      "ฉันอดไม่ได้ที่จะรู้สึกอยากจะไปช่วยเธอ..."
    ],
    "7": [
      "มองดู \\str[120] เช็ดตัวของเธออย่างประหม่าเล็กน้อย",
      "ฉันอดไม่ได้ที่จะรู้สึกอยากจะไปช่วยเธอ..."
    ],
    "8": [
      "ช่วยเธอด้วย",
      "ลืมมันซะ"
    ],
    "9": [
      "ฉันพยายามถาม \\str[120] ว่าเธออยากให้ฉันช่วยสระผมหรือเปล่า—"
    ],
    "10": [
      "ฉันพยายามถาม \\str[120] ว่าเธออยากให้ฉันช่วยล้างหลังเธอหรือเปล่า—"
    ],
    "11": [
      "\\l< >เอ๊ะ—?",
      "ไม่เป็นไร ฉันทำเองได้!",
      "\\str[121] คุณมันงุ่มง่ามมาก",
      "คุณจะทำให้มันเลอะเทอะไปหมด!"
    ],
    "12": [
      "ฮึ… \\str[120] ทำให้ฉันผิดหวัง",
      "บางทีฉันอาจจะต้องรอจนกว่าเราจะเข้าใกล้อีกสักหน่อยก่อนที่จะลองอีกครั้ง"
    ],
    "13": [
      "\\str[120] กำลังเติบโตขึ้น",
      "และฉันเดาว่าเธอคงไม่ชอบถูกปฏิบัติเหมือนเด็กอีกต่อไป",
      "อย่าดันดีกว่า..."
    ],
    "14": [
      "หลังจาก \\str[120] อาบน้ำเสร็จอย่างระมัดระวัง",
      "ถึงเวลาที่ฉันจะต้องอาบน้ำ"
    ]
  },
  "2": {
    "0": [
      "\\nl< >มาเริ่มด้วยการล้างแขนกันก่อน…"
    ],
    "1": [
      "\\str[120] ค่อยๆ ยกแขนของฉันขึ้นและวางไว้ระหว่างต้นขาอันอ่อนนุ่มของเธอ",
      "ร่างกายของเราทั้งสองถูกปกคลุมไปด้วยสบู่",
      "ทำให้ผิวของเราเนียนเรียบน่าสัมผัส",
      "\\w[60]  ",
      "เธอกดขาของเธอเข้าด้วยกันเบา ๆ และนั่นก็นุ่มนวล",
      "ความรู้สึกกลมๆ ส่งผ่านแขนของฉันอย่างชัดเจน"
    ],
    "2": [
      "ก่อนที่ฉันจะพูดอะไร ต้นขาของเธอก็เริ่มขยับ ช้าๆ เบาๆ กลับไปกลับมา",
      "สัมผัสที่ผิวเราถูกันชัดเจนขึ้นทุกการเคลื่อนไหว",
      "และฉันรู้สึกได้ถึงจังหวะอันละเอียดอ่อนและความอบอุ่นของเธอ",
      "ร่างกายบีบและปล่อยรอบแขนของฉัน"
    ],
    "3": [
      "การกระทำที่กล้าหาญอย่างกะทันหันของเธอทำให้ฉันสับสนชั่วขณะและไม่สามารถตอบสนองได้ในทันที",
      "แต่ความนุ่มนวลอบอุ่นราวกับความฝันที่อยู่รอบแขนของฉันทำให้หมดแรงที่ฉันต้องดึงออกไป",
      "ในท้ายที่สุด ฉันก็เลิกขัดขืนและปล่อยให้เธอทำ 'บริการซักผ้า' อันแปลกประหลาดต่อไป"
    ],
    "4": [
      "\\nl< >เป็นยังไงบ้าง... \\str[121]...♥",
      "มันไม่รู้สึก... สะอาดกว่าการซักด้วยมือเหรอ?"
    ],
    "5": [
      "มันรู้สึกดี",
      "มันรู้สึกแปลกๆ"
    ],
    "6": [
      "\\nl< >รู้สึกแปลกๆ...?",
      "จากนั้น... \\str[121],",
      "ช่วยสอนฉันหน่อยได้ไหมว่าฉันควรทำอย่างไร~?"
    ],
    "7": [
      "\\nl< >...แปลกเหรอ? มีอะไรแปลกเกี่ยวกับเรื่องนี้?",
      "ตอนนี้แขนของคุณสะอาดหมดแล้วใช่ไหม \\str[121]?"
    ],
    "8": [
      "\\nl< >เกิดอะไรขึ้น \\str[121]?",
      "คุณคือคนที่อยากให้ฉันช่วยล้างคุณไม่ใช่หรือ?"
    ],
    "9": [
      "\\nl< >\\str[121] คุณดูไม่ค่อยมีความสุขนัก...",
      "คุณไม่ชอบให้ฉันช่วยคุณล้างเหรอ?",
      "ฉันจริงจังสุดๆ~",
      "เกี่ยวกับการช่วยเหลือคุณในตอนนี้นะรู้ไหม~?"
    ],
    "10": [
      "\\nl< >รู้สึกดีเหรอ? แต่นี่เป็นเพียงการล้างร่างกายของคุณ ~",
      "แต่คุณยังบอกว่ารู้สึกดี... \\str[121],",
      "จริงๆ แล้วคุณ... ชอบเรื่องแบบนี้ใช่ไหม♥"
    ],
    "11": [
      "\\nl< >อิอิอิ♥ \\str[121] คุณเป็นเด็กซื่อสัตย์จริงๆ~",
      "นั่นทำให้ฉันอยากจะตอบแทนคุณมากยิ่งขึ้น♥"
    ],
    "12": [
      "\\nl< >\\str[121]...ทำเสียงน่ารักๆ เหรอ?",
      "คุณนั่นแหละที่แกล้งฉันตลอด...คราวนี้",
      "ฉันจะทำให้คุณรู้สึกแบบเดียวกัน♥"
    ],
    "13": [
      "\\nl< >ฮิฮิ... \\str[121] คุณดูค่อนข้างลำบากนะ...",
      "บางทีฉันควรจะหยุดที่นี่~?"
    ],
    "14": [
      "\\nl< >แขนของคุณสะอาดหมดแล้ว... ต่อไปเป็นด้านหน้า~",
      "\\str[121] คุณจะต้องหันมาหาฉัน—"
    ],
    "15": [
      "ค-เดี๋ยว-เอ๊ะ!? คุณคืออะไร-",
      "\\w[30]\\^"
    ]
  },
  "8": {
    "0": [
      "โฟมเยอะมากแล้ว...!",
      "ต้องเพิ่มอีกจริงเหรอ?!"
    ],
    "1": [
      "โฟมก็ค่อนข้างเยอะแล้ว...",
      "ฉันควรเพิ่มแชมพูอีกสักหน่อยไหม?"
    ],
    "2": [
      "รู้สึกว่าฟองจะฟูขึ้นนิดหน่อย...",
      "ฉันควรเพิ่มแชมพูอีกสักหน่อยไหม?"
    ],
    "3": [
      "ถาม \\str[120]",
      "เพิ่มมากขึ้น",
      "เพียงพอ"
    ],
    "4": [
      "\\{...แชมพูเกลี้ยง!"
    ],
    "5": [
      "นึกว่าจะจบแค่นี้",
      "และอย่าลืมเติมสต๊อกทีหลัง..."
    ],
    "6": [
      "มีโฟมเกินพอแล้ว!?",
      "ไม่ต้องเสียแชมพูอีกต่อไป—"
    ],
    "7": [
      "ฮะ? ฉันต้องการแชมพูมากขนาดนี้เลยเหรอ?",
      "หนังศีรษะของฉันเริ่มจะแสบ—"
    ],
    "8": [
      "โอ้โห มีฟองเยอะมากแล้ว—",
      "แค่นี้ก็น่าจะพอแล้วใช่ไหม~?"
    ],
    "9": [
      "ใช่แล้ว มาทำโฟมกันอีกหน่อย—"
    ],
    "10": [
      "อืม ฟองสบู่มากขึ้นทำให้อารมณ์ดีขึ้นจริงๆ—"
    ],
    "11": [
      "อาบน้ำแล้วสบายตัวดีจัง"
    ],
    "12": [
      "...โอ้ใช่ ฉันหยิบสิ่งนั้นขึ้นมาก่อนหน้านี้"
    ],
    "13": [
      "ฉันล้างเป็ดยางให้สะอาดและค่อยๆ วางลงในอ่าง",
      "มันลอยอยู่ในน้ำอย่างเงียบๆ—สงบและน่ารัก"
    ],
    "14": [
      "อืม...บรรยากาศดีขึ้นมากแล้ว"
    ],
    "15": [
      "วุ้ย... เดาว่าคงถึงเวลาออกไปแล้ว"
    ],
    "16": [
      "...ในที่สุดก็กำจัดกลิ่นแปลกๆ ที่ติดตัวฉันได้ในที่สุด"
    ],
    "17": [
      "ฉันขัดผิวตัวเองซ้ำแล้วซ้ำอีกด้วยการล้างร่างกายเยอะๆ",
      "และแม้แต่จิตวิญญาณของฉันก็รู้สึกเหมือนได้รับการชำระให้สะอาดแล้ว..."
    ],
    "18": [
      "ทำความสะอาดทั้งหมด—ถึงเวลาออกไปข้างนอกแล้ว"
    ],
    "19": [
      "\\nl< >\\str[121]!?",
      "หยุดเล่นแชมพูได้แล้ว!"
    ],
    "20": [
      "\\nl< >ช่วงนี้แชมพูหมดเร็วมาก—",
      "เป็นไปตามที่คุณทำจริงๆ \\str[121]!"
    ],
    "21": [
      "เอ่อ... โดน \\str[120] ดุ"
    ],
    "22": [
      "ฉันถาม \\str[120] ว่าเธอช่วยขัดหลังฉันได้ไหม—"
    ],
    "23": [
      "\\nl< >เอาล่ะ! แป๊บเดียว~!"
    ],
    "24": [
      "\\nl< >ไม่เป็นไรถ้าฉันขัดแรงขึ้นอีกหน่อย",
      "ใช่ไหม \\str[121]?"
    ],
    "25": [
      "อ่า... ใช่ ไม่เป็นไร"
    ],
    "26": [
      "\\nl< >เอาล่ะ เอาล่ะ—!  -",
      "เฮฟโฮ—เฮฟโฮ—!           -",
      "เฮฟโฮ—เฮฟโฮ—!           -"
    ],
    "27": [
      "\\str[120] ขัดหลังของฉันด้วยผ้าเช็ดตัวอย่างขะมักเขม้น",
      "พละกำลังของเธอไม่มากและไม่เจ็บ แต่อย่างใด",
      "รู้สึกเหมือนถูกเช็ดตัวเหมือนพื้นสกปรก..."
    ],
    "28": [
      "\\nl< >ว้า... ฉันเหนื่อยแล้ว... \\w[60]",
      "\\str[121] รู้สึกดีไหม?"
    ],
    "29": [
      "ล้างหน้า…",
      "สรรเสริญ \\str[120]"
    ],
    "30": [
      "\\nl< >ด้านหน้า…ต้องล้างด้วยเหรอ?       -",
      "แหวะ \\str[121]… \\w[60]",
      "คุณไม่ใช่เด็กอีกต่อไป",
      "คุณต้องการคนอื่นมาล้างคุณจริงๆเหรอ…?",
      "\\w[120]"
    ],
    "31": [
      "ถือว่าผมถูกพาตัวไปสักหน่อย…",
      "ใบหน้าของ \\str[120] แดงก่ำด้วยความเขินอาย",
      "ดูเหมือนว่าฉันจะต้องรอจนกว่าเราจะเข้าใกล้กันอีกสักหน่อยก่อน",
      "พยายามอีกครั้ง"
    ],
    "32": [
      "\\nl< >ด้านหน้า…ต้องล้างด้วยเหรอ?       -",
      "แหวะ \\str[121]… \\w[60]",
      "คุณไม่ใช่เด็กอีกต่อไปแล้ว แต่คุณยังนิสัยเสียอยู่มาก..."
    ],
    "33": [
      "\\nl< >ดังนั้น... เนื่องจาก \\str[121] ไม่ใช่เด็กอีกต่อไปแล้ว \\w[120]",
      "ต่อจากนี้ไปฉันจะต้องล้างคุณเหมือนผู้ใหญ่…โอเคไหม?       -"
    ],
    "34": [
      "\\nl< >หึหึหึ... คราวหน้า \\w[60]",
      "ฉันจะแสดงเทคนิคการขัดหลังที่ดียิ่งขึ้นให้คุณดู!        -"
    ]
  },
  "12": {
    "0": [
      "\\str[120] พยักหน้าอย่างเขินอาย และปฏิกิริยาที่น่ารักของเธอก็ทำให้ฉันอิ่มเอมใจ",
      "ความปรารถนาอันล้นหลามที่จะโอบกอดเธอไว้ใกล้และทะนุถนอมเธอ",
      "เช่นเดียวกับที่ฉันหลงอยู่ในอารมณ์ที่สั่นไหวนั้น",
      "ความรู้สึกแปลก ๆ ที่ไม่คุ้นเคยก็พลุ่งพล่านขึ้นมาจากด้านล่าง..."
    ],
    "1": [
      "\\nl< >อ่า… \\str[121] ลูกบอลของคุณเปล่งประกายเหรอ?"
    ],
    "2": [
      "ใช่แล้ว คุณก็รู้",
      "ลูกบอลของเด็กผู้ชายจะเรืองแสงเสมอเมื่ออาบน้ำ—",
      "\\w[45]\\^"
    ],
    "3": [
      "\\>ใช่ คุณก็รู้",
      "\\>ลูกบอลของเด็กผู้ชายจะเรืองแสงเสมอเมื่ออาบน้ำ—",
      "น-\\<\\{ไม่มีทาง!!",
      "\\}\\w[60]"
    ],
    "4": [
      "จ้องมองแสงที่พลุ่งพล่านออกมาจากร่างกายส่วนล่างของฉัน",
      "ฉันรู้สึกงุนงงไปหมด"
    ],
    "5": [
      "เป็นไปได้ไหมที่สัตว์ประหลาดจาก Abyss ติดตามฉันมาที่นี่!?",
      "ช่วงเวลาที่ความคิดอันตรายเข้ามาในจิตใจของฉัน",
      "ฉันโยนผ้าเช็ดตัวทิ้งไปโดยไม่ลังเลอีก—"
    ],
    "6": [
      "อา— มันเป็นลูกบอลของฉันที่เปล่งประกายจริงๆ—"
    ],
    "7": [
      "\\nl< >อฮวา อฮวาฮวาฮวา!     -",
      "ลูกบอลของ \\str[121] สว่างขึ้นเรื่อยๆ!!?   -"
    ],
    "8": [
      "《พิธีกรรมสัญญาปีศาจ:",
      "คำสาปแช่งอันบริสุทธิ์ของมนุษย์ผู้มีหัวใจบริสุทธิ์ =",
      "ตั้งแต่วันนี้ โหมดชีวิตของคุณคือนรก》!!",
      "คุณถูกสาป— (Ciallo~(∠・ω< )⌒☆)"
    ],
    "9": [
      "ในขณะนั้น",
      "คำพูดของพ่อค้าปีศาจตัวน้อยหน้าด้านคนนั้น",
      "แวบขึ้นมาในใจของฉัน"
    ],
    "10": [
      "นั่นคือสิ่งที่คำสาปหมายถึง!?",
      "ปีศาจสาวเจ้าสารเลวนั่น—!!!"
    ],
    "11": [
      "\\c[2]ในขณะที่อารมณ์ของฉันพุ่งถึงจุดสูงสุด ฉันก็ส่งเสียงคำรามออกมาอย่างเงียบๆ",
      "แสงที่พุ่งออกมาจากด้านล่างแผ่กระจายอย่างรวดเร็ว",
      "กลืนกินพื้นที่ทั้งหมดในทันที—"
    ],
    "12": [
      "\\nl< >\\str[121] กลายเป็นแสงสว่างแล้ว!!?"
    ],
    "13": [
      "ในความว่างเปล่าสีขาวบริสุทธิ์ที่ไม่มีใครมองเห็น",
      "ฉันหยุดคิดไปเลย"
    ]
  }
}