﻿{
  "3": {
    "0": [
      "ฉันตั้งใจจะกลั้นไว้ แต่สุดท้ายแล้ว",
      "ฉันไม่สามารถต้านทานได้ ก่อนที่ฉันจะรู้ตัว",
      "ฉันอยู่ในห้องน้ำแล้ว"
    ],
    "1": [
      "แม้จะเป็นสถานที่คุ้นเคย",
      "แอบเข้ามาแบบนี้",
      "ทำให้ทุกอย่างรู้สึกตื่นเต้นและแปลกใหม่..."
    ],
    "2": [
      "ฉันแอบเข้าไปทีละก้าวอย่างเงียบๆ…!",
      "เอาล่ะ การแทรกซึมที่ปลอดภัย…!"
    ],
    "3": [
      "มีเวลาไม่มากก่อนที่ \\str[120] จะออกมา...",
      "ฉันควรออกจากห้องน้ำตอนนี้เลยไหม?"
    ],
    "4": [
      "ออกจาก",
      "ลืมมันซะ"
    ],
    "5": [
      "วันนี้พอแค่นี้ก่อน—โดนจับได้",
      "\\str[120] คงจะแย่"
    ],
    "6": [
      "ใช่แล้ว อีกไม่นาน \\str[120] จะออกมา——"
    ],
    "7": [
      "บางทีฉันอาจจะอยู่ในนั้นอีกสักหน่อย…"
    ],
    "8": [
      "ฉันแทรกซึมเข้าไปในห้องน้ำแล้ว",
      "ต้องเงียบไว้เพื่อที่ \\str[120] จะไม่สังเกตเห็น..."
    ],
    "9": [
      "เต้นรำ!",
      "นั่งสมาธิ",
      "ดูต่อไป"
    ],
    "10": [
      "อืม… ฉันจำเป็นต้องระมัดระวังเป็นพิเศษ",
      "ไม่อยากทำให้ \\str[120] น่าสงสัย…"
    ],
    "11": [
      "ใช่… ฉันต้องใจเย็นลง",
      "ถึงเวลานั่งสมาธิ— \\w[30]"
    ],
    "12": [
      "ในโลกของการทำสมาธิ ฉันอยู่คนเดียว",
      "ย่อมนำความสงบมาสู่จิตใจเสมอ..."
    ],
    "13": [
      "……………………",
      "……………………"
    ],
    "14": [
      "โอ้โห มีสมาธิมากขึ้น",
      "แม้แต่เสียงฝักบัวจากห้องน้ำ",
      "มีความชัดเจน ฉันได้ยินด้วยซ้ำ",
      "เสียงของ \\str[120] สมบูรณ์แบบ—"
    ],
    "15": [
      "นั่นยิ่งทำให้ฉันตื่นเต้นมากขึ้นไปอีก..."
    ],
    "16": [
      "ความตึงเครียดเริ่มรุนแรงเกินไป...",
      "ฉันต้องหาอะไรมากวนใจตัวเอง",
      "เอาล่ะ—\\w[60]\\{มาเต้นกันเถอะ!"
    ],
    "17": [
      "\\{อยู่ในห้องน้ำนี้!",
      "ในพื้นที่คับแคบที่เต็มไปด้วยอันตราย!",
      "ขยับร่างกายของฉัน!",
      "ฝึกฝนประสาทสัมผัสและความสมดุลของนินจา!"
    ],
    "18": [
      "\\{อยู่ในห้องน้ำนี้!",
      "ในพื้นที่คับแคบที่เต็มไปด้วยอันตราย!",
      "ปล่อยให้ร่างกายของฉันเคลื่อนไหวได้อย่างอิสระ!"
    ],
    "19": [
      "\\{...ฮะ!\\w[60] ฮะ!  -"
    ],
    "20": [
      "ลมหายใจ การเต้นของหัวใจ การเคลื่อนไหว ทั้งหมดนี้ซิงค์กันอย่างสมบูรณ์แบบ",
      "นี่ไม่ใช่แค่การฝึกฝนอีกต่อไป มันคือศิลปะ",
      "มีเพียงนินจาที่แท้จริงเท่านั้นที่สามารถแสดงสิ่งนี้ได้",
      "เวทีอันตราย!"
    ],
    "21": [
      "—\\str[120] จะไม่มีวันรู้",
      "ข้างหลังเธอมีเงาที่เคยเต้นระบำอยู่",
      "และหลุดออกไปโดยไม่มีใครสังเกตเห็น"
    ],
    "22": [
      "เสียงฝีเท้าของฉันดังก้อง แล้วก็หายไปในแต่ละครั้ง",
      "นี่ไม่ใช่แค่การเต้นรำ…",
      "เป็นพิธีกรรม—เป็นการยกย่องวิถีแห่งการลักลอบ"
    ],
    "23": [
      "…\\str[120] ยังไม่ได้สังเกตเห็นอะไรเลย",
      "ตอนนี้ฉันสามารถเข้าออกบ้านนี้ได้โดยไม่มีเสียง"
    ],
    "24": [
      "ฉันคือเงา! ฉันเป็นลม! ฉันคือ— \\w[60]",
      "…ไม่ ฉันมันก็แค่คนโง่ที่เต้นอยู่ในห้องน้ำ…"
    ],
    "25": [
      "…ลองคิดดูสิ",
      "บางทีฉันอาจจะสนใจมันมากเกินไปใช่ไหม?"
    ],
    "26": [
      "…รู้สึกเหมือนฉันได้พัฒนาทักษะการลักลอบของฉันแล้ว",
      "เพียงเล็กน้อย"
    ],
    "27": [
      "…ฮึ! ฉันลื่นล้ม - เกือบจะชนเข้า",
      "เครื่องซักผ้า…!"
    ],
    "28": [
      "ว้าว—ความรู้สึกที่ทำให้หัวใจเต้นแรงนี้…",
      "มีความรู้สึกถึงความสำเร็จที่แปลกประหลาด",
      "น่าตื่นเต้นจริงๆ เหรอ?"
    ]
  },
  "11": {
    "0": [
      "หลังจากล้างหน้าแล้ว",
      "\\str[120] ดูมีพลังมากขึ้นมาก",
      "ตอนนี้เรายืนเคียงข้างกัน",
      "การแปรงฟันของเราหน้ากระจก"
    ],
    "1": [
      "แบ่งปันกิจวัตรยามเช้าแบบนี้กับเธอ",
      "ค่อนข้างหายาก และชั่วขณะหนึ่ง",
      "มันทำให้ฉันรู้สึกกระสับกระส่ายเล็กน้อย",
      "เอาล่ะ… ฉันเดาว่าฉันจะพูดคุยเล็กน้อย—"
    ],
    "2": [
      "อะไรนะเรา ea foh bweakfast..."
    ],
    "3": [
      "\\nl< >ยังไม่มี... แต่อย่างใด... ใช่แล้ว... \\w[330]\\^"
    ],
    "4": [
      "ใช่ ไปด้านข้าง... ใช่แล้ว ได้ cweanah..."
    ],
    "5": [
      "\\nl< >โอ-นี่-ชา... นี่... นั่นสินะ—!    -"
    ],
    "6": [
      "อืม… ฉันไม่เข้าใจคำที่เธอพูดเลย",
      "มีฟองเต็มปากเลย",
      "ทำให้การพูดคุยเป็นเรื่องยุ่งยาก"
    ],
    "7": [
      "เราแปรงฟันเสร็จแล้วขณะคุยกัน",
      "ภาษาที่เราทั้งสองคนไม่สามารถเข้าใจได้จริงๆ"
    ]
  },
  "13": {
    "0": [
      "\\nl< >...แกล้งกันใหม่อีกแล้วเหรอ?"
    ],
    "1": [
      "แม้ว่า \\str[120] ของฉันจะยังคงมีแนวหน้าที่แข็งแกร่ง",
      "เธอแค่บ่นเล็กน้อยแทนที่จะเตะฉันออกไปเหมือนเมื่อก่อน"
    ],
    "2": [
      "ฉันเข้าใจแล้ว เธอแค่ขี้อาย",
      "สิ่งที่เธอต้องการคือการผลักดันพิเศษเล็กน้อย",
      "ในเวลาแบบนี้!"
    ],
    "3": [
      "จริงๆ แล้ว,",
      "ฉันคิดว่าฉันโดนปีศาจร้ายในป่าสาปอีกแล้ว"
    ],
    "4": [
      "ตรงหน้า \\str[120] ของฉัน",
      "ฉันดึงกางเกงลงรวดเดียว",
      "เฆี่ยนไก่ที่แข็งกระด้างของฉันออกไป"
    ],
    "5": [
      "\\nl< >เอ๊ะ?! -    -",
      "เปลื้องผ้าที่นี่ทำไม...!"
    ],
    "6": [
      "เธอดูสับสนอยากจะปิดตาของเธอ",
      "แต่ไม่สามารถละมือของเธอได้ตั้งแต่นั้นมา",
      "เธอยุ่งอยู่กับการซ่อนหน้าอกของเธอ"
    ],
    "7": [
      "ไอ้ปีศาจนั่นสาปแช่งฉัน",
      "เปลี่ยนไก่ของฉันให้กลายเป็นระเบิดเวลา",
      "ถ้าไม่รีบอาจระเบิดทั้งบ้าน!"
    ],
    "8": [
      "\\nl< >...S-แล้วเราจะทำอย่างไร?"
    ],
    "9": [
      "เพียงแค่ใช้มือของคุณ",
      "หากลูบต่อไปก็จะหลุดออกมา..."
    ],
    "10": [
      "\\nl< >แล้วทำไมคุณถึงใช้มือของตัวเองไม่ได้ล่ะ \\str[121]?"
    ],
    "11": [
      "การกลับมาอย่างกะทันหันของเธอทำให้ฉันพูดไม่ออก"
    ],
    "12": [
      "บางทีหลอกเธอด้วยคำโกหกที่ง่อยๆ หลายครั้งเกินไป",
      "ทำให้เธอเริ่มฉลาดขึ้น...?!"
    ],
    "13": [
      "มันจะรู้สึกอึดอัดน้อยลงถ้า \\}",
      "มือ \\str[120] อันน่ารักของฉันกำลังทำมันอยู่"
    ],
    "14": [
      "เสียงของฉันขาดหายไป เล็กลงเรื่อยๆ"
    ],
    "15": [
      "\\nl< >ฟังดูน่าสงสัยเกินไป... \\str[121],",
      "คุณพยายามจะยุ่งกับฉันอีกแล้วเหรอ?"
    ],
    "16": [
      "ความสงสัยของเธอเพิ่มมากขึ้น—ถ้าฉันไม่ทำอะไรสักอย่าง",
      "ต่อไปเธอคงไล่ฉันออกแน่..."
    ],
    "17": [
      "\\nl< >เดี๋ยวก่อน—?! \\str[121] นั่นก็คือ...!"
    ],
    "18": [
      "ขณะที่คุณกำลังลังเลอยู่",
      "\\str[121] ของคุณต้องทนทุกข์ทรมานกับคำสาปนี้ คุณรู้ไหม",
      "คุณจะยืนดูฉันทนทุกข์ทรมานจริงๆหรือ?"
    ],
    "19": [
      "ฉันทำหน้าไร้เดียงสาและสมเพชอย่างที่สุดขณะที่โน้มตัวเข้ามาใกล้",
      "แล้วกดไก่ที่เจ็บอยู่แล้วของฉันลงไปที่หน้าเธอ",
      "ถูมันกับเธอไม่หยุด"
    ],
    "20": [
      "\\nl< >แต่... \\str[121] คุณดูไม่เหมือนกำลังทุกข์ทรมานเลย... \\w[120]",
      "และหยุดเอาของแปลก ๆ มาทับหน้าฉันซะที…!"
    ],
    "21": [
      "ดูสิ~ แม้กระทั่งไก่ของฉันก็หอนจนแทบจะระเบิด เห็นไหม?"
    ],
    "22": [
      "\\nl< >อืม... อืม..."
    ],
    "23": [
      "ถ้ามันระเบิด บ้านแสนอบอุ่นของเราจะหายไปตลอดกาลนะรู้ไหม"
    ],
    "24": [
      "\\nl< >...ไอ้เหี้ย \\str[121] คุณอยู่เสมอ... \\w[60]",
      "นอนกัดฟันด้วยสีหน้าจริงจังแบบนั้น..."
    ],
    "25": [
      "ใบหน้าของเธอแดงก่ำ แม้แต่หูของเธอก็แดงระเรื่อ",
      "และเธอไม่แม้แต่จะต่อสู้กลับ—เพียงการผลักครั้งสุดท้าย...",
      "อีกเพียงก้าวเดียว ความเขินอายก็จะแตกสลายไปตลอดกาล!"
    ],
    "26": [
      "\\str[120] คูปอง",
      "ทำสัญญา",
      "ติดสินบนด้วยเงินสด"
    ],
    "27": [
      "\\nl< >...เอาล่ะ ฉันเข้าใจแล้ว... \\w[60]",
      "ครั้งนี้ฉันจะช่วยคุณเอง..."
    ],
    "28": [
      "เดาว่าสินบนได้ผล",
      "คำตอบของเธอไม่มีสัญญาณต่อต้านอีกต่อไป"
    ],
    "29": [
      "\\nl< >...แค่นี้ดีพอหรือยัง?"
    ],
    "30": [
      "เธอเอามือเล็กๆ พันรอบไก่ของฉันเบาๆ",
      "ไม่มีความรู้อย่างชัดเจนเกี่ยวกับเรื่องประเภทนี้"
    ],
    "31": [
      "แค่ฝ่ามืออุ่นๆ ของเธอที่จับมือฉันไว้ก็เพียงพอแล้ว",
      "ที่จะทำให้ฉันรู้สึกตื่นเต้นเร้าใจ"
    ],
    "32": [
      "แค่ถือไว้ก็ไม่ทำ—",
      "คุณต้องขยับมือขึ้นลง"
    ],
    "33": [
      "เมื่อเห็นเธอสับสนฉันจึงต้องจับมือเธอแล้วแสดงให้เธอดู",
      "เลื่อนขึ้นและลงเป็นการสาธิต"
    ],
    "34": [
      "\\nl< >............??"
    ],
    "35": [
      "\\nl< >L-ชอบสิ่งนี้เหรอ?"
    ],
    "36": [
      "เธอเริ่มกระตุกฉันช้าๆ การเคลื่อนไหวของเธองุ่มง่าม",
      "แต่ความรู้สึกอบอุ่นของเธอที่ใกล้ชิดนี้ทำให้ฉันแทบจะสูญเสียมันไป"
    ],
    "37": [
      "\\nl< >...ฉันต้องทำเช่นนี้นานแค่ไหน?"
    ],
    "38": [
      "อย่าเพิ่งรีบ... ใกล้จะถึงแล้ว—"
    ],
    "39": [
      "ดูเหมือนเธอจะเข้าใจและเร่งความเร็วขึ้น",
      "ความยินดีที่เร่งรีบส่งฉันมาอย่างกะทันหัน",
      "ขอบก่อนที่ฉันจะได้เตือนเธอ-"
    ],
    "40": [
      "\\l< >...เอ๊ะ?     -",
      "งื้อออออ—"
    ],
    "41": [
      "ตื่นตระหนกกับภาระอันใหญ่หลวงอย่างกะทันหัน",
      "เธอพยายามปิดกั้นมันด้วยมือโดยสัญชาตญาณ",
      "พยายามที่จะไม่ให้น้ำกามพุ่งออกมาทุกที่"
    ],
    "42": [
      "ไม่เป็นไร จริงๆ สิ่งนี้ไม่อันตราย—",
      "\\w[20]\\^"
    ],
    "43": [
      "\\nl< >—ไก่ของ \\str[121] ระเบิดจริงเหรอ?!",
      "แล้วตาฉัน...?! ร้อนเหนียวจังเลย อ๊าาา...!!"
    ],
    "44": [
      "โอ้ยยยย—!"
    ],
    "45": [
      "ด้วยความตกใจ เธอบีบตัวแรงขึ้นอีก",
      "ความเจ็บปวดที่บิดกระเจี๊ยวของฉันทำให้ฉัน",
      "กรีดร้องไปพร้อมกับเธอ"
    ],
    "46": [
      "งื้อออออ—",
      "โอ้ยยยย—"
    ],
    "47": [
      "\\nl< >เอ่อ ตอนนี้ฉันเหนียวไปหมดแล้ว... \\w[90]",
      "มันเป็นความผิดของคุณทั้งหมด \\str[121]",
      "คุณไม่เคยบอกฉันว่าสิ่งนี้จะเกิดขึ้น..."
    ],
    "48": [
      "อา... อาห์... คุณไม่ผิดเกี่ยวกับเรื่องนั้น..."
    ],
    "49": [
      "แทบจะตอบไม่ได้ ใจฉันว่างเปล่า",
      "แม้ว่าเธอจะทำให้ฉันรู้สึกอัศจรรย์เมื่อสักครู่นี้ก็ตาม",
      "อุบัติเหตุเล็กๆ น้อยๆ นั้นเกือบจะทำให้ฉันเป็นแผลเป็นไปตลอดชีวิต..."
    ],
    "50": [
      "\\nl< >เอาล่ะ! ถ้าเสร็จแล้วก็ออกไปได้แล้ว!   -",
      "ฉันต้องอาบน้ำ!!"
    ],
    "51": [
      "อยากจะ...อาบน้ำด้วยกัน...แต่..."
    ],
    "52": [
      "แน่ใจนะว่าถ้าเราอาบน้ำด้วยกันตอนนี้",
      "สิ่งต่างๆ จะยิ่งบ้าคลั่งขึ้นไปอีก",
      "แต่เธอก็ไล่ฉันออกจากห้องน้ำไปแล้ว"
    ]
  },
  "15": {
    "0": [
      "อ่า พูดถึงเรื่องนั้น… ในบรรดาเรื่องไร้สาระทั้งหมด",
      "นินจาสาวคนนั้นสอนฉันว่ามีสิ่งที่เรียกว่า",
      "'หลักการโครงสร้างประตูนินจา' นั่นเอง",
      "ฟังดูน่าสนใจทีเดียว",
      "บางทีฉันอาจจะปรับเปลี่ยนประตูห้องน้ำโดยใช้สิ่งนั้น—"
    ],
    "1": [
      "เช่น ถ้าฉันสามารถแกะสลักช่องดูเล็กๆ ออกมาได้",
      "มุมนี้ที่มีเพียงฉันเท่านั้นที่สามารถเข้าถึงได้—",
      "ตราบใดที่ฉันจัดการมันอย่างระมัดระวังและไม่ทำให้เลอะเทอะ",
      "กันเสียงหรือกันซึม… แล้วฉันก็ทำได้-",
      "\\{ อิอิอิ~~~~~"
    ],
    "2": [
      "\\{อะแฮ่ม!\\}\\w[45] ไม่ใช่ว่าฉันทำแบบนี้เพื่ออะไรแปลกๆ",
      "เป็นเพียงในกรณีที่ \\str[120] หมดสติในขณะนั้น",
      "กำลังอาบน้ำ - ฉันต้องสังเกตได้ทันที",
      "มันเป็นไปเพื่อความปลอดภัยเท่านั้น! ใช่แล้ว!"
    ],
    "3": [
      "\\{ใช้ได้!",
      "ถึงเวลาไปทำงานในขณะที่ฉันยังทำได้!"
    ],
    "4": [
      "วุ้ย… วันนี้พอแค่นี้ก่อน",
      "หากฉันใช้เวลานานเกินไป \\str[120] อาจเกิดความสงสัย",
      "ปรับเปลี่ยนอีกสองสามอย่างเท่านั้น",
      "และมันควรจะไปได้ดี~~!"
    ],
    "5": [
      "mod ประตูนินจาของเมื่อวานไปได้ดีทีเดียว",
      "ถึงเวลาที่จะก้าวหน้ามากขึ้นในวันนี้!"
    ],
    "6": [
      "ว้าว…! นั่นก็ใกล้แล้ว",
      "ฉันเกือบจะเจาะผนังด้านข้าง",
      "ดีที่ \\str[120] ไม่ได้มาเคาะ..."
    ],
    "7": [
      "นั่นก็เพียงพอแล้วสำหรับวันนี้ ถ้าฉันทำงานนานเกินไป",
      "เธออาจเริ่มสงสัยอะไรบางอย่าง",
      "ปรับเปลี่ยนอีกรอบและ.",
      "มันควรจะพร้อม~~!"
    ],
    "8": [
      "เอาล่ะ…วันนี้โค้งสุดท้ายแล้ว",
      "รากฐานเสร็จแล้ว—แค่ต้องโกนลง",
      "เลเยอร์สุดท้าย จากนั้นเพิ่มเลเยอร์แบบกึ่งโปร่งใส",
      "ถ่ายทำโดยที่ \\str[120] จะไม่สังเกตเห็น"
    ],
    "9": [
      "…เสร็จแล้ว! มุมมองที่สมบูรณ์แบบ",
      "และมันถูกซ่อนไว้อย่างสมบูรณ์!",
      "มุมนี้ผมมองไปทั่วทั้งห้องน้ำเลย!",
      "ดูเหมือนว่าจะพร้อมเริ่มพรุ่งนี้แล้ว~!"
    ],
    "10": [
      "แน่นอนว่าฉันทำสิ่งนี้ด้วยความกังวลเท่านั้น",
      "เพื่อสุขภาพและความเป็นอยู่ที่ดีของ \\str[120]!",
      "ไม่ใช่เพื่ออะไรแปลก ๆ อย่างแน่นอน!"
    ],
    "11": [
      "เรียกเหงื่อให้เต็มที่ ได้เวลาอาบน้ำแล้ว!"
    ],
    "12": [
      "โทน โทน โทน โทน~~!"
    ]
  },
  "17": {
    "0": [
      "\\str[120] กำลังจะอาบน้ำเสร็จ...",
      "รีบออกไปดีกว่า"
    ],
    "1": [
      "ฉันมองไม่เห็น \\str[120] จากประตูห้องน้ำอีกต่อไป...",
      "ดูเหมือนเธอกำลังแช่ตัวอยู่ในอ่าง"
    ],
    "2": [
      "ฉันมองเห็น \\str[120] ผ่านประตูห้องน้ำ",
      "ดูเหมือนว่าเธอยังคงซักผ้าอยู่..."
    ],
    "3": [
      "\\str[120] ไม่ได้สังเกตเห็นฉันยืนอยู่ข้างหน้า",
      "ห้องน้ำยัง",
      "ฉันควรทำอย่างไร?"
    ],
    "4": [
      "ชาร์จเข้า!",
      "แอบมอง",
      "กำลังออก"
    ],
    "5": [
      "ว่าแล้ว...ก็ขอดูแป๊บเดียว..."
    ],
    "6": [
      "เงาของ \\str[120] มองเห็นได้ชัดเจนผ่าน",
      "แก้วจุดประกายจินตนาการทุกรูปแบบ"
    ],
    "7": [
      "สำรวจต่อไป",
      "ถึงเวลากลับแล้ว"
    ],
    "8": [
      "ชัดเจนแล้ว มาสำรวจกันต่อ!"
    ],
    "9": [
      "\\str[120] อาบน้ำเสร็จแล้ว",
      "ฉันควรรีบออกไป"
    ],
    "10": [
      "...โอ้! ฉันเห็นเธอ!"
    ],
    "11": [
      "\\str[120] กำลังเช็ดแขนของเธออย่างระมัดระวัง"
    ],
    "12": [
      "ล้างร่างกาย?",
      "มีโฟมมากเกินไป",
      "มันยากที่จะดูรายละเอียด..."
    ],
    "13": [
      "\\str[120] ยังคงเช็ดเต้านมของเธออย่างระมัดระวัง...",
      "มันดูน่ารังเกียจมาก…"
    ],
    "14": [
      "...ยังอยากจะแอบดูต่อไปอีกเหรอ?"
    ],
    "15": [
      "คอยดูต่อไป",
      "ใช้ประตูนินจา",
      "ลืมมันซะ"
    ],
    "16": [
      "…\\str[120] เริ่มสัมผัสได้ถึงการมีอยู่ของฉัน",
      "ฉันควรหยุดมองดีกว่า"
    ],
    "17": [
      "\\str[120] เข้าไปในอ่างอาบน้ำแล้ว",
      "เธอฮัมเพลงอย่างมีความสุข"
    ],
    "18": [
      "…มันถึงเวลาแล้ว",
      "\\str[120] เกือบจะเสร็จแล้ว—ฉันควรจะออกไปดีกว่า"
    ],
    "19": [
      "นี่เป็นเวลาที่เหมาะที่สุดที่จะนำออกมา",
      "ประตูนินจาแล้วสนุกไปกับมันอีกครั้ง…!"
    ],
    "20": [
      "—ฉันไม่ได้ใช้มันให้เกิดประโยชน์แล้วเหรอ?"
    ],
    "21": [
      "\\str[120] ยังคงเช็ดเต้านมของเธออย่างระมัดระวัง...",
      "มันดูน่ารังเกียจมาก…"
    ]
  },
  "23": {
    "0": [
      "แอบย่องเข้ามาอย่างเงียบๆ………… \\w[30]",
      "ถ้าฉันจะแอบดูฉันต้องเปิดประตูอย่างระมัดระวัง",
      "ดังนั้น \\str[120] จึงไม่สังเกตเห็น—"
    ],
    "1": [
      "โอ้โอ้โอ้-! ฉันเห็นเธอ!",
      "ดูเหมือนว่า \\str[120] กำลังจะถอดกางเกงชั้นในของเธอออก",
      "ฉันสงสัยว่าฉันสามารถเห็นหีของเธอจากมุมนี้ได้หรือไม่!?"
    ],
    "2": [
      "โอ้โอ้โอ้-! ฉันเห็นเธอ!",
      "ดูเหมือน \\str[120] กำลังจะถอดเสื้อผ้าออก",
      "ไม่บ่อยนักที่จะเห็นเธอใส่แค่กางเกงชั้นใน...",
      "ฉันจะจับจังหวะที่เธอถอดมันออกได้ไหม!?"
    ],
    "3": [
      "โอ้โอ้โอ้-! ฉันเห็นเธอ!",
      "ดูเหมือน \\str[120] กำลังจะถอดเสื้อผ้าออก",
      "ครึ่งล่างของเธอเปลือยเปล่าไปหมดแล้ว…",
      "ฉันหวังว่าจะได้มองอย่างใกล้ชิด…"
    ],
    "4": [
      "ไอ้สารเลว ผลักประตูไปไกลเกินไป…!"
    ],
    "5": [
      "…นั่นเป็นวิวที่ดีนะ~ \\w[30]",
      "ฉันควรจะออกไปตอนนี้"
    ],
    "6": [
      "ฉันควรทำอย่างไรต่อไป?",
      "แอบเข้าไปในห้องน้ำอีกเหรอ?"
    ],
    "7": [
      "แอบเข้ามา",
      "กลับไป"
    ],
    "8": [
      "ถ้าผมไปต่อ",
      "ฉันอาจจะค้นพบสิ่งอื่น…!"
    ],
    "9": [
      "นั่นก็เพียงพอแล้วสำหรับวันนี้",
      "คงจะแย่ถ้า \\str[120] จับฉันได้"
    ],
    "10": [
      "…\\str[120] สังเกตว่าฉันกำลังแอบดูอยู่!",
      "ฉันถูกไล่ออกทันที"
    ]
  },
  "25": {
    "0": [
      "\\nl< >O-\\str[121]!? ทำไมคุณถึงอยู่ที่นี่?"
    ],
    "1": [
      "\\nl< >…นั่นคือคุณอยู่หลังประตูหรือเปล่า \\str[121]?"
    ],
    "2": [
      "ฟัง...!",
      "ดังนั้นฉันจึงถูกค้นพบในที่สุด"
    ],
    "3": [
      "\\nl< >ฉันรู้ว่าเป็นคุณ \\str[121]",
      "คุณแอบย่องไปเพื่ออะไร?"
    ],
    "4": [
      "\\nl< >…\\str[121]?    -",
      "คุณกำลังทำอะไรแอบอยู่หลังประตู?"
    ],
    "5": [
      "ฉันแอบเข้าไปแล้ว...",
      "ตอนนี้ไม่มีทางหันหลังกลับ…!"
    ],
    "6": [
      "ฉันถูกจับได้ว่าแอบดู...",
      "ฉันจะอธิบายเรื่องนี้กับ \\str[120] อย่างไรดี..."
    ],
    "7": [
      "ตรวจสุขภาพ",
      "ให้ฉันเห็น!",
      "แก้ตัว",
      "วิธีสุดท้าย",
      "อยากลามก!"
    ],
    "8": [
      "อ่า…! ดูเหมือนว่าฉันได้",
      "ไม่มีทางเลือกนอกจากใช้วิธีสุดท้าย!"
    ],
    "9": [
      "มาเริ่มกันเลยดีกว่า!!!"
    ],
    "10": [
      "ฉันรีบวิ่งออกไปจากที่เกิดเหตุ      -",
      "แน่นอนว่าแม้หลังจากนั้น",
      "ฉันยังโดน \\str[120] ดุอีก"
    ],
    "11": [
      "\\{",
      "……ฉันกำลังทำอยู่เหรอ?!",
      "ตอนนี้?! ที่นี่?!"
    ],
    "12": [
      "\\nl< >\\str[121]!? แอบมองอีกแล้วเหรอ…!?"
    ],
    "13": [
      "…ดูเหมือนว่า \\str[120] จะจับได้ว่าฉันกำลังแอบดูอยู่!",
      "แต่ฉันแค่จินตนาการถึงสิ่งต่าง ๆ ใช่ไหม?",
      "ดูเหมือนเธอกำลังเคลื่อนไหวอยู่เลย",
      "หีของเธอออกไปให้ฉันเห็น——"
    ],
    "14": [
      "ใจเย็นๆ ที่รัก \\str[120]",
      "\\str[121] ไม่ได้มาที่นี่เพื่อทำสิ่งที่ไม่ดีอย่างแน่นอน"
    ],
    "15": [
      "\\{ฉันแค่อยากจะเฝ้าดู",
      "น้องสาวตัวน้อยผู้น่ารักของฉันจากเงามืด!"
    ],
    "16": [
      "ใช่แล้ว มันเป็นเพียงการตรวจสุขภาพ!"
    ],
    "17": [
      "\\nl< >ฉันเคยได้ยินข้อแก้ตัวนั้นมาก่อน!"
    ],
    "18": [
      "ไม่ ไม่!",
      "ครั้งนี้แตกต่างไปจากครั้งที่แล้วโดยสิ้นเชิง!"
    ],
    "19": [
      "\\nl< >อะไรนะ—คุณหมายถึงอะไร…",
      "ทำไม \\str[121] ถึงทำแบบนั้น……"
    ],
    "20": [
      "นี่เป็นสิ่งสำคัญอย่างยิ่ง!",
      "หากมีอะไรผิดปกติกับร่างกายของคุณ",
      "และฉันไม่ได้สังเกตว่าเป็นพี่ชายของคุณ……!"
    ],
    "21": [
      "\\nl< >อ๊ะ… แล้ว \\str[121] ต้องการทำอะไรกันแน่?"
    ],
    "22": [
      "ขอดูหน้าอกก่อนนะคะ \\w[40]\\^"
    ],
    "23": [
      "อ่า- ไร้สาระ",
      "ฉันบังเอิญพูดสิ่งที่ฉันคิดจริงๆ..."
    ],
    "24": [
      "\\nl< >…มันเกี่ยวอะไรกับเรื่องนี้จริงๆ เหรอ?"
    ],
    "25": [
      "\\nl< >ก็ได้ ถ้า \\str[121] อยากเห็นมันจริงๆ… \\w[120]",
      "\\}คุณมันขี้โกงจริงๆ…\\{"
    ],
    "26": [
      "\\nl< >มีความสุขแล้วเหรอ?"
    ],
    "27": [
      "อ่า ใช่แล้ว… สวยงามมาก"
    ],
    "28": [
      "ฉันไม่คิดว่า \\str[120] จะแสดงหน้าอกของเธอให้ฉันดูจริงๆ",
      "ฉันตกใจมากจนแทบไม่มีหน้าตาดีเลย"
    ],
    "29": [
      "\\nl< >เอาล่ะ เพียงพอแล้ว!",
      "\\str[121] ตรวจสุขภาพเสร็จแล้วใช่ไหม?",
      "ฉันจะไปอาบน้ำแล้ว ดังนั้นออกไปซะ!"
    ],
    "30": [
      "\\nl< >\\{",
      "ไม่มีทาง! \\str[121] ไอ้โง่!"
    ],
    "31": [
      "ฉันถูกผลักออกจากห้องน้ำโดย \\str[120]      -",
      "…ข้อแก้ตัวนี้จะยังใช้ได้ผลในครั้งต่อไปหรือไม่?"
    ],
    "32": [
      "จริงๆ แล้ว \\str[120]… \\str[121] เป็นโรคนี้",
      "เขาจะตายที่ไหนถ้าไม่เห็นภาพเปลือย……!"
    ],
    "33": [
      "มันเป็นเพียงข้อแก้ตัวแบบสุ่มที่ฉันคิดขึ้นมา",
      "แต่ฉันก็ยังแสดงสีหน้าเจ็บปวดอย่างน่าเชื่อได้"
    ],
    "34": [
      "\\nl< >เอ๊ะ!? \\str[121] เป็นโรคแบบนั้นเหรอ!?"
    ],
    "35": [
      "ฉันจำไม่ได้ด้วยซ้ำว่าได้รับมันมาเมื่อไร…",
      "แต่พอมันวูบวาบไปทั้งตัวก็เริ่มคัน",
      "และทางเดียวที่จะรักษาได้คือการเห็นคนเปลือย!"
    ],
    "36": [
      "\\nl< >เดี๋ยวก่อน นั่นเป็นโรคจริงหรือ?"
    ],
    "37": [
      "อ่า…อ่า…!! อาการคันเริ่มแล้ว...!"
    ],
    "38": [
      "ฉันตั้งใจทรุดตัวลงกับพื้น",
      "สั่นไปทั้งตัวอย่างจอมปลอมอย่างเห็นได้ชัด"
    ],
    "39": [
      "\\nl< >\\{…………………………"
    ],
    "40": [
      "\\nl< >ก็ได้ ก็ได้…",
      "ถ้าจะไปไกลขนาดนั้นผมจะให้คุณดู..."
    ],
    "41": [
      "\\str[120] ผู้น่ารักและไร้เดียงสาของฉันเชื่อฉันทันที",
      "ใบหน้าของเธอเปลี่ยนเป็นเขินอายอย่างน่ารัก"
    ],
    "42": [
      "\\nl< >ถึงแล้ว พอใจแล้วเหรอ?"
    ],
    "43": [
      "เธอช่างน่ารักเหลือเกิน",
      "และฉันก็จ้องมองมาก",
      "ฉันลืมที่จะติดตามการกระทำ"
    ],
    "44": [
      "\\nl< >…ไม่คันแล้วเหรอ?"
    ],
    "45": [
      "ใช่ ตอนนี้ฉันรู้สึกสดชื่นขึ้นมาก"
    ],
    "46": [
      "ฉันรีบลุกขึ้นจากพื้น",
      "และยิ้มให้เธออย่างพอใจมาก"
    ],
    "47": [
      "\\nl< >อ๊าก…! ดังนั้นคุณก็แค่ยุ่งกับฉัน",
      "ตลอดเวลานี้ใช่ไหม!?"
    ],
    "48": [
      "\\nl< >คุณมันงี่เง่าจริงๆ \\str[121]!",
      "ออกไปแล้ว!"
    ],
    "49": [
      "แก้มป่องด้วยความหงุดหงิด",
      "\\str[120] ผลักฉันออกจากห้องน้ำ",
      "อืม… เดาว่าฉันทำมันพังในตอนท้าย"
    ],
    "50": [
      "\\nl< >เอ๊ะ!? \\str[121] ต้องการเห็นฉัน…!?"
    ],
    "51": [
      "\\nl< >ไม่มีทาง! \\str[121] คุณมันช่างงี่เง่า!"
    ],
    "52": [
      "\\nl< >ทำไมคุณถึงขออะไรแบบนั้นด้วยล่ะ!?",
      "มันแปลกมาก…!"
    ],
    "53": [
      "\\nl< >\\{ไอ้บ้า \\str[121] ไอ้สารเลว!!!"
    ],
    "54": [
      "\\str[120] เตะฉันออกไปด้วยความโกรธ",
      "บางทีฉันอาจจะไปไกลเกินไปในครั้งนี้…"
    ]
  },
  "32": {
    "0": [
      "เนื่องจาก \\str[120] โทรหาฉัน",
      "ฉันไม่ได้คิดอะไรมากและเดินตรงเข้าไปในห้องน้ำ    -",
      "เธอคือคนที่โทรหาฉันอยู่ดี"
    ],
    "1": [
      "เกิดอะไรขึ้น?"
    ],
    "2": [
      "\\nl< >อืม... แชมพูหมด",
      "\\str[121] คุณช่วยนำขวดใหม่มาให้ฉันหน่อยได้ไหม"
    ],
    "3": [
      "\\str[120] โผล่หัวออกจากห้องน้ำอย่างเขินอาย",
      "ดุจสัตว์ตัวน้อยที่ระมัดระวังแต่ขี้สงสัย—",
      "แบบที่ทำให้คุณอยากแกล้งเธอนิดหน่อย…",
      "ฉันควรทำอย่างไรตอนนี้?"
    ],
    "4": [
      "โทรไป \\str[120]",
      "เอาแชมพูมาด้วย"
    ],
    "5": [
      "\\nl< >เอ๊ะ... ฉันยังซักผ้าอยู่เลย…"
    ],
    "6": [
      "\\nl< >โอ๊ย ฉันแค่โทรหาคุณเพราะว่า",
      "ไม่อยากให้พื้นเปียก..."
    ],
    "7": [
      "ฉันรีบผลักความคิดแปลกๆ เหล่านั้นออกไปอย่างรวดเร็ว",
      "หยิบขวดแชมพูสำรองออกมาจากตู้",
      "และส่งมอบให้กับ \\str[120]"
    ],
    "8": [
      "\\nl< >ขอบคุณ \\str[121]!",
      "ฉันจะกลับไปอาบน้ำแล้ว แล้วพบกันใหม่!"
    ],
    "9": [
      "\\str[120] ปิดประตูแล้วกลับไปอาบน้ำ   -",
      "อืม... ฉันควรจะอยู่ที่นี่อีกสักหน่อยไหม?"
    ],
    "10": [
      "สำรวจ",
      "มุ่งหน้ากลับ"
    ],
    "11": [
      "เนื่องจากฉันอยู่ที่นี่แล้ว",
      "อาจจะมองไปรอบๆ อีกสักหน่อย!"
    ],
    "12": [
      "\\str[120] ยังคงอาบน้ำอยู่... กลับไปดีกว่า"
    ],
    "13": [
      "\\str[120] เดินเข้ามาหาฉันอย่างเชื่อฟัง",
      "เนื่องจากเธอยังอาบน้ำอยู่",
      "เธอมีเพียงผ้าเช็ดตัวพันรอบตัวเธออย่างหลวม ๆ",
      "ร่างกายของเธอส่งกลิ่นหอมของน้ำยาล้างร่างกายผสมกับไอน้ำ"
    ],
    "14": [
      "ดังนั้น...",
      "ฉันควรทำอย่างไรกับ \\str[120] ตอนนี้...?"
    ],
    "15": [
      "มอบคอนเปโตให้เธอ",
      "ตบหัวเธอ",
      "บีบหน้าอก",
      "คุยกันหน่อย"
    ],
    "16": [
      "เด็กดี เด็กดี~",
      "เอาล่ะ หยิบขนมมาหนึ่งชิ้น"
    ],
    "17": [
      "\\nl< >ฉันมีอันหนึ่งแล้ว— \\w[70]\\^"
    ],
    "18": [
      "\\nl< >และถึงแม้รสชาติจะอร่อยจริงๆ",
      "มันมักจะทำให้ร่างกายของฉันรู้สึกร้อนในภายหลัง…"
    ],
    "19": [
      "\\nl< >แคนดี้ ฮะ... มันหวานนะ... \\w[60]",
      "แต่ \\str[121] คุณดูเหมือนคุณปู่นะรู้ไหม?"
    ],
    "20": [
      "ฉันเลี้ยง Konpeito แปลกๆ ไว้ \\str[120] ตัว"
    ],
    "21": [
      "\\nl< >ฉันบอกให้หยุดแตะตัวฉันเดี๋ยวนี้!"
    ],
    "22": [
      "ヾ(・ω・｀)",
      "เด็กดี เด็กดี~"
    ],
    "23": [
      "\\nl< >อืม... \\w[45]",
      "ผมของฉันยังเปียกอยู่",
      "เพราะงั้นอย่าลูบหัวฉันตอนนี้เลย…"
    ],
    "24": [
      "ฉันตบผมที่เปียกชื้นของ \\str[120]—",
      "ใช่แล้ว เนื้อสัมผัสค่อนข้างแย่มาก..."
    ],
    "25": [
      "\\nl< >\\str[121]... คุณจำได้ไหมว่าคุณมาที่นี่เพื่ออะไร...?"
    ],
    "26": [
      "\\nl< >หากคุณสิ้นหวังขนาดนั้น \\str[121] ก็พูดมาสิ...",
      "คุณมักจะคิดถึงเรื่องแบบนั้นอยู่เสมอ…"
    ],
    "27": [
      "\\nl< >ก็แค่มือคุณลื่นอีกแล้วเหรอ...?   -",
      "\\str[121] ไอ้โรคจิต!"
    ],
    "28": [
      "จ้องมองไปที่ส่วนโค้งของ \\str[120] ที่อยู่ใต้ผ้าเช็ดตัว",
      "มือของฉันขยับไปเอง เอื้อมมือไปบีบความอบอุ่นที่นุ่มนวลและหนักหน่วงนั้น"
    ],
    "29": [
      "\\nl< >\\{—ห๊าาา!?\\str[121]!?"
    ],
    "30": [
      "ขอโทษที มือฉันหลุด"
    ],
    "31": [
      "\\nl< >ตอนนี้ไม่ใช่เวลามาแกล้งฉัน...!"
    ],
    "32": [
      "อืม...ดูจากความรู้สึกแล้ว",
      "ดูเหมือนว่า \\str[120] จะเติบโตขึ้นเล็กน้อยอีกครั้ง"
    ],
    "33": [
      "\\nl< >พอแล้ว... แชมพูของฉันอยู่ไหน?"
    ],
    "34": [
      "อุณหภูมิของน้ำอาบน้ำโอเคไหม?"
    ],
    "35": [
      "\\nl< >มันสมบูรณ์แบบ—สบายจริงๆ"
    ],
    "36": [
      "พูดคุยสบายๆ กับ \\str[120] สักพัก"
    ],
    "37": [
      "อืม ฉันเสียเวลามามากพอแล้วที่นี่",
      "หยุดล้อเล่นดีกว่า \\str[120]",
      "และเตรียมแชมพูให้เธอพร้อม"
    ],
    "38": [
      "\\nl< >ขอบคุณ \\str[121]!",
      "ฉันจะกลับไปซักผ้า อีกสักครู่เจอกัน~"
    ],
    "39": [
      "\\str[120] ปิดประตูแล้วกลับไปอาบน้ำ    -",
      "ถ้าฉันอยู่ต่อไปมันคงจะดูน่าสงสัย...ฉันควรจะกลับไปได้แล้ว"
    ],
    "40": [
      "\\nl< >\\{—ห๊าาา!?",
      "\\w[45]\\^"
    ],
    "41": [
      "\\str[120] จู่ๆ ก็หลุดมาตรงหน้าฉัน",
      "ล้มหน้าลงกับพื้นก่อน—",
      "แค่มองดูเธอมันก็ดูเจ็บปวด..."
    ],
    "42": [
      "\\{เอ่อ! เป็น...",
      "คุณโอเคไหม!?"
    ],
    "43": [
      "ฉันรีบวิ่งเข้าไปช่วย \\str[120] ขึ้น",
      "โชคดีที่ดูเหมือนไม่ล้มหนัก—เธอไม่ได้รับบาดเจ็บ"
    ],
    "44": [
      "\\nl< >Uuuuh... \\str[121] มันเจ็บจริงๆ..."
    ],
    "45": [
      "\\nl< >ฉันคิดว่าหัวจะแตกแล้ว...!"
    ],
    "46": [
      "เห็น \\str[120] ตัวสั่นเล็กน้อยด้วยความเจ็บปวด",
      "ฉันปลอบเธอเบาๆ และช่วยเธอไปอาบน้ำ",
      "เพื่อสระผมให้สะอาด"
    ]
  }
}