﻿{
  "2": {
    "0": [
      "ถึงเวลาออกเดินทางแล้ว…"
    ],
    "1": [
      "เอาล่ะ ฉันไปแล้ว"
    ],
    "2": [
      "เอาล่ะ พร้อมแล้ว!"
    ],
    "3": [
      "\\nl< >ระวังบนท้องถนน \\str[121]!"
    ],
    "4": [
      "\\nl< >วันนี้อากาศดูไม่ค่อยดีนัก",
      "ดังนั้นควรระวัง โอเค..."
    ],
    "5": [
      "\\nl< >ถ้าคุณรู้สึกว่าทนไม่ไหว",
      "อย่าลืมกลับมาทันที!"
    ],
    "6": [
      "เมื่อเห็น \\str[120] ดูเต็มไปด้วยพลังในตอนเช้า",
      "ภาพหายากเช่นนี้ทำให้ฉันรู้สึกลึกซึ้งในทันที"
    ],
    "7": [
      "ระงับความรู้สึกอยากกอด \\str[120] แน่นๆ",
      "ฉันได้แต่ยิ้มกลับไปให้เธอ"
    ],
    "8": [
      "\\{ฉันจะกลับมาเร็วๆ นี้!"
    ],
    "9": [
      "เอาล่ะ… ทำตัวดีๆ และดูแลบ้านให้ดีล่ะ?"
    ],
    "10": [
      "ฉันโบกมือให้ \\str[120] ขณะที่ฉันออกจากบ้าน",
      "เตือนตัวเองว่าวันนี้ฉันต้องทำงานหนักอีกครั้ง—เพื่อเธอ!"
    ],
    "11": [
      "\\nl< >ฉันขอโทษ \\str[121]… \\w[60]",
      "ฉันกำลังทำให้คุณไปยังสถานที่อันตรายอีกครั้ง -"
    ],
    "12": [
      "ไปอีกแล้ว ไม่ต้องกังวล มันจะไม่เป็นไร"
    ],
    "13": [
      "\\nl< >แต่—"
    ],
    "14": [
      "ฉันได้สำรวจมันหลายครั้งแล้ว",
      "และเป็นเวลาหลายปีที่เขาวงกตยังคงมีเสถียรภาพอย่างสมบูรณ์",
      "ไม่เป็นไร"
    ],
    "15": [
      "เอาล่ะ… ทำตัวดีๆ และดูแลบ้านให้ดีล่ะ?"
    ],
    "16": [
      "\\nl< >เอาล่ะ… แต่ระวัง…"
    ],
    "17": [
      "ใช่. \\str[120]… เธอป่วยหนักด้วยอาการป่วยแปลกๆ"
    ],
    "18": [
      "เธอไม่สามารถออกไปข้างนอกได้และไม่สามารถโดนแสงแดดได้",
      "และหากเธอไม่รับประทานยาเล่นแร่แปรธาตุที่ประดิษฐ์ขึ้นเป็นพิเศษเป็นระยะๆ",
      "อาการของเธอน่าจะไม่คงที่มากขึ้นไปอีก..."
    ],
    "19": [
      "ส่วนผสมของยานี้ไม่ใช่อะไรบางอย่าง",
      "คุณสามารถซื้อในตลาดได้",
      "ที่เดียวที่เหลืออยู่ที่ฉันสามารถรวบรวมพวกมันทั้งหมดได้คือที่นั่น—"
    ],
    "20": [
      "ดังนั้นในฐานะครอบครัวของเธอไม่ว่าจะกี่ครั้งก็ตาม",
      "ฉันจะต้องเสี่ยงเข้าไปในสถานที่นั้นเพื่อหาทาง",
      "รักษา \\str[120] ทันทีและตลอดไป"
    ]
  },
  "3": {
    "0": [
      "ฉันกลับมาแล้ว"
    ],
    "1": [
      "\\nl< >\\str[121]? วันนี้คุณกลับมาเร็ว"
    ],
    "2": [
      "ใช่ วันนี้ฉันรู้สึกเหนื่อยนิดหน่อย",
      "ฉันก็เลยไม่กดดันตัวเองให้ออกไปสำรวจ..."
    ],
    "3": [
      "\\nl< >นี่คือสิ่งนั้น… เรียกว่า May Sickness ใช่ไหม?"
    ],
    "4": [
      "อาจ…? แต่ตอนนี้มันเป็นช่วงกลางฤดูร้อนแล้ว"
    ],
    "5": [
      "\\nl< >ฉันก็มักจะรู้สึกแบบเดียวกัน...",
      "ฉันคิดว่ายังเที่ยงอยู่ แต่พอตื่นมา",
      "\\str[121] ได้ทำอาหารเย็นแล้ว…"
    ],
    "6": [
      "...นั่นมันไม่ใช่แค่การนอนเลยเวลาธรรมดาใช่ไหม?"
    ],
    "7": [
      "\\nl< >บางครั้งการสบายๆ ก็เป็นเรื่องดี \\str[121]",
      "มาเล่นกับฉันสิ!"
    ],
    "8": [
      "\\nl< >การพักผ่อนอย่างเหมาะสมก็เป็นสิ่งสำคัญเช่นกัน",
      "ดังนั้นคราวหน้าก็จงมีสติ"
    ],
    "9": [
      "\\nl< >ฉันเข้าใจแล้ว",
      "ให้ฉันนวดให้คุณนะ \\str[121]!"
    ],
    "10": [
      "ใช่ ยังมีเวลาอีกมาก วันนี้มาผ่อนคลายและพักผ่อนกันดีกว่า"
    ],
    "11": [
      "คุณพูดถูก ยังมีเวลาอีกมาก—วันนี้มาผ่อนคลายและพักผ่อนกันดีกว่า"
    ],
    "12": [
      "l< >ถ้าอย่างนั้นทำไมไม่ลองงีบหลับดูล่ะ \\str[121]…",
      "มันรู้สึกดีจริงๆนะรู้ไหม?"
    ],
    "13": [
      "ในที่สุดฉันก็งีบหลับกับ \\str[120] จนพระอาทิตย์ตกดิน"
    ],
    "14": [
      "ฉันใช้เวลาทั้งวันเล่นเกมกับ \\str[120]"
    ],
    "15": [
      "ฉันใช้เวลาวันพักผ่อนกับ \\str[120]"
    ],
    "16": [
      "\\str[120] นวดฉันอย่างกระตือรือร้นมาเป็นเวลานาน",
      "และเพราะมันรู้สึกดีมาก ฉันจึงผล็อยหลับไป..."
    ],
    "17": [
      "\\nl< >\\str[121]? วันนี้คุณกลับบ้านเร็วมาก"
    ],
    "18": [
      "\\nl< >ยินดีต้อนรับกลับมา \\str[121]"
    ],
    "19": [
      "อิอิอิ เฮ้ \\str[120]—",
      "ทายซิว่าวันนี้ฉันนำอะไรกลับบ้าน—!"
    ],
    "20": [
      "\\nl< >นั่นเป็นแพ็คเกจที่ค่อนข้างใหญ่— \\w[90]\\^"
    ],
    "21": [
      "\\nl< >มันจะเป็น… ของอร่อยได้ไหม!?"
    ],
    "22": [
      "ใช่แล้ว… ดูเหมือน \\str[120] จะไม่สนใจเลยจริงๆ",
      "ในสิ่งอื่นใดนอกจากอาหาร..."
    ],
    "23": [
      "\\nl< >ยินดีต้อนรับกลับบ้าน \\w[45]\\^"
    ],
    "24": [
      "\\nl< >\\{ฮึ แย่จัง!         -",
      "\\str[121] คุณตัวเหม็น!"
    ],
    "25": [
      "ฮะ!?"
    ],
    "26": [
      "\\nl< >\\str[121] คุณมีกลิ่นเหม็น!   -",
      "อย่าเข้ามาใกล้ฉัน… \\w[90]",
      "ไปอาบน้ำได้แล้ว!           -"
    ],
    "27": [
      "วะ-!?"
    ],
    "28": [
      "\\str[120] วิ่งหนีไป     -",
      "…ฉันได้กลิ่นเหม็นขนาดนั้นจริงๆเหรอ?",
      "ฉันได้เจอสิ่งที่น่ารังเกียจขณะสำรวจหรือเปล่า?"
    ],
    "29": [
      "ยังไงก็ตามฉันควรรีบไปอาบน้ำก่อน…"
    ]
  },
  "5": {
    "0": [
      "ม-ไม่อีกแล้ว… \\w[30]",
      "ฉันเกือบตายข้างนอกนั่น…"
    ],
    "1": [
      "โชคดีที่ผมสามารถหลบหนีไปได้ในวินาทีสุดท้าย...",
      "อย่างที่ฉันคิด ด้วยความแข็งแกร่งของฉันในปัจจุบัน มันยังคงประมาทเกินไป",
      "เพื่อท้าทายสถานที่นั้น…"
    ],
    "2": [
      "ฉันควรฝึกฝนให้มากกว่านี้ เตรียมตัวให้พร้อม",
      "แล้วคิดพิชิตมันเท่านั้น..."
    ],
    "3": [
      "\\nl< >ยินดีต้อนรับกลับบ้าน \\w[60]\\^"
    ],
    "4": [
      "\\nl< >\\str[121]!?"
    ],
    "5": [
      "\\nl< >\\str[121] คุณสบายดีไหม!?    -",
      "คุณเต็มไปด้วยบาดแผล…!"
    ],
    "6": [
      "อ่าฮ่าฮ่า… ฉันกดดันตัวเองมากเกินไปนิดหน่อย",
      "และล้มเหลวในที่สุด…"
    ],
    "7": [
      "\\nl< >\\str[121] จริงๆ แล้ว…",
      "คุณต้องดูแลตัวเองให้ดีขึ้นจริงๆ!"
    ],
    "8": [
      "\\nl< >เนื่องจากคุณได้รับบาดเจ็บ เราจึงต้องรีบพันผ้าพันแผลให้คุณ!"
    ],
    "9": [
      "\\str[120] ดูแลบาดแผลของข้าพเจ้าอย่างเชี่ยวชาญ",
      "และฉันรู้สึกได้ถึงความเข้มแข็งกลับมาอย่างมาก"
    ],
    "10": [
      "\\str[120] พันผ้าให้ฉันอย่างระมัดระวังด้วยมือที่งุ่มง่าม",
      "และฉันก็รู้สึกดีขึ้นบ้างแล้ว"
    ],
    "11": [
      "\\str[120] พันผ้าพันแผลให้ฉันตั้งแต่หัวจรดเท้าอย่างงุ่มง่าม",
      "และฉันรู้สึกดีขึ้นนิดหน่อย"
    ],
    "12": [
      "\\nl< >ตอนนี้ \\str[121] คุณแค่พักผ่อน!",
      "ทิ้งอาหารเย็นไว้ให้ฉัน!"
    ],
    "13": [
      "อา…ใช่…"
    ],
    "14": [
      "ที่กล่าวว่าร่างกายของฉันห่อหุ้มเหมือนมัมมี่",
      "และฉันก็ขยับตัวไม่ได้เลย…"
    ],
    "15": [
      "\\nl< >อืม \\str[121] คุณเป็นเด็กดี"
    ],
    "16": [
      "มันเป็นเพียงจินตนาการของฉันใช่ไหม",
      "หรือ \\str[120] ดูมีแรงบันดาลใจมากกว่าปกติ…?"
    ],
    "17": [
      "\\nl< >\\str[121] คุณกดดันตัวเองมากเกินไปอีกแล้ว!"
    ],
    "18": [
      "\\nl< >เราต้องหยุดเลือดโดยเร็ว!"
    ],
    "19": [
      "\\nl< >ตั้งแต่บัดนี้เป็นต้นไป",
      "ให้ฉันดูแลคุณนะ \\str[121]!"
    ],
    "20": [
      "มันเป็นเพียงจินตนาการของฉันใช่ไหม",
      "หรือ \\str[120] ดูตื่นเต้นมากกว่าปกติ…?"
    ]
  },
  "9": {
    "0": [
      "ความอบอุ่นในอ้อมแขนของฉันทำให้ฉันนึกถึงสิ่งนั้น",
      "ในที่สุดฉันก็ได้รับยาที่ฉันปรารถนาแล้ว",
      "แต่ธรรมชาติที่เหนือจริงของประสบการณ์นี้ยังคงทำให้ฉันไม่มั่นคง"
    ],
    "1": [
      "ไพ่ทาโรต์สตาร์ที่ทางเข้าเชื่อมต่อ",
      "มันเป็นหนึ่งในข้าวของที่พ่อของฉันทิ้งไว้",
      "แม้ว่าเขาจะใช้เวลาทั้งชีวิตในการค้นคว้าวิธีรักษา \\str[120]",
      "ทำไมตอนนี้มันถึงตอบสนองง่ายขนาดนี้…?"
    ],
    "2": [
      "ไม่ว่าฉันจะคิดอย่างไรฉันก็ไม่สามารถสรุปได้",
      "การคิดมากไปก็ไม่มีความหมาย",
      "สิ่งสำคัญคือ—ตอนนี้ฉันมี Elixir Rubrum แล้ว",
      "ฉันควรจะหาโอกาสให้ \\str[120] ลองทำดู"
    ],
    "3": [
      "สีของมันดูเหมือนน้ำสตรอเบอร์รี่ด้วยซ้ำ",
      "บางทีมันอาจจะมีรสชาติเหมือนนมสตรอว์เบอร์รี่ที่เธอชอบก็ได้…"
    ],
    "4": [
      "\\nl< >ยินดีต้อนรับกลับบ้าน \\str[121]"
    ],
    "5": [
      "\\nl< >ท้องของฉันว่างเปล่าแล้ว…"
    ],
    "6": [
      "เอาล่ะ ฉันจะเตรียมอาหารเย็นทันที"
    ],
    "7": [
      "ฉันตบหัว \\str[120] เบาๆ และปลอบเธอเล็กน้อย",
      "เอาล่ะ ฉันควรทำอย่างไรต่อไป?"
    ],
    "8": [
      "เตรียมอาหารเย็น",
      "ไปที่ห้องน้ำ"
    ],
    "9": [
      "ใช่ มันดึกแล้ว ฉันควรจะไปเตรียมอาหารเย็นดีกว่า"
    ],
    "10": [
      "คืนนี้คุณอยากกินอะไร?"
    ],
    "11": [
      "\\nl< >\\{อาหารจานเนื้อก็ได้!"
    ],
    "12": [
      "อืม…ก็อย่างที่คาดไว้…",
      "ดูเหมือนว่าฉันต้องหาโอกาสอธิบายจริงๆ",
      "\\str[120] การรับประทานอาหารที่สมดุลมีความสำคัญเพียงใด"
    ],
    "13": [
      "เอ่อ รู้สึกอยากเข้าห้องน้ำบ้างจัง..."
    ],
    "14": [
      "ขออภัย กรุณารอสักครู่ ฉันจะเตรียมอาหารเย็นทีหลัง"
    ],
    "15": [
      "\\nl< >เข้าใจแล้ว"
    ]
  },
  "13": {
    "0": [
      "\\nl< >\\str[121] วันนี้คุณไม่ได้กลับมาเต็มๆ เลย",
      "เหมือนที่เราสัญญาไว้ เยี่ยมมาก!",
      "คุณสมควรได้รับคำชมสำหรับการทำงานหนักมาก!"
    ],
    "1": [
      "\\nl< >\\str[121] คุณรักษาสัญญาของเราอีกครั้งในวันนี้",
      "นี่คือรางวัลของวันนี้!"
    ],
    "2": [
      "\\nl< >\\str[121] ช่วงนี้คุณทำงานหนักมาก",
      "นี่คือรางวัลของวันนี้—"
    ],
    "3": [
      "\\nl< >ตอนนี้ก็เกือบหนึ่งเดือนแล้ว คุณทำได้ดีมาก",
      "- เอาน่า นี่คือรางวัลของวันนี้—"
    ],
    "4": [
      "\\nl< >\\str[121]! เยี่ยมมาก ครบหนึ่งเดือนแล้ว!",
      "คุณสุดยอดมาก \\str[121]!"
    ],
    "5": [
      "\\nl< >อย่างไรก็ตาม นี่คือรางวัลสุดท้าย!"
    ],
    "6": [
      "\\nl< >เอาล่ะ! วาดเสร็จแล้ว!",
      "นี่เป็นข้อพิสูจน์ว่าคุณเป็นเด็กดีจริงๆ \\str[121]!",
      "วันนี้คุณไม่ได้รับอนุญาตให้ล้างออก!"
    ],
    "7": [
      "ฉันมองดูมือขวาของฉันที่ \\str[120] วาดไว้",
      "ภาพเล็กๆน่ารักด้านหลังด้วยพู่กันของเธอ"
    ],
    "8": [
      "ช่างเป็นรางวัลที่น่าเหลือเชื่อจริงๆ… แต่ก็ยัง…"
    ],
    "9": [
      "\\l< >เอ๊ะ?",
      "'จะมีรางวัลพิเศษอะไรไหมถ้าฉันสะสมมันต่อไป?'",
      "…\\str[121] คุณต้องการคำชมมากกว่านี้ไหม?"
    ],
    "10": [
      "l< >อืม… ถ้าคุณทำแบบนี้ต่อไปอีกเดือนหนึ่ง",
      "ฉันจะให้รางวัลพิเศษมากยิ่งขึ้นแก่คุณ…"
    ],
    "11": [
      "\\nl< >แต่… มันน่าอายเกินไป",
      "ฉันก็เลยบอกไม่ได้ว่ามันคืออะไร…"
    ],
    "12": [
      "ฉันแค่ล้อเล่น แต่ดูเหมือนว่า \\str[120] จะเป็นเช่นนั้น",
      "คิดอย่างจริงจังเกี่ยวกับรางวัลพิเศษบางประเภท",
      "มันทำให้ฉันรู้สึกมีแรงบันดาลใจจริงๆ!"
    ],
    "13": [
      "\\nl< >รางวัลพิเศษยังคงเป็นความลับ",
      "ฉันไม่สามารถบอกคุณได้ตอนนี้ \\str[121]...!"
    ],
    "14": [
      "\\nl< >เอาล่ะ \\str[121]!",
      "ตามที่สัญญาไว้ นี่คือรางวัลพิเศษของคุณ!"
    ],
    "15": [
      "\\nl< >ฮิฮิ… มันเป็นคูปอง 'ทำทุกอย่าง' ที่ฉันทำ"
    ],
    "16": [
      "\\nl< >\\str[121] คุณคิดถึงฉันอยู่เสมอ แต่...",
      "ฉันยังอยากให้คุณวางภาระเหล่านั้นและทำใจให้สบาย..."
    ],
    "17": [
      "\\nl< >ดังนั้น คุณสามารถใช้สิ่งนี้เพื่อปรนเปรอตัวเองได้",
      "กับฉันมากเท่าที่คุณต้องการ!",
      "คำขอใดๆ ก็ดี แค่มุ่งความสนใจไปที่การผ่อนคลายตัวเอง!"
    ],
    "18": [
      "\\nl< >เอ๊ะ!?     -",
      "'แม้แต่... สิ่งลามกก็ยังโอเค…?'",
      "หนึ่งหนึ่ง…"
    ],
    "19": [
      "\\nl< >ไม่เป็นไร… ถ้านั่นคือสิ่งที่คุณต้องการจริงๆ",
      "ฉันจะไม่ปฏิเสธ..."
    ],
    "20": [
      "\\nl< >ท้ายที่สุดแล้ว \\str[121],",
      "ยังไงซะคุณก็ล้อฉันอยู่เสมอ…"
    ],
    "21": [
      "\\>ได้รับ \\ii[199] จาก \\str[120]!                   -",
      "\\>ตอนนี้คุณสามารถส่งคำขอเสียไปที่ \\str[120] ได้แล้ว!     -"
    ]
  },
  "14": {
    "0": [
      "\\nl< >โอ้? \\str[121] คุณกำลังถืออะไรอยู่?"
    ],
    "1": [
      "อา… วันนี้ฉันเพิ่งได้รับชุดนี้จากอัศวิน",
      "เขาบอกว่ามันเป็นโบนัสเกม— \\w[30]\\^"
    ],
    "2": [
      "\\nl< >อัศวินจาก 'Shadow Soul'!?",
      "ด่วนให้ฉันดู—"
    ],
    "3": [
      "\\str[120] พุ่งเข้ามาข้างหน้าฉันด้วยความเร็วดุจสายฟ้า",
      "และคว้าเสื้อผ้า—",
      "ฮะ… ดูเหมือนว่าเธอจะชอบของขวัญชิ้นนี้มาก"
    ],
    "4": [
      "\\nl< >โอ๊ย—! มีแม้กระทั่งลายเซ็นต์ของอัศวินอยู่ด้วย!"
    ],
    "5": [
      "\\nl< >ฉันจะลองใช้ตอนนี้—"
    ],
    "6": [
      "\\{อ่า เดี๋ยวก่อน—!?",
      "เรายังอยู่ที่ทางเข้า!"
    ],
    "7": [
      "ฉันรีบหันหลังกลับและปิดประตูหน้าอย่างรวดเร็ว",
      "ผิวของ \\str[120] ไม่สามารถทนต่อแสงแดดเป็นเวลานานได้",
      "เธอตื่นเต้นมากจนลืมจุดอ่อนของตัวเองไปหรือเปล่า!?"
    ],
    "8": [
      "\\nl< >เปลี่ยนเสร็จแล้ว—!"
    ],
    "9": [
      "เฮ้…มันเข้ากันได้ดีจริงๆ"
    ],
    "10": [
      "อัศวินคนนั้นยืนกรานที่จะสวมชุดเกราะหนักอยู่เสมอ",
      "ฉันก็เลยคิดว่าเขาคงจะสูงและกว้าง",
      "ฉันกังวลว่า \\str[120] จะไม่สามารถสวมใส่มันได้อย่างถูกต้อง",
      "แต่ฉันแปลกใจที่ขนาดพอดีกับเธอพอดี..."
    ],
    "11": [
      "\\nl< >อิอิอิ… ฉันจะใช้สิ่งนี้เป็นชุดนอนต่อจากนี้ไป~"
    ],
    "12": [
      "นั่นจะทำให้มันย่น…",
      "มันควรจะเป็นของสะสมมิใช่หรือ..."
    ],
    "13": [
      "แถมยังใกล้ถึงเวลากินอีกด้วย",
      "รีบเปลี่ยนเสียก่อน"
    ],
    "14": [
      "\\nl< >เอาล่ะ~"
    ]
  },
  "15": {
    "0": [
      "…ฉันกลับมาแล้ว"
    ],
    "1": [
      "ฉันทักทายอย่างอ่อนแรง",
      "และทันทีที่ฉันก้าวเข้าไปข้างใน",
      "ความร้อนที่แผดเผาทั่วร่างกายของฉันก็หายไปทันที",
      "อากาศบ้าบอ...คิดว่าจะร้อนขนาดนี้..."
    ],
    "2": [
      "—หืม? นั่นก็แปลกนะ"
    ],
    "3": [
      "ฉันรู้ว่า \\str[120] ไม่ได้มาทักทายฉันเหมือนเคย",
      "เธอยังหลับอยู่หรือเปล่า?"
    ],
    "4": [
      "\\nl< >\\str[121] ยินดีต้อนรับกลับบ้าน..."
    ],
    "5": [
      "ใส่แค่เสื้อยืด",
      "\\str[120] เดินออกไปอย่างเชื่องช้าเพื่อทักทายฉัน",
      "เห็นได้ชัดว่าความร้อนได้ทำให้เธอทรุดโทรมลงเช่นกัน..."
    ],
    "6": [
      "\\nl< >\\{ร้อนแรงมาก…!",
      "\\w[40]\\^"
    ],
    "7": [
      "\\nl< >\\str[121] ร่างกายของคุณร้อนผ่าว…!"
    ],
    "8": [
      "มองลงไปที่ตัวที่ยังร้อนอบอ้าวอยู่",
      "ชั่วครู่หนึ่งมันรู้สึกเหมือนว่าฉันอาจจะระเบิด..."
    ],
    "9": [
      "\\nl< >\\str[121] ยินดีต้อนรับกลับบ้าน… \\w[60]",
      "ข้างนอกคงจะร้อนมากใช่ไหม?"
    ],
    "10": [
      "ใช่แล้ว มันรู้สึกเหมือนอยู่ในเตาอบ… \\w[60]",
      "อากาศแบบนี้เป็นบ้าอะไร…"
    ],
    "11": [
      "แต่ตอนนี้ทุกอย่างโอเคแล้ว!!    -",
      "ทาดา! ฉันมีแฟนแล้ว!"
    ],
    "12": [
      "\\nl< >เยี่ยมมาก! รีบ รีบ!   -",
      "ตั้งค่าเดี๋ยวนี้!"
    ],
    "13": [
      "\\nl< >ฉันได้พัดลมและไอศกรีมพร้อมแล้ว มาเลย!"
    ],
    "14": [
      "โอ้—!"
    ],
    "15": [
      "กลับมาบ้านเย็นๆมีไอติมให้กิน",
      "ความรู้สึกนี้ไม่ได้เลวร้ายนักเลย…"
    ],
    "16": [
      "หลังจากรอสักพัก \\str[120] ก็ยังไม่ออกมา",
      "แปลก…เธอยังงีบหลับอยู่หรือเปล่า?"
    ],
    "17": [
      "ฉันควรทำอย่างไร…"
    ],
    "18": [
      "แอบไป",
      "โทร \\str[120]"
    ],
    "19": [
      "ใช้ได้! ฉันจะแอบไปที่ห้องของเธออย่างเงียบ ๆ",
      "มันคงจะน่าเสียดายถ้าฉันปลุกเธอในขณะที่เธองีบหลับ"
    ],
    "20": [
      "\\{ฉันถึงบ้านแล้วー!"
    ],
    "21": [
      "ฉันตะโกนออกไปอย่างไม่ตั้งใจ",
      "และอีกไม่นานฉันก็ได้ยิน",
      "เสียงฝีเท้าเร่งรีบลงมาชั้นล่าง"
    ],
    "22": [
      "…ว้าว เร็วขนาดนั้นเลยเหรอ?"
    ],
    "23": [
      "\\nl< >\\str[121]!?",
      "วันนี้คุณกลับมาเร็วมาก—"
    ],
    "24": [
      "อาจเป็นเพราะเธอวิ่งมา",
      "แก้มของ \\str[120] แดงระเรื่อและเธอก็ด้วย",
      "การหายใจเร็วและไม่สม่ำเสมอผิดปกติ"
    ],
    "25": [
      "………ฮะ?    -",
      "\\str[120] เป็นไปได้ไหมว่าคุณ—"
    ],
    "26": [
      "\\nl< >อี๊ก!?"
    ],
    "27": [
      "เมื่อกี้เธอแอบกินมันฝรั่งทอดใช่ไหม!?",
      "ดูสิ มีเศษอยู่ที่มุมปากของคุณ!"
    ],
    "28": [
      "\\nl< >เอ๊ะ… อา… \\w[45] อืม… ใช่แล้ว \\w[45]",
      "เอ๊ะๆๆๆ… ฉันกำลังกินของว่างอยู่นิดหน่อย… \\w[45]"
    ],
    "29": [
      "\\str[120] คลำหาข้อแก้ตัวของเธออย่างเชื่องช้า",
      "และมันก็ดูน่าสงสัยมากขึ้น..."
    ],
    "30": [
      "\\nl< >เอาล่ะ เอาล่ะ ฉันก็มีส่วนให้คุณเหมือนกัน",
      "มากินข้าวด้วยกัน…!"
    ],
    "31": [
      "ไม่ให้โอกาสฉันซักถามเธอต่อไป",
      "\\str[120] หลุดออกไป"
    ],
    "32": [
      "กลับมาที่ทางเข้าก็เก็บสติไว้",
      "เล่นซ้ำภาพร่างที่เปิดเผยและประมาทของ Imouto     -",
      "…เอาล่ะ นี่มันถึงฤดูร้อนแล้ว"
    ],
    "33": [
      "อะแฮ่ม อะแฮ่ม… \\w[60]\\{",
      "ฉันถึงบ้านแล้วー!"
    ],
    "34": [
      "ฉันแกล้งทำเป็นว่าไม่ได้สังเกตเห็นอะไรเลย",
      "ขณะที่ฉันตะโกนออกไป \\str[120] ข้างใน"
    ]
  }
}