﻿{
  "3": {
    "0": [
      "ว้าว...รู้สึกดีขึ้นมาก..."
    ],
    "1": [
      "...แล้วฉันควรทำอย่างไรต่อไป?"
    ],
    "2": [
      "มองไปรอบ ๆ",
      "ฝันกลางวัน",
      "ฆ่าเวลา",
      "ออกจาก"
    ],
    "3": [
      "พื้นที่เล็กๆ ที่คับแคบนี้ มีอะไรซ่อนอยู่ที่นี่...?    -",
      "แม้ว่าฉันจะพูดแบบนั้น ฉันก็อดไม่ได้ที่จะเริ่มต้นขุดคุ้ยไปรอบๆ"
    ],
    "4": [
      "โอ้ย!! นี่คือ…!"
    ],
    "5": [
      "——กระดาษชำระ"
    ],
    "6": [
      "————ขยะ"
    ],
    "7": [
      "ยังไงซะฉันก็อยู่ในห้องน้ำแล้ว"
    ],
    "8": [
      "รู้สึกเหมือนฉันเสียเวลา"
    ],
    "9": [
      "หืม? นั่นเสียงอะไร?"
    ],
    "10": [
      "มันเป็นซี"
    ],
    "11": [
      "เอซีแอบเข้ามาจากใครก็ไม่รู้และย่อตัวผ่านเท้าของฉันไป"
    ],
    "12": [
      "ไอ้สารเลว แสดงตัวออกมาอย่างกล้าหาญต่อหน้าฉัน!    -",
      "รับสิ่งนี้!"
    ],
    "13": [
      "เป้า. พวก C ล้มตายตรงนั้น"
    ],
    "14": [
      "ฮึ่ม อย่างที่คาดไว้กับฉัน..."
    ],
    "15": [
      "พลาด!",
      "ด้วยความตกใจ C ก็หายตัวไปอย่างรวดเร็วอย่างไร้ร่องรอย"
    ],
    "16": [
      "ประณามสิ่งนั้นเร็วมาก!"
    ],
    "17": [
      "……นี่จะไม่ได้ผลตลอดไป",
      "อาจถึงเวลาต้องฉีดสเปรย์กำจัดแมลงแล้ว..."
    ],
    "18": [
      "หืม? นั่นเสียงอะไร?"
    ],
    "19": [
      "…เสียงหายไปแล้ว มันเป็นเพียงจินตนาการของฉันเหรอ?"
    ],
    "20": [
      "ไม่สามารถนั่งอยู่ตรงนี้ตลอดไปได้",
      "ฉันควรจะออกไป-"
    ]
  },
  "9": {
    "0": [
      "\\nl< >\\str[121]! คุณยังอยู่ในห้องน้ำหรือเปล่า?"
    ],
    "1": [
      "...ฉันจะออกไปในอีกสักครู่!"
    ],
    "2": [
      "ฉันคงเสียเวลามากเกินไป—ไปดีกว่า..."
    ]
  },
  "21": {
    "0": [
      "ทันใดนั้น เสียงที่คุ้นเคยก็ดังขึ้น"
    ],
    "1": [
      "\\{เดี๋ยวก่อน...\\w[45] เสียงนั้น-คือ C!"
    ],
    "2": [
      "\\nl< >\\{…………หือ?"
    ],
    "3": [
      "\\nl< >\\{อร๊ายยยยย—!!"
    ],
    "4": [
      "\\str[120] ก็สังเกตเห็น C เช่นกัน!",
      "นี่มันแย่! หาก C โจมตีในสถานการณ์เช่นนี้",
      "เธออาจจะหมดสติเพราะช็อก!!"
    ],
    "5": [
      "\\{……!"
    ],
    "6": [
      "ก่อนที่ฉันจะได้คิด ร่างกายของฉันก็เคลื่อนไหวไปเอง",
      "และฉันก็รีบเข้าห้องน้ำอย่างรวดเร็ว"
    ],
    "7": [
      "\\{คุณคือคนที่ทำให้ \\str[120] ของฉันร้องไห้!?"
    ],
    "8": [
      "ตีตรง. C เสียชีวิตทันที"
    ],
    "9": [
      "\\nl< >โอ้... \\str[121]..."
    ],
    "10": [
      "ตอนนี้ไม่เป็นไรแล้ว",
      "สิ่งเลวร้ายหายไปแล้ว—\\str[121] จัดการมันแล้ว"
    ],
    "11": [
      "\\nl< >หือ...?",
      "\\str[121]... กางเกงของคุณ..."
    ],
    "12": [
      "——————————อา"
    ],
    "13": [
      "เนื่องจากผมทำงานเสร็จแล้วก่อนที่จะต่อรอง",
      "เข้าไปในห้องน้ำ ไก่ของฉันกำลังยืนแข็งกระด้าง -",
      "ใกล้กับหน้าของ \\str[120] มาก…"
    ],
    "14": [
      "เช่นเดียวกับที่ฉันกังวล",
      "ฉันสังเกตเห็นบางสิ่งแปลก ๆ ในดวงตาของ \\str[120]",
      "เธอก็อยู่ไม่สุขเช่นกัน    -",
      "ลูกอมประหลาดนั่นยังใช้งานได้อยู่หรือเปล่า?"
    ],
    "15": [
      "สีหน้าของ \\str[120] เริ่มดูงุนงง",
      "แล้วจากที่ไหนก็ไม่รู้",
      "เธอโน้มตัวเข้ามาและเอาไก่ของฉันเข้าไปในปากของเธอ"
    ],
    "16": [
      "การเคลื่อนไหวที่กล้าหาญนั้นทำลายการควบคุมตนเองของฉันอย่างสิ้นเชิง",
      "ฉันวางมือบนหัวของ \\str[120]",
      "และเริ่มแนะนำให้เธอเอาเจี๊ยวของฉันให้ลึกลงไปอีก"
    ],
    "17": [
      "แม้ว่าเธอจะค่อนข้างงุ่มง่าม",
      "ความอบอุ่นและความนุ่มนวลของปากของเธอ",
      "ยังคงรู้สึกอัศจรรย์ใจ"
    ],
    "18": [
      "จากมุมนี้",
      "ฉันเห็นจิ๋มเปียกของ \\str[120] สั่นเล็กน้อย",
      "เหมือนบางสิ่งบางอย่างออกมาจากความฝัน"
    ],
    "19": [
      "อีกไม่นานนัก",
      "ความปรารถนาที่จะมาเริ่มก่อตัวเป็นคลื่น -"
    ],
    "20": [
      "ไม่อยากให้ \\str[120] ของฉันสำลัก",
      "ฉันดึงไก่ของฉันออกจากปากของเธอ"
    ],
    "21": [
      "ในขณะนั้นน้ำกามจำนวนมากก็ระเบิดออกมา",
      "สาดกระเซ็นไปทั่วใบหน้าของเธอ"
    ],
    "22": [
      "\\nl< >เอ่อ… รสชาติแย่มาก…"
    ],
    "23": [
      "\\str[120] พูดออกมาอย่างสนุกสนาน",
      "แต่ฉันบอกได้เลยว่าเธอยังขี้อายอยู่จริงๆ",
      "เธอไม่เคยทำอะไรที่กล้าหาญแบบนี้ตามปกติ—",
      "มันคงเป็นผลจากลูกกวาดนั่นแน่ๆ"
    ],
    "24": [
      "แต่จริงๆ แล้ว ถ้าไม่ใช่เพราะขนมนั้น",
      "ฉันไม่รู้ว่าสิ่งต่างๆจะจบลงอย่างไร"
    ],
    "25": [
      "หลังจากนั้นเราก็ทำความสะอาดห้องน้ำด้วยกัน",
      "และกลับเข้าห้องนอน",
      "ทำท่าเงียบๆ เหมือนไม่มีอะไรเกิดขึ้น"
    ]
  },
  "22": {
    "0": [
      "ลอบมา ลอบมา..."
    ],
    "1": [
      "อืม... ฉันแค่กังวล",
      "หากมีสิ่งผิดปกติเกิดขึ้นกับ \\str[120]...",
      "ฉันจะดูอย่างรวดเร็วแล้วออกไป ..."
    ],
    "2": [
      "เดี๋ยว... นี่มันอะไรกัน!?"
    ],
    "3": [
      "โดนจับได้ \\str[120]    -",
      "เกิดอะไรขึ้น...",
      "อาจจะเป็นผลของ.",
      "ลูกอมที่ฉันให้เธอก่อนหน้านี้!?"
    ],
    "4": [
      "แม้ว่าเทคนิคของเธอจะยังดูงุ่มง่ามอยู่บ้าง",
      "น้ำทิพย์จะแสดงออกมาเป็นครั้งคราว",
      "เธอหายไปอย่างสิ้นเชิงในช่วงเวลาแห่งความสุข"
    ],
    "5": [
      "เมื่อเห็น \\str[120] พยายามอย่างหนักที่จะรู้สึกดี",
      "ฉันอดไม่ได้ที่จะอยากเข้าไปช่วยเธอ…"
    ],
    "6": [
      "จับได้ \\str[120] สัมผัสตัวเองเหนือกางเกงชั้นในของเธอ    -",
      "เกิดอะไรขึ้น...",
      "อาจจะเป็นผลของ.",
      "ลูกอมที่ฉันให้เธอก่อนหน้านี้!?"
    ],
    "7": [
      "อาจเป็นเพราะขาดประสบการณ์",
      "\\str[120] กำลังถูเธออย่างงุ่มง่าม",
      "กางเกงชั้นในด้วยปลายนิ้วของเธอ",
      "ไม่ค่อยเข้าใจมันนัก"
    ],
    "8": [
      "เมื่อเห็น \\str[120] พยายามอย่างหนักที่จะรู้สึกดี",
      "ฉันอดไม่ได้ที่จะอยากเข้าไปช่วยเธอ…"
    ],
    "9": [
      "แต่การปรากฏตัวตอนนี้จะทำให้ \\str[120] หวาดกลัวอย่างแน่นอน",
      "อืม… ใช่แล้ว มันอาจจะดีที่สุดที่จะถอยออกไปอย่างเงียบๆ"
    ],
    "10": [
      "ส่องอีกครั้ง!",
      "เดินจากไป"
    ],
    "11": [
      "ไม่สามารถต้านทานความอยากที่เพิ่มขึ้นได้",
      "ฉันโน้มตัวเข้าไปใกล้รอยแตกที่ประตู",
      "เฝ้าดูอย่างระมัดระวัง"
    ],
    "12": [
      "แจ็คออกไป",
      "ระเบิดเข้ามา!",
      "ลืมมันซะ"
    ],
    "13": [
      "ฉันเริ่มรู้สึกตื่นเต้นนิดหน่อยเหมือนกัน...",
      "ฉันควรเข้าร่วม \\str[120]...?"
    ],
    "14": [
      "รู้สึกว่าค่อนข้างเสี่ยง…อย่าดีกว่า",
      "ถ้าผมดูต่อไปมันจะอึดอัดนะ",
      "ฉันควรจะหลุดออกไปก่อนการแจ้งเตือน \\str[120] ของฉัน"
    ],
    "15": [
      "เพราะไม่ใช่ครั้งแรกที่ได้เห็น",
      "อะไรแบบนี้ฉันเพิ่งไปด้วย",
      "ไหลลื่นและพยายามเพลิดเพลินไปกับช่วงเวลานั้น"
    ],
    "16": [
      "ในขณะที่ \\str[120] ของฉันยังคงสูญหายไปในโลกของเธอเอง",
      "ฉันปิดประตูตามหลังไปอย่างเงียบๆ"
    ],
    "17": [
      "ดูเหมือนว่า \\str[120] จะอายุเท่านี้ในที่สุด",
      "เธอไปสนใจเรื่องแบบนี้ที่ไหน…",
      " ",
      " ",
      "รู้สึกเศร้าแปลกๆ",
      "ฉันตัดสินใจทำเป็นว่าไม่เห็นอะไรเลย..."
    ],
    "18": [
      "ทันทีที่เราทั้งสองมาถึงจุดสูงสุด",
      "ฉันปล่อยวางอย่างสมบูรณ์และเพิ่งมาทั้งหมด"
    ],
    "19": [
      "ด้วยอาการสั่นสะท้านไปทั่วร่างกายของเธอ",
      "\\str[120] หยุดสิ่งที่เธอกำลังทำอยู่อย่างช้าๆ และ",
      "เริ่มหายใจแผ่วเบา"
    ],
    "20": [
      "ถ้าผมดูต่อไปคงจะแย่แน่ๆ",
      "รีบหนีไปก่อนดีกว่า \\str[120] จะแจ้งให้ทราบ"
    ],
    "21": [
      "การทำเรื่องแบบนี้กับ \\str[120] รู้สึกแปลกมาก...",
      "ก่อนที่ฉันจะรู้ตัว มือของฉันก็เริ่มจับจังหวะของเธอ",
      "และในขณะนั้น",
      "รู้สึกเหมือนประสาทสัมผัสของเราเชื่อมโยงกัน"
    ],
    "22": [
      "เมื่อมองดูนิ้วของ \\str[120] ฉันก็อดไม่ได้ที่จะจินตนาการ—",
      "จะเป็นอย่างไรถ้านิ้วของเธอไม่ได้สัมผัสเธอ",
      "แต่ไก่ของฉันแทน…?"
    ],
    "23": [
      "เมื่อฉันจมอยู่กับความคิดนั้น",
      "มันเกือบจะรู้สึกเหมือนว่าฉันรู้สึกได้ถึงความนุ่มนวลจริงๆ",
      "จิ๋มของ \\str[120] คงจะ...",
      "จินตนาการเป็นสิ่งที่น่ากลัวจริงๆ"
    ],
    "24": [
      "อยากรู้ว่ามันจะรู้สึกยังไง",
      "เข้ามาใกล้เท่ากับนิ้วของ \\str[120] ของฉัน",
      "ลูบตัวเองเข้าหาหีของเธอ…"
    ],
    "25": [
      "ฉันเริ่มนึกภาพปลายไก่ของฉันกดทับ",
      "จิ๋มที่ปิดสนิทของ \\str[120] ของฉัน ค่อยๆ กระจายออกไป",
      "เธอเปิดออกขณะที่ฉันผลัก เผยให้เห็นความเปียกชื้นภายใน ไก่ของฉัน",
      "ก็เนียนเหมือนกัน มีสายใยลามกทอดยาวระหว่างเรา…"
    ],
    "26": [
      "ความตื่นเต้นที่ฉันรู้สึกกับเธอนั้นไม่มีอะไรเหมือน",
      "เมื่อฉันอยู่คนเดียว เมื่อฉันหลงอยู่ในจินตนาการเหล่านี้",
      "ความรู้สึกผิดในใจกลับกลายเป็นเชื้อเพลิง",
      "นำคลื่นแห่งความสุขมาให้ฉันคลื่นแล้วคลื่นเล่า"
    ],
    "27": [
      "\\str[120] ดูเหมือนว่าเธอกำลังจะมา",
      "และฉันก็อดไม่ได้ที่จะเร่งการเคลื่อนไหวของตัวเองเช่นกัน"
    ],
    "28": [
      "\\{ฮึ ฉันทนไม่ไหวแล้ว…!"
    ]
  },
  "23": {
    "0": [
      "กับสิ่งที่เกิดขึ้นครั้งที่แล้ว",
      "ฉันตัดสินใจก้าวเข้าไปในห้องน้ำอย่างกล้าหาญ"
    ],
    "1": [
      "\\nl< >\\{…O-\\str[121]!?"
    ],
    "2": [
      "\\nl< >…\\str[121],",
      "ทำไมคุณถึงมาที่นี่ด้วย…?"
    ],
    "3": [
      "น้ำเสียงของเธอฟังดูดุเล็กน้อย แต่ตัดสินจากเธอ",
      "สีหน้างุนงงและความจริงที่ว่าเธอไม่ได้พยายาม",
      "ที่จะไล่ฉันออกไป ดูเหมือนว่าฉันอยู่ในที่ชัดเจน"
    ],
    "4": [
      "ฉันขยับไปยืนข้าง \\str[120] ไก่ของฉันอย่างเงียบๆ",
      "ห่างจากเธอเพียงไม่กี่เซนติเมตร เธอไปต่อ",
      "ด้วยมือของเธอเองโน้มตัวเข้ามาใกล้ฉันอีกเล็กน้อย",
      "และเริ่มเลียฉันด้วยลิ้นของเธอ"
    ],
    "5": [
      "ลิ้นเรียวของ \\str[120] เลื้อยไปรอบๆ ปลายลิ้น",
      "ไก่ของฉันเหมือนงูตัวน้อยที่อบอุ่น",
      "ความรู้สึกจั๊กจี้ทำให้ฉันตัวสั่นอย่างควบคุมไม่ได้"
    ],
    "6": [
      "เราก็เงียบอยู่อย่างนั้นสักพัก",
      "และฉันรู้สึกได้ว่าตัวเองเข้าใกล้ขอบแล้ว…",
      "\\str[120] คงสังเกตเห็นการที่ไก่ของฉันกำลังกระตุก",
      "เพราะเธอเริ่มขยับมือเร็วขึ้นอีก"
    ],
    "7": [
      "ในที่สุด เมื่อการปลดปล่อยที่เร่งรีบอย่างไม่หยุดยั้งนั้นก่อตัวขึ้น",
      "น้ำเชื้อของฉันเริ่มพุ่งออกมา  -",
      "ช่วงเวลาที่การปะทุครั้งแรกกระทบไปที่ใบหน้าของ \\str[120]",
      "จู่ๆ เธอก็เอาไก่ของฉันเข้าปากเธอ"
    ],
    "8": [
      "ขณะที่เธอดูด \\str[120] ของฉันเอาแต่ล้อเล่นเคล็ดลับ",
      "ลิ้นของเธอตรงจุดที่น้ำอสุจิไหลออกมา",
      " ",
      " ",
      "ความอ่อนโยนที่คาดไม่ถึงและความอบอุ่นอันนุ่มนวลนั้นสมบูรณ์",
      "ทำให้ฉันควบคุมตัวเองไม่ได้ และไก่ของฉันก็หลุดออก",
      "น้ำกามที่เหลือของฉันตรงเข้าไปในปากของเธอ"
    ],
    "9": [
      "หลังจากนั้นพวกเราก็ร่วมกันทำความสะอาดห้องน้ำ",
      "และเมื่อเรากลับถึงห้องนอน",
      "เราทั้งสองแสร้งทำเป็นว่าไม่มีอะไรเกิดขึ้น"
    ]
  }
}