﻿{
  "0": [
    "✦แก้วน้ำที่ \\str[120] ชอบ",
    "โดดเด่นด้วยดีไซน์กระต่ายสุดแปลก",
    "ดูเหมือนว่าจะเป็นสินค้าขายดีของ NLCH"
  ],
  "1": [
    "✦ตะเกียงเล็กๆที่พ่อทิ้งไว้",
    "ดูเหมือนจะเป็นเครื่องมือเล่นแร่แปรธาตุ",
    "มีความทนทานมากแม้จะอายุและ",
    "ให้แสงสว่างอันอบอุ่นสบายตา"
  ],
  "2": [
    "✦ไฟกลางคืนเล็กๆ น่ารักพร้อมแสงไฟนวลตา",
    "เหมาะสำหรับเปิดเครื่องเมื่อลุกขึ้น",
    "เพื่อใช้ห้องน้ำในเวลากลางคืน"
  ],
  "3": [
    "✦พืชใบที่เรียกว่า Ficus umbellata",
    "กำลังเฟื่องฟู และดูเหมือนว่าจะต้องใช้เงิน \\str[120]",
    "ดูแลมันอย่างดีทุกวัน"
  ],
  "4": [
    "✦พืชใบที่เรียกว่าโปทอส",
    "มันดูไม่ดีต่อสุขภาพนัก",
    "\\str[120] จึงวางไว้ข้างหน้าต่าง",
    "ฉันควรจะบอกเธอว่าจริง ๆ แล้ว",
    "ไม่ชอบแสงแดด...?"
  ],
  "5": [
    "✦หนังสือบางเล่มที่ \\str[120] เลือกออกมา",
    "จากการศึกษาของคุณพ่อ",
    "ส่วนใหญ่เป็นหนังสือปรัชญาและ",
    "ไม่สามารถเข้าใจได้อย่างสมบูรณ์"
  ],
  "6": [
    "✦หยิบกิ่งเบิร์ชแห้งขึ้นมา",
    "ระหว่างทางกลับบ้าน —คิดว่ามันดูเท่ดี",
    "ฉันก็เลยแสดงมันให้ \\str[120] ดู",
    "เธอวางมันลงในแจกันอย่างเงียบ ๆ"
  ],
  "7": [
    "✦ภาพร่างนกที่วาดโดย \\str[120]",
    "เห็นได้ชัดว่ามีพื้นฐานมาจากนกที่เธอเห็น",
    "ขณะที่มองออกไปนอกหน้าต่าง"
  ],
  "8": [
    "✦พัดลมเก่าขนาดเล็กที่มีการไหลเวียนของอากาศไม่ดี",
    "คุณต้องเข้าใกล้มาก",
    "สัมผัสถึงสายลมเย็นสบาย"
  ],
  "9": [
    "✦เครื่องเป่าผมที่ล้ำสมัยด้วย",
    "กระแสลมแรงอย่างไม่น่าเชื่อ",
    "ถ้าเล็งไปที่หน้าก็จะรู้สึกได้",
    "เหมือนลมอาจลอกผิวคุณออก"
  ],
  "10": [
    "✦อ่างอาบน้ำปรับอุณหภูมิได้",
    "การตั้งค่า แต่มีช่วง 99°C ถึง -10°C...",
    "ไม่เป็นไรจริงๆเหรอ?"
  ],
  "11": [
    "✦แชมพูกลิ่นผลไม้ที่ \\str[120] ชอบ",
    "มันทำให้ผมของเธอนุ่มลื่นมาก",
    "แต่มันหมดเร็วเกินไป",
    "ยอดคงเหลือปัจจุบัน:\\c[20]${$gameSelfVariables.value([6, 8, 'shampoo'])}%"
  ],
  "12": [
    "✦ดูเหมือนชุดชั้นใน",
    "\\str[120] เพิ่งออกเดินทาง...",
    "มันถูกพับเก็บอย่างเรียบร้อย"
  ],
  "13": [
    "✦เกมคอนโซลในตำนานที่ตอนนี้หายากมาก",
    "การเป็นเจ้าของจะทำให้คุณกลายเป็นตำนานในหมู่นักเล่นเกม"
  ],
  "14": [
    "✦ตุ๊กตาที่พ่อมอบให้ \\str[120]",
    "ในวันเกิดของเธอ เธอเก็บมันไว้อย่างล้ำลึก",
    "และเก็บมันไว้ข้างเธอเสมอ"
  ],
  "15": [
    "\\fr\\fs[20]\\c[10]วงแหวนเวทย์มนตร์ที่หายไป",
    "\\fs[22]\\i[16]???\\fr",
    "✦พื้นที่นอกโลกที่สร้างขึ้นโดย",
    "การ์ดเวทย์มนตร์ที่สืบทอดมาจากพ่อ",
    "ไม่ได้รับผลกระทบจากกาลเวลาโดยสิ้นเชิง",
    "สิ่งของที่เก็บไว้ที่นี่ไม่เคยหายไป",
    "วงกลมนี้เชื่อมต่อกับทางเข้าบ้านด้วย",
    "ทำให้ได้ผลตอบแทนที่มั่นคงและปลอดภัย",
    "ไม่ว่าสิ่งนี้จะถูกออกแบบโดยเจตนาโดยพ่อ",
    "มองเห็นการสืบเชื้อสายมาอย่างหลีกเลี่ยงไม่ได้ของลูกของเขา",
    "ลงเหวจนไม่มีใครรู้จัก..."
  ],
  "16": [
    "\\fr\\fs[28]\\c[114]เขาวงกตอันยิ่งใหญ่",
    "\\fr\\fs[22]\\i[16]???",
    "✦ทางเข้าเขาวงกตซากปรักหักพัง",
    "เต็มไปด้วยสัตว์ประหลาดจากออร่า Abyssal",
    "แม้จะเต็มไปด้วยอันตราย แต่ก็มีโอกาสมากมาย",
    "พร้อมข่าวลือเรื่องความลับของ Abyssal ที่ซ่อนอยู่ในส่วนลึก",
    "ถึงกระนั้น มันก็เป็นเพียงหนึ่งในหลาย ๆ เส้นทางสู่ Abyss"
  ]
}