﻿{
  "skillToggle": [
    "เปิดใช้งานแล้ว",
    "ไม่ได้ใช้งาน"
  ],
  "1": {
    "name": [
      "กระเป๋าเก็บเมจิก"
    ],
    "subtitle": [
      ""
    ],
    "description": [
      "เครื่องมือวิเศษแบบพกพาที่ให้คุณพกพาได้",
      "มีรายการมากกว่าปกติมาก อย่างไรก็ตาม,",
      "แม้แต่เครื่องมือเวทย์มนตร์ก็มีขีดจำกัดในการจัดเก็บ.."
    ],
    "ability": [
      "ความจุอาวุธ: ${QJ.MPMZ.tl.ex_playerCheckInventory('weapon')}",
      "ความจุเกียร์: ${QJ.MPMZ.tl.ex_playerCheckInventory('gear')}"
    ]
  },
  "2": {
    "name": [
      "เซ็นโป"
    ],
    "subtitle": [
      ""
    ],
    "description": [
      "การเหยียบพื้นอย่างรวดเร็วครอบคลุมระยะทางสั้นๆ",
      "ช่วยให้คุณสามารถหลบการโจมตีได้ มันเป็นเพียงเส้นประเริ่มต้น",
      "เทคนิค แต่ผู้ใช้ยืนกรานที่จะตั้งชื่อให้เจ๋งๆ"
    ],
    "ability": [
      "กด Space Bar ค้างไว้เพื่อเปิดใช้งาน"
    ]
  },
  "3": {
    "name": [
      "เซนโป ทาชิ"
    ],
    "subtitle": [
      ""
    ],
    "description": [
      "เทคนิคการวาดดาบที่เรียนรู้จากปรมาจารย์ดาบรุ่นเยาว์",
      "เมื่อรวมกับ SenPo คุณจะปลดปล่อยความเร็วที่เพิ่มขึ้น",
      "โจมตี - มากพอที่จะทำให้ศัตรูกระเด็นออกไปหากหมดเวลา"
    ],
    "ability": [
      "คลิกซ้ายระหว่าง Senpo: Slash ความเสียหายจะขยายตามความเร็ว",
      "คลิกขวาค้างไว้ระหว่าง Senpo: ชาร์จ เอฟเฟกต์จะปรับขนาดตามโมเมนตัม"
    ],
    "mobileAbility": [
      "แตะปุ่มทักษะเพื่อฟัน สร้างความเสียหายตามความเร็วในการเคลื่อนที่",
      "กดปุ่มทักษะค้างไว้เพื่อชาร์จ เอฟเฟกต์จะปรับขนาดตามโมเมนตัม"
    ]
  },
  "4": {
    "name": [
      "ฟันลมกรดสแลช"
    ],
    "subtitle": [
      ""
    ],
    "description": [
      "หมุนตัวพร้อมกับแกว่งอาวุธของคุณเพื่อโจมตีอย่างต่อเนื่อง",
      "ความเร็วในการโจมตีเพิ่มขึ้นเมื่อเวลาผ่านไป สำหรับคนที่ไม่เก่ง",
      "ด้วยเทคนิคดาบ ท่านี้จึงเรียนรู้ได้ง่ายและมีประสิทธิภาพ"
    ],
    "ability": [
      "คลิกขวาค้างไว้เพื่อเปิดใช้งานทักษะ",
      "ยกเลิกระหว่างการหมุนเพื่อโยนอาวุธของคุณ"
    ],
    "mobileAbility": [
      "กดปุ่มทักษะค้างไว้เพื่อเปิดใช้งานทักษะ",
      "ยกเลิกขณะหมุนเพื่อโยนอาวุธของคุณ"
    ]
  },
  "7": {
    "name": [
      "ความรู้สึกอันตราย"
    ],
    "subtitle": [
      ""
    ],
    "description": [
      "มักเรียกว่า 'Mind's Eye' แต่จริงๆ แล้วมันเป็นความรู้สึก",
      "ลับคมด้วยพู่กันนับไม่ถ้วนด้วยความตาย",
      "กล่าวอีกนัยหนึ่ง เหมือนสะท้อนการบาดเจ็บมากกว่าทักษะจริง..."
    ],
    "ability": [
      "วางเมาส์เหนือเป้าหมายเพื่อดูข้อมูลโดยละเอียด"
    ],
    "mobileAbility": [
      "แตะเป้าหมายเพื่อดูข้อมูลโดยละเอียด"
    ]
  },
  "10": {
    "name": [
      "การปกปิดลมหายใจ"
    ],
    "subtitle": [
      "จริง"
    ],
    "description": [
      "เทคนิคนินจา ฉันหยิบมันขึ้นมาอย่างเร่งรีบ แต่...",
      "ยังไงซะฉันก็เข้าใจมันได้เร็วมาก"
    ],
    "ability": [
      "กด Shift ขณะใช้งานเพื่อเข้าสู่การซ่อนตัว",
      "ลดระยะการตรวจจับของมอนสเตอร์ลง \\c[17]${1+$gameParty.leader().skillMasteryLevel(10)}\\c[108] ช่อง",
      "ลดอัตราการเพิ่มการแจ้งเตือนของ \\str[120] ในระหว่างการดูลง \\c[17]${15+15*$gameParty.leader().skillMasteryLevel(10)}%\\c[0]"
    ]
  },
  "11": {
    "name": [
      "แทงข้างหลัง"
    ],
    "subtitle": [
      "จริง"
    ],
    "description": [
      "เทคนิคนินจา สามารถเปิดใช้งานได้ในขณะที่อยู่ในสถานะล่องหน",
      "โจมตีศัตรูที่ไม่ระวังตัวจากด้านหลังเพื่อสร้างความเสียหายมหาศาล!"
    ],
    "ability": [
      "ความเชี่ยวชาญด้านทักษะ: \\c[6]${$gameActors.actor(1).skillMasteryUses(11)}\\c[0]",
      "โบนัสความเสียหายจากการลอบสังหาร: \\c[17]${Math.round(200 + (2333 - 200) * Math.pow($gameActors.actor(1).skillMasteryLevel(11) / 9, 1.8))}%\\c[0]"
    ]
  },
  "12": {
    "name": [
      "กระแส Musou Burst"
    ],
    "subtitle": [
      ""
    ],
    "description": [
      "หมัดเด็ดที่สืบทอดมาจาก ASABA ผู้โอบรับความเศร้าโศก",
      "ทันใดนั้นเร็วเกินกว่าที่ตาจะมองเห็น การโจมตีนับร้อยครั้งก็ตกลงสู่พื้น—",
      "ทิ้งศัตรูไว้แต่ความมืดสุดท้าย!"
    ],
    "ability": [
      "คำสั่งทักษะ: \\{⬆⬇⬅⮕⬆⬇\\}",
      "การใช้ทักษะแต่ละครั้งต้องใช้ HP บางส่วน"
    ]
  },
  "15": {
    "name": [
      "ข้ามเพศ"
    ],
    "subtitle": [
      ""
    ],
    "description": [
      "คุณสวมเสื้อผ้าที่ไม่เหมาะกับคุณ... และมีบางอย่างในตัวคุณ",
      "กวน ไม่มีโบนัสการต่อสู้—อาจทำให้หัวคุณยุ่งนิดหน่อยด้วยซ้ำ",
      "เพื่อนของคุณจ้องมองอย่างแปลกประหลาด และศัตรูอาจหยุดชั่วคราว... อาจจะ",
      "ท้ายที่สุดแล้ว ในโลกนี้ ความน่ารักคือความยุติธรรม!"
    ],
    "ability": [
      "เพิ่ม Sin ตามจำนวนไอเทมแต่งตัวข้ามเพศที่สวมใส่!"
    ]
  },
  "16": {
    "name": [
      "คนเก็บดาบ"
    ],
    "subtitle": [
      ""
    ],
    "description": [
      "ไม่ว่าคุณจะแกว่งอาวุธอย่างไร! เราจะลุกขึ้นโทรหาคุณ!",
      "เพื่อป้องกันไม่ให้ใบมีดสึกหรอ! เพื่อปกป้องศักดิ์ศรีแห่งอาวุธ!",
      "เพราะเราเชื่อว่าดาบเป็นนาย และมนุษย์เป็นเพียงทาส!",
      "ผู้ศรัทธาที่ไร้สาระที่สุดแต่ไม่สั่นคลอน!",
      "เราคือ—นักอนุรักษ์อาวุธ—ผู้พิทักษ์ดาบ!"
    ],
    "ability": [
      "การสวมตราทำให้คุณเป็นหนึ่งในนั้น"
    ]
  },
  "18": {
    "name": [
      "ทำลายอาวุธ"
    ],
    "subtitle": [
      ""
    ],
    "description": [
      "อาวุธทั้งหมดมีขีดจำกัดความทนทาน",
      "และเนื่องจากผู้ใช้ไม่เก่งในการโจมตีที่แม่นยำ",
      "มีความเสี่ยงที่จะทำลายมัน แต่เมื่ออาวุธพัง—",
      "มันจะโจมตีคริติคอลอย่างรุนแรง!"
    ],
    "ability": [
      "เพิ่มความเสียหายเมื่อโจมตีครั้งสุดท้าย: \\c[6]${200+(100*$gameActors.actor(1).skillMasteryLevel(48))}%\\c[0]"
    ]
  },
  "26": {
    "name": [
      "การฝึกดาบ"
    ],
    "subtitle": [
      "จริง"
    ],
    "description": [
      "ขอคำแนะนำจากนักดาบสาวเกี่ยวกับวิธีการแข็งแกร่งขึ้น",
      "เธอพูดเพียงว่า 'แค่แกว่งดาบของคุณ 1,000 ครั้งทุกวัน!'",
      "—มันจะได้ผลจริงๆเหรอ!? ยังไงก็ลองดูกันนะครับ..."
    ],
    "ability": [
      "วงสวิงฝึกซ้อมเสร็จสิ้นแล้ว: \\{\\c[6]${$gameActors.actor(1).skillMasteryUses(26)}\\c[0]",
      "พลังโจมตีพื้นฐานของอาวุธประชิดเพิ่มขึ้น \\c[6]${Math.ceil(1.8**$gameActors.actor(1).skillMasteryLevel(26))}%"
    ]
  }
}