﻿{
  "3": {
    "name": [],
    "subtitle": [
      ""
    ],
    "description": [
      ""
    ],
    "variants": {
      "0": {
        "subtitle": [
          "รู้สึกกระสับกระส่าย..."
        ],
        "description": [
          "ระดับความตื่นเต้น:\\c[2]\\v[25]%\\c[0]"
        ]
      },
      "1": {
        "subtitle": [
          "ร่างกายต้องการความตื่นเต้น..."
        ],
        "description": [
          "ระดับความตื่นเต้น:\\c[10]\\v[25]%\\c[0]"
        ]
      },
      "2": {
        "subtitle": [
          "เสียการควบคุม...!"
        ],
        "description": [
          "ระดับความตื่นเต้น:\\c[18]\\v[25]%\\c[0]"
        ]
      }
    }
  },
  "4": {
    "name": [],
    "subtitle": [
      "ยูวีโอ ...!"
    ],
    "description": [
      "กลายเป็นสัตว์ร้ายที่คลั่งไคล้ความปรารถนา!  ระดับความตื่นเต้น::\\c[18]???%\\c[0]"
    ]
  },
  "5": {
    "name": [],
    "subtitle": [
      "พิษได้ติดเชื้อร่างกายของคุณ"
    ],
    "description": [
      "ได้รับความเสียหายมากขึ้นเรื่อยๆ!"
    ]
  },
  "6": {
    "name": [],
    "subtitle": [
      "เลือดไหลไม่หยุด"
    ],
    "description": [
      "รับความเสียหายตาม HP สูงสุด!"
    ]
  },
  "7": {
    "name": [],
    "subtitle": [
      "ดูสิ เขาถูกฟ้าผ่า!"
    ],
    "description": [
      "เป็นอัมพาตเต็มตัว ขยับไม่ได้เลย!"
    ]
  },
  "8": {
    "name": [],
    "subtitle": [
      "ร้อน ร้อน ร้อน ร้อน—!"
    ],
    "description": [
      "ใช้งานการเผาไหม้อย่างต่อเนื่องกับทุกยูนิตที่อยู่ในระยะ!"
    ]
  },
  "9": {
    "name": [],
    "subtitle": [
      "กลายเป็นไอซ์ป๊อป!"
    ],
    "description": [
      "แข็งค้าง!"
    ]
  },
  "11": {
    "name": [],
    "subtitle": [
      "มึนงงและสับสน!"
    ],
    "description": [
      "ดำเนินการไม่ได้!"
    ]
  },
  "13": {
    "name": [],
    "subtitle": [
      "ฟุฟุ นี่คือสิ่งที่คุณจะได้จากการท้าทายฉัน~♥"
    ],
    "description": [
      "ถูกสาปโดยปีศาจตัวน้อยนั่น..."
    ]
  },
  "14": {
    "name": [],
    "subtitle": [
      "มันร้อนมาก..."
    ],
    "description": [
      "รู้สึกอ่อนเพลียจากความร้อน..."
    ]
  },
  "15": {
    "name": [],
    "subtitle": [
      "ในสายตาของสัตว์ประหลาด คุณเป็นเพียงเหยื่อตัวน้อยที่น่าสงสารและน่าเกลียด..."
    ],
    "description": [
      "ปลอมตัวเป็นสัตว์ประหลาด - สัตว์ประหลาดจะไม่โจมตีคุณ!"
    ]
  },
  "16": {
    "name": [],
    "subtitle": [
      "คุณไม่สามารถเล่นเกมง่ายๆแบบนี้ได้เหรอ? ซาโกะ อะไรอย่างนี้~"
    ],
    "description": [
      "ได้รับการรับรองว่าเป็น ZAKO สำหรับการโกง!"
    ]
  },
  "28": {
    "name": [],
    "subtitle": [
      "การเล่นเกม"
    ],
    "description": [
      ""
    ],
    "variants": {
      "0": {
        "description": [
          "เธอให้ความสำคัญกับเกมมาก",
          "ดีที่สุดที่จะไม่รบกวนเธอมากเกินไป..."
        ]
      },
      "1": {
        "description": [
          "เธอยังคงเล่นอยู่...",
          "ฉันควรจะแกล้งเธอสักหน่อยไหม?"
        ]
      }
    }
  },
  "29": {
    "name": [],
    "subtitle": [
      "อาบน้ำ"
    ],
    "description": [
      ""
    ],
    "variants": {
      "0": {
        "description": [
          "\\str[120] อยู่ในอ่างอาบน้ำ— ฉันทำได้",
          "เผยให้เห็นภาพเงาของเธออย่างคลุมเครือ"
        ]
      },
      "1": {
        "description": [
          "\\str[120] กำลังเป่าผมของเธอ",
          "ด้วยผ้าเช็ดตัว"
        ]
      }
    }
  },
  "30": {
    "name": [],
    "subtitle": [
      "พักผ่อน"
    ],
    "description": [
      ""
    ],
    "variants": {
      "0": {
        "description": [
          "\\str[120] ดูมีความสุขมาก",
          "มีอะไรน่าสนใจเกิดขึ้นบ้างไหม?"
        ]
      },
      "1": {
        "description": [
          "\\str[120] น่ารักขึ้นเรื่อยๆ",
          "อาจจะตบเธอหน่อยสิ!"
        ]
      },
      "2": {
        "description": [
          "\\str[120] กำลังนั่งอยู่",
          "ที่นั่น. ลองคุยกับเธอ…"
        ]
      },
      "3": {
        "description": [
          "\\str[120] ดูเศร้าเล็กน้อย",
          "ลองปลอบใจเธอดูไหม?"
        ]
      },
      "4": {
        "description": [
          "\\str[120] ดูเหมือนจะถูกไปหน่อย",
          "สงสัยว่าจะทำอะไรได้บ้าง…"
        ]
      },
      "5": {
        "description": [
          "\\str[120] ดูง่วงนอน",
          "อาจจะถึงเวลานอนแล้วเหรอ?"
        ]
      }
    }
  },
  "31": {
    "name": [],
    "subtitle": [
      "นอนหลับ"
    ],
    "description": [
      ""
    ],
    "variants": {
      "0": {
        "description": [
          "หลับใหลเหมือนต้นไม้…",
          "ไม่อาจปลุกเร้าได้…"
        ]
      },
      "1": {
        "description": [
          "หลับสนิท…",
          "ดูเหมือนยากที่จะปลุกเธอ"
        ]
      },
      "2": {
        "description": [
          "นอนหลับสนิท,",
          "จมอยู่ในความฝันของเธออย่างสมบูรณ์…"
        ]
      },
      "3": {
        "description": [
          "ขนตาของเธอกระตุก",
          "ราวกับกำลังพึมพำอยู่ในความฝัน"
        ]
      },
      "4": {
        "description": [
          "ดูเหมือนเธอจะกึ่งตื่นตัว",
          "พึมพำโดยไม่ตั้งใจ"
        ]
      },
      "5": {
        "description": [
          "\\str[120] เกือบจะตื่นแล้ว",
          "แต่ความรู้สึกของเธอยังคงมืดมน"
        ]
      }
    }
  },
  "32": {
    "name": [],
    "subtitle": [
      "หิว"
    ],
    "description": [
      ""
    ],
    "variants": {
      "0": {
        "description": [
          "\\str[120] กำลังรออย่างเงียบๆ",
          "สำหรับมื้อเย็น"
        ]
      },
      "1": {
        "description": [
          "\\str[120] ดูเหมือนจะกังวลเล็กน้อย",
          "เกี่ยวกับรสชาติอาหารเย็น…"
        ]
      },
      "2": {
        "description": [
          "\\str[120] ดูเหมือนว่า",
          "เธอต้องการช่วย"
        ]
      }
    }
  },
  "33": {
    "name": [],
    "subtitle": [
      "ผ่อนคลาย"
    ],
    "description": [
      ""
    ],
    "variants": {
      "0": {
        "description": [
          "\\str[120] กำลังเลียไอติมของเธอ...",
          "ดูไร้การป้องกันมากเกินไป..."
        ]
      }
    }
  },
  "34": {
    "name": [],
    "subtitle": [
      "การแปรงฟัน"
    ],
    "description": [
      ""
    ],
    "variants": {
      "0": {
        "description": [
          "\\str[120] กำลังแปรงฟันอย่างเกียจคร้าน",
          "ยังคงดูกึ่งหลับไป..."
        ]
      }
    }
  },
  "35": {
    "name": [],
    "subtitle": [],
    "description": [
      "✦(รู้สึกเหมือนร่างกายเป็น",
      "กลายเป็นเบามาก...)"
    ]
  },
  "36": {
    "name": [],
    "subtitle": [],
    "description": [
      "✦จิตเริ่มคลายตัว—"
    ]
  },
  "40": {
    "name": [],
    "subtitle": [
      "ร้องไห้"
    ],
    "description": [
      ""
    ],
    "variants": {
      "0": {
        "description": [
          "\\c[10]เธอกินอาหารรสเผ็ดมากเกินไป..."
        ]
      }
    }
  },
  "41": {
    "name": [],
    "subtitle": [],
    "description": [
      "✦ทานแล้วฟิน",
      "\\str[120] รู้สึกมีความสุข!"
    ]
  },
  "45": {
    "name": [],
    "subtitle": [
      "ฉันสัญญากับน้องสาวที่รักของฉัน ดังนั้นฉันต้องรักษามันไว้"
    ],
    "description": [
      "อย่ากลับบ้านบาดเจ็บสาหัส…"
    ]
  },
  "46": {
    "name": [],
    "subtitle": [
      "ฉันสัญญากับน้องสาวที่รักของฉัน ดังนั้นฉันต้องรักษามันไว้"
    ],
    "description": [
      "ปรุงอาหารจานเนื้อ"
    ]
  },
  "55": {
    "name": [],
    "subtitle": [
      "นี่คือโดเมนของฉัน ดังนั้นจึงห้ามก่อเหตุร้าย~♥"
    ],
    "description": [
      "ห้ามโจมตี! สัตว์ประหลาดที่อยู่ใกล้ๆ เต็มไปด้วยความหวาดกลัว!"
    ]
  },
  "57": {
    "name": [],
    "subtitle": [
      "ฉันรู้สึกเหมือนฉันสามารถทำอะไรก็ได้ตอนนี้"
    ],
    "description": [
      "เปิดใช้งานโหมด Sage สถานะทั้งหมดเพิ่มขึ้น"
    ]
  },
  "58": {
    "name": [],
    "subtitle": [
      "กินอะไรไม่ดี..."
    ],
    "description": [
      "ปวดท้องไม่หยุด!"
    ]
  },
  "59": {
    "name": [],
    "subtitle": [],
    "description": [
      "...ลืมสิ่งสำคัญใช่ไหม? บางทีมันอาจจะกลับมาในภายหลัง"
    ]
  },
  "60": {
    "name": [],
    "subtitle": [],
    "description": [
      "ปล่อยกลิ่นเหม็นอย่างต่อเนื่อง..."
    ]
  },
  "61": {
    "name": [],
    "subtitle": [
      "ก้นของฉันลุกเป็นไฟ..."
    ],
    "description": [
      "วิ่งหรือวิ่งไม่ได้เพราะปวดก้น!"
    ]
  },
  "62": {
    "name": [],
    "subtitle": [],
    "description": [
      "มุ่งความสนใจไปที่การโจมตีครั้งถัดไป ความเร็วในการเคลื่อนที่ลดลง"
    ]
  },
  "63": {
    "name": [],
    "subtitle": [
      "ความเร็วสามเท่าของ True Red"
    ],
    "description": [
      ""
    ]
  },
  "64": {
    "name": [],
    "subtitle": [],
    "description": [
      "Senpo คูลดาวน์!"
    ]
  },
  "65": {
    "name": [],
    "subtitle": [],
    "description": [
      "รู้สึกเวียนหัว..."
    ]
  },
  "67": {
    "name": [],
    "subtitle": [],
    "description": [
      "ลอยอยู่บนน้ำ การเคลื่อนไหวช้าลง โจมตีไม่ได้!"
    ]
  },
  "68": {
    "name": [],
    "subtitle": [],
    "description": [
      "ร่ายมนต์!"
    ]
  },
  "71": {
    "name": [],
    "subtitle": [
      "กินอะไรอร่อยๆ ข้างในอบอุ่นและสบาย~"
    ],
    "description": [
      "ฟื้นฟูสุขภาพจำนวนเล็กน้อยทุก ๆ วินาที"
    ]
  },
  "72": {
    "name": [],
    "subtitle": [
      "พลัง...พุ่งทะลุตัวฉัน!"
    ],
    "description": [
      "พลังโจมตี\\c[10]+50%\\c[0]"
    ]
  },
  "73": {
    "name": [],
    "subtitle": [
      "ฉันเริ่มเข้าใจทุกอย่างแล้ว"
    ],
    "description": [
      "พลังโจมตีเวทย์มนตร์\\c[10]+50%\\c[0]"
    ]
  },
  "74": {
    "name": [],
    "subtitle": [
      "คุณสามารถตามทัน... ด้วย SPEED ของฉันได้ไหม!"
    ],
    "description": [
      "ความเร็วในการเคลื่อนที่เพิ่มขึ้น"
    ]
  },
  "75": {
    "name": [],
    "subtitle": [
      "อาวุธศักดิ์สิทธิ์สืบเชื้อสายมา"
    ],
    "description": [
      "อาวุธขนาดใหญ่ เพิ่มความเสียหาย!"
    ]
  },
  "77": {
    "name": [],
    "subtitle": [
      "เปลวไฟแห่งการเกิดใหม่"
    ],
    "description": [
      "อนุญาตให้มีการฟื้นฟูหนึ่งครั้งในขณะที่เอฟเฟกต์ทำงาน"
    ]
  },
  "78": {
    "name": [],
    "subtitle": [
      "บิดแห่งโชคชะตา..."
    ],
    "description": [
      "โชคลาภย่อมมีเรื่องดีๆ เกิดขึ้น!"
    ]
  },
  "79": {
    "name": [],
    "subtitle": [
      "บิดแห่งโชคชะตา..."
    ],
    "description": [
      "ได้รับพรจากโชคชะตา เรื่องน่าเศร้ามักจะเกิดขึ้น!"
    ]
  },
  "80": {
    "name": [],
    "subtitle": [
      "ความเร็วสามเท่าของ True Red"
    ],
    "description": [
      ""
    ]
  },
  "85": {
    "name": [],
    "subtitle": [
      "แต่รสชาติแย่มากจริงๆ..."
    ],
    "description": [
      "เปี่ยมไปด้วยพลัง—HP สูงสุดเพิ่มขึ้น!"
    ]
  },
  "86": {
    "name": [],
    "subtitle": [
      "ปัญหาด้านทักษะ"
    ],
    "description": [
      "คุณถูกล้อเลียนอย่างไร้ความปราณี! การป้องกันและโชคลดลงอย่างมาก!"
    ]
  },
  "90": {
    "name": [],
    "subtitle": [
      "อย่ามาเช็คหน้าพุ่มไม้นะไอ้โง่!?"
    ],
    "description": [
      "การอยู่ในพุ่มไม้รู้สึกปลอดภัย… HP ฟื้นฟูอัตโนมัติ"
    ]
  },
  "98": {
    "name": [],
    "subtitle": [
      "รู้สึกเหมือนพี่สาวอยู่ข้างๆฉัน..."
    ],
    "description": [
      "ฟื้น HP!"
    ]
  },
  "99": {
    "name": [],
    "subtitle": [
      "พวกเราคือผู้พิทักษ์!"
    ],
    "description": [
      "พลังโจมตี +30"
    ]
  },
  "101": {
    "name": [],
    "subtitle": [
      "มองเข้าไปในดวงตาชั่วร้ายของฉัน เห็นบางอย่างอยู่ข้างใน!"
    ],
    "description": [
      "มองไม่เห็นทุกๆ \\v[221] วินาที!"
    ]
  },
  "104": {
    "name": [],
    "subtitle": [
      "คุณเปล่งประกายความรุ่งโรจน์!"
    ],
    "description": [
      "คุณลักษณะทั้งหมดเพิ่มขึ้น อยู่ยงคงกระพันชั่วคราว"
    ]
  },
  "105": {
    "name": [],
    "subtitle": [
      "แบ่งปันพรนี้กับท่าน"
    ],
    "description": [
      "ได้รับเงินเป็นสองเท่า"
    ]
  },
  "106": {
    "name": [],
    "subtitle": [
      "ฉัน... ยกไม่ได้..."
    ],
    "description": [
      "แรงไม่พอใช้อาวุธได้เต็มที่!"
    ]
  },
  "107": {
    "name": [],
    "subtitle": [
      "พวกเราคือผู้พิทักษ์!"
    ],
    "description": [
      "ความเร็วในการเคลื่อนที่เพิ่มขึ้น!"
    ]
  },
  "108": {
    "name": [],
    "subtitle": [
      "พวกเราคือผู้พิทักษ์!"
    ],
    "description": [
      "การโจมตีและการป้องกันเพิ่มขึ้น!"
    ]
  },
  "109": {
    "name": [],
    "subtitle": [
      "พวกเราคือผู้พิทักษ์!"
    ],
    "description": [
      "การป้องกันเพิ่มขึ้น!"
    ]
  },
  "110": {
    "name": [],
    "subtitle": [
      "พวกเราคือผู้พิทักษ์!"
    ],
    "description": [
      "HP สูงสุดและพลังป้องกันเพิ่มขึ้น!"
    ]
  },
  "115": {
    "name": [],
    "subtitle": [
      "หัวใจหุ่นไล่กาอมตะ แต่ความเสื่อมสลายคือโชคชะตา"
    ],
    "description": [
      "ไม่มีการฟื้นฟู HP!"
    ]
  },
  "116": {
    "name": [],
    "subtitle": [
      "ความโลภอันไม่มีที่สิ้นสุดได้พบคุณ—"
    ],
    "description": [
      "ดรอปเงินที่ถือไว้เมื่อได้รับความเสียหาย!"
    ]
  },
  "117": {
    "name": [],
    "subtitle": [
      "คุณจะได้รับรัศมีภาพของโลก และความมืดมิดทั้งหมดจะหนีไป"
    ],
    "description": [
      ""
    ]
  },
  "122": {
    "name": [],
    "subtitle": [
      "หึ หึ ฉันจะรอด ฉันสาบาน"
    ],
    "description": [
      "ฟื้นฟู HP อย่างถาวรโดยอัตโนมัติ"
    ]
  }
}