﻿{
  "gameTitle": [
    "ชีวิตที่เรียบง่ายกับสาวที่ไม่สร้างความรำคาญของฉัน"
  ],
  "quantityHeld": [
    "\\fs[16]•จำนวนที่ถือ:\\c[17] ${} \\c[0]\\py[-8]"
  ],
  "autoUpdate": [
    "มีการอัปเดต: ตรวจพบข้อมูลเกมเวอร์ชัน ${}",
    "คุณต้องการดาวน์โหลดและอัปเดตตอนนี้หรือไม่"
  ],
  "fullScreen": [
    "เต็มจอ"
  ],
  "masterVolume": [
    "เล่มหลัก"
  ],
  "voiceVolume": [
    "ระดับเสียง"
  ],
  "BgmVolume": [
    "ปริมาณ BGM"
  ],
  "BgsVolume": [
    "ปริมาณ BGS"
  ],
  "SeVolume": [
    "ปริมาณ SE"
  ],
  "MaxPlayerMsgs": [
    "ข้อความของผู้เล่นสูงสุด"
  ],
  "GameFAQ": [
    "คู่มือเกม"
  ],
  "ShowWeaponDurability": [
    "แสดงความทนทานของอาวุธ"
  ],
  "DisableAutoUpdate": [
    "ปิดการใช้งานการอัปเดตอัตโนมัติ"
  ],
  "LockedFPS": [
    "ล็อค 60 FPS"
  ],
  "Language": [
    "ภาษาของเกม"
  ],
  "SwitchLanguage": [
    "ตรวจพบการเปลี่ยนแปลงภาษาของเกม!",
    "เริ่มต้นใหม่ตอนนี้เพื่อใช้การตั้งค่าภาษาใหม่!"
  ],
  "ErrorReport": [
    "เกิดข้อผิดพลาด กรุณารายงานข้อผิดพลาดบนเซิร์ฟเวอร์ NLCH Discord",
    "(คลิก 'ตกลง' เพื่อเปิดลิงก์คำเชิญ)",
    "(แนบภาพหน้าจอของข้อผิดพลาด)"
  ],
  "UpdateComplete1": [
    "การอัปเดตเกมเสร็จสมบูรณ์!",
    "เกมจะรีสตาร์ทโดยอัตโนมัติหลังจากปิดหน้าต่างนี้",
    "คุณสามารถโหลดการบันทึกอัตโนมัติเพื่อดำเนินการต่อได้!"
  ],
  "UpdateComplete2": [
    "การอัปเดตเกมเสร็จสมบูรณ์!",
    "เกมจะรีสตาร์ทในไม่ช้าเพื่อใช้การอัปเดต!"
  ],
  "RemindToUpdate": [
    "เกิดข้อผิดพลาดและเกมค้าง",
    "มีแพตช์ใหม่ให้ใช้งาน—",
    "โปรดใช้การอัปเดตอัตโนมัติเพื่อแก้ไขปัญหา!"
  ],
  "bagFull": [
    "เกินขีดจำกัดสินค้าคงคลัง!!"
  ],
  "noStatusEffects": [
    "ไม่มีเอฟเฟกต์สถานะเลย!"
  ],
  "unimplementedDoor": [
    "ประตูนี้จะไม่ดันเปิดจากด้านนี้"
  ],
  "zipUpdateComplete": [
    "ติดตั้งแพทช์สำเร็จแล้ว",
    "รีสตาร์ทเกมเพื่อใช้การอัปเดต!"
  ],
  "zipUpdateFail": [
    "ไม่สามารถแยกและติดตั้งแพตช์ได้!",
    "โปรดลองอัปเดตอัตโนมัติอีกครั้งหรือ",
    "แตกไฟล์แพทช์เพื่อติดตั้งด้วยตนเอง!"
  ],
  "fileDownloadedSuccessfully": [
    "ดาวน์โหลด ${} สำเร็จแล้ว!"
  ],
  "fileDownloadFailed": [
    "${} ไม่สามารถดาวน์โหลดได้! กำลังลองอีกครั้ง!"
  ],
  "installPatch": [
    "โปรแกรมแก้ไขต้องมีการแตกไฟล์—ติดตั้งทันที นี่อาจทำให้เกมล่าช้าได้ โปรดอดทนรอ!"
  ],
  "totalFilesToUpdate": [
    "ตรวจพบไฟล์ ${} ที่จะอัปเดต—เริ่มกระบวนการดาวน์โหลด!"
  ],
  "renameCharacter": [
    "ฉันจำได้แล้วตอนนี้—",
    "เธอคือ..."
  ],
  "heroName": [
    "โอนี่จัง"
  ],
  "heroineName": [
    "อิมูโตะ"
  ],
  "nonHardwareAccelerated": [
    "เกมดังกล่าวกำลังทำงานบนกราฟิกในตัว!",
    "หากพีซีของคุณมี GPU เฉพาะ เราขอแนะนำให้ตั้งค่า Game.exe",
    "เพื่อใช้ในแผงควบคุมกราฟิกของคุณเพื่อประสบการณ์การเล่นเกมที่ราบรื่นยิ่งขึ้น"
  ],
  "isAmdCPU": [
    "ตรวจพบ CPU ของคุณว่าเป็นโปรเซสเซอร์ AMD",
    "ชิป AMD บางตัวอาจประสบปัญหาเฟรมตกเมื่อเล่นวิดีโอ VP9 (WebM)",
    "ในสภาพแวดล้อมโครเมียม หากคุณพบปัญหานี้ ให้ลองบังคับเกม",
    "ใช้การเรนเดอร์ GPU หรืออัปเดตไดรเวอร์ของคุณเพื่อช่วยบรรเทาปัญหา"
  ],
  "failedToLoad": [
    "ปัญหาประเภทนี้อาจเกิดจาก:",
    "1 ไฟล์เกมเสียหายหรือชื่อไฟล์อ่านไม่ออกเนื่องจากปัญหาการเข้ารหัสระหว่างการแตกไฟล์/การติดตั้ง",
    "2) ผู้พัฒนาลืมใส่ไฟล์—โปรดรอการอัปเดตแพตช์เพื่อแก้ไข"
  ],
  "LowResMode": [
    "โหมดกราฟิกต่ำ"
  ],
  "lowResModeWarning": [
    "คุณสมบัตินี้มีไว้เพื่อการเพิ่มประสิทธิภาพบนอุปกรณ์ Android เป็นหลัก และอาจมีผลกระทบเพียงเล็กน้อยต่อเวอร์ชันพีซี",
    "เมื่อเปิดใช้งาน เกมจะเรนเดอร์แผนที่และรูปภาพด้วยความละเอียดที่ต่ำกว่า จากนั้นจึงขยายขนาดให้ใหญ่ขึ้น",
    "ลดภาระของ GPU บนอุปกรณ์พกพาและลดการสร้างความร้อนและการใช้พลังงาน",
    "หมายเหตุ: นี่เป็นคุณสมบัติทดลอง และประสิทธิผลอาจแตกต่างกันไปขึ้นอยู่กับอุปกรณ์",
    "คุณสามารถปิดใช้งานคุณสมบัตินี้ได้ตลอดเวลาเพื่อคืนความชัดเจนของภาพทั้งหมดทันที"
  ],
  "nearbyMonstersCount": [
    "ตรวจพบมอนสเตอร์ที่อยู่ใกล้เคียง"
  ],
  "nearbyTreasuresCount": [
    "ตรวจพบสมบัติใกล้เคียง"
  ],
  "underwaterTreasuresCount": [
    "ตรวจพบสมบัติใต้น้ำ"
  ],
  "steamWishlist": [
    "ในที่สุดหน้าร้านค้า Steam ของเราก็ใช้งานได้แล้ว!",
    "โปรดเพิ่มเราลงในสิ่งที่อยากได้ของคุณและสนับสนุนเรา! (*",
    "⬇คลิกด้านล่างเพื่อเปิดหน้า Steam"
  ]
}