{
  "1": {
    "0": [
      "C'est maintenant une époque bien des années après",
      "le Seigneur Démon a été vaincu par le Héros."
    ],
    "1": [
      "Le héros et sage autrefois célèbre,",
      "leurs légendes ne sont plus rien d'autre",
      "que les contes de fées que les adultes utilisent pour gronder les enfants."
    ],
    "2": [
      "C'est le nom donné au mystérieux labyrinthe géant",
      "qui est soudainement apparue à la surface il y a dix ans."
    ],
    "3": [
      "Sa profondeur apparemment infinie,",
      "zones remplies de ruines diverses,",
      "et des monstres se reproduisant rapidement sous son pouvoir magique."
    ],
    "4": [
      "Le Seigneur Démon ne menaçant plus l'humanité,",
      "la naissance soudaine de ce labyrinthe inconnu,",
      "a instantanément brisé la brève paix du monde humain."
    ],
    "5": [
      "La Guilde des Aventuriers a organisé de nombreuses équipes d'exploration",
      "pour approfondir le sujet, mais ils n'ont jamais fait de progrès décisifs.",
      "Cependant, le labyrinthe n'a jamais montré aucune intention d'envahir",
      "ou attaquer le monde extérieur."
    ],
    "6": [
      "Seigneurs locaux et pouvoirs divers,",
      "tous ont essayé de nommer et de gérer le labyrinthe."
    ],
    "7": [
      "Mais tous ces noms ont été oubliés au fil du temps,",
      "et à la fin, il ne restait que \" Abyss \",",
      "profondément gravé dans la mémoire des gens."
    ],
    "8": [
      "Étant donné que le labyrinthe ne montrait aucun signe de",
      "s'étendre pour consommer le monde,",
      "la Guilde des Aventuriers a finalement décidé——",
      "d'ouvrir ses droits d'exploration au public."
    ],
    "9": [
      "Ainsi, la profession autrefois oubliée,",
      "'aventurier',",
      "accueillit une nouvelle ère de gloire et de ferveur."
    ],
    "10": [
      "Et dans ce dernier grand labyrinthe,",
      "Je n'ai qu'un seul objectif :",
      "pour trouver un moyen de guérir complètement mon état de \\str[120]———"
    ]
  },
  "4": {
    "0": [
      "Mon père était un brillant alchimiste."
    ],
    "1": [
      "Même en cette époque de paix où il n'est pas nécessaire de combattre les démons,",
      "il a néanmoins résolu activement plusieurs mystères alchimiques."
    ],
    "2": [
      "Je suis vraiment désolé… pour ta mère…"
    ],
    "3": [
      "J'ai tout essayé…",
      "mais…!"
    ],
    "4": [
      "Et pourtant cet homme, admiré de tous,",
      "était maintenant faiblement agenouillé sur le sol,",
      "s'excuser à plusieurs reprises",
      "dans le jeune moi."
    ],
    "5": [
      "Son emprise sur mes épaules s'est resserrée,",
      "et je n'ai pas pu m'empêcher de commencer à pleurer.",
      "Peut-être réalisant qu'il avait perdu le contrôle,",
      "il a lentement desserré ses mains et a doucement tapoté ma tête à la place."
    ],
    "6": [
      "C'est bon maintenant... c'est la faute de papa,",
      "Je ne devrais pas abandonner si facilement…"
    ],
    "7": [
      "Tu es un bon enfant,",
      "tu ne devrais pas avoir à supporter tout ça…",
      "laisse le reste à papa."
    ],
    "8": [
      "C'est vrai… même si ça me coûte tout… je dois…"
    ],
    "9": [
      "Sa voix commença à trembler,",
      "avait-il peur de quelque chose?"
    ],
    "10": [
      "Je n'ai rien compris à ce moment-là,",
      "mais je me souviens qu'après ce jour,",
      "il n'est jamais redevenu le père gentil et doux que j'ai connu autrefois."
    ]
  }
}