{
  "13": {
    "0": [
      "...Oh mon Dieu? Un autre",
      "un mignon petit agneau erre à l'intérieur?"
    ],
    "1": [
      "Hehehe~ Es-tu ici pour chercher du pouvoir auprès de moi?",
      "C'est un pacte avec un démon, tu sais~"
    ],
    "2": [
      "Mais malheureusement, ce n'est \"pas encore le moment\"~",
      "Ce n'est pas encore le moment pour toi d'affronter ton destin~"
    ],
    "3": [
      "En ce moment, tu n'es encore qu'un petit agneau perdu~",
      "Celui qui ne sait rien et n'a encore rien réalisé~"
    ],
    "4": [
      "Heyyy~~ Es-tu assis là?",
      "espérant entendre mes prières?"
    ],
    "5": [
      "Dommage ♥ Je suis un grand démon~",
      "Je ne fais pas des choses comme ça pour toi~"
    ]
  },
  "16": {
    "0": [
      "Tu mangeras à la sueur de ton front",
      "ta nourriture jusqu'à ton retour au sol,",
      "since from it you were taken;",
      "car tu es poussière et tu retourneras à la poussière."
    ],
    "1": [
      "I have seen all the things that are done under the sun;",
      "ils sont tous dénués de sens, une course après le vent."
    ],
    "2": [
      "Et nous savons que toutes choses fonctionnent ensemble",
      "pour le bien de ceux qui aiment Dieu,",
      "qui sont appelés selon son dessein."
    ],
    "3": [
      "Car tous ont péché et sont tombés",
      "à court de la gloire de Dieu."
    ],
    "4": [
      "For the vision is yet for an appointed time;",
      "il parle de la fin et ne se révélera pas faux.",
      "Though it lingers, wait for it;",
      "cela viendra certainement et ne tardera pas."
    ],
    "5": [
      "Ma culpabilité m'a submergé",
      "comme un fardeau trop lourd à porter."
    ]
  },
  "17": {
    "0": [
      "Jésus lui demanda : \" Quel est ton nom?",
      "Il répondit : \" Mon nom est Légion, car nous sommes nombreux."
    ],
    "1": [
      "Puis un autre signe apparut dans le ciel :",
      "un grand dragon rouge à sept têtes et dix cornes,",
      "et sur ses têtes il y avait sept couronnes. Sa queue balayait",
      "un tiers des étoiles du ciel et les jette sur la terre"
    ],
    "2": [
      "Ô toi qui brilles, fils du matin!",
      "Comment es-tu tombé du ciel?",
      "Toi qui autrefois as terrassé les nations,",
      "Comment as-tu été jeté sur la terre?"
    ],
    "3": [
      "Et je vis une bête qui montait de la mer.",
      "Il avait dix cornes et sept têtes,",
      "avec dix couronnes sur ses cornes,",
      "et des noms blasphématoires sur ses têtes."
    ],
    "4": [
      "Même si je marche dans la vallée de l'ombre de la mort,",
      "Je ne craindrai aucun mal, car Tu es avec moi;",
      "Ta houlette et ton bâton me rassurent."
    ],
    "5": [
      "Le Seigneur dit à Satan : \" D'où viens-tu?",
      "Satan répondit : \" De parcourir la terre,",
      "faire des allers-retours dessus."
    ]
  },
  "18": {
    "0": [
      "...C'est un cercle de téléportation.",
      "Tu quittez cet endroit maintenant…?"
    ],
    "1": [
      "Partir",
      "Attends un peu…"
    ]
  }
}