{
  "2": {
    "0": [
      "\\nl< >\"\\str[121]... hang in there...    \\w[90]",
      "You’ll definitely get better.\""
    ],
    "1": [
      "What’s gonna happen to my dignity as her \\str[121]..."
    ],
    "2": [
      "\\nl< >\"\\str[121]... don’t be sad.\""
    ],
    "3": [
      "\\nl< >\"\\{Hemorrhoids\\}? That must’ve been caused by bad habits...\""
    ],
    "4": [
      "This is bad. The misunderstanding’s only getting worse—"
    ],
    "5": [
      "\"Ah, that’s why I’m not——\"",
      "\\w[45]\\^"
    ],
    "6": [
      "\\nl< >\\{  \"Could it be something even more serious!?\"   "
    ],
    "7": [
      "\"Sorry, it’s just hemorrhoids.\""
    ],
    "8": [
      "And so, my reason for spending too long in the toilet ",
      "was officially decided…"
    ],
    "9": [
      "\\nl< >\"…So it really was constipation?\""
    ],
    "10": [
      "Not good—",
      "\\str[120]’s starting to get the wrong idea."
    ],
    "11": [
      "\"Oh dear \\str[120], your \\str[121] ",
      "was simply pondering deep thoughts, you know?\""
    ],
    "12": [
      "\\nl< >\"I see...! That’s amazing, \\str[121].\""
    ],
    "13": [
      "Amazing, right? ",
      "Your \\str[121] just temporarily ascended into sage mode."
    ],
    "14": [
      "\"Anyway, let’s start making dinner!\""
    ],
    "15": [
      "\\nl< >\"\\str[121], you were in the toilet for so long again.\""
    ],
    "16": [
      "Can’t even deny it... I really was in there forever..."
    ],
    "17": [
      "\"Ahem…! That doesn’t matter right now,",
      "come on, let’s get dinner started!\""
    ],
    "18": [
      "\\nl< >\"So suspicious…\""
    ],
    "19": [
      "\\nl< >\"You’re so slow, \\str[121]! Are you constipated?!\""
    ],
    "20": [
      "\"Ahaha… no way…\""
    ],
    "21": [
      "\"You’re hungry already, right? ",
      "Okay, let’s get started on dinner—!!\""
    ]
  },
  "4": {
    "0": [
      "I wanted to cheer \\str[120] up a bit more,",
      "but I got kicked out of the room.\""
    ],
    "1": [
      "Oh well, guess I’ll just sleep for now—",
      "I’ll think of something tomorrow..."
    ]
  },
  "6": {
    "0": [
      "Ouf... heureusement que je ne me suis pas ridiculisé",
      "devant \\str[120]...",
      "Mais---"
    ],
    "1": [
      "\\{Ugh———\" \\w[60]"
    ],
    "2": [
      "C'est pire que ce que je pensais...",
      "Cela dure depuis plus d'une demi-heure maintenant...?"
    ],
    "3": [
      "J'ai l'impression que tout mon corps est vidé...",
      "Peut-être qu'il y avait vraiment quelque chose qui n'allait pas",
      "avec le dîner?"
    ],
    "4": [
      "\\nl< >\\str[121]... ça va...?",
      "J'ai entendu... des bruits vraiment effrayants..."
    ],
    "5": [
      "Ahaha… peut-être que j'ai mangé quelque chose de mauvais…",
      "Ne vous approchez pas… c'est dangereux ici…"
    ],
    "6": [
      "J'ai entendu la voix inquiète de \\str[120] venant de",
      "devant la porte. Autant je voulais",
      "sors d'ici rapidement, même la force de",
      "le stand m'échappait..."
    ],
    "7": [
      "\\{Uooohhhh—\" \\w[60]"
    ],
    "8": [
      "Je ne peux pas…",
      "Ça ne s'arrêtera pas…"
    ],
    "9": [
      "\\nl< >\\str[121]… es-tu toujours là?"
    ],
    "10": [
      "\\nl< >Euh... en fait...",
      "I kind of need to use the toilet too..."
    ],
    "11": [
      "\\{Gwoooaaahhh—\" \\w[60]"
    ],
    "12": [
      "\\{N-pas encore—",
      "Je ne peux toujours pas sortir!"
    ],
    "13": [
      "\\nl< >Eh... ça fait déjà dix minutes...\\w[120]",
      "Moi... j'ai vraiment besoin d'y aller aussi..."
    ],
    "14": [
      "Uwooaaahhhh—! Ça",
      "ne s'arrêtera pas—!"
    ],
    "15": [
      "\\nl< >\\str[121]... est déjà..."
    ],
    "16": [
      "Uwooaaaaooooqaswdectfrvtghunijopioijoh——!"
    ],
    "17": [
      "\\nl< >Ouahhhh——!",
      "Je ne peux plus me retenir...!"
    ],
    "18": [
      "Waaaahhhhhhh——!",
      "Uwoooohhhhhhhhh——!"
    ],
    "19": [
      "Cette nuit-là, depuis une maison obscure,",
      "les rugissements angoissés d'une bête sauvage se firent entendre,",
      "entremêlés de cris qui font rougir",
      "et des gémissements indescriptibles."
    ],
    "20": [
      "Parfois aussi faible que la lutte d'une bête mourante,",
      "parfois aussi aigu que le cri d'une fille timide,",
      "ils se sont fondus dans un chaos et une ambiguïté,",
      "symphonie."
    ],
    "21": [
      "Pendant ce temps, au plus profond de la nuit lointaine,",
      "même les aventuriers qui se battent encore à",
      "le bord de l'abîme tremblait,",
      "s'arrêtant instinctivement, l'épée à la main,",
      "échangeant des regards, se demandant brièvement",
      "si quelque part dans l'ombre, un nouveau et",
      "une créature abyssale inconnue était née."
    ]
  }
}