{
  "1": {
        "0": [
            "Хотя мы и договорились принять ванну вместе,",
            "мы оба всё ещё немного стеснялись,",
            "поэтому, несмотря на то что вот-вот увидим друг друга голыми,",
            "мы закутались в полотенца и вошли в ванную."
        ],
        "1": [
            "\\nl< >\"Камень, ножницы, бумага!    \\w[120]",
            "Эхехе~ Сегодня я выиграла!\""
        ],
        "2": [
            "\"Камень, ножницы, бумага!    \\w[120]",
            "Да! Я выиграл!\""
        ],
        "3": [
            "Раз я проиграл,",
            "мне оставалось только спокойно ждать в ванне,",
            "пока \\str[120] закончила мыться."
        ],
        "4": [
            "Раз я победил,",
            "я мог принять душ первым.",
            "А пока \\str[120] сидела в ванне, немного скучая."
        ],
        "5": [
            "Быстро ополоснувшись,",
            "я сел в ванну и спокойно ждал, пока \\str[120] закончит."
        ],
        "6": [
            "Смотря, как \\str[120] немного нервно моет волосы,",
            "я не мог сдержать желание помочь ей…"
        ],
        "7": [
            "Смотря, как \\str[120] немного нервно вытирает тело,",
            "я не мог сдержать желание помочь ей…"
        ],
        "8": [
            "Помочь ей",
            "Не вмешиваться"
        ],
        "9": [
            "Я попытался спросить \\str[120], не хочет ли она, чтобы я помог помыть ей голову—"
        ],
        "10": [
            "Я попытался спросить \\str[120], не хочет ли она, чтобы я помог потереть ей спину—"
        ],
        "11": [
            "\\nl< >\"Э...?",
            "Всё нормально, я сама справлюсь!",
            "\\str[121], ты такой неуклюжий,",
            "точно всё испортишь!\""
        ],
        "12": [
            "Эх... \\str[120] отказалась.",
            "Похоже, придётся подождать, пока мы сблизимся ещё больше."
        ],
        "13": [
            "\\str[120] взрослеет,",
            "похоже, ей уже не нравится, когда к ней относятся как к ребёнку.",
            "Не стоит давить..."
        ],
        "14": [
            "Когда \\str[120] аккуратно закончила принимать ванну,",
            "настала моя очередь."
        ],
        "15": [
            " ",
            " "
        ],
        "16": [
            "\\nl< >\"...\\str[121], подвинься немного...\""
        ],
        "17": [
            "\\nl< >\"Тогда я тоже залезаю...\""
        ],
        "18": [
            "\\nl< >\"Я захожу... ",
            "\\str[121], пока не смотри сюда...\""
        ],
        "19": [
            "\\str[120] села напротив меня, чуть стесняясь и обняв колени.",
            "Как и ожидалось, эта ванна всё-таки маловата для двоих..."
        ],
        "20": [
            "«……Кстати, я же тогда ту штуку подобрала.»"
        ],
        "21": [
            "\"...Ах да, я же подобрал одну вещь по дороге.\""
        ],
        "22": [
            "Я аккуратно промыл резиновую уточку и осторожно опустил её в воду.",
            "Она тихо плавала на поверхности — спокойная и милая."
        ],
        "23": [
            "\"Мм... атмосфера теперь стала приятнее.\""
        ],
        "24": [
            "\\nl< >\"Ваа~ какая милая уточка!",
            "Ты принёс её, \\str[121]?\""
        ],
        "25": [
            "\"Ага, похоже, её тоже снесло течением, как и меня.",
            "Она выглядела такой одинокой, вот я и забрал.\""
        ],
        "26": [
            "\\nl< >\"Э? Речка...? Снесло...?",
            "...Ты снова не делал ничего опасного, да?\""
        ],
        "27": [
            "\"Да нет, она просто лежала у воды,",
            "казалась грустной, вот и взял обратно.\""
        ],
        "28": [
            "\\nl< >\"Похоже, в нашей семье теперь ещё один житель~\""
        ],
        "29": [
            "Сесть вместе",
            "Пожать уточку",
            "Поболтать"
        ],
        "30": [
            "Нам ещё нужно время, чтобы полностью прогреться...",
            "Может, стоит что-то сделать вместе с \\str[120]?"
        ],
        "31": [
            "Мне хотелось быть совсем немного ближе...",
            "С этой мыслью я осторожно спросил, можно ли пододвинуться."
        ],
        "32": [
            "Я просто хотел быть чуть ближе...!",
            "С этой мыслью я улыбнулся и спросил, можно ли подвинуться."
        ],
        "33": [
            "Всё ещё хотелось быть ближе...!",
            "С этой мыслью я без стеснения спросил снова."
        ],
        "34": [
            "\\nl< >\"Э...!?",
            "\\str[121], ты увлёкся!\""
        ],
        "35": [
            "\\nl< >\"...Ни за что!",
            "\\str[121], у тебя на лице написано,",
            "что ты собираешься делать что-то непристойное...\""
        ],
        "36": [
            " ",
            " "
        ],
        "37": [
            "\\nl< >\"\\str[121], хватит!",
            "Уточке же больно!\""
        ],
        "38": [
            "\\nl< >\"\\str[121]? Почему ты издеваешься над уточкой?\""
        ],
        "39": [
            "Эх... Меня отчитала \\str[120] за то, что я слишком сильно сжал уточку."
        ],
        "40": [
            "Немного скучая, я сжал уточку, плавающую на воде.",
            "Она выпустила короткое «пфффт—»."
        ],
        "41": [
            "О чём бы поговорить с \\str[120]...?"
        ],
        "42": [
            "Пикантные темы",
            "Обычные темы"
        ],
        "43": [
            "\\nl< >\"Не терпится выпить клубничного молока после ванны~\""
        ],
        "44": [
            "\\nl< >\"\\str[121], твои мышцы стали покрепче?\""
        ],
        "45": [
            "\\nl< >\"Кажется, когда мы моемся вместе, вода кажется ещё горячее~\""
        ],
        "46": [
            "Мы немного поболтали с \\str[120],",
            "и наши тела постепенно прогрелись..."
        ],
        "47": [
            "Да... в такие моменты самое время задать немного пикантный тон!     \\w[45]",
            "С этой мыслью я с волнением попросил \\str[120] ",
            "снять полотенце."
        ],
        "48": [
            "Да... в такие моменты самое время задать немного пикантный тон!     \\w[45]",
            "С этой мыслью я с волнением предложил \\str[120] ",
            "поговорить о чём-нибудь непристойном."
        ],
        "49": [
            "\\nl< >\"...Пикантное? Я не очень понимаю...",
            "Так что именно \\str[121] хотел сказать...?\""
        ],
        "50": [
            "\\nl< >\"...Снова? \\str[121], ты дразнишься—  \\w[120]",
            "Ну и что на этот раз?\""
        ],
        "51": [
            "Жить нагишом",
            "Чувствительные места"
        ],
        "52": [
            "\\nl< >\"Вот ещё, \\str[121] постоянно надо мной издевается!",
            "Я ушла!\""
        ],
        "53": [
            "Эх... Похоже, я зашёл слишком далеко — \\str[120] убежала,",
            "красная как свёкла..."
        ],
        "54": [
            "Фух... Тело раскалилось; похоже, пора выходить."
        ],
        "55": [
            "\\nl< >\"Эх... ты даже не пытаешься отворачиваться.",
            "\\str[121], ты же всё видишь...\""
        ],
        "56": [
            "\\nl< >\"Э...? Зачем ты так...?\""
        ],
        "57": [
            "Просто хочу посмотреть",
            "Выглядишь странно",
            "Ты привлекательная"
        ],
        "58": [
            "\\nl< >\"...Ну, ладно.\""
        ],
        "59": [
            "\\nl< >\"\\str[121]... ты всё время думаешь о таких вещах.",
            "Это правда сложно...\""
        ]
    },
  "2": {
        "0": [
            "\\nl< >\"Давай начнём с того, что помоем тебе руку…\""
        ],
        "1": [
            "\\str[120] аккуратно подняла мою руку и положила между своими мягкими бёдрами.",
            "Оба наших тела были покрыты мыльной пеной,",
            "кожа была гладкой и скользкой.",
            "\\w[60]  ",
            "Она слегка сжала ноги, и мягкое тепло",
            "чётко передалось через мою руку."
        ],
        "2": [
            "Прежде чем я успел что-то сказать, её бёдра начали медленно двигаться вперёд-назад,",
            "тёплая кожа мягко скользила по моей руке при каждом движении,",
            "и ощущение становилось всё отчётливее с каждым разом,",
            "а вокруг руки то сжималось, то отпускало.",
            "Я всё явственнее чувствовал ровный ритм и мягкое тепло её тела,",
            "которое сменялось лёгким отпусканием и снова нежным прижатием."
        ],
        "3": [
            "Её неожиданное действие на миг выбило меня из колеи — я не сразу смог отреагировать.",
            "Но тёплая, почти сонная мягкость вокруг руки",
            "будто лишила меня сил отстраниться,",
            "и сопротивляться уже не получалось.",
            "Я поймал себя на том, что просто плыву по ощущениям,",
            "и в конце концов позволил ей продолжать эту странную «услугу по мытью»."
        ],
        "4": [
            "\\nl< >\"Ну как, \\str[121]...♥",
            "Чувствуется... чище, чем просто мыть рукой, да?\""
        ],
        "5": [
            "Приятно",
            "Странно"
        ],
        "6": [
            "\\nl< >\"Странно...?",
            "Тогда... \\str[121],",
            "научи меня, как нужно~?\""
        ],
        "7": [
            "\\nl< >\"Странно? Что здесь странного?",
            "Рука теперь чистая, разве нет, \\str[121]?\""
        ],
        "8": [
            "\\nl< >\"Что такое, \\str[121]?",
            "Ты же сам просил, чтобы я помогла помыть тебя.\""
        ],
        "9": [
            "\\nl< >\"\\str[121], ты выглядишь не очень довольным...",
            "Тебе не нравится, что я тебе помогаю? ",
            "Я ведь сейчас очень серьёзно стараюсь~",
            "чтобы помочь тебе, знаешь~?\""
        ],
        "10": [
            "\\nl< >\"Приятно? Но это же просто мытьё тела~",
            "А если приятно...",
            "значит, тебе нравится такое, да?♥\""
        ],
        "11": [
            "\\nl< >\"Эхехе♥ \\str[121], ты такой честный~",
            "Тогда мне хочется наградить тебя ещё больше♥\""
        ],
        "12": [
            "\\nl< >\"\\str[121]... ты сейчас издал милый звук?\"",
            "Ты всегда меня дразнишь... так что на этот раз",
            "Я заставлю тебя почувствовать то же самое♥"
        ],
        "13": [
            "\\nl< >\"Хех... \\str[121], ты выглядишь немного растерянным...\"",
            "Может, мне стоит остановиться на этом~?"
        ],
        "14": [
            "\\nl< >\"Рука чистая... теперь пора перейти к переду~",
            "\\str[121], повернись...\""
        ],
        "15": [
            "\"П-постой— э!? Что ты—\"",
            "\\w[30]\\^"
        ],
        "16": [
            "\\nl< >\"Руки чистые...",
            "Дальше ты справишься сам~\""
        ],
        "17": [
            "Как маленький озорной бесёнок, \\str[120] высунула язык,",
            "затем легко выскользнула и нырнула в ванну."
        ],
        "18": [
            "Я с трудом подавил ощущения,",
            "которые разбудило её поведение,",
            "и молча продолжил мыться."
        ],
        "19": [
            "\\str[120] ослабила ноги и внезапно,", 
            "устроилась у меня на коленях,",
            "положив руки мне на плечи и немного перенеся вес на меня."
        ],
        "20": [
            "В какой-то момент оба наших полотенца упали в сторону",
            "ее мягкое, нежное местечко прижалось прямо к моему уже",
            "пульсирующий член, между которыми ничего не было",
            "Виноватый трепет от этой новой позы ощущался совершенно иначе, чем раньше!"
        ],
        "21": [
            "Она, кажется, не осознавала, насколько рискованна эта поза,",
            "и, как только устроилась поудобнее,",
            "начала мягко покачивать бёдрами у меня сверху."
        ],
        "22": [
            "Что еще больше сводило меня с ума, так это то, как ее нежные складки... ",
            "оставалась плотно прижатой ко мне",
            "каждое едва заметное движение заставляло их влажно скользить по моей длине",
            "заглатывая и отпуская его понемногу"
		],
        "23": [
            "\\nl< >\"Ну как~?",
            "Я же делаю это специально для тебя, \\str[121]〜♪      \\w[180]",
            "Так, как мне помыть тебя дальше〜？\""
        ],
        "24": [
            "Ах... она ведь просто хотела помочь мне помыться...",
            "Ну... что ж, если \\str[120] старается,",
            "я должен принять её заботу.",
            "Даже если... что-то выйдет за рамки."
        ],
        "25": [
            "Довериться \\str[120]",
            "Быстрее...",
            "Медленнее..."
        ],
        "26": [
            "\\str[120] продолжает старательно крутить своей талией",
            "волны скользкого, покалывающего удовольствия проходят по моему телу, как электрический разряд",
            "смешиваясь с запретным сладким трепетом",
            "Как же мне попросить \\str[120] продолжить?"
        ],
        "27": [
            "\\ str[120] все еще старательно крутит своей талией",
            "это влажное потайное местечко начало сочиться нектаром",
            "при каждом растирании издается слабый хлюпающий звук",
            "Как мне заставить ее приложить больше усилий?"
        ],		
        "28": [
            "\\str[120] все еще старательно крутит своей талией",
            "Я чувствую, что больше не могу сдерживаться...!",
            "Наконец-то, как мне заставить ее закончить это!?"
        ],
        "29": [
            "\\nl< >\"Если делать так, как я хочу— х-хорошо...",
            "Значит, \\str[121] теперь просто доверится мне, да?♥♥\"     \\w[180]"
        ],
        "30": [
            "\\nl< >\"О-он такой скользкой...",
            "\\str[121] там внизу... движется вместе со мной♥",
            "Ты такой непослушный~? Если не сможешь сдержаться еще немного...,",
            "Ты совершишь ошибку, не так ли?♥»     \\w[210]"
        ],
        "31": [
			"\\nl< >\"Ха♥ Ха♥",
            "\\str[121]♥ так сильно дрожит♥♥",
            "Может, чистящий эффект слишком хорош?\"     \\w[210]"
		],
        "32": [
			"\\nl< >\"Ты уже не выдерживаешь, да?♥",
            "\\str[121]♥, почти не может сдержаться, верно?♥",
            "Хочешь, чтобы я постаралась ещё сильнее?♥♥\"     \\w[210]"
        ],
        "33": [
            "\\nl< >\"Быстрее?",
            " Л-ладно... я попробую...\"       \\w[210]"
        ],
        "34": [
            "\\nl< >\"Я-я постараюсь...!",
            "Подними... давай...                   \\w[120]»",
			"Тебе это нравится?\"                   \\w[120]"
        ],
        "35": [
           "\\nl< >\"Ха♥ Ха♥»",
            "Хе-хе~ \\str[121] там внизу пульсирует~    \\w[120]",
			"Слишком приятно, да?                        \\w[120]"
        ],
        "36": [
            "\\nl< >\"Быстрее♥ Быстрее♥",
            "\\str[121] там стало совсем липко♥      \\w[120]",
			"П-подожди еще немного...♥\"               \\w[120]"
        ],
        "37": [
            "\\nl< >\"М-медленнее?",
            "Х-хорошо... Попробую...\"       \\w[210]"
        ],
        "38": [
            "\\nl< >\"Если медленно... так...",
            "Ах, кажется, что-то меня сейчас ткнуло♥\" \\w[210]"
        ],
        "39": [
            "\\nl< >Ха♥ Ха♥",
            "Там внизу так жарко♥                                 \\w[120]",
            "Я-я буду нежной... чтобы это было приятно...♥\"       \\w[120]"
        ],
        "40": [
            "\\nl< >\"\\str[121]♥\\str[121]♥               \\w[120]",
            "Я правда… очень тебя люблю…♥И хочу, чтобы тебе было хорошо…\"    \\w[120]"
        ],
        "41": [
            "\\{Уже... на пределе...!!"
        ],
        "42": [
            "\\{\\nl< >\"Ааа~~♥♥\"",
			"\\w[60]\\^"
        ],
        "43": [
            "Под ласковыми движениями \\str[120] я наконец не выдержал,",
            "и волна накрывшего тепла лишила меня сил сопротивляться,",
            "не в силах больше сдерживаться,",
            "жаркие брызги хлынули, словно прорванная плотина."
        ],
        "44": [
            "\\str[120] тихо вскрикнула от неожиданности,",
            "но всё же не остановила движений,",
            "будто боялась бросить на полпути,",
            "и продолжила нежно изгибать своё тело."
        ],
        "45": [
            "\\nl< >\"\\str[121]...? Всё хорошо?",
            "Т-тебе всё ещё приятно? ",
            "Я... м-могу помочь чуть-чуть ещё, хорошо?\""
        ],
        "46": [
            "\\nl< >\"\\str[121]...? Всё хорошо?",
            "Я... не больно сделала?\""
        ],
        "47": [
            "\"Всё в порядке, ты очень хорошо постаралась.",
            "И... это было приятно.\""
        ],
        "48": [
            "\\nl< >\"Эхехе♥",
            "\\str[121] здесь... всё ещё тёплый и слегка подрагивает...♥",
            "Хочешь, я почищу ещё немного для тебя?♥\""
        ],
        "49": [
            "Ещё раз",
            "Хватит"
        ],
        "50": [
            "Хотя \\str[120] редко бывает такой инициативной,",
            "мы уже слишком долго сидели в ванной.",
            "Если она простудится — будет плохо.",
            "Поэтому я осторожно обнял её и быстро смыл",
            "следы на наших телах,",
            "чтобы всё аккуратно завершить."
        ]
    },
  "3": {
        "0": [
            "\\nl< >\"...Но разве не будет тесновато?\""
        ],
        "1": [
            "\\nl< >\"Мм... ну... если \\str[121] хочет...\""
        ],
        "2": [
            "\\nl< >\"Хорошо! Заходи, \\str[121]!\""
        ],
        "3": [
            "И всё же, \\str[120] не отказала —",
            "она лишь тихо кивнула в знак согласия.",
            "Я сразу пересел на другую сторону ванны",
            "и мягко притянул её к себе."
        ],
        "4": [
            "\\str[120] тихо прижалась, уткнувшись своим небольшим тёплым телом.",
            "Даже в тесной ванне её силуэт легко устроился у меня в руках",
            "без малейших помех."
        ],
        "5": [
            "Капли цеплялись за её влажные волосы, щёки чуть порозовели,",
            "в этот момент всё в ней казалось таким свежим и близким,",
            "что я даже растерялся."
        ],
        "6": [
            "Заметив мой пристальный взгляд, я почувствовал, как её тело резко напряглось."
        ],
        "7": [
            "\"Всё-таки слишком тесно?\""
        ],
        "8": [
            "\"Нет... Руки \\str[121] тёплые. И...",
            "ты ведёшь себя очень мягко, так что мне совсем не неудобно.\""
        ],
        "9": [
            "А-а... \\str[120] всегда говорит такие тёплые вещи —",
            "она просто слишком мила...!"
        ],
        "10": [
            "Не удержавшись, я крепче обнял её.",
            "В груди поднялось странное, распирающее чувство."
        ],
        "11": [
            "Получив согласие \\str[120], я сразу переместился на другую сторону",
            "ванны и мягко обнял её."
        ],
        "12": [
            "\\nl< >\"\\str[121]? Тебе холодно?\""
        ],
        "13": [
            "\"Немного... Ты тёплая и милая,",
            "хочется держать тебя так вечно...\""
        ],
        "14": [
            "\\nl< >\"Ну вот ещё—! \\str[121],",
            "снова обращаешься со мной как с ребёнком...!\""
        ],
        "15": [
            "\\nl< >\"Я уже настоящая леди, между прочим.",
            "Тебе пора и относиться ко мне соответствующе, \\str[121]!\""
        ],
        "16": [
            "Будто дуясь,",
            "\\str[120] снова и снова поднимала лоб и стукалась им о мой подбородок —",
            "словно показывая, что подросла."
        ],
        "17": [
            "Особенно когда я смотрел вниз, взгляд сразу притягивал",
            "мягкий, округлый силуэт груди \\str[120].",
            "Да... похоже, теперь это и правда можно назвать",
            "признаком «леди»."
        ],
        "18": [
            "Невольное движение \\str[120] мгновенно",
            "зажгло во мне желание.",
            "Мысль о том, чтобы ощутить эту мягкую форму руками,",
            "стала нарастать безудержно —"
        ],
        "19": [
            "Просто коснуться",
            "Спросить сначала"
        ],
        "20": [
            "Казалось, она уже привыкла к таким моментам —",
            "\\str[120] сама чуть сильнее прижалась ко мне,",
            "и мы просто тихо обнялись."
        ],
        "21": [
            "В прошлый раз я поддался порыву,",
            "и она в итоге упала в обморок в ванной —",
            "такого нельзя допустить снова!",
            "\\w[30]",
            "Я твёрдо решил бережнее относиться к ней.",
            "Поэтому просто взял её маленькую руку и нежно сжал в своей."
        ],
        "22": [
            "\\nl< >\"\\str[121]...? Что случилось?",
            "Ты всё время хмуришься.\""
        ],
        "23": [
            "\"Ничего — просто думаю, какая ты всегда милая.\""
        ],
        "24": [
            "\\nl< >\"У-уэ... Что это вообще значит...?\""
        ],
        "25": [
            "Другой рукой я небрежно потрепал её по волосам.",
            "Похоже, ей не понравилось, что я так отшутился."
        ],
        "26": [
            "Не думая дальше, я по инерции протянул руку и",
            "схватил мягкость прямо передо мной.    \\w[30]",
            "—Почему?                   \\w[60]\\^"
        ],
        "27": [
            "\\>Не думая дальше, я по инерции протянул руку и",
            "\\>схватил мягкость прямо передо мной.",
            "\\>—Почему?                 \\<\\{",
            "Да потому что было рядом!    \\w[120]"
        ],
        "28": [
            "\\nl< >\"...Йах! \\str[121], снова...!?\""
        ],
        "29": [
            "\\nl< >\"Йах!? \\str[121]… что ты делаешь…!?\""
        ],
        "30": [
            "Моё внезапное действие явно смутило \\str[120].",
            "Как это теперь объяснить...?"
        ],
        "31": [
            "Хочу помять!",
            "Рука соскользнула..."
        ],
        "32": [
            "Вместо ответа я дал понять поступком.",
            "Моя левая ладонь продолжила скользить по груди \\str[120],",
            "ощущая мягкость своей ладони."
        ],
        "33": [
            "\\nl< >\"даже если так,",
            "не тянись вот так внезапно и не пугай меня...\""
        ],
        "34": [
            "А? То есть если не внезапно — можно...?"
        ],
        "35": [
            "\\nl< >\"Ну, если рука соскользнула,",
            "тут уж ничего не поделаешь...\""
        ],
        "36": [
            "Хотя я вовсе не убирал руку,",
            "\\str[120], похоже, поверила такой простой отговорке...!"
        ],
        "37": [
            "Я сдержал порыв снова её трогать",
            "и серьёзно попросил разрешения."
        ],
        "38": [
            "\\nl< >\"Э!? Слишком внезапно...\""
        ],
        "39": [
            "\"Конечно! Нужно же проверить,",
            "есть ли у тебя задатки стать настоящей леди!\""
        ],
        "40": [
            "\\nl< >\"М-м... Ты просто ищешь повод дотронуться, да?\""
        ],
        "41": [
            "\\nl< >\"Ты всегда так делаешь...",
            "Твоя странная техника всегда вызывает у меня мурашки по коже...\""
        ],
        "42": [
            "\"Т-тебе это неприятно?\""
        ],
        "43": [
            "Услышать, что \\str[120] меня ненавидит...",
            "вот этого я не хочу больше всего...!"
        ],
        "44": [
            "\\nl< >\"Ненавижу? Не то чтобы...",
            "наверное, всё нормально...",
            "если будешь нежным, \\str[121]...\""
        ],
        "45": [
            "ОООООО—!!!"
        ],
        "46": [
            "Я сдержал желание хватать как попало",
            "и просто мягко положил ладонь на грудь \\str[120], медленно поглаживая."
        ],
        "47": [
            "\\nl< >\"\\str[121], у тебя сейчас лицо страшноватое...\""
        ],
        "48": [
            "\\nl< >\"Хе-хе... немного щекотно...\""
        ],
        "49": [
            "\\nl< >\"Мм... ммн...\""
        ],
        "50": [
            "Хотя полотенце мешало,",
            "то, как оно облегало её, лишь сильнее подчёркивало линии.",
            "Эта форма и упругая тяжесть ощущались всё более отчётливо",
            "в моей руке."
        ],
        "51": [
            "Когда полотенце исчезло, моя ладонь свободно скользнула по коже \\str[120].",
            "Когда кончики пальцев слегка коснулись соска,",
            "я почувствовал, как её тело едва заметно вздрогнуло."

        ],
        "52": [
            "Нужно ещё немного времени, чтобы мы полностью согрелись...",
            "я осторожно играл её маленькой рукой,",
            "думая, что нам делать дальше —"
        ],
        "53": [
            "Нужно ещё немного времени, чтобы мы полностью согрелись...",
            "Я свободно прикасался к груди \\str[120]",
            "думая, что нам делать дальше —"
        ],
        "54": [
            "Потрогать грудь",
            "Снять полотенце",
            "Шепнуть \\str[120]",
            "Пожать уточку"
        ],
        "55": [
            "\\nl< >\"Ха... хаа...             \\[60]",
            "Я... я больше не могу...       \\[60]",
            "\\str[121], сними сам...\""
        ],
        "56": [
            "\\str[120] мягко привалилась к моей груди,",
            "всё тело стало слабым и податливым, полностью доверившись мне.",
            "Не колеблясь, я ослабил полотенце, в которое она была завёрнута."
        ],
        "57": [
            "Наверное, не стоит дальше с этим возиться..."
        ],
        "58": [
            "Хмм... эта уточка мешает...",
            "переставлю её сначала в сторону."
        ],
        "59": [
            "—Почудилось?",
            "Почему кажется, что она смотрит прямо на меня... и так пристально?"
        ],
        "60": [
            "\\nl< > \"Н-нет! Тебе больше нельзя меня трогать!",
            "Это всё из-за тебя, \\str[121]...",
            "теперь всё тело чувствует себя странно!\""
        ],
        "61": [
            "Эм... похоже, я перегнул с дразнилками —",
            "она с горящими щёчками убежала..."
        ],
        "62": [
            "\\nl< >\"а…\\str[121]……      \\w[160]\\^"
        ],
        "63": [
            "\\^\\nl< >\"Ух...!\"        \\w[40]\\^"
        ],
        "64": [
            "\\{Плохо!",
            "Мы засиделись слишком долго —",
            "\\str[120] отключилась от перегрева…!!"
        ],
        "65": [
            "Я поспешно вынес \\str[120] из ванной —",
            "всё её тело было горячим и красным,",
            "непонятно, от жара это... или от волнения.",
            "\\w[30]",
            "К счастью, после аккуратной заботы",
            "она понемногу пришла в себя.",
            "Мне точно нужно быть осторожнее в следующий раз…!"
        ],
        "66": [
            "Фух... меня тоже уже бросает в жар.",
            "Похоже, пора выбираться."
        ],
        "67": [
            "\\nl< > \"П-подожди, \\str[121]…    \\w[60]",
            "мне начинает становиться странно…\""
        ],
        "68": [
            "\"Всё хорошо, я буду осторожен.",
            "Просто расслабься, ладно?\""
        ],
        "69": [
            "\\nl< > \"М-м… ах…   \\w[60]",
            "Правда…? Такое ощущение, будто… \\str[121] просто…    \\w[120]\"",
            "всё время дразнит меня…\""
        ],
        "70": [
            "\"Ну, ты и не ошибаешься~",
            "просто ты сейчас слишком мила~!\""
        ],
        "71": [
            "\\nl< > \"М-м… нгх…    \\w[90]",
            "Я… я уже ничего не понимаю…\""
        ],
        "72": [
            "Видя \\str[120] в таком смущённом состоянии,",
            "нить рассудка во мне будто оборвалась.      \\w[60]",
            "А-а… может, стоит зайти слишком далеко…!           \\w[30]\\^"
        ],
        "73": [
            "\\nl< > \"Эм… это уже чересчур…\""
        ],
        "74": [
            "\\str[120] растерянно прошептала —",
            "она всё ещё не привыкла к таким ощущениям.",
            "Но лёгкая дрожь от непривычного волнения",
            "только сильнее учащала мой пульс и подталкивала действовать смелее."
        ],
        "75": [
            "\\nl< >\"Ах… \\str[121]…   \\w[60]",
            "мы… ещё продолжаем?\""
        ],
        "76": [
            "\\nl< > \"М-м… нгх…  \\w[30]\\{",
            "А—!?\""
        ],
        "77": [
            "\\nl< > \"Хаа… хаа…\""
        ],
        "78": [
            "\\str[120] пыталась сдерживать голос… неужели —",
            "она и правда начинает получать удовольствие?",
            "Одна эта мысль заставила моё сердце биться чаще",
            "и придала движениям смелости."
        ],
        "79": [
            "\\nl< > \"М-м… нгх…\""
        ],
        "80": [
            "\\nl< > \"Хе-хе… немного щекотно…\""
        ],
        "81": [
            "Даже если я вновь не удержался и прикоснулся к её мягкости,",
            "она лишь слегка вздрогнула и молча позволила продолжить."
        ],
        "82": [
            "Я продолжал движения и осторожно спрашивал у \\str[120], что она чувствует."
        ],
        "83": [
            "\\nl< >\"Я-я уже ничего не понимаю в твоих словах…\""
        ],
        "84": [
            "\\nl< >\"Я не очень понимаю, что значит… «приятно»…\""
        ],
        "85": [
            "Смущённое, раскрасневшееся лицо \\str[120] было забавно наблюдать."
        ]
    },	
  "8": {
        "0": [
            "И так уже столько пены…!",
            "Неужели мне нужно добавить ещё?!"
        ],
        "1": [
            "И так пены уже много...",
            "Стоит добавить немного шампуня?"
        ],
        "2": [
            "Похоже, пузырьки могли бы быть немного пушистее...",
            "Стоит добавить немного шампуня?"
        ],
        "3": [
            "Спросить \\str[120]",
            "Добавить ещё",
            "Хватит"
        ],
        "4": [
            "\\{...Шампунь закончился!"
        ],
        "5": [
            "Похоже, придётся закончить так ",
            "и не забыть пополнить запасы позже..."
        ],
        "6": [
            "И так пены уже более чем достаточно!?",
            "Не стоит тратить шампунь зря—"
        ],
        "7": [
            "Э? Мне правда нужно столько шампуня?",
            "Кожа головы уже начинает щипать—"
        ],
        "8": [
            "Ух, и так столько пены—",
            "этого должно хватить, да~?"
        ],
        "9": [
            "Да, давай сделаем ещё немного пены—"
        ],
        "10": [
            "Ммм, больше пузырьков действительно улучшает настроение—"
        ],
        "11": [
            "Приятная, расслабляющая ванна."
        ],
        "12": [
            "\"...О, точно, я же взял эту штуку раньше.\""
        ],
        "13": [
            "Я аккуратно помыл резиновую уточку и бережно положила её в ванну.",
            "Она тихо плавала на воде — спокойно и мило."
        ],
        "14": [
            "\"Ммм... теперь атмосфера совсем другая.\""
        ],
        "15": [
            "\"Фух... похоже, пора вылезать.\""
        ],
        "16": [
            "\"...Наконец-то избавился от того странного запаха.\""
        ],
        "17": [
            "Я тщательно намывался гелем,",
            "и даже душа будто стала чище..."
        ],
        "18": [
            "Всё чисто — пора вылезать."
        ],
        "19": [
            "\\nl< >\"\\str[121]!? ",
            "Хватит уже играться с шампунем!\""
        ],
        "20": [
            "\\nl< >\"Шампунь так быстро кончается в последнее время—",
            "так это действительно твоя вина, \\str[121]!\""
        ],
        "21": [
            "Ух... \\str[120] отчитала меня."
        ],
        "22": [
            "Я спросил \\str[120], не сможет ли она помочь намыть мне спину—"
        ],
        "23": [
            "\\nl< >\"Хорошо! Секундочку~!\""
        ],
        "24": [
            "\\\nl< >\"Ничего страшного, если я потрусь чуть сильнее, ",
            "правильно,\\str[121]?"
        ],
        "25": [
            "\"А... да, всё нормально.\""
        ],
        "26": [
            "\\nl< >\"Ладно, начинаю—!  \\w[90]",
            "Раз—два—раз—два—!           \\w[120]",
            "Раз—два—раз—два—!           \\w[120]\""
        ],
        "27": [
            "\\str[120] энергично терла мне спину полотенцем.",
            "Сила была небольшой, не больно, но как-то,",
            "это ощущалось, как будто меня вытирают, как грязный пол..."
        ],
        "28": [
            "\\nl< >\"Фух... я устала...    \\w[60]",
            "\\str[121], тебе приятно?\""
        ],
        "29": [
            "Помыть перед...",
            "Похвалить \\str[120]"
        ],
        "30": [
            "\\nl< >\"Переднюю часть... тоже нужно мыть?       \\w[60]",
            "Боже, \\str[121]…          \\w[60]",
            "Ты уже не ребёнок,",
            "тебе правда нужен кто-то, кто будет тебя мыть…?\"",
            "\\w[120]"
        ],
        "31": [
            "Похоже, я немного перестарался…",
            "Лицо \\str[120] полностью покраснело от стыда.",
            "Похоже, придётся подождать, пока мы станем ближе,",
            "прежде чем пробовать это снова."
        ],
        "32": [
            "\\nl< >\"Переднюю часть... тоже нужно мыть?       \\w[60]",
            "Боже, \\str[121]…         \\w[60]",
            "Ты уже не ребёнок, но всё ещё такой избалованный…\""
        ],
        "33": [
            "\\nl< >\"Так... раз \\str[121] больше не ребёнок,               \\w[120]",
            "придётся мыть тебя как взрослого отныне… хорошо?\"       \\w[120]"
        ],
        "34": [
            "\\nl< >\"Хе-хе-хе... В следующий раз,                              \\w[60]",
            "я покажу тебе ещё более умелый способ тереть спину!\"        \\w[120]"
        ]
    },
  "12": {
        "0": [
            "\\str[120] застеснялась и кивнула, а её милое поведение наполнило меня",
            "невыразимым желанием обнять её и заботиться о ней.",
            "Пока я терялся в этих трепетных чувствах,",
            "вдруг снизу поднялось странное, непривычное ощущение..."
        ],
        "1": [
            "\\nl< >\"Ах… \\str[121], твои яйца светятся?\""
        ],
        "2": [
            "\"Да, знаешь, ",
            "у парней яйца всегда светятся, когда они принимают ванну—",
            "\\w[45]\\^"
        ],
        "3": [
            "\\>\"Да, знаешь, ",
            "у парней яйца всегда светятся, когда они принимают ванну—",
            "Н-\\<\\{нет, не может быть!!\"",
            "\\}\\w[60]"
        ],
        "4": [
            "Смотря на внезапный свет, исходящий из моей нижней части,",
            "я был совершенно ошеломлён."
        ],
        "5": [
            "Неужели монстр из Бездны последовал за мной сюда!?",
            "В тот момент, когда эта опасная мысль промелькнула у меня в голове,",
            "я без колебаний отбросил полотенце—"
        ],
        "6": [
            "Ах— это действительно мои яйца светятся—"
        ],
        "7": [
            "\\nl< >\"Ахва, ахвахвахвахвах!     \\w[30]",
            "\\str[121]’s яйца становятся ещё ярче!!?\"   \\w[30]"
        ],
        "8": [
            "《Ритуал Демонического Контракта: ",
            "Абсолютное Проклятие Чистосердечного Человека =",
            "С сегодняшнего дня твоя жизнь — режим Ад》!!",
            "Ты проклят— (Ciallo～(∠・ω< )⌒☆)"
        ],
        "9": [
            "В тот момент",
            "слова той наглой маленькой демонической продавщицы",
            "пронеслись у меня в голове."
        ],
        "10": [
            "Так вот что означало проклятие!?",
            "Эта чертова дерзкая демонесса—!!!"
        ],
        "11": [
            "\\c[2]Когда эмоции достигли апогея, я издал беззвучный рёв.",
            "Свет, вырывающийся снизу, быстро распространился,",
            "поглощая всё пространство в мгновение ока—"
        ],
        "12": [
            "\\nl< >\"\\str[121] превращается в свет!!?\""
        ],
        "13": [
            "В чисто-белой пустоте, где ничего не было видно,",
            "я полностью перестал думать."
        ]
    }	
}