{
"autoplayBgm":false,"autoplayBgs":false,"battleback1Name":"oniichan_room1","battleback2Name":"gray bar","bgm":{"name":"","pan":0,"pitch":100,"volume":90},"bgs":{"name":"深夜の風鈴と虫の音-02","pan":0,"pitch":100,"volume":60},"disableDashing":false,"displayName":"","encounterList":[],"encounterStep":30,"height":8,"note":"","parallaxLoopX":false,"parallaxLoopY":false,"parallaxName":"","parallaxShow":true,"parallaxSx":0,"parallaxSy":0,"scrollType":0,"specifyBattleback":true,"tilesetId":1,"width":10,
"data":[0,0,0,0,0,0,0,0,0,0,0,0,0,0,0,0,0,0,0,0,0,0,0,0,0,0,0,0,0,0,0,0,0,0,0,0,0,0,0,0,0,0,0,0,0,0,0,0,0,0,0,0,0,0,0,0,0,0,0,0,0,0,0,0,0,0,0,0,0,0,0,0,0,0,0,0,0,0,0,0,0,0,0,0,0,0,0,0,0,0,0,0,0,0,0,0,0,0,0,0,0,0,0,0,0,0,0,0,0,0,0,0,0,0,0,0,0,0,0,0,0,0,0,0,0,0,0,0,0,0,0,0,0,0,0,0,0,0,0,0,0,0,0,0,0,0,0,0,0,0,0,0,0,0,0,0,0,0,0,0,0,0,0,0,0,0,0,0,0,0,0,0,0,0,0,0,0,0,0,0,0,0,0,0,0,0,0,0,0,0,0,0,0,0,0,0,0,0,0,0,0,0,0,0,0,0,0,0,0,0,0,0,0,0,0,0,0,0,0,0,0,0,0,0,0,0,0,0,0,0,0,0,0,0,0,0,0,0,0,0,0,0,0,0,0,0,0,0,0,0,0,0,0,0,0,0,0,0,0,0,0,0,0,0,0,0,0,0,0,0,0,0,0,0,0,0,0,0,0,0,0,0,0,0,0,0,0,0,0,0,0,0,0,0,0,0,0,0,0,0,0,0,0,0,0,0,0,0,0,0,0,0,0,0,0,0,0,0,0,0,0,0,0,0,0,0,0,0,0,0,0,0,0,0,0,0,0,0,0,0,0,0,0,0,0,0,0,0,0,0,0,0,0,0,0,0,0,0,0,0,0,0,0,0,0,0,0,0,0,0,0,0,0,0,0,0,0,0,0,0,0,0,0,0,0,0,0,0,0,0,0,0,0,0,0,0,0,0,0,0,0,0,0,0,0,0,0,0,0,0,0,0,0,0,0,0,0,0,0,0,0,0,0,0,0,0,0,0,0,0,0,0,0,0,0,0,0,0,0,0,0,0,0,0,0,0,0,0,0,0,0,0,0,0,0,0,0,0,0,0,0,0,0,0,0,0,0,0,0,0,0,0,0,0,0,0,0,0,0,0],
"events":[
null,
{"id":1,"name":"夜袭前置事件","note":"","pages":[{"conditions":{"actorId":1,"actorValid":false,"itemId":1,"itemValid":false,"selfSwitchCh":"A","selfSwitchValid":false,"switch1Id":1,"switch1Valid":false,"switch2Id":1,"switch2Valid":false,"variableId":1,"variableValid":false,"variableValue":0},"directionFix":false,"image":{"tileId":0,"characterName":"help","direction":2,"pattern":1,"characterIndex":0},"list":[{"code":111,"indent":0,"parameters":[4,1,5,129]},{"code":111,"indent":1,"parameters":[1,25,0,20,2]},{"code":122,"indent":2,"parameters":[25,25,0,0,25]},{"code":0,"indent":2,"parameters":[]},{"code":412,"indent":1,"parameters":[]},{"code":0,"indent":1,"parameters":[]},{"code":411,"indent":0,"parameters":[]},{"code":122,"indent":1,"parameters":[25,25,1,2,0,2]},{"code":0,"indent":1,"parameters":[]},{"code":412,"indent":0,"parameters":[]},{"code":314,"indent":0,"parameters":[0,2]},{"code":111,"indent":0,"parameters":[1,25,0,20,1]},{"code":356,"indent":1,"parameters":["SaveNow"]},{"code":355,"indent":1,"parameters":["$gameSystem.set_hour(23)"]},{"code":117,"indent":1,"parameters":[8]},{"code":245,"indent":1,"parameters":[{"name":"深夜の風鈴と虫の音-02","volume":60,"pitch":100,"pan":0}]},{"code":355,"indent":1,"parameters":["var IMG = 'mainroom_S_N_CC';"]},{"code":655,"indent":1,"parameters":["var path = \"onichann_room\";"]},{"code":655,"indent":1,"parameters":["$gameScreen.showPictureFromPath(1, path, IMG, 0, 0, 0, 100, 100, 255, 0)"]},{"code":117,"indent":1,"parameters":[5]},{"code":222,"indent":1,"parameters":[]},{"code":230,"indent":1,"parameters":[60]},{"code":111,"indent":1,"parameters":[12,"Math.random() > 0.66"]},{"code":101,"indent":2,"parameters":["",0,0,2]},{"code":401,"indent":2,"parameters":["うーん、なんか寝れないな……"]},{"code":0,"indent":2,"parameters":[]},{"code":411,"indent":1,"parameters":[]},{"code":111,"indent":2,"parameters":[12,"Math.random() > 0.33"]},{"code":101,"indent":3,"parameters":["",0,0,2]},{"code":401,"indent":3,"parameters":["胃が痛い……消化不良かな……"]},{"code":401,"indent":3,"parameters":["やっぱり夕飯、無理したかな……"]},{"code":0,"indent":3,"parameters":[]},{"code":411,"indent":2,"parameters":[]},{"code":101,"indent":3,"parameters":["",0,0,2]},{"code":401,"indent":3,"parameters":["はぁ、突然目が覚めちゃった……！"]},{"code":0,"indent":3,"parameters":[]},{"code":412,"indent":2,"parameters":[]},{"code":0,"indent":2,"parameters":[]},{"code":412,"indent":1,"parameters":[]},{"code":118,"indent":1,"parameters":["选项"]},{"code":108,"indent":1,"parameters":["修正选项组图标"]},{"code":355,"indent":1,"parameters":["$gameSystem._drill_DCB_curStyle = 25"]},{"code":355,"indent":1,"parameters":["let style = [\"eventButtons_bowknot2\",\"eventButtons_sleep\"];"]},{"code":655,"indent":1,"parameters":["DrillUp.g_DCB_data[24].btn_src = style;"]},{"code":101,"indent":1,"parameters":["",0,0,2]},{"code":401,"indent":1,"parameters":["まだ真夜中だし、もう少し寝られる\\w[30].\\w[30].\\w[30]."]},{"code":401,"indent":1,"parameters":["妹の様子見に行こうかな？"]},{"code":102,"indent":1,"parameters":[["妹の寝室へ","\\c[15]やっぱり寝ようか"],-1,-1,2,0]},{"code":402,"indent":1,"parameters":[0,"妹の寝室へ"]},{"code":122,"indent":2,"parameters":[13,13,0,0,7]},{"code":108,"indent":2,"parameters":["成就：妹妹熬夜打游戏 判定"]},{"code":111,"indent":2,"parameters":[12,"$gameParty.hasItem($dataItems[15]) && !$gameSwitches.value(497) && $gameSwitches.value(500)"]},{"code":122,"indent":3,"parameters":[13,13,0,0,32]},{"code":0,"indent":3,"parameters":[]},{"code":412,"indent":2,"parameters":[]},{"code":201,"indent":2,"parameters":[0,4,5,9,0,2]},{"code":0,"indent":2,"parameters":[]},{"code":402,"indent":1,"parameters":[1,"\\c[15]やっぱり寝ようか"]},{"code":108,"indent":2,"parameters":["修正选项组图标"]},{"code":355,"indent":2,"parameters":["$gameSystem._drill_DCB_curStyle = 25"]},{"code":355,"indent":2,"parameters":["let style = [\"eventButtons_sleep2\", \"eventButtons_returns\"];"]},{"code":655,"indent":2,"parameters":["DrillUp.g_DCB_data[24].btn_src = style;"]},{"code":101,"indent":2,"parameters":["",0,0,2]},{"code":401,"indent":2,"parameters":["そのまま朝まで寝ちゃうのか？"]},{"code":102,"indent":2,"parameters":[["はい","\\c[15]いいえ"],1,-1,2,0]},{"code":402,"indent":2,"parameters":[0,"はい"]},{"code":117,"indent":3,"parameters":[9]},{"code":0,"indent":3,"parameters":[]},{"code":402,"indent":2,"parameters":[1,"\\c[15]いいえ"]},{"code":119,"indent":3,"parameters":["选项"]},{"code":0,"indent":3,"parameters":[]},{"code":404,"indent":2,"parameters":[]},{"code":0,"indent":2,"parameters":[]},{"code":404,"indent":1,"parameters":[]},{"code":0,"indent":1,"parameters":[]},{"code":411,"indent":0,"parameters":[]},{"code":117,"indent":1,"parameters":[9]},{"code":0,"indent":1,"parameters":[]},{"code":412,"indent":0,"parameters":[]},{"code":0,"indent":0,"parameters":[]}],"moveFrequency":3,"moveRoute":{"list":[{"code":0,"parameters":[]}],"repeat":true,"skippable":false,"wait":false},"moveSpeed":3,"moveType":0,"priorityType":1,"stepAnime":false,"through":false,"trigger":0,"walkAnime":true}],"x":2,"y":7},
{"id":2,"name":"清晨起床演出","note":"","pages":[{"conditions":{"actorId":1,"actorValid":false,"itemId":1,"itemValid":false,"selfSwitchCh":"A","selfSwitchValid":false,"switch1Id":1,"switch1Valid":false,"switch2Id":1,"switch2Valid":false,"variableId":1,"variableValid":false,"variableValue":0},"directionFix":false,"image":{"tileId":0,"characterName":"help","direction":2,"pattern":1,"characterIndex":0},"list":[{"code":108,"indent":0,"parameters":["修改器防范"]},{"code":355,"indent":0,"parameters":["let version = $gameStrings.value(1);"]},{"code":655,"indent":0,"parameters":["let versionPattern = /^0\\.\\d{1,2}[A-Z]?$/;"]},{"code":655,"indent":0,"parameters":["if (!versionPattern.test(version)) {"]},{"code":655,"indent":0,"parameters":["   $gameStrings.setValue(1,\"\");"]},{"code":655,"indent":0,"parameters":["}"]},{"code":111,"indent":0,"parameters":[12,"$gameStrings.value(1) !== \"\""]},{"code":108,"indent":1,"parameters":["检查到新版本"]},{"code":117,"indent":1,"parameters":[5]},{"code":355,"indent":1,"parameters":["$gameScreen.startFadeIn(10);"]},{"code":108,"indent":1,"parameters":["修正选项组图标"]},{"code":355,"indent":1,"parameters":["$gameSystem._drill_DCB_curStyle = 25"]},{"code":355,"indent":1,"parameters":["let style = [\"eventButtons_talk\",\"eventButtons_talk2\"];"]},{"code":655,"indent":1,"parameters":["DrillUp.g_DCB_data[24].btn_src = style;"]},{"code":101,"indent":1,"parameters":["",0,0,2]},{"code":401,"indent":1,"parameters":["\\c[10]――\\str[1]バージョンからのデータ更新リクエスト"]},{"code":401,"indent":1,"parameters":["を検出しました。\\w[60]"]},{"code":401,"indent":1,"parameters":["今すぐ自動アップデートを行いますか？"]},{"code":102,"indent":1,"parameters":[["更新開始","\\c[15]やめておく"],-1,0,2,0]},{"code":402,"indent":1,"parameters":[0,"更新開始"]},{"code":108,"indent":2,"parameters":["统计成功次数"]},{"code":355,"indent":2,"parameters":["chahuiUtil.autoUpdateSuccessCount()"]},{"code":231,"indent":2,"parameters":[15,"",0,0,0,0,100,100,0,0]},{"code":356,"indent":2,"parameters":[">图片动画序列 : 图片[15] : 创建动画序列 : 动画序列[5]"]},{"code":356,"indent":2,"parameters":[">图片动画序列 : 图片[15] : 播放简单状态元集合 : 集合[加载画面]"]},{"code":232,"indent":2,"parameters":[15,0,0,0,0,0,100,100,255,0,20,true]},{"code":355,"indent":2,"parameters":["var version = $gameStrings.value(1);"]},{"code":655,"indent":2,"parameters":["chahuiUtil.autoUpdate(version);"]},{"code":112,"indent":2,"parameters":[]},{"code":111,"indent":3,"parameters":[2,"D",0]},{"code":113,"indent":4,"parameters":[]},{"code":0,"indent":4,"parameters":[]},{"code":412,"indent":3,"parameters":[]},{"code":230,"indent":3,"parameters":[10]},{"code":0,"indent":3,"parameters":[]},{"code":413,"indent":2,"parameters":[]},{"code":232,"indent":2,"parameters":[15,0,0,0,0,0,100,100,0,0,20,true]},{"code":235,"indent":2,"parameters":[15]},{"code":355,"indent":2,"parameters":["DrillUp.g_GSM_isOldSave = true;"]},{"code":655,"indent":2,"parameters":["$gameStrings.setValue(1,\"\");"]},{"code":356,"indent":2,"parameters":["SaveNow"]},{"code":0,"indent":2,"parameters":[]},{"code":402,"indent":1,"parameters":[1,"\\c[15]やめておく"]},{"code":0,"indent":2,"parameters":[]},{"code":404,"indent":1,"parameters":[]},{"code":0,"indent":1,"parameters":[]},{"code":411,"indent":0,"parameters":[]},{"code":356,"indent":1,"parameters":["SaveNow"]},{"code":0,"indent":1,"parameters":[]},{"code":412,"indent":0,"parameters":[]},{"code":108,"indent":0,"parameters":["天气效果"]},{"code":355,"indent":0,"parameters":["chahuiUtil.customWeatherConditionChanges()"]},{"code":108,"indent":0,"parameters":["防范时间错误"]},{"code":355,"indent":0,"parameters":["if ($gameSystem.hour() < 7 || $gameSystem.hour() >= 12) {"]},{"code":655,"indent":0,"parameters":["    $gameSystem.set_hour(7);"]},{"code":655,"indent":0,"parameters":["}"]},{"code":355,"indent":0,"parameters":["var IMG = 'mainroom_CR_D_CC';"]},{"code":655,"indent":0,"parameters":["var path = \"onichann_room\";"]},{"code":655,"indent":0,"parameters":["$gameScreen.showPictureFromPath(1, path, IMG, 0, 0, 0, 100, 100, 255, 0)"]},{"code":108,"indent":0,"parameters":["预加载多天气图像"]},{"code":355,"indent":0,"parameters":["let imgName = [\"mainroom_S_D\",\"mainroom_S_M\",\"mainroom_C_D\",\"mainroom_R_D\"];"]},{"code":655,"indent":0,"parameters":["imgName.forEach(function(img) {"]},{"code":655,"indent":0,"parameters":["  let path = \"onichann_room/\" + img;"]},{"code":655,"indent":0,"parameters":["    ImageManager.reservePicture(path);"]},{"code":655,"indent":0,"parameters":[" });"]},{"code":117,"indent":0,"parameters":[5]},{"code":222,"indent":0,"parameters":[]},{"code":355,"indent":0,"parameters":["$gameScreen.startFadeIn(150);"]},{"code":230,"indent":0,"parameters":[180]},{"code":111,"indent":0,"parameters":[1,25,0,60,1]},{"code":101,"indent":1,"parameters":["",0,0,2]},{"code":401,"indent":1,"parameters":["……もう朝か、なんだか妹に関する夢を見た気がするけど、"]},{"code":401,"indent":1,"parameters":["もう思い出せない……"]},{"code":122,"indent":1,"parameters":[25,25,2,0,15]},{"code":0,"indent":1,"parameters":[]},{"code":411,"indent":0,"parameters":[]},{"code":111,"indent":1,"parameters":[12,"Math.random() > 0.66"]},{"code":101,"indent":2,"parameters":["",0,0,2]},{"code":401,"indent":2,"parameters":["……もう朝か、あんまり寝れなかったな……"]},{"code":0,"indent":2,"parameters":[]},{"code":411,"indent":1,"parameters":[]},{"code":101,"indent":2,"parameters":["",0,0,2]},{"code":401,"indent":2,"parameters":["ああ——もう朝か、よく寝たな。"]},{"code":0,"indent":2,"parameters":[]},{"code":412,"indent":1,"parameters":[]},{"code":0,"indent":1,"parameters":[]},{"code":412,"indent":0,"parameters":[]},{"code":250,"indent":0,"parameters":[{"name":"プルチェーン付きローラーブラインド","volume":90,"pitch":100,"pan":0}]},{"code":230,"indent":0,"parameters":[40]},{"code":111,"indent":0,"parameters":[1,60,0,0,0]},{"code":111,"indent":1,"parameters":[0,123,0]},{"code":355,"indent":2,"parameters":["var IMG = 'mainroom_S_D';"]},{"code":655,"indent":2,"parameters":["var path = \"onichann_room\";"]},{"code":655,"indent":2,"parameters":["$gameScreen.showPictureFromPath(1, path, IMG, 0, 0, 0, 100, 100, 255, 0)"]},{"code":230,"indent":2,"parameters":[60]},{"code":117,"indent":2,"parameters":[25]},{"code":355,"indent":2,"parameters":["AudioManager.fadeInBgm(6)"]},{"code":101,"indent":2,"parameters":["",0,0,2]},{"code":401,"indent":2,"parameters":["今日はいい天気だ…なえ？\\w[45]"]},{"code":401,"indent":2,"parameters":["なんだか日差しがちょっと強すぎる気がするけど？"]},{"code":0,"indent":2,"parameters":[]},{"code":411,"indent":1,"parameters":[]},{"code":355,"indent":2,"parameters":["var IMG = 'mainroom_S_M';"]},{"code":655,"indent":2,"parameters":["var path = \"onichann_room\";"]},{"code":655,"indent":2,"parameters":["$gameScreen.showPictureFromPath(1, path, IMG, 0, 0, 0, 100, 100, 255, 0)"]},{"code":230,"indent":2,"parameters":[60]},{"code":117,"indent":2,"parameters":[25]},{"code":355,"indent":2,"parameters":["AudioManager.fadeInBgm(6)"]},{"code":101,"indent":2,"parameters":["",0,0,2]},{"code":401,"indent":2,"parameters":["今日はいい天気だな。"]},{"code":0,"indent":2,"parameters":[]},{"code":412,"indent":1,"parameters":[]},{"code":0,"indent":1,"parameters":[]},{"code":411,"indent":0,"parameters":[]},{"code":111,"indent":1,"parameters":[1,60,0,1,0]},{"code":355,"indent":2,"parameters":["var IMG = 'mainroom_C_D';"]},{"code":655,"indent":2,"parameters":["var path = \"onichann_room\";"]},{"code":655,"indent":2,"parameters":["$gameScreen.showPictureFromPath(1, path, IMG, 0, 0, 0, 100, 100, 255, 0)"]},{"code":230,"indent":2,"parameters":[60]},{"code":117,"indent":2,"parameters":[25]},{"code":355,"indent":2,"parameters":["AudioManager.fadeInBgm(6)"]},{"code":101,"indent":2,"parameters":["",0,0,2]},{"code":401,"indent":2,"parameters":["天気があんまり良くないな。"]},{"code":0,"indent":2,"parameters":[]},{"code":411,"indent":1,"parameters":[]},{"code":111,"indent":2,"parameters":[1,60,0,2,0]},{"code":355,"indent":3,"parameters":["var IMG = 'mainroom_R_D';"]},{"code":655,"indent":3,"parameters":["var path = \"onichann_room\";"]},{"code":655,"indent":3,"parameters":["$gameScreen.showPictureFromPath(1, path, IMG, 0, 0, 0, 100, 100, 255, 0)"]},{"code":230,"indent":3,"parameters":[60]},{"code":117,"indent":3,"parameters":[25]},{"code":355,"indent":3,"parameters":["AudioManager.fadeInBgm(6)"]},{"code":101,"indent":3,"parameters":["",0,0,2]},{"code":401,"indent":3,"parameters":["雨かな？冒険に影響ないといいけどな…"]},{"code":0,"indent":3,"parameters":[]},{"code":412,"indent":2,"parameters":[]},{"code":0,"indent":2,"parameters":[]},{"code":412,"indent":1,"parameters":[]},{"code":0,"indent":1,"parameters":[]},{"code":412,"indent":0,"parameters":[]},{"code":108,"indent":0,"parameters":["修正选项组图标"]},{"code":355,"indent":0,"parameters":["$gameSystem._drill_DCB_curStyle = 25"]},{"code":355,"indent":0,"parameters":["let style = [\"eventButtons_bowknot2\",\"eventButtons_returns\"];"]},{"code":655,"indent":0,"parameters":["DrillUp.g_DCB_data[24].btn_src = style;"]},{"code":111,"indent":0,"parameters":[12,"$gameSelfVariables.get(this, 'skip') > 2"]},{"code":355,"indent":1,"parameters":["$gameSelfVariables.set(this, 'skip', 0) "]},{"code":101,"indent":1,"parameters":["",0,0,2]},{"code":401,"indent":1,"parameters":["ここ何日か朝に妹を見に行ってないな…"]},{"code":401,"indent":1,"parameters":["今日はちょっと覗いてみるか。"]},{"code":119,"indent":1,"parameters":["imouto"]},{"code":0,"indent":1,"parameters":[]},{"code":412,"indent":0,"parameters":[]},{"code":101,"indent":0,"parameters":["",0,0,2]},{"code":401,"indent":0,"parameters":["もう起きたし、これからどうする？"]},{"code":102,"indent":0,"parameters":[["妹の部屋へ","<<$gameSystem.day()<=2>>\\c[15]すぐ出発"],1,0,2,0]},{"code":402,"indent":0,"parameters":[0,"妹の部屋へ"]},{"code":355,"indent":1,"parameters":["$gameSelfVariables.set(this, 'skip', 0) "]},{"code":101,"indent":1,"parameters":["",0,0,2]},{"code":401,"indent":1,"parameters":["よし、妹の様子を見に行こう！"]},{"code":118,"indent":1,"parameters":["imouto"]},{"code":122,"indent":1,"parameters":[14,14,0,0,5]},{"code":117,"indent":1,"parameters":[3]},{"code":121,"indent":1,"parameters":[40,40,0]},{"code":122,"indent":1,"parameters":[13,13,0,0,2]},{"code":201,"indent":1,"parameters":[0,54,7,5,0,2]},{"code":0,"indent":1,"parameters":[]},{"code":402,"indent":0,"parameters":[1,"<<$gameSystem.day()<=2>>\\c[15]すぐ出発"]},{"code":355,"indent":1,"parameters":["$gameSelfVariables.add(this, 'skip', 1) "]},{"code":101,"indent":1,"parameters":["",0,0,2]},{"code":401,"indent":1,"parameters":["よし、一気に準備を整えて冒険に出るぞ！"]},{"code":122,"indent":1,"parameters":[14,14,0,0,20]},{"code":117,"indent":1,"parameters":[3]},{"code":121,"indent":1,"parameters":[40,40,0]},{"code":122,"indent":1,"parameters":[13,13,0,0,2]},{"code":201,"indent":1,"parameters":[0,24,4,4,0,2]},{"code":0,"indent":1,"parameters":[]},{"code":404,"indent":0,"parameters":[]},{"code":115,"indent":0,"parameters":[]},{"code":0,"indent":0,"parameters":[]}],"moveFrequency":3,"moveRoute":{"list":[{"code":0,"parameters":[]}],"repeat":true,"skippable":false,"wait":false},"moveSpeed":3,"moveType":0,"priorityType":2,"stepAnime":false,"through":false,"trigger":0,"walkAnime":true}],"x":1,"y":7},
null,
{"id":4,"name":"清晨起床演出","note":"","pages":[{"conditions":{"actorId":1,"actorValid":false,"itemId":1,"itemValid":false,"selfSwitchCh":"A","selfSwitchValid":false,"switch1Id":1,"switch1Valid":false,"switch2Id":1,"switch2Valid":false,"variableId":1,"variableValid":false,"variableValue":0},"directionFix":false,"image":{"tileId":0,"characterName":"help","direction":2,"pattern":2,"characterIndex":1},"list":[{"code":356,"indent":0,"parameters":["SaveNow"]},{"code":108,"indent":0,"parameters":["天气效果"]},{"code":355,"indent":0,"parameters":["chahuiUtil.customWeatherConditionChanges()"]},{"code":122,"indent":0,"parameters":[206,206,0,0,0]},{"code":122,"indent":0,"parameters":[205,205,0,0,0]},{"code":231,"indent":0,"parameters":[10,"exterior_S_D",0,0,0,0,100,100,255,0]},{"code":112,"indent":0,"parameters":[]},{"code":111,"indent":1,"parameters":[12,"$gameSystem.hour() >= 7 && $gameSystem.hour() <= 18"]},{"code":113,"indent":2,"parameters":[]},{"code":0,"indent":2,"parameters":[]},{"code":411,"indent":1,"parameters":[]},{"code":355,"indent":2,"parameters":["$gameSystem.add_minute(15)"]},{"code":230,"indent":2,"parameters":[1]},{"code":0,"indent":2,"parameters":[]},{"code":412,"indent":1,"parameters":[]},{"code":0,"indent":1,"parameters":[]},{"code":413,"indent":0,"parameters":[]},{"code":108,"indent":0,"parameters":["防范时间错误"]},{"code":355,"indent":0,"parameters":["if ($gameSystem.hour() < 7 || $gameSystem.hour() >= 12) {"]},{"code":655,"indent":0,"parameters":["    $gameSystem.set_hour(7);"]},{"code":655,"indent":0,"parameters":["}"]},{"code":117,"indent":0,"parameters":[10]},{"code":117,"indent":0,"parameters":[8]},{"code":355,"indent":0,"parameters":["var IMG = 'mainroom_CR_D_CC';"]},{"code":655,"indent":0,"parameters":["var path = \"onichann_room\";"]},{"code":655,"indent":0,"parameters":["$gameScreen.showPictureFromPath(1, path, IMG, 0, 0, 0, 100, 100, 255, 0)"]},{"code":108,"indent":0,"parameters":["预加载多天气图像"]},{"code":355,"indent":0,"parameters":["let imgName = [\"mainroom_S_D\",\"mainroom_S_M\",\"mainroom_C_D\",\"mainroom_R_D\"];"]},{"code":655,"indent":0,"parameters":["imgName.forEach(function(img) {"]},{"code":655,"indent":0,"parameters":["  let path = \"onichann_room/\" + img;"]},{"code":655,"indent":0,"parameters":["    ImageManager.reservePicture(path);"]},{"code":655,"indent":0,"parameters":[" });"]},{"code":117,"indent":0,"parameters":[5]},{"code":222,"indent":0,"parameters":[]},{"code":230,"indent":0,"parameters":[60]},{"code":232,"indent":0,"parameters":[10,0,0,0,0,0,100,100,0,0,90,true]},{"code":230,"indent":0,"parameters":[60]},{"code":101,"indent":0,"parameters":["",0,0,2]},{"code":401,"indent":0,"parameters":["「……はあ！？\\w[60]……えっ\\w[60]、もう朝か……？」"]},{"code":101,"indent":0,"parameters":["",0,0,2]},{"code":401,"indent":0,"parameters":["頭がぼんやりしてるな、昨夜はそのまま寝ちゃったのか……"]},{"code":101,"indent":0,"parameters":["",0,0,2]},{"code":401,"indent":0,"parameters":["「昨夜何があったか思い出せない……\\w[90]"]},{"code":401,"indent":0,"parameters":["まあ、いいか、多分疲れてただけだろう。」"]},{"code":250,"indent":0,"parameters":[{"name":"プルチェーン付きローラーブラインド","volume":90,"pitch":100,"pan":0}]},{"code":230,"indent":0,"parameters":[40]},{"code":111,"indent":0,"parameters":[1,60,0,0,0]},{"code":111,"indent":1,"parameters":[0,123,0]},{"code":355,"indent":2,"parameters":["var IMG = 'mainroom_S_D';"]},{"code":655,"indent":2,"parameters":["var path = \"onichann_room\";"]},{"code":655,"indent":2,"parameters":["$gameScreen.showPictureFromPath(1, path, IMG, 0, 0, 0, 100, 100, 255, 0)"]},{"code":230,"indent":2,"parameters":[60]},{"code":117,"indent":2,"parameters":[25]},{"code":355,"indent":2,"parameters":["AudioManager.fadeInBgm(6)"]},{"code":101,"indent":2,"parameters":["",0,0,2]},{"code":401,"indent":2,"parameters":["今日はいい天気だ…なえ？\\w[45]"]},{"code":401,"indent":2,"parameters":["なんだか日差しがちょっと強すぎる気がするけど？"]},{"code":0,"indent":2,"parameters":[]},{"code":411,"indent":1,"parameters":[]},{"code":355,"indent":2,"parameters":["var IMG = 'mainroom_S_M';"]},{"code":655,"indent":2,"parameters":["var path = \"onichann_room\";"]},{"code":655,"indent":2,"parameters":["$gameScreen.showPictureFromPath(1, path, IMG, 0, 0, 0, 100, 100, 255, 0)"]},{"code":230,"indent":2,"parameters":[60]},{"code":117,"indent":2,"parameters":[25]},{"code":355,"indent":2,"parameters":["AudioManager.fadeInBgm(6)"]},{"code":101,"indent":2,"parameters":["",0,0,2]},{"code":401,"indent":2,"parameters":["今日はいい天気だな。"]},{"code":0,"indent":2,"parameters":[]},{"code":412,"indent":1,"parameters":[]},{"code":0,"indent":1,"parameters":[]},{"code":411,"indent":0,"parameters":[]},{"code":111,"indent":1,"parameters":[1,60,0,1,0]},{"code":355,"indent":2,"parameters":["var IMG = 'mainroom_C_D';"]},{"code":655,"indent":2,"parameters":["var path = \"onichann_room\";"]},{"code":655,"indent":2,"parameters":["$gameScreen.showPictureFromPath(1, path, IMG, 0, 0, 0, 100, 100, 255, 0)"]},{"code":230,"indent":2,"parameters":[60]},{"code":117,"indent":2,"parameters":[25]},{"code":355,"indent":2,"parameters":["AudioManager.fadeInBgm(6)"]},{"code":101,"indent":2,"parameters":["",0,0,2]},{"code":401,"indent":2,"parameters":["天気があんまり良くないな。"]},{"code":0,"indent":2,"parameters":[]},{"code":411,"indent":1,"parameters":[]},{"code":111,"indent":2,"parameters":[1,60,0,2,0]},{"code":355,"indent":3,"parameters":["var IMG = 'mainroom_R_D';"]},{"code":655,"indent":3,"parameters":["var path = \"onichann_room\";"]},{"code":655,"indent":3,"parameters":["$gameScreen.showPictureFromPath(1, path, IMG, 0, 0, 0, 100, 100, 255, 0)"]},{"code":230,"indent":3,"parameters":[60]},{"code":117,"indent":3,"parameters":[25]},{"code":355,"indent":3,"parameters":["AudioManager.fadeInBgm(6)"]},{"code":101,"indent":3,"parameters":["",0,0,2]},{"code":401,"indent":3,"parameters":["雨かな？冒険に影響ないといいけどな…"]},{"code":0,"indent":3,"parameters":[]},{"code":412,"indent":2,"parameters":[]},{"code":0,"indent":2,"parameters":[]},{"code":412,"indent":1,"parameters":[]},{"code":0,"indent":1,"parameters":[]},{"code":412,"indent":0,"parameters":[]},{"code":101,"indent":0,"parameters":["",0,0,2]},{"code":401,"indent":0,"parameters":["よし、妹の様子を見に行こうか！"]},{"code":122,"indent":0,"parameters":[14,14,0,0,15]},{"code":117,"indent":0,"parameters":[3]},{"code":122,"indent":0,"parameters":[13,13,0,0,2]},{"code":201,"indent":0,"parameters":[0,54,7,5,0,2]},{"code":0,"indent":0,"parameters":[]}],"moveFrequency":3,"moveRoute":{"list":[{"code":0,"parameters":[]}],"repeat":true,"skippable":false,"wait":false},"moveSpeed":3,"moveType":0,"priorityType":2,"stepAnime":false,"through":false,"trigger":0,"walkAnime":true}],"x":1,"y":6},
{"id":5,"name":"场景初始化","note":"","pages":[{"conditions":{"actorId":1,"actorValid":false,"itemId":1,"itemValid":false,"selfSwitchCh":"A","selfSwitchValid":false,"switch1Id":1,"switch1Valid":false,"switch2Id":1,"switch2Valid":false,"variableId":1,"variableValid":false,"variableValue":0},"directionFix":false,"image":{"tileId":0,"characterName":"help","direction":2,"pattern":0,"characterIndex":3},"list":[{"code":117,"indent":0,"parameters":[16]},{"code":121,"indent":0,"parameters":[31,31,1]},{"code":111,"indent":0,"parameters":[1,13,0,0,3]},{"code":355,"indent":1,"parameters":["let ID = $gameVariables.value(13);"]},{"code":655,"indent":1,"parameters":["$gameMap.event(ID).start()"]},{"code":122,"indent":1,"parameters":[13,13,0,0,0]},{"code":0,"indent":1,"parameters":[]},{"code":411,"indent":0,"parameters":[]},{"code":355,"indent":1,"parameters":["$gameMap.event(4).start()"]},{"code":122,"indent":1,"parameters":[13,13,0,0,0]},{"code":0,"indent":1,"parameters":[]},{"code":412,"indent":0,"parameters":[]},{"code":214,"indent":0,"parameters":[]},{"code":0,"indent":0,"parameters":[]}],"moveFrequency":3,"moveRoute":{"list":[{"code":0,"parameters":[]}],"repeat":true,"skippable":false,"wait":false},"moveSpeed":3,"moveType":0,"priorityType":1,"stepAnime":false,"through":false,"trigger":4,"walkAnime":true}],"x":0,"y":7}
]
}