{
  "1": {
    "name": [
      "Tea Gift Voucher"
    ],
    "subtitle": "",
    "description": [
      "Voucher issued by NLCH, used to redeem delicious tea snacks",
      "But… where’s NLCH’s shop anyway?"
    ],
    "ability": [
      "Can be fed to gacha machine without damage to trigger a pull",
      "Always gives an 11-pull with at least one gold ball"
    ]
  },
  "3": {
    "name": [
      "Мусор"
    ],
    "subtitle": "",
    "description": [
      "Просто множество обрывков, бесполезно",
      "Зачем я вообще взял это в руки?"
    ],
    "ability": ""
  },
  "4": {
    "name": [
      "10Йен"
    ],
    "subtitle": "",
    "description": [
      ""
    ],
    "ability": ""
  },
  "5": {
    "name": [
      "50Йен"
    ],
    "subtitle": "",
    "description": [
      ""
    ],
    "ability": ""
  },
  "6": {
    "name": [
      "100Йен"
    ],
    "subtitle": "",
    "description": [
      ""
    ],
    "ability": ""
  },
  "7": {
    "name": [
      "500Йен"
    ],
    "subtitle": "",
    "description": [
      ""
    ],
    "ability": ""
  },
  "8": {
    "name": [
      "1000Йен"
    ],
    "subtitle": "",
    "description": [
      ""
    ],
    "ability": ""
  },
  "9": {
    "name": [
      "5000Йен"
    ],
    "subtitle": "",
    "description": [
      ""
    ],
    "ability": ""
  },
  "10": {
    "name": [
      "10000Йен"
    ],
    "subtitle": "",
    "description": [
      ""
    ],
    "ability": ""
  },
  "11": {
    "name": [
      "50000Йен"
    ],
    "subtitle": "",
    "description": [
      ""
    ],
    "ability": ""
  },
  "12": {
    "name": [
      "100000Йен"
    ],
    "subtitle": "",
    "description": [
      ""
    ],
    "ability": ""
  },
  "14": {
    "name": [
      "Волшебная Камера"
    ],
    "subtitle": "",
    "description": [
      "Говорят это восточный артефакт, искусно сделанный кем-то, но утерянный",
      "в Бездне... Он замораживает сцены в изображения, но",
      "легко поддается магии, иногда захватывая странные вещи"
    ],
    "ability": [
      "Нажмите F7 чтобы сделать фотографию"
    ]
  },
  "15": {
    "name": [
      "ДжойСтейшн 5"
    ],
    "subtitle": "",
    "description": [
      ""
    ],
    "ability": [
      ""
    ]
  },
  "16": {
    "name": [
      "Теневые Души DLC"
    ],
    "subtitle": "",
    "description": [
      ""
    ],
    "ability": [
      ""
    ]
  },
  "17": {
    "name": [
      "Волос Сестры"
    ],
    "subtitle": "",
    "description": [
      "Волос выдернутый с головы моей сестры",
      "похоже, она даже не заметила...Он до сих пор",
      "стоит прямо и еще как-то странно пружинит"
    ],
    "ability": ""
  },
  "18": {
    "name": [
      "Резиновая Уточка"
    ],
    "subtitle": "",
    "description": [
      ""
    ],
    "ability": [
      ""
    ]
  },
  "19": {
    "name": [
      "Вентилятор"
    ],
    "subtitle": "",
    "description": [
      ""
    ],
    "ability": [
      ""
    ]
  },
  "20": {
    "name": [
      "Философский Камень"
    ],
    "subtitle": [
      "\"Это-высшая сила, сокрушающая плотное и превосходящая тонкое\""
    ],
    "description": [
      "Даже частичка содержит величайшую мощь—"
    ],
    "ability": ""
  },
  "23": {
    "name": [
      "Восхитительное Молоко"
    ],
    "subtitle": [
      "\"Спонсированно:NLCH\""
    ],
    "description": [
      "Напиток из странного торгового автомата",
      "Плевать на вкус, откуда там торговый автомат?"
    ],
    "ability": [
      "+120 Здоровья、дает статус \"Восхитительно!\""
    ]
  },
  "24": {
    "name": [
      "Морковное Молоко"
    ],
    "subtitle": [
      "\"Спонсированно:NLCH\""
    ],
    "description": [
      "Напиток из странного торгового автомата",
      "Плевать на вкус, откуда там торговый автомат?"
    ],
    "ability": [
      "+75 Здоровья、случайно удаляет один негативный эффект"
    ]
  },
  "25": {
    "name": [
      "Клубничное Молоко"
    ],
    "subtitle": [
      "\"Спонсированно:NLCH\""
    ],
    "description": [
      "Напиток из странного торгового автомата",
      "Плевать на вкус, откуда там торговый автомат?"
    ],
    "ability": [
      "+75 Здоровья、+50% к Атаке на некоторое время"
    ]
  },
  "26": {
    "name": [
      "Дынное Молоко"
    ],
    "subtitle": [
      "\"Спонсированно:NLCH\""
    ],
    "description": [
      "Напиток из странного торгового автомата",
      "Плевать на вкус, откуда там торговый автомат?"
    ],
    "ability": [
      "+75 Здоровья、+50% к Магической Атаке на некоторое время"
    ]
  },
  "27": {
    "name": [
      "Банановое Молоко"
    ],
    "subtitle": [
      "\"Спонсированно:NLCH\""
    ],
    "description": [
      "Напиток из странного торгового автомата",
      "Плевать на вкус, откуда там торговый автомат?"
    ],
    "ability": [
      "+75 Здоровья、Увеличение скорости на некоторое время"
    ]
  },
  "30": {
    "name": [
      "Розовая Конфетка"
    ],
    "subtitle": [
      "\"Атятя... Лучше не знать ингредиенты~♥\""
    ],
    "description": [
      "Будучи сделанной руками Архидемона, конфета",
      "вскружит твою голову от одного только вдоха этого персикого аромата"
    ],
    "ability": [
      "Вызывает возбуждение при употреблении"
    ]
  },
  "31": {
    "name": [
      "Синяя конфетка"
    ],
    "subtitle": [
      "\"Атятя... Лучше не знать ингредиенты~♥\""
    ],
    "description": [
      "Будучи сделанной руками Архидемона, конфета",
      "успокаивает своим ароматом голубики даже если просто вдохнуть"
    ],
    "ability": [
      "Вызывает чуство спокойства при употреблении"
    ]
  },
  "32": {
    "name": [
      "Зелёная конфетка"
    ],
    "subtitle": [
      "\"Атятя... Лучше не знать ингредиенты~♥\""
    ],
    "description": [
      "Будучи сделанной руками Архидемона, конфета",
      "бодрит лишь от одного вдоха аромата дыни"
    ],
    "ability": [
      "Эффект неизвестен"
    ]
  },
  "35": {
    "name": [
      "Кола NLCH(Большая)"
    ],
    "subtitle": [
      "\"Спонсированно:NLCH\""
    ],
    "description": [
      "Напиток из странного торгового автомата",
      "Плевать на вкус, откуда там торговый автомат?"
    ],
    "ability": [
      "Взбалтывание может вызвать мощный взрыв"
    ]
  },
  "43": {
    "name": [
      "Ансуз"
    ],
    "subtitle": [
      "\"Сила Откровения\""
    ],
    "description": [
      "Руна. Разработана так, что даже новички могут использовать её",
      "способность"
    ],
    "ability": [
      "Оставляет знак помеченный текстом",
      "После обновления, знак становится виден другим игрокам"
    ]
  },
  "44": {
    "name": [
      "Райдо"
    ],
    "subtitle": [
      "\"Сила Верховой Езды\""
    ],
    "description": [
      "Руна. Разработана так, что даже новички могут использовать её",
      "способность"
    ],
    "ability": [
      "Оставляет знак, позволяющий менять позиции"
    ]
  },
  "45": {
    "name": [
      "Эйваз"
    ],
    "subtitle": [
      "\"Сила перемен\""
    ],
    "description": [
      "Руна. Разработана так, что даже новички могут использовать её",
      "способность"
    ],
    "ability": [
      "Меняет позиции с целью которой дотронулась"
    ]
  },
  "46": {
    "name": [
      "Глупость"
    ],
    "subtitle": [
      "\"Неисчерпаемое любопытство глупого искателя приключений\""
    ],
    "description": [
      "Магическая карта, наполненная заклинаниями. Разработана так,",
      "что даже новички могут использовать её способность"
    ],
    "ability": [
      "При использовании насильно перемещает в случайную точку карты"
    ]
  },
  "48": {
    "name": [
      "Верховная жрица"
    ],
    "subtitle": [
      "\"Да получишь ты ее милость...\""
    ],
    "description": [
      "Магическая карта, наполненная заклинаниями. Разработана так,",
      "что даже новички могут использовать её способность"
    ],
    "ability": [
      "При использовании призывает врата что ведут к Павшей Церкви"
    ]
  },
  "50": {
    "name": [
      "Император"
    ],
    "subtitle": [
      "\"Неприкосновенное величие дракона\""
    ],
    "description": [
      "Магическая карта, наполненная заклинаниями. Разработана так,",
      "что даже новички могут использовать её способность"
    ],
    "ability": [
      "При использовании, рычание дракона оглушает всех врагов поблизости"
    ]
  },
  "53": {
    "name": [
      "Колесница"
    ],
    "subtitle": [
      "\"К вашим услугам! Адский Экспресс!\""
    ],
    "description": [
      "Магическая карта, наполненная заклинаниями. Разработана так,",
      "что даже новички могут использовать её способность"
    ],
    "ability": [
      "При использовании, фургон NLCH мчиться в игрока"
    ]
  },
  "54": {
    "name": [
      "Сила"
    ],
    "subtitle": [
      "\"Высвободите силу Гигантского Божественного Солдата\""
    ],
    "description": [
      "Магическая карта, наполненная заклинаниями. Разработана так,",
      "что даже новички могут использовать её способность"
    ],
    "ability": [
      "Урон оружия ближнего боя увеличивается на некоторое время "
    ]
  },
  "56": {
    "name": [
      "Колесо Фортуны"
    ],
    "subtitle": [
      "\"Дьявольская рулетка\""
    ],
    "description": [
      "Магическая карта, наполненная заклинаниями. Разработана так,",
      "что даже новички могут использовать её способность"
    ],
    "ability": [
      "При использовании дает случайный позитивный или негативный эффект"
    ]
  },
  "57": {
    "name": [
      "Правосудие"
    ],
    "subtitle": [
      "\"Пепел к пеплу, прах к праху\""
    ],
    "description": [
      "Магическая карта, наполненная заклинаниями. Разработана так,",
      "что даже новички могут использовать её способность"
    ],
    "ability": [
      "При использовании удаляет все статусы с игрока"
    ]
  },
  "59": {
    "name": [
      "Death"
    ],
    "subtitle": [
      "\"The goal of all life is death\""
    ],
    "description": [
      "A magic card imbued with spells. Designed so",
      "even novices can easily activate its effects"
    ],
    "ability": [
      "When used, the Death Devil’s power manifests here"
    ]
  },
  "60": {
    "name": [
      "Сдержанность"
    ],
    "subtitle": [
      "\"Ящик Пандоры из Бездны\""
    ],
    "description": [
      "Магическая карта, наполненная заклинаниями. Разработана так,",
      "что даже новички могут использовать её способность"
    ],
    "ability": [
      "При использовании вызывает гача-автомат"
    ]
  },
  "63": {
    "name": [
      "Звезда"
    ],
    "subtitle": [
      "\"Звезда — путеводный маяк домой\""
    ],
    "description": [
      "Магическая карта, наполненная заклинаниями. Разработана так,",
      "что даже новички могут использовать её способность"
    ],
    "ability": [
      "Призывает Звездную Дверь ведущую домой"
    ]
  },
  "65": {
    "name": [
      "Солнце"
    ],
    "subtitle": [
      "\"Восстань из пепла\""
    ],
    "description": [
      "Магическая карта, наполненная заклинаниями. Разработана так,",
      "что даже новички могут использовать её способность"
    ],
    "ability": [
      "Дарует Благословение Жар-Птицы при использовании."
    ]
  },
  "67": {
    "name": [
      "Мир"
    ],
    "subtitle": [
      " \"Приглашает вас в таинственный мир миниатюрного сада...\""
    ],
    "description": [
      "Магическая карта, наполненная заклинаниями. Разработана так,",
      "что даже новички могут использовать её способность"
    ],
    "ability": [
      "При использовании сбрасывает обратный отсчет для событий,",
      "связанных с выпадением"
    ]
  },
  "70": {
    "name": [
      "Джек-Бомба"
    ],
    "subtitle": [
      "\"Посмотри сюда...!\""
    ],
    "description": [
      "Алхимическая бомба, наполненная элементами огня",
      "Из-за своей крайне нестабильной природы она очень быстро взрывается",
      "даже если её просто держать",
      "А в жарких условиях взорвется мгновенно!"
    ],
    "ability": ""
  },
  "71": {
    "name": [
      "Ледяная Джек-Бомба"
    ],
    "subtitle": [
      "\"Посмотри сюда...!\""
    ],
    "description": [
      "Алхимическая бомба наполненная элементами льда",
      "Из-за своей крайне нестабильной природы она очень быстро взрывается",
      "даже если её просто держать"
    ],
    "ability": ""
  },
  "72": {
    "name": [
      "Отравленная Джек-Бомба"
    ],
    "subtitle": [
      "\"Посмотри сюда...!\""
    ],
    "description": [
      "Алхимическая бомба наполненная смертельным ядом",
      "Из-за своей крайне нестабильной природы она очень быстро взрывается",
      "даже если её просто держать"
    ],
    "ability": ""
  },
  "75": {
    "name": [
      "Запечатывающие часы"
    ],
    "subtitle": "",
    "description": [
      "Особый магический артефакт наделённый запечатывающим заклинанием",
      "Когда он разбит, он активирует свой эффект, заставляя все",
      "в определенном диапазоне — включая само время — остановиться"
    ],
    "ability": ""
  },
  "77": {
    "name": [
      "Суши Пудинг"
    ],
    "subtitle": "",
    "description": [
      "Фамильяр Архидемона. Выпустив его на свободу",
      "он повёдет вас к местонахождению Архидемона. Но...",
      "Это кот, сушинка, или пудинг? Он выглядит таким аппетитным.."
    ],
    "ability": ""
  },
  "88": {
    "name": [
      "Птичья Ножка"
    ],
    "subtitle": "",
    "description": [
      "Мясо бедра, полученное с разных птиц",
      "нежное и жирное",
      "что делает его идеальным для мясных блюд"
    ],
    "ability": ""
  },
  "89": {
    "name": [
      "Мясо Крупного зверя"
    ],
    "subtitle": "",
    "description": [
      "Свежее мясо полученное с монстра. Превосходные мясные блюда могут",
      "быть приготовлены из него. Монстры едят людей, а люди едят монстров",
      "Это естественный порядок"
    ],
    "ability": ""
  },
  "90": {
    "name": [
      "Мясо Мелкого Зверя"
    ],
    "subtitle": "",
    "description": [
      "Свежее мясо полученное с монстра. Превосходные мясные блюда могут",
      "быть приготовлены из него. Монстры едят людей, а люди едят монстров",
      "Это естественный порядок"
    ],
    "ability": ""
  },
  "97": {
    "name": [
      "Странная Водная Слизь"
    ],
    "subtitle": "",
    "description": [
      "Mucus secreted by a WaterWeird, commonly used as a general",
      "ingredient in alchemy",
      "It is sometimes also used as a lubricant"
    ],
    "ability": ""
  },
  "98": {
    "name": [
      "Ходячие Грибы"
    ],
    "subtitle": "",
    "description": [
      "Уже обездиженный гриб полученный с Ходячего Гриба",
      "Если его нарезать будет как совсем обычный гриб"
    ],
    "ability": ""
  },
  "100": {
    "name": [
      "Слизь"
    ],
    "subtitle": "",
    "description": [
      "Слизь выделяемая слаймом, обычно используется как общий",
      "ингредиент в алхимии",
      "Иногда можно использовать как смазку"
    ],
    "ability": ""
  },
  "101": {
    "name": [
      "Яблоко"
    ],
    "subtitle": "",
    "description": [
      "Только сорванный фрукт, полный освежающего вкуса",
      "Его употребление слегка восстанавливает здоровье"
    ],
    "ability": ""
  },
  "102": {
    "name": [
      "Кубик Карри"
    ],
    "subtitle": "",
    "description": [
      "Острый кубик карри сделанный из экзотических специй",
      "Хорошо сочетается с рисом но также можно добавлять и в другие блюда"
    ],
    "ability": ""
  },
  "103": {
    "name": [
      "Белый Рис"
    ],
    "subtitle": "",
    "description": [
      "Простой, но сытный белый рис",
      "Можно есть просто так или в сочетании с другими ингредиентами"
    ],
    "ability": ""
  },
  "104": {
    "name": [
      "Морковь"
    ],
    "subtitle": "",
    "description": [
      "Самый обычный овощ, правда немного странно было найти его в Бездне",
      "Требует тщательной готовки перед употреблением"
    ],
    "ability": ""
  },
  "105": {
    "name": [
      "Картошка"
    ],
    "subtitle": "",
    "description": [
      "Самый обычный овощ, правда немного странно было найти его в Бездне",
      "Требует тщательной готовки перед употреблением"
    ],
    "ability": ""
  },
  "106": {
    "name": [
      "Перчик Чили"
    ],
    "subtitle": "",
    "description": [
      "Самый обычный овощ, правда немного странно было найти его в Бездне",
      "Требует тщательной готовки перед употреблением"
    ],
    "ability": ""
  },
  "107": {
    "name": [
      "Помидор"
    ],
    "subtitle": "",
    "description": [
      "Самый обычный овощ, правда немного странно было найти его в Бездне",
      "Требует тщательной готовки перед употреблением"
    ],
    "ability": ""
  },
  "108": {
    "name": [
      "Банан"
    ],
    "subtitle": "",
    "description": [
      "Только сорванный фрукт, полный освежающего вкуса",
      "Его употребление слегка восстанавливает здоровье"
    ],
    "ability": ""
  },
  "109": {
    "name": [
      "Клубника"
    ],
    "subtitle": "",
    "description": [
      "Только сорванный фрукт, полный освежающего вкуса",
      "Его употребление слегка восстанавливает здоровье"
    ],
    "ability": ""
  },
  "110": {
    "name": [
      "Виноград"
    ],
    "subtitle": "",
    "description": [
      "Только сорванный фрукт, полный освежающего вкуса",
      "Его употребление слегка восстанавливает здоровье"
    ],
    "ability": ""
  },
  "111": {
    "name": [
      "Ананас"
    ],
    "subtitle": "",
    "description": [
      "Только сорванный фрукт, полный освежающего вкуса",
      "Его употребление слегка восстанавливает здоровье"
    ],
    "ability": ""
  },
  "112": {
    "name": [
      "Watermelon"
    ],
    "subtitle": "",
    "description": [
      "Только сорванный фрукт, полный освежающего вкуса",
      "Его употребление слегка восстанавливает здоровье"
    ],
    "ability": ""
  },
  "113": {
    "name": [
      "Спагетти"
    ],
    "subtitle": "",
    "description": [
      "Пружинистые, эластичные макароны что хорошо подойдут в любом блюде",
      "Превосходны даже с капелькой соуса"
    ],
    "ability": ""
  },
  "114": {
    "name": [
      "Томатный Соус"
    ],
    "subtitle": "",
    "description": [
      "Сделанный из томатов, с резким и сладким вкусом",
      "Лучше не думать о том, почему это выпало с монстра"
    ],
    "ability": ""
  },
  "115": {
    "name": [
      "Пшеничная мука"
    ],
    "subtitle": "",
    "description": [
      "Мука из молотой пшеницы, хороша в приготовлении самых разных блюд"
    ],
    "ability": ""
  },
  "116": {
    "name": [
      "Вёшенка"
    ],
    "subtitle": "",
    "description": [
      "Самый обычный гриб, часто встречаемый на улице",
      "И все же, то что я встретил его в Бездне немного необычно"
    ],
    "ability": ""
  },
  "117": {
    "name": [
      "Шиитаке"
    ],
    "subtitle": "",
    "description": [
      "Самый обычный гриб, часто встречаемый на улице",
      "И все же, то что я встретил его в Бездне немного необычно"
    ],
    "ability": ""
  },
  "118": {
    "name": [
      "Шимиджи"
    ],
    "subtitle": "",
    "description": [
      "Самый обычный гриб, часто встречаемый на улице",
      "И все же, то что я встретил его в Бездне немного необычно"
    ],
    "ability": ""
  },
  "119": {
    "name": [
      "Сиреневый Гриб"
    ],
    "subtitle": "",
    "description": [
      "Самый обычный гриб, часто встречаемый на улице",
      "И все же, то что я встретил его в Бездне немного необычно"
    ],
    "ability": ""
  },
  "120": {
    "name": [
      "Лунный Гриб"
    ],
    "subtitle": "",
    "description": [
      "Самый обычный гриб, часто встречаемый на улице",
      "И все же, то что я встретил его в Бездне немного необычно"
    ],
    "ability": ""
  },
  "121": {
    "name": [
      "Бамбуковый Гриб"
    ],
    "subtitle": "",
    "description": [
      "Самый обычный гриб, часто встречаемый на улице",
      "И все же, то что я встретил его в Бездне немного необычно"
    ],
    "ability": ""
  },
  "127": {
    "name": [
      "Щупальца Осьминога"
    ],
    "subtitle": "",
    "description": [
      "Оторванные щупальца осьминога выловленные в реке, пахнут вкусно если поджарить на грилле",
      "Также могут быть приготовлены с другими ингредиентами"
    ],
    "ability": ""
  },
  "130": {
    "name": [
      "Морской Лещ"
    ],
    "subtitle": "",
    "description": [
      "Только выловленный из моря, идеальный для сашими",
      "Также может быть приготовлен с другими ингредиентами"
    ],
    "ability": ""
  },
  "131": {
    "name": [
      "Тунец"
    ],
    "subtitle": "",
    "description": [
      "Только выловленный из моря, идеальный для сашими",
      "Также может быть приготовлен с другими ингредиентами"
    ],
    "ability": ""
  },
  "132": {
    "name": [
      "Полосатый Клювогуб"
    ],
    "subtitle": "",
    "description": [
      "Только выловленный из моря, идеальный для сашими",
      "Также может быть приготовлен с другими ингредиентами"
    ],
    "ability": ""
  },
  "133": {
    "name": [
      "Окунь"
    ],
    "subtitle": "",
    "description": [
      "Только выловленный из моря, идеальный для сашими",
      "Также может быть приготовлен с другими ингредиентами"
    ],
    "ability": ""
  },
  "134": {
    "name": [
      "Тихоокеанская Сайра"
    ],
    "subtitle": "",
    "description": [
      "Только выловленный из моря, идеальный для сашими",
      "Также может быть приготовлен с другими ингредиентами"
    ],
    "ability": ""
  },
  "135": {
    "name": [
      "Сладкие Креветки"
    ],
    "subtitle": "",
    "description": [
      "Только выловленные из моря креветки, идеальны для сашими",
      "Также могут быть приготовлены с другими ингредиентами"
    ],
    "ability": ""
  },
  "136": {
    "name": [
      "Колючий Лобстер"
    ],
    "subtitle": "",
    "description": [
      "Только выловленный из моря лобстер, будь аккуратен, вдруг укусит",
      "Также может быть приготовлен с другими ингредиентами"
    ],
    "ability": ""
  },
  "137": {
    "name": [
      "Волосатый Краб"
    ],
    "subtitle": "",
    "description": [
      "Только выловленный из моря краб, будь аккуратен, вдруг укусит",
      "Также может быть приготовлен с другими ингредиентами"
    ],
    "ability": ""
  },
  "142": {
    "name": [
      "Лосось"
    ],
    "subtitle": "",
    "description": [
      "Только выловленный из моря, идеальный для сашими",
      "Также может быть приготовлен с другими ингредиентами"
    ],
    "ability": ""
  },
  "143": {
    "name": [
      "Король Лосось"
    ],
    "subtitle": "",
    "description": [
      "Только выловленный из моря, идеальный для сашими",
      "Также может быть приготовлен с другими ингредиентами"
    ],
    "ability": ""
  },
  "151": {
    "name": [
      "Звериное Мясо"
    ],
    "subtitle": "",
    "description": [
      "Свежее мясо полученное с монстра. Превосходные мясные блюда могут",
      "быть приготовлены из него. Монстры едят людей, а люди едят монстров—это естественно"
    ],
    "ability": ""
  },
  "153": {
    "name": [
      "Большое Яйцо"
    ],
    "subtitle": "",
    "description": [
      "Огромное яйцо из Бездны. Какое существо это снесло?",
      "Я не размышлял слишком много — яйцо есть яйцо"
    ],
    "ability": ""
  },
  "173": {
    "name": [
      "Банановая фея"
    ],
    "subtitle": "",
    "description": [
      "Что это вообще?"
    ],
    "ability": ""
  },
  "175": {
    "name": [
      "Яблочная фея"
    ],
    "subtitle": "",
    "description": [
      "Что это вообще?"
    ],
    "ability": ""
  },
  "190": {
    "name": [
      "Юри Додзинси"
    ],
    "subtitle": [
      "\"Братииик... Мне кажется... Я больше не могу без тебя жить...\""
    ],
    "description": [
      "Это додзинси с красивым артом.",
      "Но в нем изображена запретная любовь между двумя девушками...",
      "История настолько возбуждающая, что даже страницы слабо пахнут страстью."
    ],
    "ability": [
      "Увеличивает возбуждение после чтения!"
    ]
  },
  "191": {
    "name": [
      "Моэ Додзинси"
    ],
    "subtitle": [
      "\"Мимими~прям в сердечко♡\""
    ],
    "description": [
      "Это додзинси полный пузыриков и сердечек.",
      "Персонажи краснеют и смущаются даже из-за самых незначительных вещей...",
      "Многие говорят что после чтения начинаешь кричать и таять от милоты~."
    ],
    "ability": [
      "Увеличивает возбуждение после чтения!"
    ]
  },
  "192": {
    "name": [
      "Кошкодевочка Додзинси"
    ],
    "subtitle": [
      "\"Хозяин... ня~ Я была достаточно послушной чтобы вы меня погладили?\""
    ],
    "description": [
      "Додзинси что слегка отдаёт кошачей мятой.",
      "Кошкодевочки мурлычат, играют, и виляют хвостами.",
      "Может вас заставить задуматься о том, чтобы завести себе кошкожену..."
    ],
    "ability": [
      "Увеличивает возбуждение после чтения!"
    ]
  },
  "199": {
    "name": [
      "Подарочный Купон Сестры"
    ],
    "subtitle": [
      "\"Он весь изписан....\""
    ],
    "description": [
      "Это особая награда от сестры за старания братика",
      "Вы можете обратиться к ней с любой просьбой, даже самой бессмысленной",
      "Но даже без него она не перестанет помогать братику"
    ],
    "ability": ""
  },
  "200": {
    "name": [
      "Полароид NLCH#1"
    ],
    "subtitle": [
      "\"Зачем ты так сюда уставился…!?\""
    ],
    "description": [
      "Фотографии, на которых запечатлена повседневная жизнь девушек",
      "и чайная вечеринка, но… кто делает эти фотографии?"
    ],
    "ability": ""
  },
  "201": {
    "name": [
      "Полароид NLCH#2"
    ],
    "subtitle": [
      "\"Именно так кролики проявляют свою привязанность~\""
    ],
    "description": [
      "Фотографии, на которых запечатлена повседневная жизнь девушек",
      "и чайная вечеринка, но… кто делает эти фотографии?"
    ],
    "ability": ""
  },
  "202": {
    "name": [
      "Полароид NLCH#3"
    ],
    "subtitle": [
      "\"…Тут уже достаточно чисто, верно ведь?\""
    ],
    "description": [
      "Фотографии, на которых запечатлена повседневная жизнь девушек",
      "и чайная вечеринка, но… кто делает эти фотографии?"
    ],
    "ability": ""
  },
  "203": {
    "name": [
      "Полароид NLCH#4"
    ],
    "subtitle": [
      "\"Н-нет, это плохо... лекарство слишком сильное!\""
    ],
    "description": [
      "Фотографии, на которых запечатлена повседневная жизнь девушек",
      "и чайная вечеринка, но… кто делает эти фотографии?"
    ],
    "ability": ""
  },
  "204": {
    "name": [
      "Полароид NLCH#5"
    ],
    "subtitle": [
      "\"О, Господи, прости меня за то, что позволил деньгам затуманить мой разум...\""
    ],
    "description": [
      "Фотографии, на которых запечатлена повседневная жизнь девушек",
      "и чайная вечеринка, но… кто делает эти фотографии?"
    ],
    "ability": ""
  },
  "205": {
    "name": [
      "Полароид NLCH#6"
    ],
    "subtitle": [
      "\"Гав... Разве этого уже не достаточно...?\""
    ],
    "description": [
      "Фотографии, на которых запечатлена повседневная жизнь девушек",
      "и чайная вечеринка, но… кто делает эти фотографии?"
    ],
    "ability": ""
  },
  "206": {
    "name": [
      "Полароид NLCH#7"
    ],
    "subtitle": [
      "\"Хехе~♥ Ты ничего не видел, хорошо?\""
    ],
    "description": [
      "Фотографии, на которых запечатлена повседневная жизнь девушек",
      "и чайная вечеринка, но… кто делает эти фотографии?"
    ],
    "ability": ""
  },
  "207": {
    "name": [
      "Полароид NLCH#8"
    ],
    "subtitle": [
      "\"Да ладно тебе, эта поза должна быть хороша, верно ведь?\""
    ],
    "description": [
      "Фотографии, на которых запечатлена повседневная жизнь девушек",
      "и чайная вечеринка, но… кто делает эти фотографии?"
    ],
    "ability": ""
  },
  "208": {
    "name": [
      "Полароид NLCH#9"
    ],
    "subtitle": [
      "\"Что это за выражение на твоем лице...?\""
    ],
    "description": [
      "Фотографии, на которых запечатлена повседневная жизнь девушек",
      "и чайная вечеринка, но… кто делает эти фотографии?"
    ],
    "ability": ""
  },
  "209": {
    "name": [
      "Полароид NLCH#10"
    ],
    "subtitle": [
      "\"Я не могу... больше петь...!\""
    ],
    "description": [
      "Фотографии, на которых запечатлена повседневная жизнь девушек",
      "и чайная вечеринка, но… кто делает эти фотографии?"
    ],
    "ability": ""
  },
  "210": {
    "name": [
      "Полароид NLCH#11"
    ],
    "subtitle": [
      "\"Итак, это и есть твоё новогоднее желание?\""
    ],
    "description": [
      "Фотографии, на которых запечатлена повседневная жизнь девушек",
      "и чайная вечеринка, но… кто делает эти фотографии?"
    ],
    "ability": ""
  },
  "211": {
    "name": [
      "Полароид NLCH#12"
    ],
    "subtitle": [
      "\"Ах, даже чай становится слаще!\""
    ],
    "description": [
      "Фотографии, на которых запечатлена повседневная жизнь девушек",
      "и чайная вечеринка, но… кто делает эти фотографии?"
    ],
    "ability": ""
  },
  "212": {
    "name": [
      "Полароид NLCH#13"
    ],
    "subtitle": [
      "\"Ну, я ведь работаю неполный рабочий день, так что ничего не могу поделать...\""
    ],
    "description": [
      "Фотографии, на которых запечатлена повседневная жизнь девушек",
      "и чайная вечеринка, но… кто делает эти фотографии?"
    ],
    "ability": ""
  },
  "213": {
    "name": [
      "Полароид NLCH#14"
    ],
    "subtitle": [
      "\"О, боже, ты вошёл без стука~\""
    ],
    "description": [
      "Фотографии, на которых запечатлена повседневная жизнь девушек",
      "и чайная вечеринка, но… кто делает эти фотографии?"
    ],
    "ability": ""
  },
  "214": {
    "name": [
      "Полароид NLCH#15"
    ],
    "subtitle": [
      "\"Это правда он...? Стиль признания, о котором я никогда не слышал...\""
    ],
    "description": [
      "Фотографии, на которых запечатлена повседневная жизнь девушек",
      "и чайная вечеринка, но… кто делает эти фотографии?"
    ],
    "ability": ""
  },
  "215": {
    "name": [
      "Полароид NLCH#16"
    ],
    "subtitle": [
      "\"Хаа... Хаа... Мое тело больше этого не вынесет...!\""
    ],
    "description": [
      "Фотографии, на которых запечатлена повседневная жизнь девушек",
      "и чайная вечеринка, но… кто делает эти фотографии?"
    ],
    "ability": ""
  },
  "216": {
    "name": [
      "Полароид NLCH#17"
    ],
    "subtitle": [
      "\"О, Господи... пожалуйста, прости меня...\""
    ],
    "description": [
      "Фотографии, на которых запечатлена повседневная жизнь девушек",
      "и чайная вечеринка, но… кто делает эти фотографии?"
    ],
    "ability": ""
  },
  "217": {
    "name": [
      "Полароид NLCH#18"
    ],
    "subtitle": [
      "\"Гав... Разве этого уже не достаточно...?\""
    ],
    "description": [
      "Фотографии, на которых запечатлена повседневная жизнь девушек",
      "и чайная вечеринка, но… кто делает эти фотографии?"
    ],
    "ability": ""
  },
  "218": {
    "name": [
      "Полароид NLCH#19"
    ],
    "subtitle": [
      "\"...Мяу?\""
    ],
    "description": [
      "Фотографии, на которых запечатлена повседневная жизнь девушек",
      "и чайная вечеринка, но… кто делает эти фотографии?"
    ],
    "ability": ""
  },
  "219": {
    "name": [
      "Полароид NLCH#20"
    ],
    "subtitle": [
      "\"...А? Тут всё ещё не убрано?\""
    ],
    "description": [
      "Фотографии, на которых запечатлена повседневная жизнь девушек",
      "и чайная вечеринка, но… кто делает эти фотографии?"
    ],
    "ability": ""
  },
  "220": {
    "name": [
      "Полароид NLCH#21"
    ],
    "subtitle": [
      "\"Хаа... Это уже 11-я песня... Разве этого недостаточно?\""
    ],
    "description": [
      "Фотографии, на которых запечатлена повседневная жизнь девушек",
      "и чайная вечеринка, но… кто делает эти фотографии?"
    ],
    "ability": ""
  },
  "221": {
    "name": [
      "Полароид NLCH#22"
    ],
    "subtitle": [
      "\"Почему взгляд кажется таким возбуждающим...?\""
    ],
    "description": [
      "Фотографии, на которых запечатлена повседневная жизнь девушек",
      "и чайная вечеринка, но… кто делает эти фотографии?"
    ],
    "ability": ""
  },
  "222": {
    "name": [
      "Полароид NLCH#23"
    ],
    "subtitle": [
      "\"Твое новогоднее желание сбылось сразу же, ты счастлив?\""
    ],
    "description": [
      "Фотографии, на которых запечатлена повседневная жизнь девушек",
      "и чайная вечеринка, но… кто делает эти фотографии?"
    ],
    "ability": ""
  },
  "223": {
    "name": [
      "Полароид NLCH#24"
    ],
    "subtitle": [
      "\"Чувствуешь ли ты любовь кролика?~♥\""
    ],
    "description": [
      "Фотографии, на которых запечатлена повседневная жизнь девушек",
      "и чайная вечеринка, но… кто делает эти фотографии?"
    ],
    "ability": ""
  },
  "224": {
    "name": [
      "Полароид NLCH#25"
    ],
    "subtitle": [
      "\"Бросили странного кролика...\""
    ],
    "description": [
      "Фотографии, на которых запечатлена повседневная жизнь девушек",
      "и чайная вечеринка, но… кто делает эти фотографии?"
    ],
    "ability": ""
  },
  "225": {
    "name": [
      "Полароид NLCH#26"
    ],
    "subtitle": [
      "\"Почти поймали...\""
    ],
    "description": [
      "Фотографии, на которых запечатлена повседневная жизнь девушек",
      "и чайная вечеринка, но… кто делает эти фотографии?"
    ],
    "ability": ""
  },
  "226": {
    "name": [
      "Полароид NLCH#27"
    ],
    "subtitle": [
      "\"Вошёл без стука... что ты задумал?~♥\""
    ],
    "description": [
      "Фотографии, на которых запечатлена повседневная жизнь девушек",
      "и чайная вечеринка, но… кто делает эти фотографии?"
    ],
    "ability": ""
  },
  "227": {
    "name": [
      "Полароид NLCH#28"
    ],
    "subtitle": [
      "\"Странно... Я не могу его застегнуть...\""
    ],
    "description": [
      "Фотографии, на которых запечатлена повседневная жизнь девушек",
      "и чайная вечеринка, но… кто делает эти фотографии?"
    ],
    "ability": ""
  },
  "228": {
    "name": [
      "Полароид NLCH#29"
    ],
    "subtitle": [
      "\"...Никто ведь не смотрит сюда, да?\""
    ],
    "description": [
      "Фотографии, на которых запечатлена повседневная жизнь девушек",
      "и чайная вечеринка, но… кто делает эти фотографии?"
    ],
    "ability": ""
  },
  "229": {
    "name": [
      "Полароид NLCH#30"
    ],
    "subtitle": [
      "\"Хехе~♥ Ты ничего не видел, хорошо?\""
    ],
    "description": [
      "Фотографии, на которых запечатлена повседневная жизнь девушек",
      "и чайная вечеринка, но… кто делает эти фотографии?"
    ],
    "ability": ""
  },
  "230": {
    "name": [
      "Полароид NLCH#31"
    ],
    "subtitle": [
      "\"Ах, даже чай становится слаще!\""
    ],
    "description": [
      "Фотографии, на которых запечатлена повседневная жизнь девушек",
      "и чайная вечеринка, но… кто делает эти фотографии?"
    ],
    "ability": ""
  },
  "231": {
    "name": [
      "Полароид NLCH#32"
    ],
    "subtitle": [
      "\"Я знаю, что это часть работы, но только один раз, ладно?\""
    ],
    "description": [
      "Фотографии, на которых запечатлена повседневная жизнь девушек",
      "и чайная вечеринка, но… кто делает эти фотографии?"
    ],
    "ability": ""
  },
  "232": {
    "name": [
      "Полароид NLCH#33"
    ],
    "subtitle": [
      "\"П-Пожалуйста, не трогайте товар так небрежно!\""
    ],
    "description": [
      "Фотографии, на которых запечатлена повседневная жизнь девушек",
      "и чайная вечеринка, но… кто делает эти фотографии?"
    ],
    "ability": ""
  },
  "233": {
    "name": [
      "Полароид NLCH#34"
    ],
    "subtitle": [
      "\"Чавк, чавк... Так себе, я думаю...\""
    ],
    "description": [
      "Фотографии, на которых запечатлена повседневная жизнь девушек",
      "и чайная вечеринка, но… кто делает эти фотографии?"
    ],
    "ability": ""
  },
  "234": {
    "name": [
      "Полароид NLCH#35"
    ],
    "subtitle": [
      "\"Хозяин? Пожалуйста, не дразните меня сейчас...\""
    ],
    "description": [
      "Фотографии, на которых запечатлена повседневная жизнь девушек",
      "и чайная вечеринка, но… кто делает эти фотографии?"
    ],
    "ability": ""
  },
  "311": {
    "name": [
      "Голубой Сверкающий Камешек"
    ],
    "subtitle": "",
    "description": [
      "Синий драгоценный камень с манящим сиянием",
      "Хотя он и не имеет практической ценности, кто-то может заплатить",
      "за него высокую цену...",
      "или есть другие применения?"
    ],
    "ability": ""
  },
  "312": {
    "name": [
      "Маленький Мана Гель"
    ],
    "subtitle": "",
    "description": [
      "Желеобразная субстанция, образованная исключительно из сгущенной маны",
      "Он съедобен, но его вкус сильно зависит от магических способностей человека",
      "Его основное применение — расходный материал для магии"
    ],
    "ability": ""
  }
}