{
  "imoutoAhoge": {
        "0": [
            "Случайно вытащил волос Сестры."
		],
		"1": [
            "Она, похоже, не заметила ничего необычного, ",
			"и он быстро вырос снова.",
			"...Может ли это быть каким-то бесконечным ресурсом?"
        ],
        "2": [
            "\\nl< >\"...Что-то не так, Братик?",
			"Ты выглядишь таким серьезным.\""
        ],
        "3": [
            "Поскольку это кажется сложным, ",
			"Мне лучше не думать об этом слишком много."
        ],
        "4": [
            "Лучше больше не трогать это..."
        ],	
        "5": [
            "\\nl< >\"...У меня немного чешется голова.   \\w[30]",
			"Ты что-то сделал, Братик?\""
        ],
        "6": [
            "\"Я-я ничего не сделал... Я не вру!\""
        ]		
    },
  "cookingSystem": {
        "0": [
            "\\ii[\\v[\\v[85]]]готово. Что я должен сделать?"
		],
		"1": [
            "Поменять",
			"Убрать"
        ],
        "2": [
            "Сколько можно выбирать ингредиенты!!"
        ]	
    },	
  "inventoryExpansion": {
        "0": [
            "Похоже на \\ii[312]",
			"можно увеличить вместимость рюкзака..."
		],	  
        "1": [
            "Увеличить количество слотов для оружия",
			"Увеличить количество слотов для снаряжения",
			"Забить"
		],
        "2": [
            "Количества \\ii[312]",
			"похоже недостаточно..."
		]	
    },
  "loadingEasterEgg": {
        "0": [
            "\\nl< >\"Гамбургский стейк — лучшая еда на свете.\"  \\w[180] \\^"
		],	  
        "1": [
            "\\nl< >\"Братик обязательно вернётся, ",
			"гора мяса для его Сестры...\"   \\w[360] \\^"
		],
        "2": [
            "Кажется, моя сестра что-то говорит..."
		],
        "3": [
            "\\nl< >\"Зеленый перец — это враг.   \\w[120]",
			"Братик, тебе придется съесть всех их…       \\w[120]",
			"Победи зеленого врага~!\"               \\w[120]\\^"
		],	  
        "4": [
            "\\nl< >\"А, ты проснулся…     \\w[60]",
			"Братик, ты хорошо спал?\""
		],
        "5": [
            "\"Не совсем… Кстати, ",
			"Я слышу какие-то странные звуки. ",
			"уже некоторое время…\""
		],	
        "6": [
            "\\nl< >\"Аэ, пхпх, это была моя    \\w[60]",
			"особая услуга для твоего сна, Братик!\""
		],	
        "7": [
            "\\nl< >\"Моя сестра такая милая...               \\w[120]",
			"Она моя самая любимая девочка на белом свете...  \\w[210]",
			"Моя сестра————                    \\w[150]\\^"
		],	
        "8": [
            "Похоже, моя сестра что-то говорит...."
		],	
        "9": [
            "\\nl< >\"Ох, Братик! Добрый вечер—!\""
		],
        "10": [
            "\\nl< >\"Аэ...Слышал ли ты все, что я только что сказала?\""
		],
        "11": [
            "\\nl< >\"Братик, твое спящее лицо ",
			"было таким смешным~\""
		],
        "12": [
            "\\nl< >\"Редко можно увидеть тебя дремлющим.~\""
		]		
    },
  "rubberDuck": {
        "0": [
            "Одинокая резиновая уточка ",
			"просто плывет по реке..."
		],	  
        "1": [
            "Взять её",
			"Оставить её там"
		],
        "2": [
            "Её кто-то выкинул?",
			"Она выглядит какой-то грустной, эх…"
		],	
        "3": [
            "Если подумать…",
			"Меня тоже смыло течением...."
		],	
        "4": [
            "Если я возьму ее домой...",
			"Будет ли моя сестра рада?"
		],
        "5": [
            "Но она похоже она немного грязная,",
			"так что может стоит её просто тут оставить..."
		]
    },
  "drowning": {
        "0": [
            "Фухх... это было близко... ",
			"Я поскользнулся на берегу реки и чуть не утонул!"
		]
    },
  "erohon": {
        "0": [
            "(Рядом все еще есть люди или монстры....",
			"лучше не доставать эту книгу.)"
		]
    },
   "ninja": {
        "0": [
            "Не могу поверить, что в таком месте есть рукотворная секретная комната..",
			"Кто мог её построить…?"
		],
        "1": [
            "А…!?",
			"Здесь девушка без сознания..."
		],
        "2": [
            "Теперь, когда я об этом думаю, я ведь слышал странные грохочущие звуки...",
			"Неужели это ее желудок издавал эти звуки...?"
		],	
        "3": [
            "Мхх…",
			"Как же есть хочется…"
		],	
        "4": [
            "…………",
			"Она настолько голодна, что едва в сознании…?"
		],	
        "5": [
            "Здесь есть костер, отлично.",
			"Я приготовлю ей что-нибудь поесть!"		
		],
        "6": [
            "Должен ли я просто использовать \\ii[\\v[90]]     ",
			"и придумать что-нибудь простое?"
		],	
        "7": [
            "Сделаем это!",
			"…Забить"
		],	
        "8": [
            "Хм... Может, мне стоит использовать",
			"ингредиенты получше…"
		],	
        "9": [
            "Привет~ Я только что приготовил для тебя еду!",
			"Как думаешь, сможешь поесть?"
		],	
        "10": [
            "Нюх нюх… нюх нюх…",
			"Этот запах… это еда?"
		],		
        "11": [
            "Запах еды!!"
		],		
        "12": [
            "\\{Итак, я начинаю!!"
		],		
        "13": [
            "Ты… ты… мелкая…",
			"Я ведь это приготовил, и ты это знаешь…"
		],		
        "14": [
            "(Она всё съела за несколько укусов.…",
			"Она, похоже, действительно была голодна.…)"
		],		
        "15": [
            "Ммм, ммм… Ты меня просто спас!",
			"Я не ела уже несколько дней… плак-плак…"
		],			
        "16": [
            "Я думала, что превращусь в голодного призрака.",
			"бродящий по этому подземелью… Гррр…"
		],		
        "17": [
            "Эй… ешь немного помедленнее… Кстати,",
			"что ты делаешь одна в таком месте?"
		],		
        "18": [
            "Ах! Какбы—!",
			"Я серьезно работала над своей миссией, ясно?"
		],		
        "19": [
            "Я хотела найти спрятанное сокровище в этой области,",
			"поэтому я выкопала секретную комнату в укромном месте!"
		],		
        "20": [
            "Но потом... плак-плак.",
			"Когда я вошла, вход оказался замурованн надгробием!"
		],		
        "21": [
            "Брр, я совсем этого не ожидала,",
			"поэтому мои запасы кончились очень быстро… а затем…"
		],	
        "22": [
            "Ниндзя, попавший в такую ​​ситуацию…",
			"Я не смогу больше смотреть в глаза боссу…"
		],	
        "23": [
            "А... а? Зачем ты вообще",
			"выкопала секретную комнату, в первую очередь…"
		],	
        "24": [
            "Это сокровище появляется лишь изредко,",
			"так что я должна была быть готова к долгому здесь прибыванию… плак-плак."
		],	
        "25": [
            "Плюс, я не могу позволить кому-либо еще узнать об этом,",
			"это суперсекретная миссия от босса!"
		],	
        "26": [
            "Если кто-то узнает…",
			"как ты думаешь, что произойдет…"
		],	
        "27": [
            "Конечно, мне придется тихонько с ними разобраться...",
			"в противном случае, я бы не оправдала свой титул ниндзя... плак-плак."
		],	
        "28": [
            "...Подождите, что?!",
			"Я только что слила информацию!"
		],	
        "29": [
            "Эм... Я обещаю, что ничего не скажу...",
            "так что, аэ..."
		],		
        "30": [
            "…А!?"
		],		
        "31": [
            "Не могу поверить, что я снова так сильно облажалась...",
			"Эгх… даже если учитывать что ты меня спас…"
		],		
        "32": [
            "П-подожди секунду!",
			"Ты собираешься убить меня только за это!?"
		],		
        "33": [
            "Вот что значит быть ниндзя...",
			"Тебе придется биться, чтобы выжить..."
		],		
        "34": [
            "Я имею в виду, что я тоже не хочу причинять тебе боль,",
			"и я все еще должна тебе…"
		],	
        "35": [
            "Н-надо подумать—",
			"\\^"
		],	
        "36": [
            "Есть только один ответ —",
			"Тебе тоже придется стать ниндзя!"
		],	
        "37": [
            "Если ты присоединишься к нашей группе,",
			"тогда нам не останется причин воевать друг с другом!"
		],	
        "38": [
            "П-подожди секунду!",
			"У меня ведь даже нет выбора, не так ли!?"
		],	
        "39": [
            "Все в порядке,",
			"Я буду нежна…"
		],
        "40": [
            "…А!?",
			"Держись подальше от меня!!"
		],
        "41": [
            "У тебя действительно есть талант к всем штучкам ниндзя...!",
			"Ты научился просто потренировавшись немного!"
		],
        "42": [
            "Теперь,",
			"ты тоже один из нас!"
		],
        "43": [
            "Но тебе придется подождать, пока моя миссия не будет выполнена.",
			"прежде чем я смогу представить тебя боссу!"
		],
        "44": [
            "В это мгновение",
			"больше ничего не имело значения…"
		]		
    }	
}
