{
  "father": [	              
            "Отец"
    ],
  "2": {
        "0": [
            "Тяжёлый, душный воздух наполнил тускло освещённую комнату."
		],
		"1": [
            "\"Кгх\\w[30]... кгх, кгх...\\w[30]\""
        ],
        "2": [
            "Отец лежал ослаблен на кровати,",
            "тонкая ткань, окутывающая его, дрожала от ",
			"поверхностных вдохов, как будто он может перестать двигаться ",
			"в любой момент."
        ],
        "3": [
            "Даже будучи наивным мальчиком,",
			"Я инстинктивно почувствовал что это хрупкое тело, ",
			"и бледное лицо, указывают на то, ",
			"что его жизнь могла оборваться в любой момент."
        ],
        "4": [
            "\"После этого вам, вероятно, придется нелегко...\""
        ],
        "5": [
            "Его голос был хриплым и слабым, каждое слово звучало так,",
			"словно оно высасывало из него остатки жизни",
			"и с болью вырывалось из его горла"
        ],
        "6": [
            "\"Я знаю, что это не то, что должен говорить отец...  \\w[30]",
			"но я все еще надеюсь, что ты можешь мне пообещать—\""
        ],
        "7": [
            "\"…………？\""
        ],
        "8": [
            "Я стоял там в оцепенении., ",
			"не в состоянии обработать эти внезапные последние слова, ",
			"мой был разум совершенно пуст."
        ],
        "9": [
            "Ах... это были важные слова, ",
			"и все же, я не мог сосредоточиться вообще",
			"Я мог лишь тупо смотреть в лицо отца ",
			"и как жизнь медленно покидала его."
        ],	
        "10": [
            "\"…Пожалуйста, позаботьтся о ней,  \\w[30]",
			"отныне, относись к ней как к сестре.—"
        ],	
        "11": [
            "Его голос растворился, как дым на ветру, ",
			"он был слишком слаб, чтобы хотябы закончить свои последние слова. ",
			"свои последние слова.Он медленно повернул голову ",
			"в сторону затененного угла комнаты."
        ],	
        "12": [
            "Этот угол был окутан густой тенью,",
			"как будто он скрывал что-то очень важное."
        ],
        "13": [
            "Этот человек, который был мне и отцом, и учителем,",
			"сделал свой последний вздох именно так.",
			"Его глаза оставались открытыми, ",
			"но свет жизни в них уже погас"
        ],
        "14": [
            "Неосознанно, я посмотрел в ту же сторону что и он,",
			"на тот таинственный угол—————"
        ]		
    }
}