{
  "AndroidBeginnersGuide": {
    "0": [
      "Нажми на Сестру, чтобы проверить её статус",
      "Удерживай на Сестре, чтобы взаимодействовать с ней"
    ],
    "1": [
      "Нажми и удерживай фон, чтобы позвать Сестру к себе"
    ],
    "2": [
      "Коснись и проведи по Сестре, чтобы вступить в интимное взаимодействие"
    ],
    "3": [
      "Нажми кнопку «Назад» или",
      "двойной тап для выхода"
    ],
    "4": [
      "Файлы сохранения игры будут храниться в \\TC[#fff94e]Documents/sister_save\\TC[#ffffff] ",
      "на твоём устройстве. Можешь делать резервные копии или заменять их ",
      "новыми сохранениями! Поддерживаются также сохранения с других устройств. ",
      "Сохранения с ПК и Android полностью совместимы!"
    ],
    "5": [
      "Примечание: можно перезаписывать только существующие сохранения!",
      "Если перенести новый файл сохранения без подходящей записи,",
      "игра его не распознает!"
    ]
  },
  "exitGame": {
    "0": [
      "Хочешь вернуться на титульный экран игры?",
      "Все несохранённые данные будут потеряны."
    ],
    "1": [
      "Да",
      "Нет"
    ]
  },
  "2": {
    "0": [
      "Мне немного скучно... Во что бы нам поиграть?"
    ],
    "1": [
      "\\{\\nl< >\"Давай поиграем!\"\\w[30]"
    ]
  },
  "4": {
    "0": [
      "\\nl< >\"Гррр...! \\w[45]",
      "Ты это специально сделал, правда!?\"  \\w[150]\\^"
    ],
    "1": [
      "\\nl< >\"—Увэхххх!?\"  \\w[20]\\^"
    ],
    "2": [
      "\\nl< >\"Братик~~!!\"  \\w[120]\\^"
    ]
  },
  "5": {
    "0": [
      "\\nl< >\"Уааа, Братик... ",
      "это не та кнопка, на которую нужно нажимать!\"  \\w[240]\\^"
    ],
    "1": [
      "\\nl< >\"Гррр...! \\w[45]",
      "Ты это специально сделал, правда!?\"  \\w[150]\\^"
    ],
    "2": [
      "\\nl< >\"Не сейчас...!  \\w[60]",
      "Не трогай меня там, Братик,",
			"какое странное ощущение...\"  \\w[400]\\^"
    ],
    "3": [
      "\\nl< >\"А!? Полотенце...!\"   \\w[60]\\^"
    ],
    "4": [
      "\\nl< >\"Ммм... Братик, ты опять дразнишь меня...\"    \\w[120]\\^"
    ],
    "5": [
      "\\nl< >\"А!?\\w[30]Братик, где ты меня трогаешь!?\"   \\w[120]\\^"
    ],
    "6": [
      "\\nl< >\"Моу~ ты же специально,",
      "не так ли, Братик?!\"    \\w[120]\\^"
    ],
    "7": [
      "\\nl< >\"Ахх...   \\w[45]\\^"
    ],
    "8": [
      "\\nl< >\"ах, Братик! Не подходи ближе!\"   \\w[300]\\^"
    ],
    "9": [
      "\\nl< >\"Угхх... Верни мне полотенце...\"   \\w[90]\\^"
    ],
    "10": [
      "\\nl< >\"Братик опять меня дразнит...\"    \\w[120]\\^"
    ],
    "11": [
      "\\nl< >\"Братик...\\w[90]Это так странно...\"    \\w[60]\\^"
    ],
    "12": [
      "\\nl< >\"Ха...\\w[60]Братик...  \\w[60]",
      "ты доволен этим?\"   \\w[60]\\^"
    ],
    "13": [
      "\\nl< >\"Щекотно~\"  \\w[90]\\^"
    ],
    "14": [
      "\\nl< >\"Ахаха, Братик,\\w[60]так щекотно~\"   \\w[120]\\^"
    ],
    "15": [
      "\\nl< >\"Хммнгх…!\"   \\w[45]\\^"
    ],
    "16": [
      "\\nl< >\"Братик……   \\w[150]",
      "Это было случайно…? Л-Ладно, хорошо...\"    \\w[210]\\^"
    ],
    "17": [
      "\\nl< >\"Н-Не шути так со мной…  \\w[150]",
      "Это так странно…!\"    \\w[150]\\^"
    ],
    "18": [
      "\\nl< >\"Эх… Я потолстела…?\"    \\w[180]\\^"
    ],
    "19": [
      "\\nl< >\"Нннгх…! Щекотно, когда ты трогаешь мои ушки. \\w[180]",
      "Братик, перестань!\"    \\w[210]\\^"
    ],
    "20": [
      "\\nl< >\"Умм… Братик, ",
      "мне так щекотно, когда ты здесь трогаешь,   \\w[180]",
      "может, прекратишь…\"    \\w[210]\\^"
    ],
    "21": [
      "\\nl< >\"Блин, не тыкай мне повсюду!\"  \\w[240]",
      "\\nl< >\"Я же не твоя игрушка!\"    \\w[120]\\^"
    ],
    "22": [
      "\\nl< >\"Увэх-эх-эх… Братик, \\w[150]",
      "ты слишком увлекся…!?\"    \\w[180]\\^"
    ]
  },
  "7": {
    "0": [
      "Сестра спит так мирно..."
    ],
    "1": [
      "Подкрасться поближе",
      "Потренироваться!",
      "Вернуться"
    ],
    "2": [
      "Наконец-то настало время показать ",
      "технику бесшумного движения, ",
      "которую я практикую уже несколько дней—"
    ],
    "3": [
      "Тихонько, тихонько..."
    ],
    "4": [
      "Да, уже поздно, ",
      "Надо возвращаться и отдохнуть—"
    ],
    "5": [
      "Идти спать",
      "Подождать"
    ],
    "6": [
      "Может, задержусь ещё чуть-чуть..."
    ],
    "7": [
      "Всё равно не усну...   \\w[30]",
      "\\{Время быстрой тренировки!"
    ],
    "8": [
      "\\{Чтобы не разбудить Сестру, ",
      "надо контролировать каждое движение ",
      "с идеальной точностью!",
      "Это идеальная среда для тренировки!"
    ],
    "9": [
      "Хафф—! Хафф—! Хафф—!",
      "Хафф—! Хафф—! Хафф—!"
    ],
    "10": [
      "Полностью сосредоточившись, я сделал несколько подходов ",
      "отжиманий рядом со спящей Сестрой."
    ],
    "11": [
      "Полностью сосредоточившись, я сделал несколько подходов ",
      "приседаний рядом со спящей Сестрой."
    ],
    "12": [
      "После напряжённой и приятной тренировки,",
      "я почувствовал, как мои мышцы становятся сильнее…"
    ],
    "13": [
      "\\nl< >\"Ммм… хмм хмм…\""
    ],
    "14": [
      "Ой-ой, кажется, она вот-вот проснётся",
      "Лучше не задерживаться...",
      "Пора возвращаться."
    ],
    "15": [
      "А? ",
      "Почему Сестра выглядит немного иначе, чем обычно?"
    ],
    "16": [
      "\"...Сестра?\""
    ],
    "17": [
      "Это просто Сестра, как обычно.",
      "Похоже, это был всего лишь сон..."
    ]
  },
  "15": {
    "0": [
      "Мне немного скучно... Во что бы нам поиграть?"
    ],
    "1": [
      "\\{\\nl< >\"Давай поиграем!\"\\w[30]"
    ],
    "2": [
      "...Разве я недавно не принимала ванну?"
    ],
    "3": [
      "Ммм... Думаю, пора принять ванну."
    ],
    "4": [
      "Пригласить Сестру",
      "Пойти одному"
    ],
    "5": [
      "Это редкая возможность, ",
      "может, стоит пригласить ",
      "Сестру вместе искупаться..."
    ],
    "6": [
      "\\nl< >\"Ты собираешься купаться, ",
      "Братик? До встречи~\""
    ],
    "7": [
      "\\nl< >\"Хаа... хаа——— \\w[180]\\^\""
    ],
    "8": [
      "\\nl< >\"ах, Братик...\""
    ],
    "9": [
      "\\nl< >\"Так сонно.\\w[45].\\w[45].\\w[45]Братик, что-то не так?\""
    ],
    "10": [
      "\\nl< >\\{\"Братик!!!\"\\}"
    ],
    "11": [
      "\\nl< >\"Что случилось, Братик?\""
    ],
    "12": [
      "\\nl< >\"...Братик?\""
    ],
    "13": [
      "\\nl< >\\{\"Глупый, Братик! \\w[60]",
      "Я больше не разговариваю с тобой!\""
    ],
    "14": [
      "\\nl< >\"Эй, Братик?\\w[60]",
      "Можешь не разговаривать со мной сейчас?\""
    ],
    "15": [
      "Ненавязчиво погладил Сестру по голове."
    ],
    "16": [
      "Энергично погладил Сестру по голове."
    ],
    "17": [
      "Волосы Сестры были такими мягкими и пушистыми,",
      "что я не удержался и нежно, ",
      "ласково провел ладонью по её голове."
    ],
    "18": [
      "Это особое право Братика!",
      "Я нежно погладил Сестру по голове."
    ],
    "19": [
      "Сестра — лучшая, хочется гладить её снова и снова!",
      "Я тепло и с радостью погладил её по голове."
    ]
  },
  "18": {
    "0": [
      "Поболтать",
      "Физический контакт",
      "Заняться чем-нибудь",
      "Принять ванну",
      "Хочется спать..."
    ],
    "1": [
      "\\nl< >\"Пожалуй, пора высушить волосы~\""
    ],
    "2": [
      "Попить что-нибудь",
      "Поиграть во что-нибудь"
    ],
    "3": [
      "\\nl< >\"Мои волосы ещё не высохли. Давай попозже попьем.\""
    ],
    "4": [
      "\\nl< >\"Мои волосы ещё не высохли. Давай поиграем позже.\""
    ],
    "5": [
      "\\nl< >\"Руки Братика слишком непослушные, значит — нет!\""
    ]
  },
  "19": {
    "0": [
        "\\nl< >\"Ах... Братик...\""
    ],
    "1": [
        "О нет, недавно случилось что-то ужасно неловкое. ",
        "Мне нужно срочно извиниться."
    ],
    "2": [
        "\\nl< >\"Братик, прости!\"  \\w[60]\\^"
    ],
    "3": [
        "\"Прост...  \\w[45]",
        "А, а?\""
    ],
    "4": [
        "Почему Сестра извиняется передо мной первой?"
    ],
    "5": [
        "\\nl< >\"Я только что слишком разволновалась,  \\w[180]",
        "и наговорила тебе кучу гадостей.  \\w[90]"
    ],
    "6": [
        "\\nl< >...Ты в порядке?\"   \\w[60]"
    ],
    "7": [
        "Какой добрый ребёнок... ",
        "Даже после того, что я натворил, ",
        "она всё равно беспокоится обо мне."
    ],
    "8": [
        "\\nl< >\"Если спокойно подумать, может быть    \\w[120]",
        "у Братика в последнее время много стресса.   \\w[160]",
        "Ты ведь каждый день сражаешься, ",
        "это должно быть очень тяжело для тебя.\""
    ],
    "9": [
        "\\nl< >\"Так вот, подумав хорошенько...  \\w[360]\\^"
    ],
    "10": [
        "Сестра, похоже, отчаянно пытается ",
        "что-то мне сказать — Какая же она милая...",
        "Братик сейчас расплачется, знаешь?"
    ],
    "11": [
        "\\nl< >\\{\"Это единственный способ, ",
        "как я могу тебе отблагодарить!\"   \\w[240]\\^"
    ],
    "12": [
        "\\nl< >\"Вот! Держи—!  \\w[60]",
        "Я и не знала, что тебе такое нравится,     \\w[60]",
        "Братик!\""
    ],
    "13": [
        "\\{Я получил\\ia[\\v[84]]!  \\w[60]"
    ],
    "14": [
        "Это трусики——        \\w[60]",
        "ещё тёплые от тела.  \\w[60]",
        "Только не говори мне—!"
    ],
    "15": [
        "\\nl< >\"Братик же всё-таки мальчик,     \\w[150]",
        "Угу, угу… Наверное, это нормально… всё в порядке…\""
    ],
    "16": [
        "Холодный пот катился по моему лбу...",
        "Нет, если это продолжится—"
    ],
    "17": [
        "\\nl< >\"Вот именно.",
        "Братик, ты всегда был рядом со мной.  \\w[300]",
        "\\{Спасибо! И спокойной ночи—!     \\}\"\\w[120]\\^"
    ],
    "18": [
        "…………",
        "…………"
    ],
    "19": [
        "\"Нет—! Это не так!\""
    ],
    "20": [
        "\"Я не этого хотел—погоди, нет!\""
    ],
    "21": [
        "\"Я вообще ни о чём странном не думал—!\""
    ],
    "22": [
        "\\nl< >\"Не-е-е—! У тебя такое страшное лицо,",
        "Братик! Не подходи ко мне!!\""
    ],
    "23": [
        "\"Позволь объяснить—!",
        "Это не то, что ты подумала—\""
    ],
    "24": [
        "\\nl< >\"Лицо Братика стало ещё страшнее—\""
    ],
    "25": [
        "\"Пожалуйста, не ненавидь меня——\""
    ],
    "26": [
        "\\nl< >\"Братик — самый ужасный… Я тебя ненавижу…!\""
    ],
    "27": [
        "\\{\"Угх...!\""
    ],
    "28": [
        "Сестра закричала, как будто увидела таракана, ",
        "и я перестал пытаться думать."
    ]
},
"20": {
    "0": [
        "「————ge」    \\w[60]\\^"
    ],
    "1": [
        "「————哥哥」    \\w[60]\\^"
    ],
    "2": [
        "好像在被谁呼唤着。"
    ],
    "3": [
        "\\nl< >「哥哥没事吧？脸色看起来很糟糕哦？」 "
    ],
    "4": [
        "「——是妹妹吗？」 "
    ],
    "5": [
        "我是在这里打盹了吗、 ",
        "头脑昏昏沉沉的，什么也想不起来…"
    ],
    "6": [
        "\\nl< >「还没睡醒吗？呐ー」  \\w[90]\\^"
    ],
    "7": [
        "抱住妹妹",
        "「已经醒了。」"
    ],
    "8": [
        "少女那张可爱的脸就在眼前，",
        "我下意识地伸出手，把她紧紧抱住。"
    ],
    "9": [
        "嗯嗯……软软的，味道也好香——",
        "鼻子里全是那种像橘子一样的甜香味。",
        "啊……感觉困意又涌上来了……"
    ],
    "10": [
        "\\nl< >「真是的、哥哥又睡过去了！」"
    ],
    "11": [
        "是错觉吗？总感觉……",
        "眼前的妹妹，跟记忆里的样子比，好像长大了不少。"
    ],
    "12": [
        "我不由自主地伸出手，在她身上轻轻摸索——",
        "很快就碰到了某个软软的地方。"
    ],
    "13": [
        "\\nl< >「呀啊ー！哥哥！？」"
    ],
    "14": [
        "「嗯————果然感觉变得更大了啊——」"
    ],
    "15": [
        "\\nl< >「才没有变大呢……  \\w[60]",
        "话说哥哥、你在摸什么地方呀！」"
    ],
    "16": [
        "\\{「咕……！」"
    ],
    "17": [
        "感觉被什么沉重的东西砸中了头、",
        "一瞬间眼前感觉变得天旋地转起来。"
    ],
    "18": [
        "\\nl< >「已经清醒过来了吗？」"
    ],
    "19": [
        "「多亏了您这一拳、现在已经完全清醒了。」"
    ],
    "20": [
        "\\nl< >「那么、知道现在是什么情况吗？」"
    ],
    "21": [
        "「知道、刚刚摸到了妹妹的屁股、",
        "手感非常不错————」  \\w[60]\\^"
    ],
    "22": [
        "\\nl< >\\{「才没有在问摸的感想！",
        "哥哥大笨蛋！」"
    ],
    "23": [
        "哎呀，好像有点捉弄过头了。",
        "不过刚才被那么来了一下，确实完全清醒过来了。"
    ],
    "24": [
        "而且……刚才好像做了个特别重要的梦，",
        "但现在怎么都想不起来了——"
    ],
    "25": [
        "算了，就先这样吧，迟早会想起来的。",
        "眼下还是得先哄哄妹妹才行。"
    ],
    "26": [
        "\\nl< >「太好了。做噩梦了？看起来很难受的样子呢。」"
    ],
    "27": [
        "噩梦吗……确实感觉刚才做了个不得了的梦。",
        "现在这阵隐隐作痛的头疼，就跟宿醉一样难受，",
        "眼角也还残留着点泪痕……"
    ],
    "28": [
        "身体这种说不清的异样感，好像自己真的经历了什么似的，",
        "一点点在印证那个梦的痕迹……"
    ],
    "29": [
        "\\nl< >「哦〜都梦见了什么呢？」"
    ],
    "30": [
        "是啊、我到底梦见了什么？"
    ],
    "31": [
        "和父亲最后一次见面",
        "梦见了小时候",
        "梦见了妹妹",
        "梦见了牛排",
        "什么也想不起来…"
    ],
    "32": [
        "\\nl< >「小时候的哥哥吗？",
        "好想见一见还是小孩子的哥哥呀~」"
    ],
    "33": [
        "\\nl< >「拿着木剑到处奔跑、  \\w[60]",
        "大声喊着『将来我要成为勇者！』的那个样子  \\w[90]",
        "肯定超级可爱的呀！」"
    ],
    "34": [
        "不不不、那是谁的可爱黑历史啊。",
        "现在让我看到那副场景、",
        "可是会一边哭一边挖个洞躲起来哦？"
    ],
    "35": [
        "「啊、不过说起这个、",
        "仓库里好像确实放着以前父亲用过的装备。",
        "以前父亲好像是当过一阵子冒险者的……」"
    ],
    "36": [
        "「父亲大人还做过这种事情吗？」"
    ],
    "37": [
        "「那个男人年轻时可是做过不少笨蛋一样的事情啊——  \\w[60]",
        "好、机会难得、去找找看吧！」"
    ],
    "38": [
        "这里是父亲曾经进行各种炼金术研究的房间，",
        "但现在也已经和荒废了没什么区别……"
    ],
    "39": [
        "「嘿咻！」"
    ],
    "40": [
        "在已经不再使用的地下室里。",
        "我环顾着四周，寻找有用的东西。"
    ],
    "41": [
        "「嗯……\\w[30]哦？\\w[30]哦哦！？ \\w[30]",
        "噢噢噢噢噢ー！\\w[30]",
        "这是——————！」"
    ],
    "42": [
        "「这是父亲以前用过的装备啊！",
        "好耶、看起来真帅啊！」"
    ],
    "43": [
        "\\nl< >「啊、嗯……  \\w[60]",
        "哥哥开心就好呢…」"
    ],
    "44": [
        "「看啊、吾妹哟、只要有了这个、",
	"就算是在深渊里哥哥也能畅通无阻了！」"
    ],
    "45": [
        "\\nl< >(哥哥……看起来像小孩子一样兴奋呢……)"
    ],
    "46": [
        "我兴奋地挥舞着还沾满灰尘的装备、",
	"不过妹妹看起来并没有什么兴趣的样子啊。"
    ],
    "47": [
        "哎呀、没想到真能找到宝贝……",
	"不过说起来我是不是忘记了什么重要的事情啊。"
    ],
    "48": [
        "算了、记不清了也就那样了。",
	"好想赶紧明天快点用上新装备啊！"
    ]
},
"23": {
    "0": [
        "\\nl< >\"Нет! Ни за что, я не пойду купаться с тобой!\""
    ],
    "1": [
        "Полный отказ от Сестры.",
        "Довольно больно слышать это…"
    ],
    "2": [
        "\\nl< >\"Эээ… купаться с Братиком?\\w[120]",
        "Я уже не маленькая, знаешь ли…\""
    ],
    "3": [
        "Сестра отказала.",
        "Ну, это, наверное, естественно…"
    ],
    "4": [
        "\\nl< >\"Ура, в ванну~!\""
    ],
    "5": [
        "\\nl< >\"Ура, время купаться~\""
    ],
    "6": [
        "\\nl< >\"...Ладно ♥\""
    ],
    "7": [
        "\\nl< >\"Хмм…\\w[80]Если Братик так сильно хочет…\\w[90]",
        "пойдём купаться вместе…\""
    ],
    "8": [
        "\\nl< >\"Нет! Ни за что, я не пойду купаться с тобой!\""
    ],
    "9": [
        "Полный отказ от Сестры.",
        "Довольно больно слышать это…"
    ],
    "10": [
        "\\nl< >\"Угх… Братик, ",
        "ты ведёшь себя как маленький ребёнок…\"\\w[150]"
    ],
    "11": [
        "\\nl< >\"Ну блин… Братик, ты такой упрямый…",
        "Ладно, пойду…\""
    ],
    "12": [
        "Уговаривал-уговаривал и наконец уговорил Сестру…!"
    ],
    "13": [
        "\\nl< >\\{\"Ни——за——что!!\\w[90]",
        "Это же Братик, ты точно ",
        "о чём-то извращённом думаешь!\"\\}"
    ],
    "14": [
        "Угххх… Сестра устроила жёсткий разнос…"
    ],
    "15": [
        "Умолять",
        "Забыть"
    ],
    "16": [
        "...Разве я не мылась совсем недавно?"
    ],
    "17": [
        "Ммм... Похоже, пора принимать ванну."
    ],
    "18": [
        "Позвать Сестру",
        "Пойти одному"
    ],
    "19": [
        "Такой шанс выпадает редко, ",
        "может стоит пригласить ",
        "Сестру пойти купаться вместе..."
    ],
    "20": [
        "\\nl< >\"Ты идёшь в ванну, ",
        "Братик? Ну, до встречи~\""
    ]
},
"39": {
    "0": [
        "\\{\"Угх...!?\"\\w[60]"
    ],
    "1": [
        "\"Ж-живот внезапно ужасно заболел...\""
    ],
    "2": [
        "\\nl< >\"Братик? Что случилось?\\w[40]",
        "Кажется, я услышала странный звук из твоего живота——\""
    ],
    "3": [
        "\\{\"Увоооооаах——!?\"\\w[60]"
    ],
    "4": [
        "Я почувствовал сильную боль в животе.",
        "А? Неужели я съел что-то не то?"
    ],
    "5": [
        "Я инстинктивно начал переживать за Сестру,",
        "но когда посмотрел на неё, ",
        "её лицо было совершенно спокойным.",
        "Хотя мы ели одно и то же..."
    ],
    "6": [
        "Ну, хоть она не страдает от того же... ",
        "Ведь в доме только один туалет —",
        "  ",
        "если бы и её прихватило, ",
        "это обернулось бы немыслимой катастрофой..."
    ],
    "7": [
        "\"П-прости, ",
        "Братику очень срочно нужно в туалет...\""
    ],
    "8": [
        "\\nl< >\"...Эээ, у тебя снова геморрой обострился?\""
    ],
    "9": [
        "\\nl< >\"Живот болит? Бедный Братик...\""
    ]
},
"42": {
    "0": [
        "\\nl< >\"Спааать хоочу~\\w[90]",
        "Братик, уже очень поздно... Пора спать, ладно?\""
    ],
    "1": [
        "Да уж, уже так поздно. ",
        "Может, просто лечь спать?"
    ],
    "2": [
        "Спать",
        "Подождать"
    ],
    "3": [
        "Поздно уже, пора ложиться———"
    ],
    "4": [
        "...Всё ещё хочется чуть-чуть что-то поделать.",
        "Пожалуй, продержусь ещё немного."
    ],
    "5": [
        "\\nl< >\\}\"Ммня~ззЗ\"\\{"
    ],
    "6": [
        "……",
        "……"
    ],
    "7": [
        "Нет, Сестра уже почти спит.",
        "На сегодня всё — пойдём спать."
    ],
    "8": [
        "Аккуратно поднял уже спящую Сестру ",
        "и отнёс её обратно в кровать."
    ],
    "9": [
        "Ладно, я тоже пойду спать."
    ],
    "10": [
        "\\nl< >\"Я спать! Я иду в кровать —",
        "Братик, ты мешаешь, ",
        "так что давай, уходи уже!\""
    ],
    "11": [
        "\"Но я ещё не зако—!\"\\w[60]\\^"
    ],
    "12": [
        "\\nl< >\"Уходиии~уходиии~\"\\w[60]\\^"
    ]
},
"44": {
    "0": [
        "Хмм... чего-то попить хочется..."
    ],
    "1": [
        "Но дома совсем нет никаких напитков..."
    ],
    "2": [
        "Хмм... чего-то попить хочется..."
    ],
    "3": [
        "Хотя, кажется, не так уж сильно хочется пить..."
    ],
    "4": [
        "\"Хочешь немного\\ii[\\v[90]]?\""
    ],
    "5": [
        "\\nl< >\"Да всё равно! Братик может пить, что хочет!\""
    ],
    "6": [
        "\\nl< >\"Ооо! Да, да, я буду пить!\""
    ],
    "7": [
        "\\nl< >\"Мм, спасибо за старания, Братик.\""
    ],
    "8": [
        "\\nl< >\"Звучит не очень вкусно, но, думаю, пойдёт.\""
    ],
    "9": [
        "\\nl< >\"Я не люблю горькое... ",
        "ты правда собираешься это пить?\""
    ],
    "10": [
        "А, кстати, ",
        "я ещё купил закуски у той странной лавочницы...",
        "может, дать Сестре попробовать?"
    ],
    "11": [
        "Дать попробовать",
        "Не стоит"
    ],
    "12": [
        "Может, в следующий раз."
    ],
    "13": [
        "\"Сегодня ещё остались закуски!",
        "Это \\ii[\\v[90]], хочешь попробовать?\""
    ],
    "14": [
        "\\nl< >\"Да, я буду... закуски — это святое.\""
    ],
    "15": [
        "\\nl< >\"Э? ",
        "С этим напитком даже закуски стали невкусными...\""
    ],
    "16": [
        "\\nl< >\"Ура! Мы сможем поесть закусок вместе!\""
    ],
    "17": [
        "Мы немного приятно провели время за чаем и закусками."
    ],
    "18": [
        "\\nl< >\"Братик, я немного хочу пить. ",
        "Дай, пожалуйста, водички.\""
    ],
    "19": [
        "Хочет пить? Хорошо, что я купил сегодня \\ii[\\v[90]]."
    ],
    "20": [
        "\"Хочешь немного \\ii[\\v[90]]?\""
    ],
    "21": [
        "\\nl< >\"А? Откуда это?\""
    ],
    "22": [
        "\"Я взял это из автомата в",
        "лесу сегодня днём.\""
    ],
    "23": [
        "\\nl< >\"Чего? Почему автомат посреди леса...?\""
    ],
    "24": [
        "\"Странно, да? Но когда я бросил монетку, ",
        "он выдал напиток как обычно, ",
        "и срок годности был вполне свежий.\""
    ],
    "25": [
        "\"Странно, да? ",
        "Но он реально выдал напиток, ",
        "и срок годности был новый.\""
    ],
    "26": [
        "Но я случайно сломал автомат...",
        "Интересно, не будут ли потом требовать компенсацию... ",
        "Чем больше думаю, тем хуже становится..."
    ],
    "27": [
        "\\nl< >\"Ну, тогда налей мне стаканчик.\""
    ],
    "28": [
        "Я налил по стакану \\ii[\\v[90]]",
        "для себя и для Сестры."
    ],
    "29": [
        "Он был холодным, освежающим и действительно вкусным."
    ],
    "30": [
        "Мы приятно провели чаепитие вместе."
    ],
    "31": [
        "В следующий раз, когда купишь напиток,",
        "не забудь поделиться с Сестрой!    \\w[60]"
    ],
    "32": [
        "Я достал маленькую бутылочку ",
        "с Эликсиром Рубрум,",
        "но когда уже собирался отдать её ей, ",
        "меня охватил страх—"
    ],
    "33": [
        "А вдруг...",
        "он не подействует? Или, что хуже, ",
        "её состояние станет ещё хуже...?  \\w[60]",
        "Исследования отца должны быть надёжны, но всё же…!"
    ],
    "34": [
        "\\nl< >\"Братик? Что случилось?  \\w[45] ",
        "Ты дрожишь...\""
    ],
    "35": [
        "\"…А, ничего.\""
    ],
    "36": [
        "Я заставил её волноваться.   \\w[45]",
        "Но я всё ещё не мог решиться ",
        "давать ей это пить или нет—"
    ],
    "37": [
        "\\nl< >\"Это ведь то самое лекарство, ",
        "которое ты всё это время искал, верно?   \\w[90]\"",
        "Ты переживаешь за меня, Братик?"
    ],
    "38": [
        "Она внезапно взяла за руку, ",
        "в которой я держал Эликсир Рубрум."
    ],
    "39": [
        "\\nl< >\"Братик, ты так много сделал ради меня.  \\w[90]",
        "Поэтому я тоже хочу постараться ради тебя...\""
    ],
    "40": [
        "\\nl< >\"Так что позволь мне попробовать это лекарство.\""
    ],
    "41": [
        "Я почувствовал решимость в её словах."
    ],
    "42": [
        "\"…Если почувствуешь что-то странное, ",
        "обещай, что сразу выплюнешь, ладно?\""
    ],
    "43": [
        "Бежать уже не имело смысла.",
        "Я налил красный эликсир в стакан молока ",
        "и передал ей."
    ],
    "44": [
        "Она почти сразу выпила молоко с Эликсиром Рубрум, ",
        "а я с тревогой наблюдал за её реакцией."
    ],
    "45": [
        "\\nl< >\"Угх...\""
    ],
    "46": [
        "Она внезапно сморщилась от боли."
    ],
    "47": [
        "\"Как на вкус...?\""
    ],
    "48": [
        "\\nl< >\"Очень вкусно! Сладкий и с кислинкой, ",
        "я бы выпила ещё стакан~!\""
    ],
    "49": [
        "К моему удивлению, ей реально понравился вкус. ",
        "Вся моя тревога оказалась напрасной..."
    ],
    "50": [
        "В итоге, после того как она выпила Эликсир Рубрум, ",
        "ничего, похоже, не изменилось.",
        "Неужели он совсем не действует?"
    ]
  }
}