{
  "6": {
        "0": [
            "Фух... хорошо, что я не опозорился ",
			"перед сестрой...",
			"Но———"
		],
		"1": [
            "\\{\"Ах———\"  \\w[60]"
        ],
        "2": [
            "Это хуже, чем я думал...",
            "Это продолжается уже больше получаса...?"
        ],
        "3": [
            "Ощущение, будто все мое тело истощено...",
            "Может, действительно что-то было не так ",
			"с ужином?"
        ],
        "4": [
            "\\nl< >\"Братик... ты в порядке...?",
			"Я слышала... какие-то действительно страшные звуки....\""
        ],
        "5": [
            "\"Ахаха… может я съел что-то не то…",
			"Не подходи близко... здесь опасно…\""
        ],	
        "6": [
            "Я услышал обеспокоенный голос Сестры ",
			"за дверью. Как бы мне ни хотелось ",
			"выйти отсюда поскорее, боюсь даже силы ",
			"просто стоять покидают меня..."
        ],	
        "7": [
            "\\{\"Уууууххх—\"  \\w[60]"
        ],
        "8": [
            "Я не могу…",
			"Это просто не остановить..."
        ],
        "9": [
            "\\nl< >\"Братик... ты все еще там??\""
        ],
        "10": [
            "\\nl< >\"Э-эм... на самом деле...",
			"Мне тоже нужно в туалет...\""
        ],
        "11": [
            "\\{\"Бляяяяяя—\" \\w[60]"
        ],	
        "12": [
            "\\{\"Н-не сейчас—",
			"Я все еще... не могу выйти—!\""
        ],
        "13": [
            "\\nl< >\"Мх... прошло уже десять минут...\\w[120]",
			"Мне... Мне правда тоже надо в туалет...\""
        ],	
        "14": [
            "\"Бляяяяяять—!",
			"Это никак не остановить—!\""
        ],
        "15": [
            "\\nl< >\"Братик... оно уже...\""
        ],	
        "16": [
            "\"Бляяощлзщоозаывозщоззозыавщоаывзощ——!\""
        ],
        "17": [
            "\\nl< >\"Ааааааа——!",
			"Я не могу больше терпеть...!\""
        ],
        "18": [
            "\"Бляяяяя——!\"",
			"\"Ааааааааааа——!\""
        ],
        "19": [
            "В ту ночь, из совсем обычного дома,",
			"доносились мучительные крики дикого зверя,",
			"смешанные с диким плачем ",
			"и неописуемыми стонами."
        ],	
        "20": [
            "Иногда звуки были тихими, как будто зверь боролся со смертью",
			"а иногда громкие и резкие, как крики маленькой девочки, ",
			"они смешались в хаотичную и непонятную ,",
			"симфониию."
        ],	
        "21": [
            "Тем временем, глубокой ночью,",
			"даже искатели приключений, все еще сражавшиеся ",
			"на краю Бездны, инстинктивно вздрогнули,",
			"замерев с мечами в руках,",
			"и обменявшись взглядами, на мгновение задумались,",
			"не зародилось ли где-то в тенях новое и ",
			"неизвестное существо."
        ]
    }
		
}
