{
  "1": {
        "0": [
            "Мгх, похоже, я не могу заснуть..."
		],
		"1": [
            "У меня болит живот... Это расстройство?",
			"Может, ужин всё-таки был слишком тяжёлым..."
        ],
        "2": [
            "Ах, я внезапно проснулся...!"
        ],
		"3": [
            "Всё ещё ночь.",
			"Могу поспать ещё немного...\\w[30].\\w[30].\\w[30].",
			"Стоит ли проверить Сестру?"
        ],
		"4": [
            "Идти к Сестре",
			"Идти спать"
        ],
		"5": [
            "Просто поспать до утра...?"
        ],	
		"6": [
            "Спать",
			"Подождать"
        ],
		"7": [
            "\"Аааааааааааа—!!?\""
        ],
		"8": [
            "Ч-что? Ох, это был всего лишь кошмар..."
        ],
		"9": [
            "Как же я испугался...",
			"Похоже, я увидел действительно страшную версию Сестры."
        ],		
		"10": [
            "…Мне стоит проверить Сестру.",
			"Что если этот сон—"
        ],	
		"11": [
            "Да, сон был очень страшный...",
			"Лучше бы мне лечь пораньше..."
        ]			
    },
  "2": {
        "0": [
            "\\c[10]—Обнаружен запрос на обновление данных с версии \\str[1].  \\w[60]",
			"Хотите выполнить автообновление сейчас?"
		],
		"1": [
            "Начать обновление",
			"Отмена"
        ],
        "2": [
            "...Уже утро? ",
			"Мне кажется, я видел какой-то сон про ",
            "мою Сестру, ",
			"но не могу его вспомнить..."
        ],
        "3": [
            "...Уже утро? ",
			"Чувствую, будто плохо спал..."
        ],
        "4": [
            "Ах, уже утро? Я так хорошо выспался."
        ],
        "5": [
            "Сегодня хороший день...\\w[45]ага? ",
			"Солнце кажется слишком ярким?"
        ],
        "6": [
            "Сегодня хороший день."
        ],
        "7": [
            "Погода сегодня не очень."
        ],
        "8": [
            "Идёт дождь? ",
			"Надеюсь, это не повлияет на моё приключение..."
        ],
        "9": [
            "Я несколько дней не заходил к Сестре… ",
			"Пожалуй, сегодня стоит заглянуть."
        ],
        "10": [
            "Ладно, я проснулся. Каковы планы на сегодня—"
        ],
        "11": [
            "В комнату Сестры",
			"Выйти сейчас"
        ],
        "12": [
            "Ладно, проверим Сестру!"
        ],
        "13": [
            "Ладно, пора привести всё в порядок ",
			"и отправляться в приключение!"
        ]		
    },
  "4": {
        "0": [
            "\"...Что!?\\w[60]...Погоди, \\w[60]",
			"уже утро...?\""
		],
		"1": [
            "Голова кружится... ",
			"Неужели я так заснул прошлой ночью...?"
        ],
		"2": [
            "\"Я не помню, что было прошлой ночью...  \\w[90]",
			"Ну да ладно, наверное, я просто слишком устал.\""
        ]
    }		
}
