{
  "0": [
    "✦Кружка, которая нравится Сестре, ",
    "с изображением странного кролика. ",
    "Похоже, что она бестселлер в NLCH."
  ],
  "1": [
    "✦Маленький фонарь, оставленный Отцом,",
    "кажется алхимическим инструментом.",
    "Он очень прочный, несмотря на возраст, ",
    "и излучает тёплый, уютный свет."
  ],
  "2": [
    "✦Милый ночник с мягким светом,",
    "идеально подходит для включения,",
    "когда ночью встаёшь в туалет."
  ],
  "3": [
    "✦Листяное растение под названием «Ficus umbellata».",
    "Оно цветет, и, похоже, Сестра ",
    "ежедневно за ним тщательно ухаживает."
  ],
  "4": [
    "✦Листяное растение под названием «Pothos».",
    "Выглядит не очень здоровым,  ",
    "поэтому Сестра поставила его у окна.",
    "Стоит ли сказать ей, что Pothos на самом деле ",
    "не любит прямой солнечный свет...?"
  ],
  "5": [
    "✦Некоторые книги, которые Сестра выбрала ",
    "из кабинета Отца.",
    "В основном это книги по философии, ",
    "совершенно непонятные."
  ],
  "6": [
    "✦Подобрал сухую берёзовую ветку по дороге ",
    "домой — показалась классной, ",
    "показал Сестре.",
    "Она тихо поставила её в вазу."
  ],
  "7": [
    "✦Набросок птицы, нарисованный Сестрой, ",
    "по всей видимости, основанный на птицах, ",
    "которых она заметила, глядя в окно."
  ],
  "8": [
    "✦Маленький старый вентилятор с слабым потоком воздуха. ",
    "Нужно подходить очень близко, чтобы ",
    "почувствовать прохладный ветерок."
  ],
  "9": [
    "✦Современный фен с невероятно сильным потоком воздуха.",
    "Если направить его на лицо, кажется,",
    "что ветер может содрать кожу."
  ],
  "10": [
    "✦Ванна с регулируемой температурой ",
    "в диапазоне от 99°C до -10°C...",
    "Это действительно нормально?"
  ],
  "11": [
    "✦Фруктовый шампунь, который любит Сестра.",
    "Он делает её волосы очень мягкими, ",
    "но расходуется слишком быстро.",
    "Остаток:\\c[20]${$gameSelfVariables.value([6, 8, 'shampoo'])}%"
  ],
  "12": [
    "✦Похоже на нижнее бельё, ",
    "которое Сестра только что сняла...",
    "Оно аккуратно сложено."
  ],
  "13": [
    "✦Легендарная игровая консоль, ныне крайне редкая.",
    "Обладание ею сделает тебя легендой среди геймеров."
  ],
  "14": [
    "✦Кукла, подаренная Сестре отцом ",
    "на её день рождения. Она очень её ценит ",
    "и всегда держит рядом с собой."
  ],
  "15": [
    "\\fr\\fs[20]\\c[10]Потерянный Магический Круг",
    "\\fs[22]\\i[16]???\\fr",
    "✦Иной мир, созданный магической картой, ",
    "унаследованной от отца.",
    "Совершенно не подвержен времени, ",
    "хранящиеся здесь предметы никогда не исчезают.",
    "Этот круг также связан с входом в дом,",
    "обеспечивая стабильное и безопасное возвращение.",
    "Было ли это сознательно задумано отцом, ",
    "предвидевшим неизбежное падение ребёнка ",
    "в Бездну — неизвестно..."
  ],
  "16": [
    "\\fr\\fs[28]\\c[114]Великий Лабиринт",
    "\\fr\\fs[22]\\i[16]???",
    "✦Вход в Руины Лабиринта,",
    "заполненный монстрами из Абиcсальной ауры.",
    "Хотя опасен, он таит в себе большие возможности,",
    "а также ходят слухи о сокровищах Бездны в его глубинах.",
    "Тем не менее, это всего лишь один из многих путей в Бездну."
  ]
}
