{
  "3": {
    "name": [],
    "subtitle": [
      ""
    ],
    "description": [
      ""
    ],
    "variants": {
      "0": {
        "subtitle": [
          "\"Чувствую себя уставшим...\""
        ],
        "description": [
          "Уровень возбуждения:\\c[2]\\v[25]%\\c[0]"
        ]
      },
      "1": {
        "subtitle": [
          "\"Тело жаждет острых ощущений......\""
        ],
        "description": [
          "Уровень возбуждения:\\c[2]\\v[25]%\\c[0]"
        ]
      },
      "2": {
        "subtitle": [
          "\"Теряю контроль...!\""
        ],
        "description": [
          "Уровень возбуждения:\\c[18]\\v[25]%\\c[0]"
        ]
      }
    }
  },
  "4": {
    "name": [],
    "subtitle": [
      "\"Увоооо...!\""
    ],
    "description": [
      "Превращение в одержимого зверя! Уровень возбуждения::\\c[18]???%\\c[0]"
    ]
  },
  "5": {
    "name": [],
    "subtitle": [
      "\"Яд поразил тело\""
    ],
    "description": [
      "Постепенно наносит больше урона!"
    ]
  },
  "6": {
    "name": [],
    "subtitle": [
      "\"Кровотечение не останавливается\""
    ],
    "description": [
      "Урон по макс. Здоровью!"
    ]
  },
  "7": {
    "name": [],
    "subtitle": [
      "\"Смотрите, его ударила молния!\""
    ],
    "description": [
      "Полный паралич — не можешь двигаться!"
    ]
  },
  "8": {
    "name": [],
    "subtitle": [
      "\"Жарко, жарко, жарко—!\""
    ],
    "description": [
      "Постоянное горение всех юнитов поблизости!"
    ]
  },
  "9": {
    "name": [],
    "subtitle": [
      "\"Превратись в ледяной леденец!\""
    ],
    "description": [
      "Полностью заморожен!"
    ]
  },
  "11": {
    "name": [],
    "subtitle": [
      "\"Голова кружится!\""
    ],
    "description": [
      "Невозможно действовать!"
    ]
  },
  "13": {
    "name": [],
    "subtitle": [
      "\"Фуфу, вот что бывает, если меня злить~♥\""
    ],
    "description": [
      "Проклят этой мелкой демоницей..."
    ]
  },
  "14": {
    "name": [],
    "subtitle": [
      "\"Так жарко...\""
    ],
    "description": [
      "Слабею от жары..."
    ]
  },
  "15": {
    "name": [],
    "subtitle": [
      "\"In the eyes of monsters, you’re just a pitiful, ugly little preemie…\""
    ],
    "description": [
      "Disguised as a monster – monsters won’t actively attack you!"
    ]
  },
  "16": {
    "name": [],
    "subtitle": [
      "\"You can’t even play such a simple game? What a ZAKO~\""
    ],
    "description": [
      "Certified as a ZAKO for cheating!"
    ]
  },
  "28": {
    "name": [],
    "subtitle": [
      "Игровой процесс"
    ],
    "description": [
      ""
    ],
    "variants": {
      "0": {
        "description": [
          "Она полностью сосредоточена на игре,",
          "Лучше не мешать ей сейчас..."
        ]
      },
      "1": {
        "description": [
          "Она всё ещё играет...",
          "Может, немного подразнить её?"
        ]
      }
    }
  },
  "29": {
    "name": [],
    "subtitle": [
      "Купание"
    ],
    "description": [
      ""
    ],
    "variants": {
      "0": {
        "description": [
          "Сестра в ванной — её силуэт",
          "едва различим сквозь пар"
        ]
      },
      "1": {
        "description": [
          "Сестра вытирает волосы",
          "полотенцем"
        ]
      }
    }
  },
  "30": {
    "name": [],
    "subtitle": [
      "Отдых"
    ],
    "description": [
      ""
    ],
    "variants": {
      "0": {
        "description": [
          "Сестра выглядит очень счастливой,",
          "Произошло что-то интересное?"
        ]
      },
      "1": {
        "description": [
          "Сестра становится всё милее",
          "Может, погладить её?"
        ]
      },
      "2": {
        "description": [
          "Сестра просто сидит",
          "Может, поговорить с ней…"
        ]
      },
      "3": {
        "description": [
          "Сестра выглядит немного грустной",
          "Попробовать её утешить?"
        ]
      },
      "4": {
        "description": [
          "Сестра как-то странно себя ведёт",
          "Интересно, что можно сделать…"
        ]
      },
      "5": {
        "description": [
          "Сестра выглядит сонной",
          "Пора ложиться спать?"
        ]
      }
    }
  },
  "31": {
    "name": [],
    "subtitle": [
      "Сон"
    ],
    "description": [
      ""
    ],
    "variants": {
      "0": {
        "description": [
          "Спит как растение…",
          "не разбудить…"
        ]
      },
      "1": {
        "description": [
          "Крепкий сон…",
          "Похоже, разбудить будет трудно"
        ]
      },
      "2": {
        "description": [
          "Спит спокойно,",
          "полностью погружена во сны…"
        ]
      },
      "3": {
        "description": [
          "Её ресницы подрагивают",
          "словно она что-то бормочет во сне"
        ]
      },
      "4": {
        "description": [
          "Похоже, она полусонная",
          "что-то бормочет"
        ]
      },
      "5": {
        "description": [
          "Сестра почти проснулась,",
          "но всё ещё в полудрёме"
        ]
      }
    }
  },
  "32": {
    "name": [],
    "subtitle": [
      "Голодна"
    ],
    "description": [
      ""
    ],
    "variants": {
      "0": {
        "description": [
          "Сестра спокойно ждёт",
          "ужин"
        ]
      },
      "1": {
        "description": [
          "Сестра, похоже, переживает",
          "вдруг ужин будет невкусным…"
        ]
      },
      "2": {
        "description": [
          "Сестра выглядит так,",
          "будто хочет помочь"
        ]
      }
    }
  },
  "33": {
    "name": [],
    "subtitle": [
      "Отдыхает"
    ],
    "description": [
      ""
    ],
    "variants": {
      "0": {
        "description": [
          "Сестра облизывает эскимо…",
          "выглядит слишком беззащитно..."
        ]
      }
    }
  },
  "34": {
    "name": [],
    "subtitle": [
      "Чистит зубы"
    ],
    "description": [
      ""
    ],
    "variants": {
      "0": {
        "description": [
          "Сестра вяло чистит зубы,",
          "всё ещё выглядит сонной..."
        ]
      }
    }
  },
  "35": {
    "name": [],
    "subtitle": [],
    "description": [
      "✦\\c[27](Чувствую, будто тело становится лёгким...)"
    ]
  },
  "36": {
    "name": [],
    "subtitle": [],
    "description": [
      "✦\\c[22]разум начинает расслабляться—"
    ]
  },
  "40": {
    "name": [],
    "subtitle": [],
    "description": [
      "✦\\c[10]заплакал от остроты..."
    ]
  },
  "41": {
    "name": [],
    "subtitle": [],
    "description": [
      "✦\\c[29]Наелась и довольна,",
      "Сестра счастлива!"
    ]
  },
  "45": {
    "name": [],
    "subtitle": [
      "\"Я пообещал дорогой сестре, значит, должен сдержать слово\""
    ],
    "description": [
      "Не возвращайся домой тяжело раненым…"
    ]
  },
  "46": {
    "name": [],
    "subtitle": [
      "\"Я пообещал дорогой сестре, значит, должен сдержать слово\""
    ],
    "description": [
      "Приготовить мясное блюдо"
    ]
  },
  "55": {
    "name": [],
    "subtitle": [
      "\"Это моя территория, шалить нельзя~♥\""
    ],
    "description": [
      "Атаки запрещены!"
    ]
  },
  "57": {
    "name": [],
    "subtitle": [
      "\"Чувствую, что сейчас могу всё\""
    ],
    "description": [
      "Режим Мудреца активирован, все характеристики повышены"
    ]
  },
  "58": {
    "name": [],
    "subtitle": [
      "\"Съел что-то не то...\""
    ],
    "description": [
      "Живот болит и не проходит!"
    ]
  },
  "59": {
    "name": [],
    "subtitle": [],
    "description": [
      "...Что-то важное забыто? Может, потом вспомнится."
    ]
  },
  "60": {
    "name": [],
    "subtitle": [],
    "description": [
      "Исходит постоянный запах..."
    ]
  },
  "61": {
    "name": [],
    "subtitle": [
      "\"Моя задница в огне...\""
    ],
    "description": [
      "Нельзя бежать или ускоряться из-за боли!"
    ]
  },
  "62": {
    "name": [],
    "subtitle": [],
    "description": [
      "Фокусируется на следующей атаке, скорость передвижения снижена"
    ]
  },
  "63": {
    "name": [],
    "subtitle": [
      "\"Тройная скорость Настоящего Красного\""
    ],
    "description": [
      ""
    ]
  },
  "64": {
    "name": [],
    "subtitle": [],
    "description": [
      "Сюнпо на перезарядке!"
    ]
  },
  "65": {
    "name": [],
    "subtitle": [],
    "description": [
      "Кружится голова..."
    ]
  },
  "67": {
    "name": [],
    "subtitle": [],
    "description": [
      "Плавает по воде. Скорость снижена, атака невозможна!"
    ]
  },
  "68": {
    "name": [],
    "subtitle": [],
    "description": [
      "Произносит заклинание!"
    ]
  },
  "71": {
    "name": [],
    "subtitle": [
      "\"Съела что-то вкусное — так тепло и уютно внутри~\""
    ],
    "description": [
      "Восстанавливает немного здоровья каждую секунду"
    ]
  },
  "72": {
    "name": [],
    "subtitle": [
      "\"Сила... наполняет меня!\""
    ],
    "description": [
      "Сила атаки\\c[10]+50%\\c[0]"
    ]
  },
  "73": {
    "name": [],
    "subtitle": [
      "\"Я начинаю понимать всё\""
    ],
    "description": [
      "Магическая атака\\c[10]+50%\\c[0]"
    ]
  },
  "74": {
    "name": [],
    "subtitle": [
      "\"Успеешь ли ты за моей СКОРОСТЬЮ?!\""
    ],
    "description": [
      "Скорость передвижения увеличена"
    ]
  },
  "75": {
    "name": [],
    "subtitle": [
      "\"Божественное оружие нисходит\""
    ],
    "description": [
      "Оружие увеличено, урон повышен!"
    ]
  },
  "77": {
    "name": [],
    "subtitle": [
      "\"Пламя Возрождения\""
    ],
    "description": [
      "Позволяет одно воскрешение, пока действует эффект"
    ]
  },
  "78": {
    "name": [],
    "subtitle": [
      "\"Поворот Судьбы...\""
    ],
    "description": [
      "Благословение судьбы — больше шансов на хорошие события!"
    ]
  },
  "79": {
    "name": [],
    "subtitle": [
      "\"Поворот Судьбы...\""
    ],
    "description": [
      "Благословение судьбы — больше шансов на грустные события!"
    ]
  },
  "80": {
    "name": [],
    "subtitle": [
      "\"Тройная скорость Настоящего Красного\""
    ],
    "description": [
      ""
    ]
  },
  "85": {
    "name": [],
    "subtitle": [
      "\"Но это правда ужасно на вкус...\""
    ],
    "description": [
      "Переполняющая энергия — макс. Здоровье увеличено!"
    ]
  },
  "86": {
    "name": [],
    "subtitle": [
      "\"SKILL ISSUE\""
    ],
    "description": [
      "You’ve been mercilessly taunted! Defense and luck greatly decreased!"
    ]
  },
  "98": {
    "name": [],
    "subtitle": [
      "\"Такое чувство, будто сестрёнка рядом со мной...\""
    ],
    "description": [
      "Идёт восстановление Здоровья!"
    ]
  },
  "99": {
    "name": [],
    "subtitle": [
      "\"Мы — защитники!\""
    ],
    "description": [
      "Сила атаки +30"
    ]
  },
  "104": {
    "name": [],
    "subtitle": [
      "\"Ты сияешь славой!\""
    ],
    "description": [
      "Все характеристики увеличены, временная неуязвимость"
    ]
  },
  "105": {
    "name": [],
    "subtitle": [
      "\"Раздели это благословение с тобой\""
    ],
    "description": [
      "вдвое больше получаемых денег"
    ]
  },
  "106": {
    "name": [],
    "subtitle": [
      "\"Я... Я не могу это поднять...\""
    ],
    "description": [
      "Недостаточно силы, чтобы полностью использовать оружие!"
    ]
  },
  "107": {
    "name": [],
    "subtitle": [
      "\"Мы — защитники!\""
    ],
    "description": [
      "Скорость передвижения увеличена!"
    ]
  },
  "108": {
    "name": [],
    "subtitle": [
      "\"Мы — защитники!\""
    ],
    "description": [
      "Атака и защита увеличены!"
    ]
  },
  "109": {
    "name": [],
    "subtitle": [
      "\"Мы — защитники!\""
    ],
    "description": [
      "Защита увеличена!"
    ]
  },
  "110": {
    "name": [],
    "subtitle": [
      "\"Мы — защитники!\""
    ],
    "description": [
      "Макс. Здоровье и защита увеличены!"
    ]
  },
  "115": {
    "name": [],
    "subtitle": [
      "\"Сердце бессмертного пугала, но гниение — его судьба\""
    ],
    "description": [
      "Здоровье не восстанавливается!"
    ]
  },
  "116": {
    "name": [],
    "subtitle": [
      "\"Бесконечная жадность нашла тебя —\""
    ],
    "description": [
      "Теряешь деньги при получении урона!"
    ]
  },
  "117": {
    "name": [],
    "subtitle": [
      "\"Thus shall you gain the world's glory, and all darkness shall flee\""
    ],
    "description": [
      ""
    ]
  }
}