{
  "gameTitle": [
    "A Simple Life with My Unobtrusive Sister "
  ],
  "quantityHeld": [
    "\\fs[16]•Количество:\\c[17] ${} \\c[0]\\py[-8]"
  ],
  "autoUpdate": [
    "Доступно обновление: Обнаружены данные версии ${} . ",
    "Хотите ли вы установить обновление сейчас?"
  ],
  "fullScreen": [ 
    "Полный Экран"
  ],
  "masterVolume": [ 
    "Общая Громкость"
  ],
  "voiceVolume": [ 
    "Громкость Голоса"
  ],
  "BgmVolume": [
    "Громкость Фоновой Музыки"
  ],
  "BgsVolume": [
    "Громкость Фоновых Звуков"
  ],
  "SeVolume": [
    "Громкость Звуковых Эффектов"
  ],
  "MaxPlayerMsgs": [
    "Макс. Сообщений Игрока"
  ],
  "GameFAQ": [
    "ЧаВо об игре"
  ],
  "ShowWeaponDurability": [
    "Отображать прочность оружия"
  ],
  "DisableAutoUpdate": [
    "Отключить автообновление"
  ],
  "LockedFPS": [
    "Ограничение в 60 FPS"
  ],
  "Language": [
    "Язык Игры"
  ],
  "SwitchLanguage": [
    "Обнаружено изменение языка игры!",
    "Перезапуск для применения нового языка!"
  ],
  "ErrorReport": [
    "Произошла ошибка. Пожалуйста, сообщите о баге на Discord-сервере NLCH.",
    "(Нажмите «OK», чтобы открыть ссылку)",
    "(Прикрепите скриншот ошибки)"
  ],
  "UpdateComplete1": [
    "Обновление игры завершено!",
    "Игра автоматически перезапустится после закрытия этого окна.",
    "Вы можете загрузить автосохранение, чтобы продолжить игру!"
  ],
  "UpdateComplete2": [
    "Обновление игры завершено!",
    "Игра скоро перезапустится для применения обновления!"
  ],
  "RemindToUpdate": [
    "Произошла ошибка, и игра зависла.",
    "Доступен более новый патч—",
    "Пожалуйста, воспользуйтесь автообновлением для исправления проблемы!"
  ],
  "bagFull": [
    "Превышен лимит инвентаря!!"
  ]
}