{
  "3": {
        "0": [
            "最初は我慢しようと思ってたけど、結局誘惑に勝てなくて、",
			"気がついたら洗面所にいた。"
		],
        "1": [
            "いつもの場所なのに、こっそり忍び込んでるせいか、",
			"すごくドキドキしてワクワクしてくる…"
		],
        "2": [
            "こそこそと潜入成功……！",
			"よし、安全に潜入完了……！"
		],
        "3": [
            "\\str[120]が出てくるまで時間もあまりない…今のうちに出た方がいい？"
		],
        "4": [
            "はい",
			"いいえ"
		],	
        "5": [
            "今日はここまでにしよう。\\str[120]にバレたら大変だし。"
		],
        "6": [
            "そうだな、もうすぐ\\str[120]が出てくる時間だ——"
		],
        "7": [
            "もうちょっとだけ、我慢してみよう……"
		],
        "8": [
            "もう洗面所に入ってるし、",
			"物音を立てないように気をつけなきゃ……"
		],
        "9": [
            "踊ってみる！",
			"瞑想する",
			"観察つづける"
		],
        "10": [
            "うーん……慎重にならないと。",
			"\\str[120]に警戒されたら困るし…"
		],
        "11": [
            "そうだ、まずは落ち着かないと…",
			"瞑想でもしよう—— \\w[30]"
		],
        "12": [
            "瞑想の世界には自分だけ、",
			"精神が落ち着いてくる……"
		],
        "13": [
            "……………………",
			"……………………"
		],
        "14": [
            "あれ、集中しすぎてるせいか、",
            "浴室から聞こえるシャワーの音がすごくクリアに聞こえる、",
            "\\str[120]の声までもがはっきりと—— \\w[45]"
		],
        "15": [
            "なんか逆に興奮してきたかも……"
		],		
        "16": [
            "今、ちょっと緊張感が高すぎる……気を逸らさないと。",
			"ならば——\\w[60]\\{踊るしかない！"
		],	
        "17": [
            "\\{この洗面所で！",
			"この危機だらけの狭い空間で！",
			"体を動かしながら！",
			"忍者としての感覚とバランスを鍛える！"
		],	
        "18": [
            "\\{この洗面所で！",
			"この危機だらけの狭い空間で！",
			"思いっきり体を動かす！"
		],	
        "19": [
            "\\{……はあっ！\\w[60]はあっ！  \\w[60]"
		],
        "20": [
           "呼吸も、鼓動も、動きのリズムも一体となって……",
           "もはやこれは修行を超えた“芸術”だ。",
           "こんな危険な場で踊れるのは、最強の忍者だけ！"
		],
        "21": [
 		   "——\\str[120]は永遠に知らない。",
  		   "彼女の背後で、影が舞い、静かに去っていったことを。"
		],
        "22": [
  		   "洗面所の床に響くステップ、それも俺の動きで掻き消す。",
  		   "もはやこれはただのダンスではない……",
  		   "これは儀式、潜入の道に捧げる修行と執念だ。"
		],
        "23": [
           "……\\str[120]はまだ何も気づいていない。",
           "俺はもう、家の中を音もなく移動できるようになった。"
		],
        "24": [
            "俺は影だ！風だ！俺は—— \\w[60]",
			"……いや、ただの洗面所で踊ってるバカだ……"
		],	
        "25": [
            "……っていうか、ちょっと入り込みすぎたかも？"
		],
        "26": [
            "……なんか、潜入スキルがちょっとだけ上がった気がする。"
		],
        "27": [
            "……うっ！足滑った、洗濯機にぶつかりそうだった……！"
		],
        "28": [
            "ふう——このドキドキ感……",
            "なんか、妙な達成感あるな。",
            "ちょっとクセになりそう？"
		]
  },
  "11": {
        "0": [
            "顔を洗った後、\\str[120]はだいぶ元気を取り戻したようだ。",
			"今俺たちは並んで鏡の前で歯を磨いている。"
		],
        "1": [
            "朝に\\str[120]と一緒に歯を磨くなんてとても珍しい光景で、",
			"なんだか少し落ち着かない気分になった。",
			"仕方なく、適当に何か話題を振ることにした——。"
		],
        "2": [
            "「アシャゴハンワ、ニャニヲタベヨーカニャ…」"
		],
        "3": [
            "\\nl< >「ワーカーラーナーイーヨー」  \\w[330]\\^"
		],
        "4": [
            "「イモートヨ…タテニミガクト、モットキレーニナルゾ……」"
		],
        "5": [
            "\\nl< >「オーニーチャーンーコーソー」    \\w[330]\\^"
		],
        "6": [
            "うん…全然わからない。",
			"口の中が泡だらけで本当に不便だな。"		
		],
        "7": [
            "\\str[120]と一緒によくわからない言葉で雑談しながら歯を磨いた。"
		]		
  },
  "13": {
        "0": [
    "\\nl< >「……また新しいイタズラの手口？」"
  ],
  "1": [
    "\\str[120]はまだかなり抵抗してる顔だけど、",
    "ちょっと文句を言っただけで、前みたいに",
    "すぐ追い出すことはなかった。"
  ],
  "2": [
    "わかってる——これは照れてるだけだ。",
    "こういう時はあと一押しの刺激が効く！"
  ],
  "3": [
    "「実はまた森の悪魔に呪われたみたいなんだよ。」"
  ],
  "4": [
    "\\str[120]の前で一気にズボンを下ろして、",
    "もうガチガチで臨戦態勢のチンポを見せつけた。"
  ],
  "5": [
    "\\nl< >「えっ？！\\str[121]……！   \\w[30]",
    "なんでここで脱ぐの……？」"
  ],
  "6": [
    "\\str[120]はちょっと動揺して、目を隠そうとするけど、",
    "胸を隠すのに手が塞がっている。"
  ],
  "7": [
    "「クソ悪魔め、呪いで俺のチンポを時限爆弾にしやがって、",
    "早くなんとかしないと家ごと吹っ飛んじゃうぞ……！」"
  ],
  "8": [
    "\\nl< >「……で、でもどうすればいいの？」"
  ],
  "9": [
    "「手でいいんだ、手でずっと擦ってくれたら出るから…」"
  ],
  "10": [
    "\\nl< >「じゃあ、なんで\\str[121]は自分でやらないの？」"
  ],
  "11": [
    "\\str[120]の不意打ちのツッコミに言葉が詰まった。"
  ],
  "12": [
    "下手な嘘で何度も騙してきたせいで、",
    "もう\\str[120]に耐性がついたか……？！"
  ],
  "13": [
    "「かわいい\\str[120]の手で握ってもらえたら、  \\}",
    "そんなに緊張しないし……」"
  ],
  "14": [
    "だんだん声が小さくなっていった。"
  ],
  "15": [
    "\\nl< >「怪しすぎるよ、",
	"\\str[121]またイタズラしようとしてるでしょ……」"
  ],
  "16": [
    "\\str[120]の疑いが深くなった。このままだと、",
    "次は確実に追い出される……"
  ],
  "17": [
    "\\nl< >「ちょ、ちょっと？！\\str[121]、それ……！」"
  ],
  "18": [
    "「\\str[120]が迷ってる間、",
	"\\str[121]ずっと呪いの苦しみに耐えてるんだよ、",
    "\\str[120]は\\str[121]が苦しむの見ていられるの？」"
  ],
  "19": [
    "無邪気で可哀想な顔を作って\\str[120]をなだめつつ、グッと近づいて、",
    "すでに興奮しまくったチンポを\\str[120]の顔に押し付け、",
    "そのまま何度も擦りつけた。"
  ],
  "20": [
    "\\nl< >「でも…\\str[121]全然苦しそうに見えないし……   \\w[120]",
    "やだ、変なの顔に当てないでよ……」"
  ],
  "21": [
    "「ほら〜チンポもどんどん膨らんで爆発寸前だぞ？」"
  ],
  "22": [
    "\\nl< >「ん……んんっ……」"
  ],
  "23": [
    "「もし爆発したら、俺たちの温かい家がなくなっちゃうよ？」"
  ],
  "24": [
    "\\nl< >「……ほんと、\\str[121]って……   \\w[60]",
    "真顔で平気でウソつくよね……」"
  ],
  "25": [
    "\\str[120]は顔真っ赤、耳まで赤くなって、",
    "もう形だけの反抗すらしない——あと一歩……！",
    "あと一歩でその恥じらいの殻を完全に砕ける！"
  ],
  "26": [
    "\\str[120]券を差し出す",
    "何かを約束する",
    "お小遣いを渡す"
  ],
  "27": [
    "\\nl< >「…うん、分かったよ…    \\w[60]",
    "今回だけは\\str[121]手伝うから……」"
  ],
  "28": [
    "最後のワイロも効いたみたいで、\\str[120]の返事からはもう、",
    "抵抗する気持ちは全く感じなかった。"
  ],
  "29": [
    "\\nl< >「…これでいいの？」"
  ],
  "30": [
    "\\str[120]はそっと俺のチンポを握った、",
    "こういうことは本当に慣れてない感じ。"
  ],
  "31": [
    "ただ握られてるだけなのに、",
    "\\str[120]の手のひらの柔らかくて温かい感触でめちゃくちゃ興奮した。"
  ],
  "32": [
    "「握るだけじゃだめだよ、手で上下に動かさないと。」"
  ],
  "33": [
    "\\str[120]が意味分かってない顔してたから、",
    "俺が自分で手を取って上下に動かして見せた。"
  ],
  "34": [
    "\\nl< >「………………？？」"
  ],
  "35": [
    "\\nl< >「こ、こう…？」"
  ],
  "36": [
    "\\str[120]はゆっくり上下に擦り始めたけど、動きはぎこちなくて、",
    "でもこんな近くで\\str[120]の手の温もりを感じて、もう我慢できなかった。"
  ],
  "37": [
    "\\nl< >「……いつまでやればいいの？」"
  ],
  "38": [
    "「焦らなくていいよ、すぐ出るから——」"
  ],
  "39": [
    "だんだんコツを掴んできた\\str[120]が動きを早めてきて、",
    "急激な快感に耐えきれず、\\str[120]に声をかける余裕もなく——"
  ],
  "40": [
    "\\nl< >「……え？      \\w[30]\\{",
    "ヒィイイイアアアアアアーー！」"
  ],
  "41": [
    "予想外の大噴射に\\str[120]がパニックになって、",
    "反射的に手でチンポを塞いで精液を止めようとした。"
  ],
  "42": [
    "「大丈夫、これは危ないものじゃないから————",
    "\\w[20]\\^"
  ],
  "43": [
    "\\nl< >「——\\str[121]のチンポ爆発しちゃった？！",
    "しかも目が…？！熱いしベタベタするぅぅぅ……！！」"
  ],
  "44": [
    "「うおおおおおおああああああ——？！！」"
  ],
  "45": [
    "ビビった\\str[120]がさらに強くチンポを握り締めて、激痛に思わず",
    "俺も叫び声を上げてしまった。"
  ],
  "46": [
    "「ヒィイイイイアアアアアアアア——」",
    "「うおおおおおおああああああ——」"
  ],
  "47": [
    "\\nl< >「うぅ、身体がベタベタ……   \\w[90]",
    "\\str[121]のせいだよ、",
	"こんなことになるなんて聞いてないし……」"
  ],
  "48": [
    "「あ…ああ……それは確かに……」"
  ],
  "49": [
    "俺はぐったりして適当に返事するしかなかった、ついさっきまで",
    "\\str[120]に気持ちよくしてもらってたのに、最後のハプニングでちょっと心に傷残りそう……"
  ],
  "50": [
    "\\nl< >「もう！終わったら早く出てって！  \\w[60]",
    "お風呂入らなきゃ！！」"
  ],
  "51": [
    "本当は…一緒にお風呂入りたかった…のに……"
  ],
  "52": [
    "このまま一緒にお風呂入ったらもっと面白いことになりそうだけど、",
    "もう\\str[120]に洗面所から追い出されてしまった。"
  ]
}, 
  "15": {
        "0": [
            "あっ、そういえば……あの忍者少女が教えてくれた",
			"ヘンテコな知識の中に、",
            "「忍者扉構造理論」ってのがあったけど、",
            "意外と面白そうかも、浴室の扉を改造できるかも——"
		],
		"1": [
            "たとえば、",
			"ここからだけ見える視界を確保する小さな通路を作って——",
			"ちゃんと遮音と防水を維持できれば……いける——"
        ],
        "2": [
            "\\{ゴホン！\\}\\w[45]べ、別にやましい目的なんかじゃないぞ。",
            "万が一、\\str[120]がお風呂で倒れたときにすぐ気づけるように、",
            "純粋に安全面を考慮してるだけ！うん、そういうこと！"
        ],
        "3": [
            "\\{よし、今のうちに作業開始だ！"
        ],	
        "4": [
            "ふう……今日はこの辺でやめておこう。",
	        "長くやると\\str[120]に怪しまれるし。",
            "あと2、3回くらいやれば完成しそうだ~~！"
        ],
        "5": [
            "昨日の忍者扉改造はうまく進んだし、",
            "今日はその続きだ！"
        ],
        "6": [
            "ふっ……！危なかった、さっき壁を貫通しそうになった、",
            "でも\\str[120]が来なくてよかった……"
        ],
        "7": [
            "今日はこの辺で終わりにしよう。長くやると\\str[120]に怪しまれるし。",
            "あと一回改造すれば完成しそうだ~~！"
        ],
        "8": [
            "よし……今日は最終段階だ。",
            "これまでに基礎はできてる、あとは最後の層を丁寧に削って……",
            "半透明の断熱フィルムを貼れば、\\str[120]にもバレないはず……"
        ],
        "9": [
            "……完成だ！視界も完璧、隠蔽性もバッチリ！",
            "これで浴室の中の様子がバッチリ確認できる！",
            "明日から本格的に運用できそうだな~！"
        ],
        "10": [
            "もちろん、これは\\str[120]の健康管理のため！",
            "決してやましい気持ちがあるわけじゃないからな！"
        ],
        "11": [
            "汗びっしょりだ、早く風呂に入ろう！"
        ],
		"12": [
            "トントントントントントントントントン~~!"
        ]
  },	
  "17": {
        "0": [
            "もうすぐ\\str[120]がお風呂から上がる……",
			"早く出よう。"
		],
		"1": [
            "浴室の扉から\\str[120]の姿は見えない…",
			"湯船に浸かっているみたいだな…"
        ],
        "2": [
            "浴室の扉から\\str[120]の姿が見える…",
            "まだ体を洗っているみたいだ…"
        ],
        "3": [
            "\\str[120]はまだ俺が浴室の前にいることに気づいていない。",
            "どうする……？ "
        ],
        "4": [
            "突入!",
			"覗く",
			"やめろ"
        ],
        "5": [
            "じゃあ……",
			"ちょっとだけ覗いてみるか……"
        ],	
        "6": [
            "\\str[120]の輪郭がガラスにくっきり浮かんでいて、",
			"いろいろと想像してしまう。"
        ],	
        "7": [
            "続ける",
			"帰ろう"
        ],	
        "8": [
            "安全だし、探索を続けよう！"
        ],
        "9": [
            "\\str[120]はもうお風呂を上がった、",
			"早く離れよう。"
        ],	
        "10": [
            "……おおお！見えるぞ！"
        ],	
        "11": [
            "\\str[120]が丁寧に腕を拭いてる……。"
        ],		
        "12": [
            "ボディソープか？",
			"泡が多すぎて、細かいところが見えにくいな…"
        ],
        "13": [
            "\\str[120]はまだ丁寧に胸を拭いている……",
			"なんだか色っぽいな…"
        ],
        "14": [
            "…………まだ見続けるか？"
        ],
        "15": [
            "続けて覗く",
			"忍者门を使う",
			"やめておく"
        ],
        "16": [
            "……\\str[120]がもうすぐ俺の気配に気づきそうだ。",
			"これ以上見るのはやめておこう。"
        ],
        "17": [
            "\\str[120]はもう浴槽に入った。",
			"楽しそうに鼻歌を歌ってる。"
        ],
        "18": [
            "……そろそろかな。\\str[120]がもうすぐ出てくる。",
			"早く離れないと。"
        ],
        "19": [
            "この傑作を使って、続きを楽しむ時が来た……！"
        ],
        "20": [
            "——もうしっかり活用してるじゃないか。"
        ],
        "21": [
            "\\str[120]はまだ丁寧に胸を拭いている……",
			"なんだか色っぽいな…"
        ]		
    },	
  "23": {
        "0": [
            "こっそり近づいてきた…………  \\w[30]",
			"覗くなら、そっとドアを開けて\\str[120]にバレないようにしないと——"
		],
		"1": [
            "おおおー！見えるぞ！",
			"\\str[120]がパンツを脱ごうとしているみたいだ。",
			"この視点からおまんこが見えるかな！？"
        ],
        "2": [
            "おおおー！見えるぞ！",
            "\\str[120]が服を脱ごうとしているみたいだ。",
			"パンツだけの姿はなかなか見られないよね。",
			"脱ぐ瞬間が見えるかな！？"
        ],
        "3": [
            "おおおー！見えるぞ！",
            "\\str[120]が服を脱ごうとしているみたいだ。",
			"\\str[120]の下半身がもうすっかり裸だ。もっと近くで見たいな…！"
        ],
        "4": [
            "やばい、ドアを押しすぎた……！"
        ],
        "5": [
            "……いいものを見た気がする。       \\w[30]",
			"そろそろ退いたほうがいいかな。"
        ],	
        "6": [
            "次はどうしようか？洗面所に潜入し続けるべきかな？"
        ],	
        "7": [
            "潜入を続ける",
			"戻るか"
        ],	
        "8": [
            "このまま続ければ、何か発見できるかも…！"
        ],
        "9": [
            "今日はここまでにしよう。\\str[120]に見つかったらまずいからね。"
        ],
        "10": [
            "……覗いているのが\\str[120]に気づかれた！",
			"すぐに追い出されてしまった。"
        ]
    },	
  "25": {
        "0": [
            "\\nl< >「お、\\str[121]！？なんで入ってきたの？」"		
		],
		"1": [
            "\\nl< >「……ドアの後ろにいるのは\\str[121]？」"
        ],
        "2": [
            "ぐぅっ……！",
            "やっぱりバレちゃったか。"
        ],
        "3": [
            "\\nl< >「やっぱり\\str[121]だ、こそこそして何してるの？」"
        ],
        "4": [
            "\\nl< >「……\\str[121]？    \\w[30]",
			"ドアの後ろにこそこそ隠れて、何してるの？」"
        ],
        "5": [
            "もう突入しちゃった…",
			"後戻りはできない……！"
        ],	
        "6": [
            "覗きがバレちゃった……",
			"\\str[120]にどう説明すればいいんだ……"
        ],	
        "7": [
            "健康診断",
			"裸をみせて！",
			"言い訳を探す",
			"最後の手段",
			"えっちしたい！"
        ],	
        "8": [
            "ああ………！",
			"これしかもう方法が残ってないんだな！"
        ],
        "9": [
            "「逃げるんだよォ——!!!」"
        ],
        "10": [
            "俺は急いでその場を立ち去った。",
			"もちろん、その後に\\str[120]にこっぴどく叱られるのは",
			"避けられなかったけど。"
        ],
        "11": [
            "\\{",
			"(……やるんだな！？",
			"今…！ここで！)"
        ],
        "12": [
            "\\nl< >「\\str[121]！？また覗きに来たの……！」"
        ],
        "13": [
            "……\\str[120]に覗いてるのバレたみたい！",
			"でも気のせいかな？",
			"なんだかおまんこをわざと見せてくれてるような——"
        ],	
        "14": [
            "「落ち着け、\\str[120]よ。",
			"\\str[121]は決して悪いことをしに来たわけじゃないんだ。」"
        ],
        "15": [
            "\\{「ただ暗闇からますます可愛くなる\\str[120]",
			"を見守っていただけなんだ！」"
        ],
        "16": [
            "「そう、ただの健康診断さ！」"
        ],
        "17": [
            "\\nl< >「その言い訳、前にも聞いたよ！」"
        ],
        "18": [
            "「違う！今回は前回とは全く別の話だ！」"
        ],
        "19": [
            "\\nl< >「意、意味不明だよ…",
			"なんで\\str[121]こんなことするの……」"
        ],
        "20": [
            "「それはとても大事なことなんだ！",
			"もし\\str[120]の身体に何か問題があって、",
			"\\str[121]が気づかなかったら……！」"
        ],
        "21": [
            "\\nl< >「うぅぅぅ……\\str[121]は結局何がしたいの？」"
        ],
        "22": [
            "「まずはおっぱいを見せてくれ。」    \\w[40]\\^"
        ],
        "23": [
            "あ、しまった。つい本音を言ってしまった。"
        ],
        "24": [
            "\\nl< >「……それって本当に関係あるの？」"
        ],
        "25": [
            "\\nl< >「分かったよ、\\str[121]に見せればいいんでしょ…     \\w[120]",
			"\\}\\str[121]って本当にずるいん…\\{」"
        ],
        "26": [
            "\\nl< >「これで満足でしょ？」"
        ],
        "27": [
            "「あ、うん、とっても綺麗だね。」"
        ],
        "28": [
            "まさか本当に\\str[120]がおっぱいを見せてくれるなんて",
			"思わなかった。驚きすぎて、",
			"よく見られなかった気がする。"
        ],
        "29": [
            "\\nl< >「はい、これで終わり！",
			"\\str[121]もう健康診断したでしょ？",
			"あたしお風呂に入るから、早く出てって！」"
        ],
        "30": [
            "\\nl< >\\{",
			"「するか！もう\\str[121]のバカ！」"
        ],
        "31": [
            "\\str[120]に洗面所から押し出された。    \\w[30]",
			"……次もこの言い訳が通用するかな？"
        ],
        "32": [
            "「実はね、\\str[121]は、",
			"裸を見ないと死んじゃう病気なんだ……！」"
        ],
        "33": [
            "適当な言い訳だったけど、",
			"俺は自然と苦しそうな表情を作ってしまった。"
        ],
        "34": [
            "\\nl< >「え！？\\str[121]、そんな病気にかかってるの！？」"
        ],
        "35": [
            "「いつからかは覚えてないけど…",
			"発作が起こると全身がかゆくなって、",
			"裸を見るとやっと治まるんだ！」"
        ],
        "36": [
            "\\nl< >「そんな病気、本当にあるの？」"
        ],
        "37": [
            "「あ…ああ…！！全身がかゆくなってきた…！」"
        ],
        "38": [
            "俺はわざとらしく地面に倒れ込み、",
			"全身を不自然に震わせ始めた。"
        ],
        "39": [
            "\\nl< >\\{「…………………………」"
        ],
        "40": [
            "\\nl< >「分かったよ、",
			"\\str[121]がそこまで言うなら、見せてあげるよ…」"
        ],
        "41": [
            "純粋な\\str[120]はすぐに俺の話を信じて、",
			"恥ずかしそうに可愛い表情を浮かべた。"
        ],
        "42": [
            "\\nl< >「これで満足でしょ？」"
        ],
        "43": [
            "\\str[120]のあまりにも可愛い仕草に、",
			"俺はただただ\\str[120]をじっと見つめてしまい、",
			"演技を続けるのを完全に忘れていた。"
        ],
        "44": [
            "\\nl< >「……もうかゆくない？」"
        ],
        "45": [
            "「うん、今はすごくすっきりしてるよ。」"
        ],
        "46": [
            "俺はさっさと地面から起き上がり、にこにこと\\str[120]を見つめた。"
        ],
        "47": [
            "\\nl< >「うぅぅぅ……！やっぱり\\str[121]",
			"あたしをからかってたんでしょ！？」"
        ],
        "48": [
            "\\nl< >「\\str[121]のバカ！早く出て行ってよ！」"
        ],
        "49": [
            "\\str[120]は頬を膨らませながら、俺を洗面所から追い出した。",
			"うーん…やっぱり最後の最後でバレちゃったか？"
        ],
        "50": [
            "\\nl< >「え！？あたしのを見たいって……！？」"
        ],
        "51": [
            "\\nl< >「するか！もう\\str[121]のバカ！」"
        ],
        "52": [
            "\\nl< >「なんでそんなこと言うの！？おかしいでしょ…！」"
        ],
        "53": [
            "\\nl< >\\{「もう\\str[121]のバカ！！！」"
        ],
        "54": [
            "\\str[120]に怒られて洗面所から追い出された。",
			"やっぱり無理を言い過ぎたかな…"
        ]
    },
  "32": {
        "0": [
            "\\str[120]に呼ばれたから、特に気にせずそのまま洗面所に入った。   \\w[30]\\{",
			"うんうん、呼ばれたんだから別にいいよね。"
		],
		"1": [
            "「どうしたの？」"
        ],
        "2": [
            "\\nl< >「あの……シャンプーがなくなっちゃって、",
			"\\str[121]持ってきてもらえる？」"
        ],
        "3": [
            "\\str[120]は少し恥ずかしそうに浴室から顔だけをのぞかせ、",
			"まるで警戒しながらも好奇心いっぱいの小動物みたいで、",
			"思わずからかいたくなる……",
            "さて、どうしたものか。"
        ],
        "4": [
            "\\str[120]を呼ぶ",
			"シャンプーを取る"
        ],
        "5": [
            "\\nl< >「え……まだお風呂に入ってるの…」"
        ],	
        "6": [
            "\\nl< >「まったくもう、",
			"床を濡らしたくないから\\str[121]呼んだのに…」"
        ],	
        "7": [
            "変な想像はやめて、",
			"棚から予備のシャンプーを取り出して\\str[120]に渡した。"
        ],	
        "8": [
            "\\nl< >「\\str[121]、ありがとう！",
			"じゃあ、入ってくるね。また後で！」"
        ],
        "9": [
            "\\str[120]はドアを閉めてお風呂に戻っていった。   \\w[30]",
			"うーん……まだここにいるべきかな？"
        ],
        "10": [
            "探索しよう",
			"帰ろう"
        ],
        "11": [
            "せっかくだし、もう少し探索してみよう！"
        ],
        "12": [
            "\\str[120]はまだお風呂中だし、やっぱり戻ろう……"
        ],
        "13": [
		    "\\str[120]は素直に俺のそばへやって来た。",
		    "まだお風呂の途中なので、バスタオルを軽く羽織っただけで、",
		    "体からは石けんと湯気が混ざった甘い香りが漂っていた。"
        ],
        "14": [
            "さて、\\str[120]に何をしてあげようか……？"
        ],
        "15": [
            "飴をあげる",
			"なでなで",
			"おっぱいを揉む",
			"何気なく話"
        ],
        "16": [
            "「よしよし、いい子だね〜飴あげる〜」"
        ],
        "17": [
            "\\nl< >「もう食べたもん——    \\w[70]\\^"
        ],
        "18": [
            "\\nl< >「この飴、美味しいけど……",
			"なんだか体がポカポカしてくるんだよね……」"
        ],
        "19": [
            "\\nl< >「飴だ…甘い…     \\w[60]",
			"けど、\\str[121]、まるでおじいちゃんみたい…」"
        ],
        "20": [
            "\\str[120]の口に不思議な金平糖をひとつ入れてあげた。"
        ],
        "21": [
            "\\nl< >「だからって！今は触っちゃダメー！」"
        ],
        "22": [
            "「    ヾ(・ω・｀)    ",
			"よしよし〜」"
        ],
        "23": [
            "\\nl< >「んー      \\w[45]",
			"まだ髪が濡れてるから、",
			"今は触らないで…」"
        ],
        "24": [
            "\\str[120]のしっとり濡れた髪をなでてみたけど、",
			"やっぱり手触りはよくなかった……"
        ],
        "25": [
            "\\nl< >「\\str[121]……最初、何しに来たか覚えてる……？」"
        ],
        "26": [
            "\\nl< >「欲求不満なら、正直に言えばいいのに……",
			"どうせ\\str[121]は、いつもそういうことばっかり考えてるんでしょ……」"
        ],
        "27": [
            "\\nl< >「また手が滑ったの……？   \\w[90]\\{",
			"\\str[121]のエッチ！」"
        ],
        "28": [
            "バスタオルに包まれた\\str[120]の豊かな曲線を見ているうちに、",
			"気づけばその柔らかく重みのある感触に手を伸ばし、思わず揉んでしまった。"
        ],
        "29": [
            "\\nl< >\\{「——にゃあ！\\str[121]！？」"
        ],
        "30": [
            "「ごめん、手が滑っただけだ。」"
        ],	
        "31": [
            "\\nl< >「今はもう意地悪しないでよ…！」"
        ],	
        "32": [
            "うーん……この感触からして、",
			"\\str[120]、またちょっと成長したみたいだな。"
        ],	
        "33": [
            "\\nl< >「もういいでしょ……シャンプーはどこ？」"
        ],		
        "34": [
            "「お湯の温度、ちょうどいい？」"
        ],		
        "35": [
            "\\nl< >「温度ちょうどよくて、すごく気持ちいいよ。」"
        ],		
        "36": [
            "\\str[120]と軽く雑談を交わした。"
        ],			
        "37": [
            "うーん、結構時間使っちゃったし、もうからかうのはやめて、",
			"早くシャンプーを用意してあげよう。"
        ],			
        "38": [
            "\\nl< >「\\str[121]、ありがとう！",
			"じゃあ、入ってくるね。また後で！」"
        ],			
        "39": [
            "\\str[120]はドアを閉めてお風呂に戻っていった。    \\w[30]",
			"これ以上いたら怪しまれる……そろそろ戻ろう。"
        ],			
        "40": [
            "\\nl< >\\{「——うにゃ！？」",
			"\\w[45]\\^"
        ],			
        "41": [
            "\\str[120]が目の前で突然足を滑らせ、",
			"そのまま顔から床に倒れ込んだ。見ているだけで痛そうだ……"
        ],			
        "42": [
            "\\{「……あっ！",
			"だ、大丈夫！？」"
        ],			
        "43": [
            "慌てて\\str[120]を抱き起こすと、",
			"幸い衝撃はそれほど強くなかったようで、\\str[120]にケガはなかった。"
        ],			
        "44": [
            "\\nl< >「うぇぇぇ…\\str[121]、痛いよぉ……」"
        ],			
        "45": [
            "\\nl< >「頭にたんこぶができそう……！」"
        ],			
        "46": [
            "\\str[120]が痛みで小さく震えているのを見て、",
			"俺はそっと声をかけながら支え、浴室へ連れていって髪を洗ってあげた。"
        ]	
    }		
}