{
  "3": {
    "0": [
      "…\\str[120] sigue profundamente dormida. ",
      "¿Qué debería hacer?"
    ],
    "1": [
      "Despertarla",
      "Acariciarle la cabeza",
      "Dejarla estar"
    ],
    "2": [
      "El Elixir Rubrum parece haber mejorado ",
      "la condición de mi hermana, pero no puedo dejar de ",
      "preocuparme de que los efectos sean temporales."
    ],
    "3": [
      "Acaricié suavemente la mejilla de \\str[120]. Quizás ",
      "le hizo cosquillas, pues hizo una mueca como si ",
      "intentara soportarlo con esfuerzo."
    ],
    "4": [
      "\\nl< >\"Mmm... hmm…\""
    ],
    "5": [
      "\"Ya es de mañana. ¿Crees que puedas levantarte?\""
    ],
    "6": [
      "Por su condición, \\str[120] siempre tiene ",
      "dificultad para despertar por la mañana,",
      "¿quizás no debería forzarla a levantarse…?"
    ],
    "7": [
      "Seguir intentando",
      "Dejarla estar"
    ],
    "8": [
      "\\nl< >\"Mnyaa…\"",
      "\\nl< >\"—\\str[121]…\"",
      "\\nl< >\"Mmm… mmhm…\""
    ],
    "9": [
      "Solo murmuró un poco y siguió durmiendo.",
      "Estas cosas no pueden apresurarse. ",
      "Mejor dejarla dormir un poco más…"
    ],
    "10": [
      "Le acaricié suavemente la cabeza."
    ],
    "11": [
      "…Supongo que es hora de preparar el desayuno."
    ]
  },
  "4": {
    "0": [
      "\"¿Cómo te sientes? ",
      "¿No te estás esforzando demasiado?\""
    ],
    "1": [
      "\\nl< >\"Mnyaa… \\w[180]Estoy bien yiiiiii——\"\\w[30]\\^"
    ],
    "2": [
      "\"¡Cuidado!\\w[45] En serio,\\w[45]",
      "aún estás medio dormida, ¿verdad?\""
    ],
    "3": [
      "\"Oye~ ¿sigues medio dormida?",
      "¡Entonces \\str[121] se pondrá serio~!\""
    ],
    "4": [
      "\\nl< >\"Mmmmmm…\""
    ],
    "5": [
      "\"Aquí voy———\""
    ],
    "6": [
      "\"¿Te sientes más despierta ahora?\""
    ],
    "7": [
      "\\nl< >\"Uweh… hay… tantos de ti, \\str[121]…\""
    ],
    "8": [
      "\"Si aún no te sientes bien, ",
      "prueba lavarte la cara primero.\""
    ],
    "9": [
      "\\nl< >\"Solo llévame… \\str[121]…\""
    ],
    "10": [
      "Vaya, quizás la broma fue demasiado…",
      "\\str[120] sigue muy aturdida."
    ],
    "11": [
      "\"¡Gira gira gira gira gira gira gira~!\""
    ],
    "12": [
      "\\nl< >\"¡Rueda rueda rueda rueda rueda rueda rueda~!\""
    ],
    "13": [
      "\\nl< >\"Uweeeeh~~~~\"  \\w[120]"
    ],
    "14": [
      "Mareada y confundida, \\str[120] cayó de vuelta en la cama...",
      "¿Eh? ¿Quizás me pasé con la broma?"
    ],
    "15": [
      "Al ver que ni siquiera tenía fuerza para ",
      "levantarse, no tuve más opción que rendirme ",
      "y dejar de presionarla."
    ],
    "16": [
      "\"…Supongo que es hora de hacer el desayuno.\""
    ]
  },
  "5": {
    "0": [
      "Entré con \\str[120] a la sala. La TV ya estaba encendida,",
      "y ella estaba acurrucada en el sofá como un pajarito ",
      "esperando en su nido, abrazando sus rodillas ",
      "y mirando fijamente la pantalla."
    ],
    "1": [
      "¿Qué anime la tiene tan enganchada? Como nunca ",
      "estoy en casa de día, no sé qué suele ver,",
      "pero verla tan emocionada me dio curiosidad,",
      "así que me senté en el sofá y miré la TV."
    ],
    "2": [
      "\\{\\c[27]“¡Starlight Magical Girl Ruby!”",
      "¡Episodio 1! ",
      "Una Chica Común y el Milagro de las Estrellas. ",
      "¡Comienza el Contrato!"
    ],
    "3": [
      "\\c[27]Ruby es una chica común: notas promedio, mala en deportes y sin magia.",
      "Pero un día, al volver a casa, ¡es perseguida por un monstruo hasta un callejón!",
      "En su desesperación, aparece el espíritu estelar 'Noa', ",
      "¡despertado por su deseo de vivir! '¡Quiero vivir!' grita, ",
      "y en ese instante—"
    ],
    "4": [
      "\\c[27]¡Estalla la luz estelar—el contrato del destino se sella!",
      "¡Su primera transformación! Guiada por instinto, repele al monstruo.",
      "Mirando sus manos brillantes, ",
      "Ruby exclama: '¿Esto… soy yo?'"
    ],
    "5": [
      "\\nl< >\"¡Se transformó! ¡Increíble—! ",
      "¡Y Noa es tan linda! ¡La luz es preciosa!   \\w[120]",
      "¡Mira, \\str[121]! Antes Ruby-chan no podía hacer nada,",
      "¡pero al final fue elegida como magical girl!\""
    ],
    "6": [
      "\"Ah, sí…\""
    ],
    "7": [
      "……………………",
      "……………………"
    ],
    "8": [
      "¿¡Se transformó así nomás!? ",
      "¿Ya terminó la pelea?",
      "Un contrato con monstruos es peligroso…",
      "¿Dejar que una niña lo haga no traerá problemas…?"
    ],
    "9": [
      "Miré la TV con seriedad, confundido.",
      "Pero al ver a \\str[120] boquiabierta y emocionada, ",
      "decidí no decir nada."
    ],
    "10": [
      "\"Sí, los efectos son espectaculares. Mientras te guste…\""
    ],
    "11": [
      "No entendí bien la trama,",
      "¡pero disfruté el momento con \\str[120]!"
    ],
    "12": [
      "El episodio pasado fue un caos…",
      "Pero a \\str[120] le encanta, ¿así que no será raro?   \\w[60]",
      "¡No! ¡No debo juzgar por unas escenas!",
      "Pensando eso, volví a sentarme y mirar la TV."
    ],
    "13": [
      "\\{\\c[27]“¡Starlight Magical Girl Ruby!”",
      "¡Episodio 2! ",
      "¡Comienza el Entrenamiento! ",
      "¡Descontrol Mágico!"
    ],
    "14": [
      "\\c[27]¡Empieza el entrenamiento!",
      "Las lecciones estelares de Noa llevan a Ruby al límite.",
      "Tras caer 37 veces, logra transformarse sola—",
      "¡pero su magia se descontrola!",
      "\\c[27]¡El colegio se vuelve un desastre y la ciudad explota! ",
      "Con quejas y seguridad interviniendo, ",
      "¿podrá la magical girl más débil ",
      "triunfar bajo el duro entrenamiento de Noa?!"
    ],
    "15": [
      "\\nl< >\"Ahh… pobre Ruby…    \\w[90]",
      "Debe sentirse frustrada… Apenas tiene sus poderes ",
      "y aún no se acostumbra.\""
    ],
    "16": [
      "\"Sí, es difícil de ver…\""
    ],
    "17": [
      "¿Esto no es… explotación infantil?",
      "¿Y el espíritu Noa…?",
      "¿Cómo lograron contratos exitosos antes…?"
    ],
    "18": [
      "Sin querer arruinarle el momento a \\str[120], ",
      "me quejé en silencio—"
    ],
    "19": [
      "\\{\\c[27]“¡Starlight Magical Girl Ruby!”",
      "¡Episodio 3! ",
      "¡El Primer Enfrentamiento: Llama vs Estrellas!"
    ],
    "20": [
      "\\c[27]¡La misteriosa Reina llega al colegio!",
      "¡Su magia de llama supera a la torpe Ruby!",
      "Tras su mirada fría yace un pasado doloroso—",
      "¡La novata indecisa vs la guerrera experimentada!",
      "\\c[27]¡Sus ideales chocan al atacar monstruos!",
      "¿Podrán cooperar llama y estrellas?!"
    ],
    "21": [
      "\\nl< >\"Reina asusta… ¡pero es tan fuerte!   \\w[90]",
      "Ruby necesita una compañera como ella, ¿no?      \\w[90]",
      "¿Serán buenas amigas?\""
    ],
    "22": [
      "Sí, Reina es genial…",
      "Seguro será una aliada confiable.”"
    ],
    "23": [
      "Asentí junto a \\str[120],",
      "viendo las escenas y animación del episodio—",
      "Empecé a engancharme también."
    ],
    "24": [
      "¡Ahora quiero ver el próximo!",
      "¡Buena tarde de anime con \\str[120]!"
    ],
    "25": [
      "Empecé viendo casualmente, ",
      "pero terminé viendo varios episodios…",
      "El ritmo es caótico, pero el mundo es interesante.   \\w[60]",
      "Al ver a \\str[120] tan emocionada—ahora entiendo.",
      "¿Qué pasará después…?",
      "Me recosté en el sofá,",
      "hipnotizado por la pantalla."
    ],
    "26": [
      "\\{\\c[27]“¡Starlight Magical Girl Ruby!”",
      "¡Episodio 4! ",
      "¡Susurros en el Festival!"
    ],
    "27": [
      "\\c[27]¡Comienza el festival escolar! ",
      "Ruby y Reina deben administrar un puesto juntas.",
      "¡Máquina de algodón explota! ¡Bola de cristal se rompe!",
      "¡Nace el peor equipo! Pero Noa escucha susurros—",
      "\\c[27]En ojos vacíos… ¡niebla oscura surge!",
      "Con fuegos artificiales, una sombra se extiende.",
      "¿Qué secretos esconde el festival?"
    ],
    "28": [
      "\\nl< >\"¡El festival se ve divertido!     \\w[90]",
      "¡Ruby y Reina se están haciendo amigas…!\""
    ],
    "29": [
      "\"Es divertido, sí…  \\}",
      "Pero su relación se está rompiendo…\""
    ],
    "30": [
      "\\{\\c[27]“¡Starlight Magical Girl Ruby!”",
      "¡Episodio 5! ",
      "¡El Doloroso Pasado de Reina!"
    ],
    "31": [
      "\\c[27]¡Investigando la niebla oscura! ",
      "Reina hostiga a la víctima. En una capilla abandonada, ",
      "garras de un demonio desatan sus recuerdos—",
      "¡Magia de llama se descontrola!",
      "\\c[27]Muñecos quemados y marcos rotos.",
      "'¡Mi pueblo… quedó en cenizas!' grita Reina llorando.",
      "¡En ese momento, otro demonio despierta!",
      "¿Viejas heridas se abrirán de nuevo?!"
    ],
    "32": [
      "\\nl< >\"¿Cómo pudo pasar…? ",
      "No sabía del pasado de Reina…     \\w[90]",
      "\\str[121], ¿qué les pasará ahora…?\""
    ],
    "33": [
      "\"¡S-se solucionará! ¡Tienen magia!",
      "¡Quizás Ruby brillará en el próximo episodio!\""
    ],
    "34": [
      "Moví mis brazos para calmarla.",
      "¿No es esto sobre la amistad entre chicas?",
      "¡Pero la trama está intensa—seguro habrá un gran momento!\""
    ],
    "35": [
      "¡Ansioso por el próximo episodio!",
      "¡Momento emocionante con \\str[120]!"
    ]
  },
  "6": {
    "0": [
      "Tan picante... duele..."
    ],
    "1": [
      "\\nl< >\"Uuuu... mi boca arde...",
      "duele... uuuu...\""
    ],
    "2": [
      "\\str[120] yacía en la cama,",
      "sufriendo por el picante.",
      "Debo ayudarla rápido..."
    ],
    "3": [
      "Acariciar su cabeza",
      "Acariciar su trasero",
      "Preparar una bebida"
    ],
    "4": [
      "Acaricié suavemente la cabeza de \\str[120],",
      "preguntándome si la aliviaría..."
    ],
    "5": [
      "\\nl< >\"Uuuu... ahora me duele la cabeza también...\""
    ],
    "6": [
      "\\nl< >\"Ue e e...\""
    ],
    "7": [
      "No parece funcionar..."
    ],
    "8": [
      "Acaricié suavemente su trasero,",
      "preguntándome si la aliviaría..."
    ],
    "9": [
      "\\nl< >\"Uuuu... \\str[121]...\""
    ],
    "10": [
      "\\nl< >\"Uee... ahora me duele el trasero...\""
    ],
    "11": [
      "Busqué rápido y encontré \\ii[\\v[85]]!"
    ],
    "12": [
      "\"Toma \\ii[\\v[85]], ",
      "¿quieres beberlo...?\""
    ],
    "13": [
      "\\nl< >\\{  \"¡Sí!!\""
    ],
    "14": [
      "\\str[120] bebió el \\ii[\\v[85]] de un trago..."
    ],
    "15": [
      "Busqué, pero no había bebidas.",
      "Sin opción, le di un vaso de agua."
    ],
    "16": [
      "\\str[120] bebió el agua de un trago..."
    ],
    "17": [
      "\\nl< >\"Uuuu... aún me duele...\""
    ],
    "18": [
      "\\nl< >\"Mejoré un poco... ",
      "pero la lengua sigue entumecida.\""
    ],
    "19": [
      "\\nl< >\"Los chiles son el enemigo...\""
    ],
    "20": [
      "Al ver sus labios hinchados,",
      "me vinieron pensamientos extraños——"
    ],
    "21": [
      "Revisión bucal"
    ],
    "22": [
      "\\nl< >\"Ehh... no, da vergüenza...",
      "¡\\str[121] olerá algo raro!\""
    ],
    "23": [
      "\\str[120] rechazó la revisión. ",
      "Quizás mi pedido fue muy raro..."
    ],
    "24": [
      "Me alegro que esté mejor,",
      "debo evitar comida picante la próxima..."
    ],
    "25": [
      "\"¡Es solo preocupación! ",
      "¡Es una revisión normal!\""
    ],
    "26": [
      "\\nl< >\"¿U-una revisión?\""
    ],
    "27": [
      "Bajo mi mirada, \\str[120] se sonrojó,",
      "pero sus ojos mostraron ternura y curiosidad,",
      "con un leve brillo de esperanza en sus mejillas."
    ],
    "28": [
      "\"¡Sería malo si tienes ampollas!\""
    ],
    "29": [
      "\\nl< >\"Entiendo... entonces...",
      "solo mira, ¿vale? Nada raro...\""
    ],
    "30": [
      "\\nl< >\"Ah, ahh———\""
    ],
    "31": [
      "\\str[120] no se resistió, ",
      "obedeció parándose frente a mí,",
      "levantando la cabeza y abriendo su boca,",
      "su lengua asomándose tímidamente."
    ],
    "32": [
      "Quizás por lo picante, su lengua ",
      "estaba roja y temblorosa,",
      "con saliva resbalando por sus labios."
    ],
    "33": [
      "Parecía avergonzada y mareada,",
      "sus ojos llorosos, sin saber si aún sentía dolor."
    ],
    "34": [
      "\\nl< >\"¿\\str[121]— ya terminaste?\"",
      "\\w[150]"
    ],
    "35": [
      "¡Tratamiento bucal!"
    ],
    "36": [
      "Ante la escena tentadora, ",
      "tragué saliva, sintiendo un deseo incontrolable."
    ],
    "37": [
      "\"\\str[121] te aliviará, ¿vale? ",
      "El dolor se irá...\""
    ],
    "38": [
      "\\nl< >\"—————¿Eh?\""
    ],
    "39": [
      "Como intentando convencerme,",
      "me acerqué a su cara,",
      "y toqué su lengua tierna ",
      "con la mía, lamiéndola suavemente."
    ],
    "40": [
      "Al contacto, se estremeció.",
      "Parecía confundida,",
      "pero no se resistió, mirándome ",
      "con ojos curiosos y húmedos."
    ],
    "41": [
      "Saboreando su dulzura, ",
      "olvidé mi propósito,",
      "la sensación de su boca creó un placer ",
      "que me hizo ser más audaz y ansioso."
    ],
    "42": [
      "Su lengua empezó a responder,",
      "mostrando una tímida cooperación ",
      "y un sutil deseo."
    ],
    "43": [
      "\\nl< >\"Mmm... haa, \\str[121]…\""
    ],
    "44": [
      "No supe cuánto duró,",
      "pero \\str[120] se quedó sin aliento,",
      "presionando mi pecho y gimiendo,",
      "hasta que, sofocada, solté su boca."
    ],
    "45": [
      "\\nl< >\"Haa... haa...\""
    ],
    "46": [
      "\\nl< >\"¡Mmph, \\str[121]! ",
      "Dijiste que era solo una revisión...!\""
    ],
    "47": [
      "Aunque se quejaba,",
      "su tono era más juguetón que enojado."
    ],
    "48": [
      "\"Perdón, seré cuidadoso…",
      "¿pero ya no duele?\""
    ],
    "49": [
      "\\nl< >\"Eh... Sí...\""
    ],
    "50": [
      "\\nl< >\"¡No…! ¡Eso no importa! ",
      "\\w[160]\\^"
    ],
    "51": [
      "\\nl< >\\{",
      "¡Idiota, \\str[121]!\""
    ],
    "52": [
      "\\str[120] huyó."
    ],
    "53": [
      "Miré su figura tímida,",
      "mi lengua aún sintiendo su dulzura,",
      "una mezcla de placer y tabú ",
      "que no se desvanecía..."
    ]
  },
  "7": {
    "0": [
      "Hmm... tengo hambre. ",
      "Es hora de cenar."
    ],
    "1": [
      "\"Oye, es de noche. ",
      "Hora de despertar, dormilona.\""
    ],
    "2": [
      "\\nl< >\"Mmnn—\\w[60]solo una hora más...\""
    ],
    "3": [
      "\\str[120] sigue en la cama sin moverse.",
      "No hay remedio..."
    ],
    "4": [
      "\"Por cierto, ",
      "hay hamburguesa recién hecha—\""
    ],
    "5": [
      "\\nl< >\"Ugh... tengo sueño—\""
    ],
    "6": [
      "\\nl< >\"¿¡Dónde está la hamburguesa!? ",
      "¡¿Dónde!?\""
    ],
    "7": [
      "\"Perdón, solo existía en tus sueños—\""
    ],
    "8": [
      "\\nl< >\"Ehh… ¡\\str[121], eres malo!\""
    ]
  },
  "8": {
    "0": [
      "Al entrar a la habitación de \\str[120],",
      "la encontré en el suelo como un ",
      "pescado seco, sin energía."
    ],
    "1": [
      "El calor exterior había entrado,",
      "el aire era abrasador al entrar."
    ],
    "2": [
      "Esto no puede seguir,",
      "¡debo ayudar a \\str[120] con el calor…!"
    ],
    "3": [
      "Me apresuré a cuidarla,",
      "casi con insolación,",
      "hasta que el atardecer llegó ",
      "y empezó a recuperarse…"
    ],
    "4": [
      "Lamíamos paletas desesperados por refrescarnos,",
      "pero el calor nos dejó sudorosos."
    ],
    "5": [
      "\\str[120] se levantaba la camisa ",
      "para crear brisa, olvidando su timidez."
    ],
    "6": [
      "\\nl< >\"Hace tanto calor… quiero bañarme…\""
    ],
    "7": [
      "¡Vamos Juntos!",
      "¡Vamos!"
    ],
    "8": [
      "\\nl< >\"¡No, hace mucho calor para estar juntos!\""
    ],
    "9": [
      "\\nl< >\"¡Basta! ¡No bromees ahora!\""
    ],
    "10": [
      "Es verano… pero me siento solo…"
    ],
    "11": [
      "Nos turnamos para bañarnos,",
      "pero seguimos sudando hasta la noche…"
    ],
    "12": [
      "A escondidas…",
      "A escondidas…",
      "Me acerqué a su habitación."
    ],
    "13": [
      "\"Mirón————  \\w[60]",
      "¿¡Qué!?\""
    ],
    "14": [
      "Pensé que dormía,",
      "pero estaba relajada frente al ventilador."
    ],
    "15": [
      "Creía que nadie estaba y se relajó por completo,",
      "sin notar su postura vulnerable."
    ],
    "16": [
      "Creía que nadie estaba y se quitó las pantis."
    ],
    "17": [
      "Tras mirar un rato, ",
      "me avergoncé y me retiré."
    ],
    "18": [
      "Al encender el ventilador,",
      "el aire se volvió fresco."
    ],
    "19": [
      "\\nl< >\"¡Ohhh—qué frescura~!\""
    ],
    "20": [
      "\"¡No te sientes frente al ventilador! ",
      "¡te resfriarás!\""
    ],
    "21": [
      "\\str[120] lamía su paleta feliz ",
      "en la brisa."
    ],
    "22": [
      "Tras una paleta, mi temperatura bajó.",
      "Aunque las cigarras seguían ",
      "y el calor persistía,",
      "ya no me sentía asado…"
    ],
    "23": [
      "\\str[120] aún no se refrescaba, ",
      "sentada en el suelo cómodamente."
    ],
    "24": [
      "Postura muy relajada para una chica,",
      "quería advertirle,",
      "pero mi atención se fijó en su exposición accidental."
    ],
    "25": [
      "\\{¡Es verano después de todo!!"
    ]
  },
  "9": {
    "0": [
      "Me aburro…",
      "quiero sandía~"
    ],
    "1": [
      "\\nl< >\"Hace tanto calor… quiero bañarme…\""
    ],
    "2": [
      "\\nl< >\"\\str[121]… ¿quieres una paleta?\""
    ],
    "3": [
      "Charlar",
      "Contacto físico",
      "Ofrecer Coca-Cola",
      "Tengo sueño"
    ],
    "4": [
      "\\nl< >\"Sigue haciendo calor…",
      "En estos casos, una siesta es lo mejor~\""
    ],
    "5": [
      "Sí, al atardecer bajará el sol…"
    ],
    "6": [
      "Dormí la siesta con \\str[120] hasta el crepúsculo."
    ],
    "7": [
      "Había una botella de Coca-Cola ",
      "en la nevera. Con este calor, ",
      "a \\str[120] le encantará, ¿no?"
    ],
    "8": [
      "\\nl< >\"\\{¡Coca fría!         \\}\\w[60]",
      "¡La quiero! ¡La quiero!\""
    ],
    "9": [
      "Efectivamente, \\str[120] se emocionó.",
      "¿Qué hacer—?"
    ],
    "10": [
      "Agitarla",
      "Entregarla"
    ],
    "11": [
      "Era una Coca con gas extra,",
      "si la agito un poco…"
    ],
    "12": [
      "Sin resistir, ",
      "sacudí la botella y se la di…"
    ],
    "13": [
      "\\str[120] fue rociada ",
      "por la Coca explosiva,",
      "y luego me obligó a beberla."
    ],
    "14": [
      "Al final, bebió casi toda la botella…",
      "su barriga se hinchó.",
      "¿Esto… está bien!?"
    ],
    "15": [
      "Al estar empapada,",
      "tras bañarse y cambiarse,",
      "ya era el atardecer."
    ],
    "16": [
      "\\nl< >\"Uwaaahhh—mmmmmffff!!\""
    ],
    "17": [
      "Reaccionó rápido por experiencia,",
      "intentando tapar la botella con su boca."
    ],
    "18": [
      "Pero el gas era demasiado,",
      "su boca no tapaba bien,",
      "y burbujas escapaban por sus mejillas…"
    ],
    "19": [
      "Terminó como un hámster torpe,",
      "cubierta de Coca."
    ],
    "20": [
      "\\nl< >\"\\w[121], ¡acariciar así duele! ¡No!\""
    ],
    "21": [
      "Temas subidos de tono",
      "Temas de verano"
    ],
    "22": [
      "\"¿No refrescaría más quitártelo?\""
    ],
    "23": [
      "Le sugerí a \\str[120]…",
      "no fue una idea rara…"
    ],
    "24": [
      "\\nl< >\"Eh… pero me da vergüenza…\""
    ],
    "25": [
      "Me rechazó.",
      "Supongo que debo guiar—"
    ],
    "26": [
      "\"…¿Puedo olerte de cerca?\""
    ],
    "27": [
      "Al ver su cuello sudoroso,",
      "tuve que preguntar."
    ],
    "28": [
      "\\nl< >\"¿Qué? ¡Huelo a sudor!\""
    ],
    "29": [
      "\"¡No, \\str[120] huele bien!\""
    ],
    "30": [
      "\\nl< >\"¡Vamos, imposible!\""
    ],
    "31": [
      "\"Entonces huéleme a mí——",
      "\\w[30]\\^"
    ],
    "32": [
      "\\nl< >\"¡No! \\str[121], ",
      "tú sí hueles mal.\""
    ],
    "33": [
      "\\{",
      "\"¡Ugh…!\""
    ],
    "34": [
      "Fui rechazado sin más."
    ],
    "35": [
      "Hablándole de temas subidos de tono,",
      "¡pero seguía haciendo calor!"
    ],
    "36": [
      "\\nl< >\"El sonido de las cigarras… a veces es molesto…\""
    ],
    "37": [
      "Bueno, es verano."
    ],
    "38": [
      "\\nl< >\"Todos comen sandía ahora,",
      "quiero probarla~\""
    ],
    "39": [
      "¿Sandía… dónde conseguirla?"
    ],
    "40": [
      "\\nl< >\"En este calor, ¡las paletas son lo mejor!",
      "\\w[120]\\^"
    ],
    "41": [
      "\\nl< > Ughhh… ¡me duele la cabeza…!      \\w[60]",
      "¡Pero sabe bien!\""
    ],
    "42": [
      "¿Cuántas comió…?"
    ],
    "43": [
      "\\nl< >\"¿Es diferente el mar y la bañera?",
      "No entiendo…\""
    ],
    "44": [
      "Ah—nunca ha visto el mar.",
      "¿Cómo hacer que lo experimente…"
    ],
    "45": [
      "Platicamos de temas veraniegos,",
      "¡pero seguía haciendo calor!"
    ]
  }
}