﻿{
  "3": {
    "0": [
      "Wah… rasanya jauh lebih baik…"
    ],
    "1": [
      "...Jadi, apa yang harus aku lakukan selanjutnya?"
    ],
    "2": [
      "Lihatlah Sekeliling",
      "Melamun",
      "Bunuh Waktu",
      "Meninggalkan"
    ],
    "3": [
      "Ruang kecil sempit ini—apa yang mungkin tersembunyi di sini...?    \\w[45]",
      "Bahkan ketika aku mengatakan itu, mau tak mau aku mulai menggali."
    ],
    "4": [
      "Ooooh!! Ini…!"
    ],
    "5": [
      "——Kertas toilet."
    ],
    "6": [
      "————Sampah."
    ],
    "7": [
      "Yah, lagipula aku ada di toilet."
    ],
    "8": [
      "Rasanya aku membuang-buang waktuku."
    ],
    "9": [
      "Hm? Suara apa itu?"
    ],
    "10": [
      "Itu C."
    ],
    "11": [
      "A C menyelinap masuk entah dari mana dan melewati kakiku."
    ],
    "12": [
      "Kamu bajingan, tunjukkan dirimu dengan begitu berani di hadapanku!    \\{",
      "Ambil ini!"
    ],
    "13": [
      "tepat sasaran. C itu mati di tempat."
    ],
    "14": [
      "Hmph, seperti yang diharapkan dariku..."
    ],
    "15": [
      "Dirindukan!",
      "Karena terkejut, huruf C dengan cepat menghilang tanpa jejak."
    ],
    "16": [
      "Sial, itu cepat sekali!"
    ],
    "17": [
      "......Ini tidak akan berhasil selamanya.",
      "Mungkin sudah waktunya untuk mendapatkan semprotan serangga..."
    ],
    "18": [
      "Hm? Suara apa itu?"
    ],
    "19": [
      "…Suaranya hilang. Apakah itu hanya imajinasiku?"
    ],
    "20": [
      "Tidak bisa duduk di sini selamanya.",
      "Aku mungkin harus keluar—"
    ]
  },
  "9": {
    "0": [
      "\\nl< >\\str[121]! Apakah kamu masih di toilet?"
    ],
    "1": [
      "...Aku akan keluar sebentar lagi!"
    ],
    "2": [
      "Saya mungkin telah membuang terlalu banyak waktu—lebih baik segera berangkat..."
    ]
  },
  "21": {
    "0": [
      "Saat itu, suara familiar terdengar."
    ],
    "1": [
      "\\{Tunggu...\\w[45] suara itu—itu C!"
    ],
    "2": [
      "\\nl< >\\{............Hah?"
    ],
    "3": [
      "\\ nl <> \\ {Aaaaahhhh— !!"
    ],
    "4": [
      "\\str[120] telah memperhatikan C juga!",
      "Ini buruk! Jika C menyerang dalam situasi seperti ini,",
      "dia mungkin pingsan karena shock!!"
    ],
    "5": [
      "\\{……!"
    ],
    "6": [
      "Bahkan sebelum aku sempat berpikir, tubuhku bergerak sendiri,",
      "dan aku bergegas ke toilet secepat kilat."
    ],
    "7": [
      "\\{Apakah kamu yang membuat \\str[120]ku menangis!?"
    ],
    "8": [
      "Pukulan langsung. C sudah mati di tempat."
    ],
    "9": [
      "\\nl< >Aduh... \\str[121]..."
    ],
    "10": [
      "Tidak apa-apa sekarang.",
      "Hal buruknya hilang—\\str[121] membereskannya."
    ],
    "11": [
      "\\nl< >Hah...?",
      "\\str[121]...celanamu..."
    ],
    "12": [
      "----------Ah."
    ],
    "13": [
      "Karena saya sudah bekerja sebelum tongkang",
      "ke toilet. penisku berdiri sekeras batu—",
      "sangat dekat dengan wajah \\str[120]…"
    ],
    "14": [
      "Saat aku khawatir,",
      "Saya melihat sesuatu yang aneh di mata \\str[120],",
      "dia juga gelisah.    \\w[60]",
      "Mungkinkah permen aneh itu masih berfungsi?"
    ],
    "15": [
      "Ekspresi \\str[120] mulai terlihat bingung,",
      "dan kemudian, entah dari mana,",
      "dia membungkuk dan mengambil penisku ke dalam mulutnya."
    ],
    "16": [
      "Tindakan berani itu benar-benar menghancurkan kendali diriku.",
      "Aku meletakkan tanganku di kepala \\str[120]ku,",
      "dan mulai membimbingnya untuk mengambil penisku lebih dalam lagi."
    ],
    "17": [
      "Meskipun dia cukup canggung,",
      "kehangatan dan kelembutan mulutnya",
      "masih terasa luar biasa."
    ],
    "18": [
      "Dari sudut ini,",
      "Aku bisa melihat vagina basah \\str[120] sedikit bergetar,",
      "seperti sesuatu yang langsung keluar dari mimpi."
    ],
    "19": [
      "Tak lama kemudian,",
      "dorongan untuk datang mulai menumpuk—"
    ],
    "20": [
      "Tidak ingin \\str[120] saya tersedak,",
      "Aku menarik penisku keluar dari mulutnya."
    ],
    "21": [
      "Tepat pada saat itu, sejumlah besar air mani keluar,",
      "berceceran di seluruh wajahnya."
    ],
    "22": [
      "\\nl< >Ugh… rasanya tidak enak…"
    ],
    "23": [
      "\\str[120] menjulurkan lidahnya sambil bercanda,",
      "tapi aku tahu dia masih sangat pemalu.",
      "Biasanya dia tidak akan pernah melakukan hal seberani ini—",
      "itu pasti efek dari permen itu."
    ],
    "24": [
      "Tapi sejujurnya, kalau bukan karena permen itu,",
      "Saya tidak tahu bagaimana semuanya akan berakhir."
    ],
    "25": [
      "Setelah itu, kami membersihkan toilet bersama",
      "dan kembali ke kamar tidur,",
      "diam-diam bertingkah seolah tidak pernah terjadi apa-apa."
    ]
  },
  "22": {
    "0": [
      "Menyelinap, menyelinap..."
    ],
    "1": [
      "Hmm... aku hanya khawatir",
      "jika ada yang salah dengan \\str[120]...",
      "Aku akan melihat sekilas dan pergi..."
    ],
    "2": [
      "Tunggu... apa ini!?"
    ],
    "3": [
      "Tertangkap \\str[120] jilling-off.    \\w[60]",
      "Apa yang terjadi…",
      "Mungkinkah itu efek dari",
      "permen yang kuberikan padanya tadi!?"
    ],
    "4": [
      "Meskipun tekniknya masih terlihat agak kikuk,",
      "sesekali muncul nektar",
      "dia benar-benar tersesat di saat-saat bahagia."
    ],
    "5": [
      "Melihat \\str[120] berusaha keras untuk merasa baik,",
      "Mau tak mau aku ingin turun tangan dan membantunya…"
    ],
    "6": [
      "Tertangkap \\str[120] menyentuh dirinya sendiri di balik celana dalamnya.    \\w[60]",
      "Apa yang terjadi…",
      "Mungkinkah itu efek dari",
      "permen yang kuberikan padanya tadi!?"
    ],
    "7": [
      "Mungkin karena kurangnya pengalaman,",
      "\\str[120] dengan kikuk menggosoknya",
      "celana dalam dengan ujung jarinya,",
      "belum cukup menguasainya."
    ],
    "8": [
      "Melihat \\str[120] berusaha keras untuk merasa baik,",
      "Mau tak mau aku ingin turun tangan dan membantunya…"
    ],
    "9": [
      "Tapi muncul sekarang pasti akan membuat takut \\str[120],",
      "hmm… ya, mungkin yang terbaik adalah menjauh dengan tenang."
    ],
    "10": [
      "Intip lagi!",
      "Pergilah"
    ],
    "11": [
      "Tidak dapat menahan dorongan yang semakin besar,",
      "Aku mendekat ke celah di pintu,",
      "memperhatikan dengan cermat."
    ],
    "12": [
      "Jack pergi",
      "Menyerbu masuk!",
      "Lupakan"
    ],
    "13": [
      "aku juga mulai merasa sedikit bersemangat...",
      "Haruskah saya bergabung dengan \\str[120]...?"
    ],
    "14": [
      "Ini terasa agak berisiko… lebih baik tidak.",
      "Jika saya terus menonton, ini akan menjadi canggung.",
      "Saya harus keluar sebelum pemberitahuan \\str[120] saya."
    ],
    "15": [
      "Karena ini bukan pertama kalinya saya melihatnya",
      "sesuatu seperti ini, aku ikut saja",
      "mengalir dan mencoba menikmati momen itu."
    ],
    "16": [
      "Sementara \\str[120]ku masih tersesat di dunianya sendiri,",
      "Aku diam-diam menutup pintu di belakangku."
    ],
    "17": [
      "Sepertinya \\str[120] akhirnya mencapai usia tersebut",
      "dimana dia tertarik pada hal semacam ini…",
      " ",
      " ",
      "Merasakan rasa sedih yang aneh,",
      "Saya memutuskan untuk berpura-pura tidak melihat apa pun…"
    ],
    "18": [
      "Saat kami berdua mencapai puncak,",
      "Saya melepaskan sepenuhnya dan datang begitu saja."
    ],
    "19": [
      "Dengan menggigil menjalar ke sekujur tubuhnya,",
      "\\str[120] perlahan menghentikan apa yang dia lakukan dan",
      "mulai bernapas pelan."
    ],
    "20": [
      "Jika aku terus menontonnya, ini akan menjadi sangat buruk.",
      "Lebih baik aku melarikan diri sebelum pemberitahuan \\str[120]."
    ],
    "21": [
      "Melakukan hal seperti ini dengan \\str[120] terasa sangat aneh…",
      "Sebelum aku menyadarinya, tanganku mulai menyesuaikan ritmenya,",
      "dan pada saat itu,",
      "rasanya indra kami terhubung."
    ],
    "22": [
      "Melihat jari \\str[120], mau tak mau aku membayangkan—",
      "bagaimana jika bukan jari-jarinya yang menyentuhnya,",
      "tapi penisku malah…?"
    ],
    "23": [
      "Saat aku tersesat dalam pemikiran itu,",
      "rasanya aku benar-benar bisa merasakan betapa lembutnya",
      "vagina \\str[120] akan menjadi…",
      "Imajinasi sungguh merupakan hal yang menakutkan."
    ],
    "24": [
      "Aku ingin tahu bagaimana rasanya",
      "sedekat jari \\str[120] saya,",
      "membelai diriku tepat di vaginanya…"
    ],
    "25": [
      "Aku mulai membayangkan ujung penisku menekannya",
      "vaginaku yang tertutup rapat \\str[120], perlahan menyebar",
      "dia terbuka saat aku mendorong, memperlihatkan bagian dalamnya yang basah. penisku",
      "menjadi licin juga, untaian cabul membentang di antara kami…"
    ],
    "26": [
      "Kegembiraan yang saya rasakan bersamanya tidak seperti itu",
      "saat aku sendirian. Saat aku tenggelam dalam fantasi ini,",
      "rasa bersalah di hatiku berubah menjadi bahan bakar,",
      "memberiku gelombang demi gelombang kesenangan."
    ],
    "27": [
      "\\str[120] sepertinya dia akan datang,",
      "dan mau tidak mau aku juga mempercepat gerakanku sendiri."
    ],
    "28": [
      "\\{Ugh, aku tidak tahan lagi…!"
    ]
  },
  "23": {
    "0": [
      "Dengan apa yang terjadi terakhir kali,",
      "Saya memutuskan untuk dengan berani menerobos masuk ke toilet."
    ],
    "1": [
      "\\ nl <> \\ {… O-\\str[121]!?"
    ],
    "2": [
      "\\nl< >…\\str[121],",
      "kenapa kamu masuk ke sini juga…?"
    ],
    "3": [
      "Nada suaranya terdengar agak memarahi, tapi kalau dilihat dari dia",
      "ekspresi bingung dan fakta bahwa dia tidak berusaha",
      "untuk mengusirku, sepertinya aku sudah aman."
    ],
    "4": [
      "Aku diam-diam pindah untuk berdiri di samping \\str[120]ku, penisku",
      "hanya beberapa sentimeter darinya. Dia terus berjalan",
      "dengan tangannya sendiri, bersandar sedikit lebih dekat ke arahku,",
      "dan mulai menjilatiku dengan lidahnya."
    ],
    "5": [
      "Lidah ramping \\str[120] merayap di ujung",
      "penisku seperti ular kecil, hangat,",
      "Sensasi geli membuatku gemetar tak terkendali."
    ],
    "6": [
      "Kami tetap seperti itu dalam diam untuk sementara waktu,",
      "dan aku bisa merasakan diriku semakin dekat ke tepi…",
      "\\str[120] pasti menyadari cara penisku bergerak-gerak,",
      "karena dia mulai menggerakkan tangannya lebih cepat."
    ],
    "7": [
      "Akhirnya, seiring dengan semakin banyaknya pelepasan yang tak terbendung,",
      "air mani saya mulai keluar.  \\w[60]",
      "Saat semburan pertama mendarat di wajah \\str[120],",
      "dia tiba-tiba memasukkan penisku ke dalam mulutnya."
    ],
    "8": [
      "Saat dia menghisap, \\str[120] saya terus menggoda ujungnya",
      "lidahnya tepat di tempat air mani mengalir keluar.",
      " ",
      " ",
      "Kelembutan tak terduga dan kehangatan lembut sepenuhnya",
      "mematahkan kendali diriku, dan penisku lepas begitu saja",
      "sisa air maniku langsung masuk ke mulutnya."
    ],
    "9": [
      "Setelah itu, kami membersihkan toilet bersama-sama,",
      "dan ketika kami kembali ke kamar tidur,",
      "kami berdua berpura-pura seolah tidak pernah terjadi apa-apa."
    ]
  }
}