{
    "3": {
        "0": [
            "Tôi định kiềm chế, nhưng cuối cùng thì ",
			"lại không thể chịu được. Trước khi nhận ra, ",
			"mình đã ở trong nhà tắm."
		],
        "1": [
            "Dù đây là nơi quen thuộc, lẻn vào như thế này ",
			"lại khiến mọi thứ trở nên hồi hộp và mới mẻ...",
			" "
		],
        "2": [
            "Tôi lẻn vào, từng bước nhẹ nhàng...!",
			"Được rồi, xâm nhập an toàn...!"
		],
        "3": [
            "Không còn nhiều thời gian trước khi \\str[120] ra ngoài... ",
			"Liệu tôi có nên rời nhà tắm ngay bây giờ không?"
		],
        "4": [
            "Rời đi",
			"Ở lại"
		],	
        "5": [
            "Đủ cho ngày hôm nay rồi, nếu bị ",
			"\\str[120] phát hiện thì tệ lắm."
		],
        "6": [
            "Phải, chẳng còn bao lâu nữa \\str[120] sẽ ra ngoài——"
		],
        "7": [
            "Có lẽ tôi sẽ ở lại đây thêm thêm một chút nữa..."
		],
        "8": [
            "Tôi đã xâm nhập vào nhà tắm.",
			"Phải giữ yên lặng để \\str[120] không nhận ra..."
		],
        "9": [
            "Nhảy múa!",
			"Thiền",
			"Tiếp tục quan sát"
		],
        "10": [
            "Hmm... Tôi cần cẩn thận hơn,",
			"mình không muốn \\str[120] nghi ngờ..."
		],
        "11": [
            "Ừ... Tôi cần phải bình tĩnh lại.",
			"Tới lúc thiền rồi—  \\w[30]"
		],
        "12": [
            "Trong thế giới mà tâm phải tịnh, tôi đơn độc.",
			"Nó luôn mang lại sự thanh thản cho tâm hồn..."
		],
        "13": [
            "........................",
			"........................"
		],
        "14": [
            "Thật kì diệu, với sự tập trung cao độ,",
			"ngay cả tiếng nước từ vòi sen trong nhà tắm ",
			"cũng rõ như ban ngày. Tôi thậm chí còn nghe thấy được ",
			"giọng của \\str[120] một cách hoàn hảo—"
		],
        "15": [
            "Điều đó khiến tôi càng thêm hưng phấn..."
		],		
        "16": [
            "Tôi không thể chịu được nữa... ",
			"Tôi cần tìm thứ gì đó để giải tỏa.",
			"Được rồi—\\w[60]\\{hãy nhảy múa nào!"
		],	
        "17": [
            "\\{Ở đây trong nhà tắm này!",
			"Trong không gian chật hẹp đầy nguy hiểm!",
			"Hãy để cơ thể ta chuyển động!",
			"Mài giũa các kỹ năng giác quan và thăng bằng của ninja!"
		],	
        "18": [
            "\\{Ở đây trong nhà tắm này!",
			"Trong không gian chật hẹp đầy nguy hiểm!",
			"Hãy để cơ thể ta tự do vận động!"
		],	
        "19": [
            "\\{...Hah!\\w[60] Hah!  \\w[60]"
		],
        "20": [
            "Hơi thở, nhịp tim, chuyển động—tất cả hòa nhịp hoàn hảo.",
			"Đây không chỉ là luyện tập nữa, đây là nghệ thuật.",
			"Chỉ một ninja thực thụ mới trình diễn trên ",
			"một sân khấu nguy hiểm như thế này!"
		],
        "21": [
            "—\\str[120] sẽ không bao giờ biết.",
			"Phía sau em ấy, một bóng dáng đã từng nhảy múa ",
			"và lặng lẽ chuồn đi mà không ai nhận ra."
		],
        "22": [
            "Tiếng bước chân của tôi vang lên, rồi biến mất theo từng chuyển động.",
            "Đây không chỉ là một điệu nhảy...",
            "Nó là một nghi lễ để tôn vinh sức mạnh của sự tàng hình."
		],
        "23": [
            "...\\str[120] vẫn chưa nhận ra gì cả.",
			"Bây giờ tôi có thể ra vào ngôi nhà này mà không phát ra âm thanh."
		],
        "24": [
            "Ta là cái bóng! Ta là ngọn gió! Ta là— \\w[60]",
			"...Không, mình chỉ là kẻ ngốc đang nhảy trong nhà tắm..."
		],	
        "25": [
            "...Nghĩ lại thì, ",
			"có lẽ tôi đã quá nhập tâm?"
		],
        "26": [
            "...Cảm giác như tôi đã cải thiện kỹ năng tàng hình ",
			"một chút đỉnh."
		],
        "27": [
            "...Ugh! Tôi trượt chân—suýt nữa đâm vào ",
			"cái máy giặt...!"
		],
        "28": [
            "Hú—cảm giác tim đập thình thịch này...",
			"có một sự thoả mãn lạ thường.",
			"Thật sự phấn khích, nhỉ?"
		]
    },  
    "11": {
        "0": [
            "Sau khi rửa mặt, ",
			"\\str[120] có vẻ tươi tỉnh hơn hẳn.",
			"Giờ chúng tôi đang đứng cạnh nhau, ",
			"đánh răng trước gương."
		],
        "1": [
            "Chia sẻ thói quen buổi sáng như thế này với em ấy ",
			"thật hiếm hoi, và trong giây lát,",
			"tôi cảm thấy hơi bồn chồn.",
			"Ừm... chắc mình sẽ chỉ nói chuyện phiếm thôi—"
		],
        "2": [
            "\"Hai cún... a ên ăn sán... ới kái ì hỉ...\""
		],
        "3": [
            "\\nl< >\"E Vẫn... hưa ghĩ... ra...\"  \\w[330]\\^"
		],
        "4": [
            "\"E an ói... ái ì an... ôn iểu...\""
		],
        "5": [
            "\\nl< >\"O-nii-cha... an nó yện... ài hật ấy—!\"    \\w[330]\\^"
		],
        "6": [
            "Hmm... Tôi chẳng hiểu em ấy đang nói gì cả.",
			"Miệng đầy bọt đánh răng ",
            "khiến việc nói chuyện trở nên cự kì phiền phức."			
		],
        "7": [
            "Chúng tôi kết thúc việc đánh răng trong khi trò chuyện bằng ",
			"một ngôn ngữ mà cả hai chẳng ai hiểu rõ."
		]		
    },
    "13": {
        "0": [
            "\\nl< >\"...Lại một trò nghịch mới nữa à, hmm?\""
        ],
        "1": [
            "Dù \\str[120] của tôi vẫn cố tỏ ra vẻ mạnh miệng,",
            "em ấy cũng chỉ càu nhàu một chút thay vì đá tôi ra như lần trước."
       ],
        "2": [
            "Mình hiểu rồi, em ấy chỉ là hơi ngại tí thôi.",
            "Em ấy chỉ cần một chút động viên ",
	        "vào những lúc như thế này!"
        ],
        "3": [
            "\"Thật ra, anh nghĩ mình ",
	        "lại bị Ác Quỷ nguyền rủa lúc ở trong rừng nữa rồi.\""
        ],
        "4": [
            "Ngay trước mặt \\str[120] của mình, ",
	        "tôi kéo quần xuống chỉ trong một động tác,",
            "lộ ra dương vật cứng như đá, đang đung đưa."
        ],
        "5": [
            "\\nl< >\"Ekk-Này?! \\str[121]...!    \\w[30]",
            "Sao anh lại cởi quần ở đây...?!\""
        ],
        "6": [
            "Em ấy trông bối rối, muốn che mắt lại,",
            "nhưng không rảnh tay vì ",
	        "em ấy đang dùng nó để che ngực mình."
        ],
        "7": [
            "\"Con quỷ chết tiệt đó đã nguyền rủa anh, ",
	        "biến con cu của anh thành một quả bom hẹn giờ.",
            "Nếu chúng ta không thanh tẩy nó nhanh, cả nhà có thể nổ tung đó!\""
        ],
        "8": [
            "\\nl< >\"...V-Vậy chúng ta phải làm gì bây giờ?\""
        ],
        "9": [
            "\"Chỉ cần dùng tay của em thôi. ",
	        "Nếu em liên tục vuốt nó, nó sẽ ra thôi...\""
        ],
        "10": [
            "\\nl< >\"Vậy sao anh không dùng tay của chính mình, \\str[121]?\""
        ],
        "11": [
            "Câu phản đòn bất ngờ của em ấy khiến tôi câm nín cmnl."
        ],
        "12": [
            "Có lẽ việc lừa em ấy bằng những lời nói dối vớ vẩn quá nhiều lần",
            "đã khiến em ấy tỉnh táo hơn nhiều rồi...?!"
        ],
        "13": [
            "\"Nếu là đôi tay đáng yêu    \\}",
	        "của \\str[120] làm giúp anh chắc sẽ đỡ ngượng hơn nhiều.\""
        ],
        "14": [
            "Giọng tôi nhỏ dần, càng lúc càng yếu ớt."
        ],
        "15": [
            "\\nl< >\"Nghe có vẻ đáng ngờ quá nhỉ... \\str[121], ",
	        "anh lại muốn chơi khăm nữa nữa hả?\""
        ],
        "16": [
            "Sự nghi ngờ của em ấy ngày càng lớn, nếu tôi không làm gì đó,",
            "em ấy chắc chắn sẽ đá tôi ra ngoài..."
        ],
        "17": [
            "\\nl< >\"Đợi đã—?! \\str[121], cái đó...!\""
        ],
        "18": [
            "\"Trong khi em đang do dự, ",
	        "\\str[121] của em đang phải chịu đựng lời nguyền này đó.",
            "Em thật sự chỉ đứng nhìn anh chịu khổ sao?\""
        ],
        "19": [
            "Tôi làm bộ mặt ngây thơ, đáng thương nhất khi nghiêng sát lại,",
            "rồi ép con cu đang đau nhức của mình ngay lên mặt em ấy,",
            "vuốt ve nó liên tục trên người em ấy."
        ],
        "20": [
            "\\nl< >\"Nhưng... \\str[121], trông anh chẳng có vẻ đang chịu khổ chút nào cả...   \\w[120]",
            "Và đừng có đẩy mấy thứ kỳ lạ lên trên mặt của em nữa...!\""
        ],
        "21": [
            "\"Nhìn này~ Con cu của anh đang rên rỉ, nó sắp nổ tung rồi kìa, em thấy không?\""
        ],
        "22": [
            "\\nl< >\"Mm... mmmph...\""
        ],
        "23": [
            "\"Nếu nó nổ, ngôi nhà ấm cúng của chúng ta sẽ biến mất mãi mãi, em biết không.\""
        ],
        "24": [
            "\\nl< >\"...Trời ạ, \\str[121], anh lúc nào cũng...     \\w[60]",
            "nói dối một cách trắng trợn với gương mặt nghiêm túc đó...\""
        ],
        "25": [
            "Cả khuôn mặt em ấy đỏ bừng, đến cả tai cũng ửng đỏ,",
            "và em ấy thậm chí không phản kháng. Chỉ còn một lần đẩy nữa thôi...",
            "Chỉ một lần nữa thôi là cái vỏ ngại ngùng đó sẽ vỡ hoàn toàn!"
        ],
        "26": [
            "Phiếu của \\str[120]",
			"Một lời hứa",
			"Hối lộ bằng tiền"
        ],
        "27": [
            "\\nl< >\"...Được rồi, em hiểu rồi...    \\w[60]",
            "Chỉ lần này thôi, em sẽ giúp anh...\""
        ],
        "28": [
            "Hình như hối lộ có hiệu quả,",
            "câu trả lời của em ấy không còn chút phản kháng nào nữa."
        ],
        "29": [
            "\\nl< >\"...Như thế này có ổn không?\""
        ],
        "30": [
            "Em ấy nhẹ nhàng quấn tay nhỏ xinh quanh con cu của tôi,",
            "rõ ràng là không biết làm những chuyện như thế này."
        ],
        "31": [
            "Chỉ cần lòng bàn tay mềm mại, ấm áp của em ấy thôi cũng đủ ",
	        "làm tôi nhức nhối vì hưng phấn."
        ],
        "32": [
            "\"Chỉ cầm thôi thì không đủ, ",
	        "em phải di chuyển tay lên xuống nữa.\""
        ],
        "33": [
            "Thấy em ấy bối rối, tôi phải nắm tay em ấy và hướng dẫn,",
            "di chuyển tay lên xuống để làm mẫu."
        ],
        "34": [
            "\\nl< >\"............??\""
        ],
        "35": [
            "\\nl< >\"N-Như thế này sao?\""
        ],
        "36": [
            "Em ấy bắt đầu vuốt ve nó một cách chậm rãi, các động tác vụng về,",
            "nhưng cảm nhận được hơi ấm của em ấy gần như vậy khiến tôi sắp bùng nổ."
        ],
        "37": [
            "\\nl< >\"...Em phải làm việc này trong bao lâu nữa vậy?\""
        ],
        "38": [
            "\"Đừng vội... Nó sắp ra rồi—\""
        ],
        "39": [
            "Có vẻ em ấy đã nắm được cách làm và tăng tốc độ,",
            "cơn khoái cảm dồn dập khiến tôi bùng nổ ",
            "trước khi kịp cảnh báo em ấy—"
        ],
        "40": [
            "\\nl< >\"...Eh?     \\w[30]\\{",
            "Nnngyaaaaaaa—\""
        ],
        "41": [
            "Hoảng sợ trước cơn phun trào lớn bất ngờ, ",
            "em ấy theo bản năng cố dùng tay chặn lại,",
            "cố gắng ngăn tinh dịch bắn tung tóe khắp nơi."
        ],
        "42": [
            "\"Không sao đâu, anh nói thật đó, mấy thứ này không nguy hiểm đâu",
            "\\w[20]\\^"
        ],
        "43": [
            "\\nl< >\"—Con cu của \\str[121] thực sự đã nổ rồi?! ",
            "Và mắt của em...?! Nóng và dính quá ahhhh...!!\""
        ],
        "44": [
            "\"Ooooohhhhhhhhhh—?!\""
        ],
        "45": [
            "Hoảng sợ, em ấy siết chặt hơn nữa, ",
            "cơn đau xoắn lấy con cu của tôi khiến tôi",
            "cũng la hét cùng em ấy."
        ],
        "46": [
            "\"Nnnngyaaaaaa—\"",
            "\"Ooooohhhhhhhhhh—\""
        ],
        "47": [
            "\\nl< >\"Ugh, nó dính lên hết cả người em rồi...    \\w[90]",
            "Tất cả là lỗi của anh đấy, \\str[121]! ",
            "Anh không hề nói cho em biết chuyện này sẽ xảy ra...\""
        ],
        "48": [
            "\"Ah... ừ... em nói đúng...\""
        ],
        "49": [
            "Gần như không thể trả lời, đầu óc trống rỗng,",
            "dù chỉ một lúc trước em ấy đã làm tôi cảm thấy sung sướng,",
            "tai nạn nhỏ đó gần như để lại nổi ám ảnh cho tôi suốt đời..."
        ],
        "50": [
            "\\nl< >\"Được rồi! Nếu xong rồi thì ra ngoài ngay đi!   \\w[60]",
            "Em cần đi tắm!!\""
        ],
        "51": [
            "Tôi thật sự... muốn tắm cùng nhau... cơ mà..."
        ],
        "52": [
            "Chắc chắn nếu chúng tôi tắm cùng nhau bây giờ,",
            "mọi thứ sẽ còn điên rồ hơn nữa, ",
            "nhưng mà em ấy đã đuổi tôi ra khỏi phòng tắm."
        ]
    },
    "15": {
        "0": [
            "Ah, nhân tiện nói mới nhớ... trong tất cả những thứ vớ vẩn ",
			"cô gái ninja dạy tôi, có một thứ gọi là ",
			"'nguyên lý cấu trúc cửa ninja' mà thật sự ",
			"nghe khá thú vị.",
			"Có lẽ tôi có thể chỉnh sửa cửa phòng tắm theo—"
		],
		"1": [
            "Ý là, nếu tôi có thể khoét ra một khe nhìn nhỏ từ ",
			"góc này mà chỉ mình tôi có thể nhìn được—",
			"miễn là tôi xử lý cẩn thận và không làm hỏng ",
			"lớp cách âm hay chống thấm... thì tôi có thể—",
			"\\{ Hehehehe~~~~~"
        ],
        "2": [
            "\\{Ahem!\\}\\w[45] Không phải tôi làm việc này vì chuyện gì kỳ lạ đâu.",
            "Chỉ là phòng khi \\str[120] ngất đi trong lúc ",
			"tắm—tôi cần phải phát hiện kịp thời...",
			"Hoàn toàn vì lý do an toàn! Đúng rồi, chỉ vậy thôi!"
        ],
        "3": [
            "\\{Được rồi!",
			"đến lúc bắt tay vào làm trong khi tôi còn có thể!"
        ],	
        "4": [
            "Phù... hôm nay làm nhiêu đó đủ rồi. ",
			"Làm lâu quá có thể khiến \\str[120] nghi ngờ mất.",
			"Chỉ còn hai hoặc ba thay đổi nữa thôi ",
			"là nó sẽ xong xuôi~~!"
        ],
        "5": [
            "Việc chỉnh sửa cái cửa ninja hôm qua khá ổn.",
			"Hôm nay đến lúc phải tiến xa hơn nữa rồi!"
        ],
        "6": [
            "Phù...! Suýt nữa thì toi rồi. ",
			"Tôi suýt nữa đã khoan thủng cả bức tường bên.",
			"May mà \\str[120] không đến tìm tôi..."
        ],
        "7": [
            "Đủ cho hôm nay rồi. Nếu tôi làm quá lâu, ",
			"em ấy có thể bắt đầu nghi ngờ.",
			"Thêm một lần chỉnh sửa nữa là ",
			"nó sẽ sẵn sàng~~!"
        ],
        "8": [
            "Được rồi... hôm nay là chặng cuối.",
			"Công đoạn nền đã xong, chỉ cần cạo bớt ",
			"lớp cuối cùng, rồi thêm một lớp ",
			"bán trong suốt để \\str[120] không phát hiện."
        ],
        "9": [
            "...Xong! Góc nhìn hoàn hảo,",
			"và hoàn toàn được giấu kín!",
			"Tôi có thể quan sát toàn bộ phòng tắm từ chỗ này!",
			"Có vẻ nó đã sẵn sàng để sử dụng từ ngày mai~!"
        ],
        "10": [
            "Tất nhiên, tôi chỉ làm việc này vì quan tâm ",
			"đến sức khỏe và hạnh phúc của \\str[120] thôi!",
			"Chắc chắn không phải vì chuyện gì kỳ quặc!"
        ],
        "11": [
            "Toát mồ hôi đủ rồi, đến lúc đi tắm thôi!"
        ],
		"12": [
            "Ton Ton Ton Ton Ton Ton Ton~~!"
        ]
    },	
    "17": {
        "0": [
            "\\str[120] sắp tắm xong rồi...",
			"Tốt nhất nên rời đi nhanh thôi."
		],
		"1": [
            "Mình không còn thấy \\str[120] từ cửa phòng tắm nữa...",
			"Có vẻ em ấy đang ngâm mình trong bồn."
        ],
        "2": [
            "Mình có thể thấy \\str[120] qua cửa phòng tắm,",
            "Có vẻ em ấy vẫn đang tắm rửa..."
        ],
        "3": [
            "\\str[120] vẫn chưa nhận ra mình đang đứng trước ",
            "phòng tắm.",
			"Mình nên làm gì đây?"
        ],
        "4": [
            "Xông vào!",
			"Lén nhìn",
			"Rời đi"
        ],
        "5": [
            "Vậy thì... chỉ nhìn trộm một chút thôi..."
        ],	
        "6": [
            "Bóng dáng của \\str[120] hiện rõ qua",
			"tấm kính, khơi gợi đủ loại tưởng tượng."
        ],	
        "7": [
            "Tiếp tục khám phá",
			"Đến lúc rút lui"
        ],	
        "8": [
            "Ổn rồi, tiếp tục khám phá thôi!"
        ],
        "9": [
            "\\str[120] đã tắm xong, ",
			"Mình nên rời đi nhanh thôi."
        ],	
        "10": [
            "...Ohhh! Mình có thể thấy em ấy!"
        ],	
        "11": [
            "\\str[120] đang cẩn thận lau cánh tay."
        ],		
        "12": [
            "Sữa tắm?",
			"Bọt nhiều quá, ",
			"khó mà nhìn rõ hết được..."
        ],
        "13": [
            "\\str[120] vẫn đang cẩn thận lau ngực...",
			"Trông thật khiêu gợi..."
        ],
        "14": [
            "...Vẫn còn muốn nhìn trộm tiếp sao?"
        ],
        "15": [
            "Tiếp tục nhìn trộm",
			"Dùng cửa ninja",
			"Thôi bỏ đi"
        ],
        "16": [
            "...\\str[120] bắt đầu cảm nhận được sự hiện diện của tôi.",
			"Tốt hơn là ngừng nhìn trộm thôi."
        ],
        "17": [
            "\\str[120] đã ngồi vào trong bồn tắm.",
			"Em ấy vui vẻ ngân nga một giai điệu."
        ],
        "18": [
            "...Đến lúc rồi.",
			"\\str[120] cũng sắp xong, mình nên rời đi thì hơn."
        ],
        "19": [
            "Đây là thời điểm hoàn hảo để mang ra ",
			"cửa ninja và tận hưởng lại lần nữa....!"
        ],
        "20": [
            "—Chẳng phải mình đã tận dụng nó khá tốt sao?"
        ],
        "21": [
            "\\str[120] vẫn đang cẩn thận lau ngực...",
			"Trông thật khiêu gợi..."
        ]	
    },	
    "23": {
        "0": [
            "Lén lút bước đến thật khẽ............  \\w[30]",
			"Nếu muốn nhìn trộm thì tôi phải mở cửa thật cẩn thận ",
			"để \\str[120] không nhận ra—"
		],
		"1": [
            "Oh oh oh—! Mình thấy em ấy rồi!",
			"Có vẻ \\str[120] sắp cởi quần lót.",
			"Không biết từ góc này mình có thể thấy âm hộ của em ấy không!?"
        ],
        "2": [
            "Oh oh oh—! Mình thấy em ấy rồi!",
            "Có vẻ \\str[120] sắp cởi đồ.",
			"Không phải lúc nào cũng được thấy em ấy chỉ mặc mỗi cái quần lót... ",
			"liệu mình có bắt được khoảnh khắc em ấy cởi ra không nhỉ!?"
        ],
        "3": [
        	"Oh oh oh—! Mình thấy em ấy rồi!",
        	"Có vẻ \\str[120] sắp cởi đồ.",
        	"Nửa dưới của em ấy đã hoàn toàn trần trụi... ",
			"Ước gì mình có thể nhìn gần hơn một chút nữa..."
        ],
        "4": [
            "Chết tiệt, mình đẩy cái cửa quá mạnh rồi...!"
        ],
        "5": [
            "...Quang cảnh vừa rồi thật tuyệt~        \\w[30]",
			"Tốt nhất bây giờ nên rút lui thôi."
        ],	
        "6": [
            "Giờ tôi nên làm gì tiếp đây? ",
			"Lén lút tiến sâu hơn vào phòng tắm sao?"
        ],	
        "7": [
            "Lén vào",
			"Quay lại"
        ],	
        "8": [
            "Nếu tiếp tục tiến vào, ",
			"tôi có thể phát hiện ra điều gì khác nữa...!"
        ],
        "9": [
            "Thế là đủ cho hôm nay rồi. ",
			"Sẽ tệ lắm nếu \\str[120] bắt gặp mình."
        ],
        "10": [
            "...\\str[120] đã phát hiện ra tôi đang nhìn trộm!",
            "Tôi bị đá ra ngoài ngay lập tức."
        ]
    },	
    "25": {
        "0": [
            "\\nl< >\"O-\\str[121]!? Sao anh lại ở đây?\""		
		],
		"1": [
            "\\nl< >\"...Là anh sau cánh cửa đó phải không, \\str[121]?\""
        ],
        "2": [
            "Guh...!",
            "Vậy là mình bị phát hiện rồi."
        ],
        "3": [
            "\\nl< >\"Em biết ngay là anh mà, \\str[121]. ",
			"Anh lén lút ở đây làm gì thế?\""
        ],
        "4": [
            "\\nl< >\"…\\str[121]?    \\w[30]",
			"Anh đang làm gì mà lén lén sau cánh cửa vậy?\""
        ],
        "5": [
            "Mình đã lẻn vào rồi...",
			"Giờ thì không thể quay lại nữa...!"
        ],	
        "6": [
            "Tôi đã bị bắt gặp đang nhìn trộm...",
			"Giờ phải giải thích sao với \\str[120] đây..."
        ],	
        "7": [
            "Kiểm tra sức khoẻ",
			"Cho anh xem đi!",
			"Bịa lý do",
			"Biện pháp cuối cùng",
			"Muốn làm chuyện dâm đãng!"
        ],	
        "8": [
            "Ahhh...! Có vẻ mình chẳng còn",
			"cách nào khác ngoài dùng biện pháp cuối cùng!"
        ],
        "9": [
            "\"36 KẾ THÌ CHẠY LÀ THƯỢNG SÁCH!!!\""
        ],
        "10": [
            "Tôi nhanh chóng chạy khỏi hiện trường.      \\w[30]",
			"Tất nhiên, sau đó thì ",
			"Tôi vẫn bị \\str[120] mắng cho một trận."
        ],
        "11": [
            "\\{",
			"......Mình sắp làm sao?!",
			"Ngay bây giờ?! Ngay tại đây sao?!"
        ],
        "12": [
            "\\nl< >\"\\str[121]!? Anh lại đang nhìn trộm nữa à...!?\""
        ],
        "13": [
            "...Có vẻ \\str[120] đã phát hiện mình đang nhìn trộm!",
			"Nhưng chẳng lẽ mình đang tưởng tượng hay gì?",
			"Có cảm giác như em ấy còn cố tình lộ âm hộ ",
			"sang một bên cho mình thấy vậy——"
        ],	
        "14": [
            "\"Bình tĩnh nào, \\str[120] dễ thương của anh.",
			"\\str[121] chắc chắn không có ý làm gì điều gì xấu đâu.\""
        ],
        "15": [
            "\\{\"Anh chỉ muốn âm thầm dõi theo",
			"người em gái đáng yêu của anh thôi!\""
        ],
        "16": [
            "\"TĐúng rồi, chỉ là kiểm tra sức khoẻ thôi mà!\""
        ],
        "17": [
            "\\nl< >\"Em đã nghe qua cái cớ đó rồi!\""
        ],
        "18": [
            "\"Không không! ",
			"Lần này hoàn toàn khác với lần trước mà!\""
        ],
        "19": [
            "\\nl< >\"Cái—cái gì chứ...",
			"Tại sao \\str[121] lại làm chuyện như thế này......\""
        ],
        "20": [
            "\"Điều này cực kỳ quan trọng!",
			"Nếu cơ thể em có vấn đề gì, ",
			"với tư cách là anh trai...\""
        ],
        "21": [
            "\\nl< >\"Ughhh... Vậy rốt cuộc \\str[121] muốn làm gì?\""
        ],
        "22": [
            "\"Đầu tiên cho anh xem ngực em đi\"    \\w[40]\\^"
        ],
        "23": [
            "Ah—chết mịa rồi! ",
			"Mình lỡ buột miệng nói ra suy nghĩ thật của mình..."
        ],
        "24": [
            "\\nl< >\"...Cái đó thì liên quan gì chứ?\""
        ],
        "25": [
            "\\nl< >\"Được thôi, nếu \\str[121] thật sự muốn xem...     \\w[120]",
			"\\}Anh thật gian xảo...\\{\""
        ],
        "26": [
            "\\nl< >\"Đấy, giờ thì anh hài lòng chưa?\""
        ],
        "27": [
            "\"Ah, ừ-ừ... Rất đẹp.\""
        ],
        "28": [
            "Mình không ngờ \\str[120] thực sự cho mình xem ngực em ấy.",
			"Tôi đã sốc đến mức gần như chẳng nhìn kỹ được."
        ],
        "29": [
            "\\nl< >\"Được rồi, thế là đủ rồi!",
		    "\\str[121] đã xong kiểm tra sức khoẻ rồi đúng không?",
		    "Em đi tắm đây, đi ra ngoài mau!\""
        ],
        "30": [
            "\\nl< >\\{",
			"\"Không đời nào! \\str[121], đồ ngốc!\""
        ],
        "31": [
            "Tôi bị \\str[120] đẩy ra khỏi phòng tắm.      \\w[30]",
			"...Không biết cái cớ này còn xài được lần sau không nữa?"
        ],
        "32": [
            "\"Thật ra thì, \\str[120]... \\str[121] mắc phải căn bệnh",
			"mà nếu không được nhìn thấy cơ thể trần truồng thì sẽ chết...!\""
        ],
        "33": [
            "Đó chỉ là cái cớ mà mình bịa đại ra,",
			"nhưng mình vẫn gắng tỏ ra đau đớn một cách thuyết phục."
        ],
        "34": [
            "\\nl< >\"Hả!? \\str[121] mắc bệnh như vậy sao!?\""
        ],
        "35": [
            "\"Anh không nhớ là mình dính nó từ khi nào...",
			"Nhưng mỗi khi nó phát tác, toàn thân anh ngứa ngáy,",
			"và cách chữa duy nhất là nhìn thấy ai đó khỏa thân!\""
        ],
        "36": [
            "\\nl< >\"Khoan, có thật sự tồn tại một loại bệnh như thế không?\""
        ],
        "37": [
            "\"Ah... ahhh...!! Cơn ngứa bắt đầu rồi...!\""
        ],
        "38": [
            "Tôi cố tình ngã lăn ra sàn,",
			"run rẩy toàn thân theo cách giả trân thấy rõ."
        ],
        "39": [
            "\\nl< >\\{\"…………………………\""
        ],
        "40": [
            "\\nl< >\"Được rồi được rồi...",
		    "Nếu anh đến mức đó thì em sẽ cho anh xem...\""
        ],
        "41": [
            "\\str[120] ngây thơ của mình tin ngay lập tức,",
			"khuôn mặt đỏ bừng đầy xấu hổ."
        ],
        "42": [
            "\\nl< >\"Đấy, giờ thì anh hài lòng chưa?\""
        ],
        "43": [
            "Em ấy thật sự quá đáng yêu, ",
			"đáng yêu đến mức mình cứ nhìn chằm chằm ",
			"mà quên cả việc phải tiếp tục phải giả vờ."
        ],
        "44": [
            "\\nl< >\"...Vậy là anh hết ngứa rồi à?\""
        ],
        "45": [
            "\"Ừ, giờ thì anh thấy nhẹ nhõm hẳn rồi.\""
        ],
        "46": [
            "Tôi nhanh chóng đứng dậy ",
			"và nở một nụ cười đầy thỏa mãn."
        ],
        "47": [
            "\\nl< >\"Ughhh...! Vậy là anh chỉ đang đùa giỡn em ",
			"từ nãy đến giờ thôi đúng không!?\""
        ],
        "48": [
            "\\nl< >\"Anh thật là đồ ngốc, \\str[121]! ",
			"Ra ngoài mau!\""
        ],
        "49": [
            "Em ấy phồng má giận dỗi, ",
			"\\str[120] đẩy mạnh tôi ra khỏi phòng tắm.",
			"Hmmm... có vẻ cuối cùng mình vẫn làm hỏng chuyện."
        ],
        "50": [
            "\\nl< >\"Hả!? \\str[121] muốn xem em...!?\""
        ],
        "51": [
            "\\nl< >\"Không đời nào! \\str[121], anh là đồ ngốc!\""
        ],
        "52": [
            "\\nl< >\"Tại sao anh lại đòi hỏi cái chuyện đó chứ!? ",
			"Thật là kỳ quặc...!\""
        ],
        "53": [
            "\\nl< >\\{\"Trời ạ, \\str[121], đồ đại ngốc!!!\""
        ],
        "54": [
            "\\str[120] tức giận đá tôi ra ngoài.",
		    "Có lẽ lần này mình thật sự quá trớn rồi..."
        ]
    },
    "32": {
        "0": [
            "Vì \\str[120] gọi tôi lại, ",
			"nên tôi cũng chẳng nghĩ nhiều mà cứ thế bước thẳng vào phòng tắm.    \\w[30]\\{",
			"Dù sao thì, chính em ấy là người gọi mình mà."
		],
		"1": [
            "\"Có chuyện gì thế?\""
        ],
        "2": [
            "\\nl< >\"Um... dầu gội hết rồi.",
			"\\str[121], anh có thể mang cho em một chai mới được không?\""
        ],
        "3": [
            "\\str[120] thò đầu ra khỏi phòng tắm một cách rụt rè,",
			"trông như một con vật nhỏ vừa cảnh giác vừa tò mò—",
            "kiểu đáng yêu khiến người ta chỉ muốn trêu chọc một chút…",
			"Giờ thì, mình nên làm gì đây?"
        ],
        "4": [
            "Gọi \\str[120] lại",
			"Mang dầu gội đầu"
        ],
        "5": [
            "\\nl< >\"Eh... em vẫn đang tắm dở mà…\""
        ],	
        "6": [
            "\\nl< >\"Trời ạ, em chỉ gọi anh lại vì không muốn ",
			"làm ướt sàn thôi mà…\""
        ],	
        "7": [
            "Tôi vội gạt đi những ý nghĩ kỳ lạ đó,",
			"lục trong tủ lấy ra một chai dầu gội dự phòng, ",
			"rồi đưa cho \\str[120]."
        ],	
        "8": [
            "\\nl< >\"Cảm ơn anh, \\str[121]!",
			"Em quay lại phòng tắm đây—hẹn gặp anh sau nhé!\""
        ],
        "9": [
            "\\str[120] đóng cửa lại và quay vào tắm tiếp.   \\w[30]",
			"Hmm... mình có nên ở lại thêm một chút không nhỉ?"
        ],
        "10": [
            "Khám phá",
			"Quay lại"
        ],
        "11": [
            "Dù sao cũng ở đây rồi, ",
			"nên mình cũng có thể nhìn quanh thêm một chút vậy!"
        ],
        "12": [
            "\\str[120] vẫn đang tắm... tốt hơn là quay lại."
        ],
        "13": [
            "\\str[120] ngoan ngoãn bước tới chỗ tôi",
            "Vì em ấy vẫn đang tắm, ",
			"em ấy chỉ quấn hờ một chiếc khăn tắm quanh người,",
            "cơ thể em ấy tỏa ra mùi sữa tắm hòa lẫn với hơi nước."
        ],
        "14": [
            "Vậy thì... ",
			"Mình nên làm gì với \\str[120] bây giờ...?"
        ],
        "15": [
            "Đưa cho kẹo Konpeito",
			"Xoa đầu em ấy",
			"Bóp ngực",
			"Tán gẫu một chút"
        ],
        "16": [
            "\"Ngoan lắm, ngoan lắm~ ",
			"Đây, ăn một viên kẹo nhé.\""
        ],
        "17": [
            "\\nl< >\"Em đã ăn một viên rồi đó—    \\w[70]\\^"
        ],
        "18": [
            "\\nl< >\"Mặc dù vị của nó rất ngon,",
			"nhưng mỗi lần ăn xong là người em lại nóng ran cả lên…\""
        ],
        "19": [
            "\\nl< >\"Kẹo à, huh... ngọt quá...      \\w[60]",
			"Nhưng \\str[121], anh nói nghe như ông già ấy nhỉ?\""
        ],
        "20": [
            "Tôi cho \\str[120] ăn một viên kẹo Konpeito lạ."
        ],
        "21": [
            "\\nl< >\"Em đã bảo là đừng chạm vào em nữa mà!\""
        ],
        "22": [
            "\"    ヾ(・ω・｀)    ",
			"Ngoan nào, ngoan nào~\""
        ],
        "23": [
            "\\nl< >\"Mmm...    \\w[45]",
			"Tóc em vẫn còn ướt mà,",
			"đừng xoa đầu em lúc này…\""
        ],
        "24": [
            "Tôi xoa nhẹ mái tóc còn ướt của \\str[120]—",
			"ừm, cảm giác chẳng dễ chịu chút nào…"
        ],
        "25": [
            "\\nl< >\"\\str[121]... anh có nhớ mình đến đây để làm gì không đó...?\""
        ],
        "26": [
            "\\nl< >\"Nếu anh tuyệt vọng đến vậy, thì \\str[121] cứ nói thẳng ra đi chứ...",
			"Dù sao thì anh lúc nào cũng luôn nghĩ đến những chuyện như thế mà…\""
        ],
        "27": [
            "\\nl< >\"Vậy ra chỉ là do tay anh lại trượt thôi sao...?   \\w[90]\\{",
			"\\str[121], đồ biến thái!\""
        ],
        "28": [
            "Nhìn chằm chằm vào những đường cong của \\str[120] hiện lên dưới chiếc khăn tắm ,",
            "tay tôi tự động di chuyển, vươn ra để nắm lấy sự ấm áp mềm mại và nặng nề đó."
        ],
        "29": [
            "\\nl< >\\{\"—Nyaaah!?\\str[121]!?\""
        ],
        "30": [
            "\"Xin lỗi, anh trượt tay..\""
        ],	
        "31": [
            "\\nl< >\"Đừng có chọc em vào lúc này...!\""
        ],	
        "32": [
            "Mmm... cảm giác này,",
			"có vẻ \\str[120] đã lớn hơn một chút rồi."
        ],	
        "33": [
            "\\nl< >\"Đủ rồi đó... dầu gội của em đâu rồi?\""
        ],		
        "34": [
            "\"Nhiệt độ nước tắm có ổn không?\""
        ],		
        "35": [
            "\\nl< >\"Nó hoàn hảo—rất thoải mái.\""
        ],		
        "36": [
            "Tán gẫu với \\str[120] một lúc."
        ],			
        "37": [
            "Hmm, chắc mình đã nán lại hơi lâu rồi. ",
			"Tốt hơn là nên ngừng trêu \\str[120]",
			"và chuẩn bị dầu gội cho em ấy thôi."
        ],			
        "38": [
            "\\nl< >\"Cảm ơn anh, \\str[121]! ",
			"Em quay lại tắm tiếp đây—lát nữa gặp anh sau nha~\""
        ],			
        "39": [
            "\\str[120] đóng cửa quay lại tắm tiếp.    \\w[30]",
			"Nếu mình ở đây thêm nữa chắc bị hiểu lầm mất... tốt hơn là quay lại thôi."
        ],			
        "40": [
            "\\nl< >\\{\"—Nyaaah!?\"",
			"\\w[45]\\^"
        ],			
        "41": [
            "\\str[120] bất ngờ trượt ngã ngay trước mặt tôi,",
            "ngã úp mặt xuống sàn—",
			"nhìn cảnh đó thôi cũng thấy đau rồi..."
        ],			
        "42": [
            "\\{\"Ah! Em... ",
			"em không sao chứ!?\""
        ],			
        "43": [
            "Tôi nhanh chóng chạy tới đỡ \\str[120] dậy.",
			"May là cú ngã không mạnh lắm—em ấy không bị thương."
        ],			
        "44": [
            "\\nl< >\"Uuuuh... \\str[121], đau quá...\""
        ],			
        "45": [
            "\\nl< >\"Em nghĩ mình chắc nổi cục u trên đầu mất...!\""
        ],			
        "46": [
            "Nhìn \\str[120] hơi run nhẹ vì đau,",
			"tôi nhẹ nhàng an ủi và giúp em ấy vào bồn tắm",
			"để gội tóc cho sạch sẽ."
        ]	
    }
}
