{
  "13": {
        "0": [
            "...О, что это? Ещё один ",
            "милый ягнёнок забрёл сюда?"
		],
		"1": [
            "Хехехе~ Ты пришёл просить у меня силу?",
            "Знаешь ли, это сделка с демоном~"
        ],
        "2": [
            "Увы, сейчас ещё \"не время\"~",
            "Ещё не время тебе встретить свою судьбу~"
        ],
        "3": [
            "Пока что ты всего лишь заблудившийся ягнёнок~",
            "Ничего не знающий и ничего ещё не осознавший~"
        ],
        "4": [
            "Эййй~~ Ты сидишь здесь, ",
            "надеясь услышать мои молитвы?"
        ],
        "5": [
            "Как жаль♥ Я Великий демон~",
            "Я таким не занимаюсь ради тебя~"
        ]		
    },	
  "16": {
        "0": [
            "В поте лица твоего будешь есть хлеб твой, ",
            "доколе не возвратишься в землю,",
            "из которой ты взят; ",
            "ибо прах ты и в прах возвратишься."
		],
		"1": [
            "Видел я все дела, какие делаются под солнцем; ",
            "и вот, всё — суета и томление духа."
        ],
        "2": [
            "Знаем, что любящим Бога, ",
            "призванным по Его изволению,",
            "всё содействует ко благу."
        ],
        "3": [
            "Потому что все согрешили ",
            "и лишены славы Божией."
        ],
        "4": [
            "Ибо видение относится ещё к определённому времени;",
            "оно говорит о конце и не обманет.",
            "И хотя бы и замедлило, жди его; ",
            "ибо непременно сбудется, не отменится."
        ],
        "5": [
            "Беззакония мои превысили голову мою, ",
            "как тяжкое бремя отяготели на мне."
        ]		
    },
  "17": {
        "0": [
            "И спросил его Иисус: \"Как тебе имя?\"",
            "Он сказал: \"Легион имя мне, потому что нас много.\""
		],
		"1": [
            "И другое знамение явилось на небе: ",
            "вот, большой красный дракон с семью головами и десятью рогами,",
            "и на головах его семь диадим; хвост его увлёк ",
            "третью часть звёзд небесных и поверг их на землю"
        ],
        "2": [
            "О, Сияющий, сын зари! ",
            "как ты упал с неба?",
            "Низвергавший народы, ",
            "как ты опрокинут на землю?"
        ],
        "3": [
            "И увидел я зверя, выходящего из моря. ",
            "У него десять рогов и семь голов,",
            "на рогах его десять диадим, ",
            "а на головах его — имена богохульные."
        ],
        "4": [
            "Если я пойду и долиною смертной тени, ",
            "не убоюсь зла, потому что Ты со мною;",
            "Твой жезл и Твой посох — они успокаивают меня."
        ],
        "5": [
            "И сказал Господь сатане: \"Откуда ты пришёл?\"",
            "Сатана ответил: \"Я ходил по земле, ",
            "обходя её.\""
        ]		
    },
  "18": {
        "0": [
			"...Это телепортационный круг.",
			"Покинуть это место сейчас…?"
		],
		"1": [
            "Уйти",
            "Подождать немного…"
        ]
    }	
}