﻿{
  "1": {
    "name": [
      "ทั่งตีเหล็ก"
    ],
    "subtitle": "",
    "description": [
      "มีทั่งหนักจากโรงตีเหล็กขนมาด้วย",
      "รอบๆเป็นอุปกรณ์ ความแข็งและน้ำหนักทำให้เหมาะสำหรับ",
      "การลับอาวุธ แม้จะยากสำหรับผู้ไม่มีประสบการณ์ก็ตาม..."
    ],
    "ability": [
      "Senpo เปลี่ยนไปดึงทั่งตีออกมาเพื่อซ่อมแซมอาวุธ",
      "ไม่สามารถซ่อมแซมอาวุธเวทย์มนตร์หรืออาวุธคุณภาพทองได้"
    ]
  },
  "2": {
    "name": [
      "อาวุธยุทโธปกรณ์อัญมณี"
    ],
    "subtitle": "",
    "description": [
      "แร่ธาตุที่หลับใหลอยู่ใต้ดินเป็นสื่อการเล่นแร่แปรธาตุที่ดี",
      "อุปกรณ์มาจิเทครูปทรงกริชนี้ถ่ายทอดพลังอันล้ำค่า",
      "อัญมณี แต่การใช้มันอย่างมีราคาแพงทำให้นักเล่นแร่แปรธาตุส่วนใหญ่ละทิ้งมัน..."
    ],
    "ability": [
      "สุ่มใช้อัญมณีเมื่อโจมตีเพื่อชาร์จและเพิ่มความเสียหาย",
      "ยิ่งอัญมณีมีค่ามากเท่าใด ความเสียหายทางเวทย์มนตร์ก็จะยิ่งมากขึ้นเท่านั้น"
    ]
  },
  "3": {
    "name": [
      "เครื่องประดับผมแปลกๆ"
    ],
    "subtitle": "",
    "description": [
      "เครื่องประดับผมประดับด้วยเครื่องประดับที่แปลกตา",
      "มันคือกระต่าย…หรือขนมปัง…?"
    ],
    "ability": [
      ""
    ]
  },
  "5": {
    "name": [
      "ถุงมือนิรภัย"
    ],
    "subtitle": "",
    "description": [
      "ถุงมือป้องกันที่ทำจากวัสดุฉนวน",
      "เดิมทีคนงานใช้เป็นอุปกรณ์ความปลอดภัยในชีวิตประจำวัน น่าแปลกที่",
      "พวกมันยังให้ความต้านทานที่แข็งแกร่งต่อการโจมตีทางเวทย์มนตร์..."
    ],
    "ability": [
      "ลดผลกระทบของสายฟ้าลงอย่างมากเมื่อติดตั้ง"
    ]
  },
  "6": {
    "name": [
      "การกำเนิดของความโชคร้าย"
    ],
    "subtitle": "",
    "description": [
      "สิ่งมีชีวิตที่อ่อนแอถูกปรสิตด้วยศิลาอาถรรพ์",
      "อบอวลไปด้วยพลังอันไม่มีที่สิ้นสุด วงจรชีวิตและชีวิตไม่รู้จบ",
      "ความตายจนความบ้าคลั่งเข้าครอบงำ แม้จะถูกลบออกไป พลังนี้ก็ยังคงอยู่"
    ],
    "ability": [
      "เพิ่ม HP เพิ่มผลการฟื้นฟู HP 25%",
      "ให้การฟื้นฟูอัตโนมัติเมื่อติดตั้ง"
    ]
  },
  "7": {
    "name": [
      "ทารกในครรภ์ต้องสาป"
    ],
    "subtitle": "",
    "description": [
      "ทารกในครรภ์ต้องสาปที่ยังไม่พัฒนาซึ่งแม้จะมีทุกอย่าง",
      "ยังมีชีวิตอยู่ ความปรารถนาอันแรงกล้าที่จะเอาชีวิตรอดและล้นหลาม",
      "ความมีชีวิตชีวาสามารถมีอิทธิพลต่อผู้ถือได้"
    ],
    "ability": [
      "เพิ่ม HP เพิ่มผลการฟื้นฟู HP 20%"
    ]
  },
  "8": {
    "name": [
      "มานาคริสตัลคลัสเตอร์"
    ],
    "subtitle": "",
    "description": [
      "แร่ที่มีรูปร่างโดย Great Labyrinth ซึ่งมีมานาติดตามอยู่",
      "การพกพาช่วยเพิ่มความเข้าใจอันมหัศจรรย์"
    ],
    "ability": [
      "การสวมใส่จะช่วยเพิ่มความเร็วในการร่ายและพลังเวทย์มนตร์",
      "การโจมตีด้วยอาวุธเวทย์มนตร์จะสร้างความเสียหายเวทย์เพิ่มเติม 5%"
    ]
  },
  "9": {
    "name": [
      "กลุ่มมานาแห่งนรก"
    ],
    "subtitle": "",
    "description": [
      "กลุ่มหายากที่เต็มไปด้วยมานาหนาแน่น",
      "แผ่คลื่นเวทย์มนตร์ที่เห็นได้ชัดเจน เป็นที่ต้องการอย่างมากจากนักเล่นแร่แปรธาตุ"
    ],
    "ability": [
      "การสวมใส่จะช่วยเพิ่มความเร็วในการร่ายและพลังเวทย์มนตร์",
      "การโจมตีด้วยอาวุธเวทย์มนตร์จะสร้างความเสียหายเวทย์เพิ่มเติม 10%"
    ]
  },
  "10": {
    "name": [
      "โฟกัส เซอร์เคิล"
    ],
    "subtitle": "",
    "description": [
      "วงแหวนที่ปราชญ์ผู้ยิ่งใหญ่สวมใส่ในช่วงวัยเยาว์ในฐานะ",
      "นักผจญภัย ช่วยให้มีสมาธิและสกัดกั้นสิ่งรบกวนภายนอก"
    ],
    "ability": [
      "ภูมิคุ้มกันต่อสตัน",
      "เพิ่มพลังเวทย์มนตร์และระดับการร่าย"
    ]
  },
  "11": {
    "name": [
      "ถุงมือดูดมานา"
    ],
    "subtitle": "",
    "description": [
      "ถุงมือที่ปราชญ์ผู้ยิ่งใหญ่สวมใส่ในวัยเยาว์",
      "นักผจญภัย พวกเขารวบรวมมานาตามธรรมชาติ",
      "ประดับอาวุธด้วยคุณสมบัติเวทย์มนตร์"
    ],
    "ability": [
      "เมื่อสวมใส่ อาวุธที่ถืออยู่จะเปลี่ยนเป็นอาวุธเวทย์มนตร์",
      "การโจมตีด้วยอาวุธเวทย์มนตร์จะสร้างความเสียหายเวทย์เพิ่มเติม 30%"
    ]
  },
  "12": {
    "name": [
      "ยืมกรงเล็บเนโกะ"
    ],
    "subtitle": [
      "...เมี้ยว~?"
    ],
    "description": [
      "กรงเล็บ Neko ที่ซ่อนอยู่ภายใน Neko Slime ดูเหมือนจะเต็มไปด้วย",
      "ด้วยจิตวิญญาณของแมว การสวมใส่พวกมันจะช่วยเพิ่มความคล่องตัวของคุณ!"
    ],
    "ability": [
      "เพิ่มพลังโจมตีและความเร็วในการโจมตี"
    ]
  },
  "13": {
    "name": [
      "ยืมเนโกะ อุ้งเท้ามา"
    ],
    "subtitle": [
      "...เมี้ยว~?"
    ],
    "description": [
      "อุ้งเท้าของ Neko ซ่อนอยู่ใน Neko Slime ซึ่งดูเหมือนจะซึมซับอยู่",
      "ด้วยจิตวิญญาณของแมว การสวมใส่พวกมันจะช่วยเพิ่มความคล่องตัวของคุณ!"
    ],
    "ability": [
      "เพิ่มความเร็วในการโจมตีและการเคลื่อนที่ ลดคูลดาวน์ Senpo"
    ]
  },
  "14": {
    "name": [
      "แหวนหญ้าหอม"
    ],
    "subtitle": "",
    "description": [
      "แหวนถักจากใบและเหง้า มีกลิ่นหอมของสมุนไพร",
      "ครั้งหนึ่งเคยเป็นเสน่ห์ของนักเดินทาง มันเป็นสัญลักษณ์ของความมีชีวิตชีวาและพลังงาน"
    ],
    "ability": [
      "HP สูงสุด +\\c[29]${QJ.MPMZ.tl.ex_fragrantGrassRingEffectResolve()}\\c[0]",
      "การสวมอุปกรณ์นี้หลายชิ้นจะช่วยเพิ่มเอฟเฟกต์"
    ]
  },
  "15": {
    "name": [
      "ชุดตุ๊กตาเนโกะ"
    ],
    "subtitle": "",
    "description": [
      "ชุดตุ๊กตาแมวนุ่มน่ากอด — นุ่มฟูและโอเวอร์ไซส์",
      "การออกแบบที่กว้างขวางโอบล้อมคุณและยังซ่อนสิ่งของพิเศษไว้อีกด้วย~"
    ],
    "ability": [
      "ความสามารถในการพกพาอาวุธเพิ่มเติม +10",
      "ความสามารถในการบรรทุกพิเศษสำหรับเกียร์ +20"
    ]
  },
  "16": {
    "name": [
      "หมวกกันน็อค Spike แบบเจาะ"
    ],
    "subtitle": "",
    "description": [
      "เกราะโลหะมีหนามแหลมที่สะท้อนอันตรายจากทุกมุม",
      "ให้การป้องกันที่แข็งแกร่งและสร้างความเสียหายแก่ศัตรูที่อยู่ใกล้เคียงโดยอัตโนมัติ"
    ],
    "ability": [
      "สร้างความเสียหายให้กับศัตรูที่อยู่ใกล้เคียงโดยอัตโนมัติ"
    ]
  },
  "17": {
    "name": [
      "เจาะเกราะ Spike"
    ],
    "subtitle": "",
    "description": [
      "เกราะโลหะมีหนามแหลมที่สะท้อนอันตรายจากทุกมุม",
      "ให้การป้องกันที่แข็งแกร่งและสร้างความเสียหายแก่ศัตรูที่อยู่ใกล้เคียงโดยอัตโนมัติ"
    ],
    "ability": [
      "สร้างความเสียหายให้กับศัตรูที่อยู่ใกล้เคียงโดยอัตโนมัติ"
    ]
  },
  "18": {
    "name": [
      "ถุงมือเข็มเจาะ"
    ],
    "subtitle": "",
    "description": [
      "เกราะโลหะมีหนามแหลมที่สะท้อนอันตรายจากทุกมุม",
      "ให้การป้องกันที่แข็งแกร่งและสร้างความเสียหายแก่ศัตรูที่อยู่ใกล้เคียงโดยอัตโนมัติ"
    ],
    "ability": [
      "สร้างความเสียหายให้กับศัตรูใกล้เคียงโดยอัตโนมัติเมื่อโจมตี"
    ]
  },
  "19": {
    "name": [
      "เจาะรองเท้า Spike"
    ],
    "subtitle": "",
    "description": [
      "เกราะโลหะมีหนามแหลมที่สะท้อนอันตรายจากทุกมุม",
      "ให้การป้องกันที่แข็งแกร่งและสร้างความเสียหายแก่ศัตรูที่อยู่ใกล้เคียงโดยอัตโนมัติ"
    ],
    "ability": [
      "สร้างความเสียหายให้กับศัตรูที่อยู่ใกล้เคียงโดยอัตโนมัติเมื่อเคลื่อนที่"
    ]
  },
  "20": {
    "name": [
      "หมวกอัศวิน"
    ],
    "subtitle": "",
    "description": [
      "ชุดเกราะมาตรฐานของอัศวินราชสำนัก การออกแบบที่หรูหราและทนทาน",
      "เป็นสัญลักษณ์ของการยึดมั่นในรหัสอัศวิน"
    ],
    "ability": [
      "เพิ่มการป้องกันเมื่อ HP ต่ำกว่า \\c[10]30%\\c[0]"
    ]
  },
  "21": {
    "name": [
      "ชุดเกราะอัศวิน"
    ],
    "subtitle": "",
    "description": [
      "ชุดเกราะมาตรฐานของอัศวินราชสำนัก การออกแบบที่หรูหราและทนทาน",
      "เป็นสัญลักษณ์ของการยึดมั่นในรหัสอัศวิน"
    ],
    "ability": [
      "เพิ่มการป้องกันเมื่อ HP ต่ำกว่า \\c[10]30%\\c[0]"
    ]
  },
  "22": {
    "name": [
      "ถุงมืออัศวิน"
    ],
    "subtitle": "",
    "description": [
      "ชุดเกราะมาตรฐานของอัศวินราชสำนัก การออกแบบที่หรูหราและทนทาน",
      "เป็นสัญลักษณ์ของการยึดมั่นในรหัสอัศวิน"
    ],
    "ability": [
      "เพิ่มการโจมตีและการป้องกันเมื่อ HP ต่ำกว่า \\c[10]30%\\c[0]"
    ]
  },
  "23": {
    "name": [
      "Greaves ของอัศวิน"
    ],
    "subtitle": "",
    "description": [
      "ชุดเกราะมาตรฐานของอัศวินราชสำนัก การออกแบบที่หรูหราและทนทาน",
      "เป็นสัญลักษณ์ของการยึดมั่นในรหัสอัศวิน"
    ],
    "ability": [
      "เพิ่มความเร็วในการเคลื่อนที่เมื่อ HP ต่ำกว่า \\c[10]30%\\c[0]"
    ]
  },
  "24": {
    "name": [
      "ชุดฮันเตอร์"
    ],
    "subtitle": "",
    "description": [
      "เย็บจากหนังหนาและผ้าลินินเนื้อเหนียว ซึ่งครั้งหนึ่งเคยใช้ในชีวิตประจำวัน",
      "อุปกรณ์ของนักล่าป่า แม้ว่าการป้องกันจะมีจำกัด แต่ก็เบาและ",
      "มีความยืดหยุ่นทำให้ผู้สวมใส่เคลื่อนตัวผ่านป่าได้อย่างรวดเร็ว"
    ],
    "ability": [
      "ฟื้นฟู HP อย่างช้าๆ เมื่อยืนอยู่บนพื้นหญ้า"
    ]
  },
  "25": {
    "name": [
      "เข็มขัดของนักล่า"
    ],
    "subtitle": "",
    "description": [
      "ผลิตจากหนังที่มีความทนทาน ตกแต่งด้วยตัวล็อคที่ทนทาน",
      "และกระเป๋า ครั้งหนึ่งที่จำเป็นสำหรับนักล่าป่าในการเดินทาง",
      "มันยังคงเบาและไม่ภาระแม้ในระหว่างการเดินป่าระยะไกล"
    ],
    "ability": [
      "HP สูงสุด +20 ความเร็วในการเคลื่อนที่เพิ่มขึ้น",
      "ความสามารถในการพกพาพิเศษสำหรับอาวุธ +5, สำหรับเกียร์ +5"
    ]
  },
  "26": {
    "name": [
      "ขนนกแห่งไฟร์เบิร์ด"
    ],
    "subtitle": [
      ""
    ],
    "description": [
      "ขนนกไฟร์เบิร์ด",
      "เป็นสัญลักษณ์ของชีวิตนิรันดร์ที่ยังคงเผาไหม้ด้วยเปลวไฟอันอบอุ่น",
      "แม้แต่ขนเพียงเส้นเดียวก็มีพลังในการชุบชีวิตคนตายได้"
    ],
    "ability": [
      "เปิดใช้งานเมื่อ HP ลดลงเหลือศูนย์ ฟื้นฟู HP เต็ม",
      "ไอเท็มจะถูกทำลายหลังจากเปิดใช้งาน"
    ]
  },
  "27": {
    "name": [
      "กระดาษชำระ"
    ],
    "subtitle": "",
    "description": [
      "กระดาษชำระนำมาจากที่บ้าน",
      "ไอเทมที่มีประโยชน์สำหรับนักผจญภัยที่ต้องการความช่วยเหลืออย่างกะทันหัน",
      "การเข้าห้องน้ำในดันเจี้ยนสุดอันตราย"
    ],
    "ability": [
      "ลดความเสียหายเลือดออกที่ได้รับ \\c[10]30%\\c[0]"
    ]
  },
  "29": {
    "name": [
      "ซอซี่ แจ๊คกี้"
    ],
    "subtitle": [
      "ตัวนี้ร้องกรี๊ด..."
    ],
    "description": [
      "หนึ่งในอาวุธร้ายแรงของนักฆ่าชื่อดัง",
      "ยังคงกระตุกด้วยความคาดหวัง"
    ],
    "ability": [
      "สร้างความเสียหายมากขึ้นแก่ศัตรู HP ที่ต่ำกว่า สูงสุดถึง \\c[10]30%\\c[0]"
    ]
  },
  "30": {
    "name": [
      "กริชของฮันเตอร์"
    ],
    "subtitle": [
      "ความตายจากปากกระบอกปืน โชคลาภจากดาบ"
    ],
    "description": [
      "มีดสั้นแหลมคมขนาดเล็กที่ใส่รองเท้าบู๊ตได้ง่าย",
      "สำหรับนักล่า มันจะดึงเอาเครื่องบูชาสุดท้ายของเหยื่อออกมาเสมอ"
    ],
    "ability": [
      "เพิ่มโอกาสที่เนื้อจะดรอป"
    ]
  },
  "31": {
    "name": [
      "มิสตี้ ไนท์ แฟนธอม"
    ],
    "subtitle": [
      "ตัวนี้ปรารถนาให้หายไป..."
    ],
    "description": [
      "หนึ่งในเครื่องมืออันตรายของฆาตกรฉาวโฉ่",
      "สร้างขึ้นเพื่อปกปิดการมีอยู่ของมัน"
    ],
    "ability": [
      "เข้าสู่สภาวะที่มองไม่เห็นเป็นระยะๆ",
      "การลอบสังหารในขณะที่ล่องหนจะสร้างความเสียหายเป็นสองเท่า"
    ]
  },
  "32": {
    "name": [
      "เนโกะ พั้นช์"
    ],
    "subtitle": "",
    "description": [
      "ฮ้า-!! อย่ามายุ่งกับฉันนะ!",
      "ถุงมืออุ้งเท้าแมวบุนวม อาวุธล้ำค่าของสาวแมว",
      "การสวมใส่จะทำให้แมวมีความคล่องตัว—และความอยากปลา..."
    ],
    "ability": [
      "ความเร็วในการโจมตีเพิ่มขึ้น พลังโจมตีเพิ่มเติม +1",
      "โอกาสในการโจมตีพิเศษที่ทำให้เกิดเอฟเฟกต์พิเศษลดลงครึ่งหนึ่ง"
    ]
  },
  "33": {
    "name": [
      "หมวกแอปเปิ้ล"
    ],
    "subtitle": "",
    "description": [
      "หมวกที่ทำจากแอปเปิ้ล คุณไม่สามารถทำแบบนั้นได้",
      "คาดหวังการป้องกันจริงๆ แต่แอปเปิ้ลอร่อยมาก"
    ],
    "ability": [
      "มีโอกาสที่จะเปิดใช้งานการรักษาเมื่อได้รับบาดเจ็บ"
    ]
  },
  "34": {
    "name": [
      "แหวนใบมีดคม"
    ],
    "subtitle": "",
    "description": [
      "ตำนานเล่าว่านักผจญภัยที่กลัวการต่อสู้ด้วยมือเปล่ามาก",
      "ฝังดาบเข้าไปในวงแหวน มันเล็กเกินไปที่จะใช้",
      "แต่มันช่วยเพิ่มการปรากฏตัวของคนๆ หนึ่งได้อย่างแน่นอน"
    ],
    "ability": [
      "พลังโจมตีกายภาพ +15%"
    ]
  },
  "35": {
    "name": [
      "วากิซาชิ"
    ],
    "subtitle": "",
    "description": [
      "มีดสั้นที่ประดิษฐ์อย่างประณีต มักถือโดยซามูไรต่างชาติ",
      "เป็นอาวุธ แม้จะสั้น แต่ขอบก็สามารถฉีกเนื้อให้กว้างได้",
      "ทิ้งบาดแผลที่เลือดไหลไม่หยุดง่ายๆ"
    ],
    "ability": [
      "จำนวนการโจมตีปกติด้วยอาวุธประชิด +1",
      "การโจมตีพิเศษมีโอกาสที่จะทำให้เลือดออก"
    ]
  },
  "36": {
    "name": [
      "มาเนกิเนโกะ"
    ],
    "subtitle": "",
    "description": [
      "ข้ารับใช้ตัวน้อยผู้ละโมบและมีท่าทางไม่พอใจอยู่ตลอดเวลา",
      "มันกระตือรือร้นที่จะรวบรวมสิ่งของที่ดรอปทั้งหมดโดยไม่คำนึงถึงมูลค่าของมัน"
    ],
    "ability": [
      "มาเนกิเนโกะจะรวบรวมการดรอปทุกประเภทให้คุณโดยอัตโนมัติ",
      "การติดตั้งหลายรายการจะเพิ่มระยะการรวบรวมเท่านั้น"
    ]
  },
  "37": {
    "name": [
      "กระปุกออมสิน"
    ],
    "subtitle": "",
    "description": [
      "เซอเวนท์น่ารักที่เก็บเงิน",
      "บางอย่างอาจจะเกิดขึ้นเมื่ออิ่ม แต่ตอนนี้มันแค่เปราะบาง"
    ],
    "ability": [
      "เก็บเงินอย่างมีความสุข เงินออมปัจจุบัน: \\c[6]${$gameSelfVariables.value([1, 110, 'deposit'])}\\c[0]เยน!",
      "แตกหักง่ายเมื่อถูกโจมตี สูญเสียเงินที่เก็บไว้ทั้งหมด"
    ]
  },
  "38": {
    "name": [
      "กระปุกออมสินโลภ"
    ],
    "subtitle": "",
    "description": [
      "กระปุกออมสินที่เต็มไปด้วยความมั่งคั่ง ความฝันที่เป็นจริง",
      "ถึงแม้จะมีท้องที่เต็มไปด้วยทองคำ ความโลภก็ไร้ขอบเขต"
    ],
    "ability": [
      "ปล่อยออร่า Demand ของ Mamon เงินออมปัจจุบัน: \\c[6]${$gameSelfVariables.value([1, 110, 'deposit'])}\\c[0]เยน!",
      "เก็บเงินไม่สิ้นสุด คายดอกเบี้ยทุกๆ 10 วินาที"
    ]
  },
  "39": {
    "name": [
      "เปลือกเต่าเขียว"
    ],
    "subtitle": "",
    "description": [
      "เปลือกเต่าที่แข็งและหนัก",
      "การแบกมันขึ้นบกทำให้ยกเท้าไม่ได้…!"
    ],
    "ability": [
      "ลดความเร็วในการเคลื่อนที่ แต่เพิ่มความเร็วในการว่ายน้ำ"
    ]
  },
  "40": {
    "name": [
      "ชุดเมด"
    ],
    "subtitle": "",
    "description": [
      "ถ้วยรางวัลที่ได้รับหลังจากสอนบทเรียนแก่เหล่าจอมซน",
      "สาวหูกระต่าย ยังคงมีกลิ่นของสิ่งสกปรกและแครอทอยู่"
    ],
    "ability": [
      "เมื่อสวมใส่ จะปลอมตัวเป็นสัตว์ประหลาดแต่ไม่สามารถโจมตีได้",
      "การสวมใส่จะทำให้คุณเป็นเพื่อนที่ดีที่สุดกับ Maid Bunny"
    ]
  },
  "41": {
    "name": [
      "โม บันนี่ เอียร์ส"
    ],
    "subtitle": "",
    "description": [
      "เครื่องประดับหูกระต่ายที่ถอดออกได้",
      "ไม่ว่าใครใส่ก็ดูน่ารักสุดๆ!"
    ],
    "ability": [
      "โชคดีมีชัย! ไอเทมมีแนวโน้มดรอปมากขึ้น!"
    ]
  },
  "42": {
    "name": [
      "ระเบิดวิญญาณปีศาจ"
    ],
    "subtitle": [
      "ระเบิด!!"
    ],
    "description": [
      "ความตั้งใจที่เสียสละทุกสิ่งเพื่อการระเบิด",
      "เมื่อเจ้าอดทนแล้ว เจ้าจะไม่ต่อสู้เพื่อระเบิดที่ใหญ่กว่านี้หรือ?"
    ],
    "ability": [
      "มีโอกาสเล็กน้อยที่จะทำให้เกิดการระเบิดเมื่อโจมตีหรือถูกโจมตี",
      "ลดความเสียหายจากการระเบิดที่เกิดขึ้นเอง 50%"
    ]
  },
  "43": {
    "name": [
      "ตราสัญลักษณ์ของ Bladekeepers"
    ],
    "subtitle": [
      "นักผจญภัยของคุณทำให้ฉันป่วย!",
      "แกว่งดาบของคุณเพียงเพื่อฆ่า ไม่สนใจความเจ็บปวดของพวกเขา!"
    ],
    "description": [
      "ตราสัญลักษณ์ที่สวมใส่โดยสหายที่เชื่อในการอนุรักษ์อาวุธเท่านั้น"
    ],
    "ability": [
      "พลังโจมตี -20% โจมตีสูงสุดต่อยอดที่ 200",
      "ลดการสูญเสียความทนทานของอาวุธทั้งหมดลง 20%"
    ]
  },
  "44": {
    "name": [
      "◉▽◉"
    ],
    "subtitle": [
      "Sacabambaspis เคยเห็นมันมาก่อนแล้ว"
    ],
    "description": [
      "เซอเวนท์โบราณในตำนาน แม้ว่าจะเป็นปลา แต่ก็ว่ายน้ำไม่ได้",
      "มันมีผิวหนังที่แข็งแกร่ง และท่าพิเศษของมันคือ Cyclone Jet Cannon!"
    ],
    "ability": [
      "สามารถยกเต่า Saccabankame ขึ้นมาแล้วโยนโจมตีได้",
      "เมื่อตกน้ำแล้วกลับออกมาไม่ได้..."
    ]
  },
  "45": {
    "name": [
      "กอดพิษ"
    ],
    "subtitle": [
      "มีดเล่มนี้เต็มไปด้วยพิษร้ายแรงนะรู้ไหม— (เลีย"
    ],
    "description": [
      "ดาบสั้นเวทมนตร์พิษ—รักษาระยะห่างไว้"
    ],
    "ability": [
      "เซอเวนท์ที่โคจรอัตโนมัติ",
      "มีโอกาสสูงที่จะสร้างพิษเมื่อสัมผัส"
    ]
  },
  "46": {
    "name": [
      "หมัดแห่งความโกรธ"
    ],
    "subtitle": "",
    "description": [
      "หมัดเวทย์มนตร์ที่ทรงพลัง",
      "มองเห็นความโกรธแค้นที่ไม่ทราบสาเหตุ มันยังคงกำแน่น..."
    ],
    "ability": [
      "เซอเวนท์ที่โคจรอัตโนมัติ",
      "กระแทกศัตรูที่โดนออกไป"
    ]
  },
  "47": {
    "name": [
      "มือต้องสาปของ Xerise"
    ],
    "subtitle": "",
    "description": [
      "มือที่ถูกตัดขาดซึ่งเต็มไปด้วยพลังอันเดด",
      "แม้ว่าจะไม่มีร่างกาย แต่ก็ยังมีชีวิตชีวาและก้าวร้าว"
    ],
    "ability": [
      "เซอเวนท์ที่โคจรอัตโนมัติ",
      "สาปเป้าหมายใดก็ตามที่มันชี้นิ้วกลางไป"
    ]
  },
  "48": {
    "name": [
      "สัญญาผูกมัดเวทย์มนตร์ลูกโซ่"
    ],
    "subtitle": [
      "เมื่อคนที่คุณรักตายคุณต้องปลิดชีวิตของคุณเอง",
      "เมื่อคนที่คุณรักตายไป ไม่มีทางอื่นอีกแล้ว"
    ],
    "description": [
      "เพื่อช่วยคนคุ้นเคยของเขา นักเล่นแร่แปรธาตุคนหนึ่งจึงปลอมสัญญานี้..."
    ],
    "ability": [
      "เชื่อมโยงกับคนรับใช้ของคุณ—ความเสียหายใด ๆ ที่พวกเขาได้รับจะเป็นของคุณ",
      "ผู้รับใช้ที่เชื่อมโยงกันแต่ละคนจะให้เอฟเฟกต์การรักษาแก่คุณ"
    ]
  },
  "50": {
    "name": [
      "มันฝรั่งทอด"
    ],
    "subtitle": "",
    "description": [
      "ทอดใหม่ๆร้อนๆ",
      "กลิ่นหอม ระวังนกนางนวล!"
    ],
    "ability": [
      "ดึงดูดนกนางนวลที่ขโมยชิปของคุณ"
    ]
  },
  "53": {
    "name": [
      "แหวนกระดูกของคนที่ถูกแขวนคอ"
    ],
    "subtitle": "",
    "description": [
      "แหวนที่ทำจากกระดูกของชายผู้ถูกแขวนคอที่เสียชีวิต",
      "แม้ว่าพลังส่วนใหญ่จะหายไป",
      "แต่ยังช่วยให้ผู้สวมใส่มีอิสระจากแรงโน้มถ่วงเล็กน้อย"
    ],
    "ability": [
      "ลดความเสียหายจากการล้มลง 50%"
    ]
  },
  "54": {
    "name": [
      "จอกทองคำที่ไม่สมบูรณ์"
    ],
    "subtitle": "",
    "description": [
      "พระธาตุของนักบุญที่ยังเติมไม่เต็มก็ให้พรแก่ผู้ถือ",
      "โชคอันยิ่งใหญ่ ยังไม่ทราบที่มาของพรนี้",
      "ขณะที่มันรอคอยวันที่มันจะเสร็จสมบูรณ์อย่างเงียบๆ"
    ],
    "ability": [
      "เพิ่มโชคลาภอย่างมาก ได้รับเงินเป็นสองเท่า"
    ]
  },
  "55": {
    "name": [
      "ถุงมือของผู้ลอบวางเพลิง"
    ],
    "subtitle": [
      "ฮ่าๆ ดอกไม้ไฟสกปรกขนาดนั้น"
    ],
    "description": [
      "ถุงมือหนากันความร้อนส่งกลิ่นดินปืน"
    ],
    "ability": [
      "+30% รัศมีการระเบิดสำหรับระเบิดที่กระตุ้นตัวเอง",
      "ระเบิดมีโอกาสที่จะทำให้เกิดการระเบิดของโซ่"
    ]
  },
  "56": {
    "name": [
      "ความเมตตาของ Saint Maiden"
    ],
    "subtitle": [
      "เด็กดี เด็กดี..."
    ],
    "description": [
      "หนึ่งในชุดของแม่ชีเนื้อเนียนน่าสัมผัสมิรู้ลืม",
      "ความกระจ่างใสอันศักดิ์สิทธิ์ไหลผ่านเส้นใย มอบความสบาย"
    ],
    "ability": [
      "บังคับให้เข้าสู่โหมดผู้รอบรู้",
      "เพิ่มความสัมพันธ์มากขึ้นเมื่อตบหัวของ \\str[120]"
    ]
  },
  "57": {
    "name": [
      "อิจิโกะ โว โทริโมโดส!!"
    ],
    "subtitle": [
      ""
    ],
    "description": [
      "ASABA กลืนกินสตรอเบอร์รี่ที่หายไป",
      "ปลดปล่อยศิลปะขั้นสุดยอดของเขา เมื่อกำหนดเป้าหมายแล้ว คุณจะถูกกลืนหายไป",
      "ด้วยพายุคอมโบที่หลีกเลี่ยงไม่ได้… แต่ความโศกเศร้ายังคงอยู่—",
      "เผาไหม้ด้วยอารมณ์แห่งโชคชะตา คุณก็สืบทอดเทคนิคต้องห้ามนี้เช่นกัน!"
    ],
    "ability": [
      "ปลดปล่อยการเคลื่อนไหวพิเศษด้วยคำสั่งที่ถูกต้อง",
      "ยิ่ง HP ของคุณต่ำ ท่าพิเศษก็จะยิ่งแข็งแกร่งขึ้น"
    ]
  },
  "59": {
    "name": [
      "จี้แดง"
    ],
    "subtitle": [
      ""
    ],
    "description": [
      "สมบัติอันล้ำค่าของนักมายากลที่ร่วงหล่น",
      "จี้ที่สร้างจากสะเก็ดนักปราชญ์จำนวนเล็กน้อย",
      "เปี่ยมไปด้วยพลังการเล่นแร่แปรธาตุอันบางเบาแต่คงอยู่ชั่วนิรันดร์"
    ],
    "ability": [
      "เพิ่มพลังโจมตีเวทย์ตามจำนวน Philosopher's Fragment ที่ถืออยู่",
      "ลดความทนทานของอาวุธเมื่อร่ายเวทมนตร์ลง \\c[6]24%\\c[0]"
    ]
  },
  "60": {
    "name": [
      "วงแหวนของ Fallen Mage"
    ],
    "subtitle": "",
    "description": [
      "วงแหวนต้องสาปแปดเปื้อนด้วยเวทมนตร์แห่งความมืด",
      "ถูกครอบงำด้วยความแค้นที่กัดกินเนื้อหนัง"
    ],
    "ability": [
      "พลังโจมตีเวทย์ +100%",
      "HP สูงสุด -50%"
    ]
  },
  "61": {
    "name": [
      "เสื้อคลุมของ Fallen Mage"
    ],
    "subtitle": "",
    "description": [
      "เสื้อคลุมต้องสาปแปดเปื้อนด้วยเวทมนตร์แห่งความมืด",
      "ถูกหลอกหลอนด้วยวิญญาณแห่งความอาฆาตแค้น"
    ],
    "ability": [
      "ภาพติดตาที่สร้างโดย Senpo จะคงอยู่นานขึ้น",
      "วัตถุที่สัมผัสจะถูกแช่แข็งอยู่กับที่"
    ]
  },
  "62": {
    "name": [
      "ถุงมือของ Fallen Mage"
    ],
    "subtitle": "",
    "description": [
      "ถุงมือต้องสาปแปดเปื้อนด้วยเวทมนตร์แห่งความมืด",
      "เต็มไปด้วยวิญญาณอาฆาตที่กระตือรือร้นที่จะโจมตี"
    ],
    "ability": [
      "ขีปนาวุธติดตามศัตรูที่อยู่ใกล้เคียง"
    ]
  },
  "63": {
    "name": [
      "รองเท้าของ Fallen Mage"
    ],
    "subtitle": "",
    "description": [
      "รองเท้าต้องสาปแปดเปื้อนด้วยเวทมนตร์แห่งความมืด",
      "อบอวลไปด้วยจิตวิญญาณแห่งความอาฆาตที่ให้ความคล่องตัวดุจผี"
    ],
    "ability": [
      "เพิ่มความเร็วในการเคลื่อนที่ และมอบสถานะเป็นโมฆะเมื่อใช้ Senpo"
    ]
  },
  "65": {
    "name": [
      "แถบคาดศีรษะความมุ่งมั่น"
    ],
    "subtitle": [
      "คุณคิดว่าฉันเป็นใคร!?"
    ],
    "description": [
      "ผ้าคาดผมที่ปลุกเร้าความหลงใหลเมื่อสวมใส่",
      "ไม่มีผลกระทบที่แท้จริง แต่จิตวิญญาณอันแน่วแน่ของมันไม่มีใครเทียบได้"
    ],
    "ability": [
      "ลดโอกาสสถานะผิดปกติ",
      "มีโอกาสเล็กน้อยที่จะต้านทานความเสียหายร้ายแรง"
    ]
  },
  "67": {
    "name": [
      "Bracers ของศิลปินศิลปะการต่อสู้"
    ],
    "subtitle": "",
    "description": [
      "อุปกรณ์พยุงผ้าพันแผลที่สวมใส่โดยนักต่อสู้ระหว่างการซ้อม",
      "ช่วยปกป้องข้อต่อพร้อมทั้งปรับปรุงความแม่นยำในการเคลื่อนไหว"
    ],
    "ability": [
      "-12% การใช้ความทนทานของอาวุธ",
      "เพิ่มความเร็วในการโจมตีและเพิ่มความเสียหายจากคอมโบที่ไม่มีอาวุธ"
    ]
  },
  "68": {
    "name": [
      "รองเท้าของศิลปินศิลปะการต่อสู้"
    ],
    "subtitle": "",
    "description": [
      "รองเท้าที่มักสวมใส่โดยนักศิลปะการต่อสู้ที่มี",
      "ฝึกฝนฝีมือของพวกเขาและเปล่งออร่าอันทรงพลังออกมา"
    ],
    "ability": [
      "ความเร็วในการเคลื่อนที่เพิ่มขึ้น Senpo ได้รับการปรับปรุง"
    ]
  },
  "69": {
    "name": [
      "เบรกเกอร์หน้า"
    ],
    "subtitle": [
      "ให้ตายเถอะ... ฉันแค่อยากชกหน้าใครซักคน...!"
    ],
    "description": [
      "นวมต่อยที่นักมวยระดับตำนานทิ้งไว้เบื้องหลัง",
      "คุณยังคงรู้สึกได้ถึงพลังอันท่วมท้นที่ยังเหลืออยู่"
    ],
    "ability": [
      "ไม่สามารถใช้อาวุธขณะสวมใส่ได้",
      "การโจมตีด้วยหมัดอาจสร้างโบนัสความเสียหายตาม HP เป้าหมาย"
    ]
  },
  "70": {
    "name": [
      "หัวใจหุ่นไล่กา"
    ],
    "subtitle": "",
    "description": [
      "ร่างกายกลวงของหุ่นไล่กา",
      "ไม่มีความอบอุ่น ไม่มีการเต้นของหัวใจ แต่มันสามารถอยู่ในที่ของคุณได้"
    ],
    "ability": [
      "ป้องกันการฟื้นฟู HP ทุกรูปแบบขณะสวมใส่",
      "ที่ 0 HP คุณจะยังคงใช้งานได้นานขึ้นเล็กน้อยก่อนที่จะล้ม"
    ]
  },
  "73": {
    "name": [
      "แหวนลาวา"
    ],
    "subtitle": "",
    "description": [
      "แหวนที่สร้างขึ้นจากหินที่ไหลออกมาจากแม็กม่าที่แผดเผา",
      "การสวมใส่จะช่วยลดความเจ็บปวดจากทั้งน้ำค้างแข็งและเปลวไฟ"
    ],
    "ability": [
      "ลดโอกาสที่จะถูกแช่แข็งลงอย่างมาก",
      "ลดโอกาสที่จะถูกเผาไหม้"
    ]
  },
  "74": {
    "name": [
      "ปริมาณของซาลาแมนเดอร์"
    ],
    "subtitle": [
      "ใช่ พวกเขาชอบพริก..."
    ],
    "description": [
      "คัมภีร์ผูกมัดด้วยเกล็ดซาลาแมนเดอร์ ถึงแม้ว่ามันจะดูคล้ายก็ตาม",
      "สารานุกรม บันทึกเกี่ยวกับซาลาแมนเดอร์ที่อาศัยอยู่ในภูเขาไฟ",
      "ให้ข้อมูลเชิงลึกเกี่ยวกับไฟเมื่อศึกษา"
    ],
    "ability": [
      "เสริมความแข็งแกร่งให้กับความเสียหายและรูปแบบของเวทย์มนตร์ธาตุไฟ"
    ]
  },
  "80": {
    "name": [
      "พระราชกฤษฎีกา"
    ],
    "subtitle": "",
    "description": [
      "แหวนที่แสดงถึงความรุ่งโรจน์สูงสุดของกษัตริย์ที่แท้จริง",
      "เพิ่มขวัญกำลังใจของผู้ติดตามอย่างมาก!"
    ],
    "ability": [
      "เพิ่มสถิติทั้งหมดเล็กน้อย",
      "ขยายบริวารทั้งหมดและเพิ่มคุณสมบัติพิเศษของพวกเขา"
    ]
  },
  "100": {
    "name": [
      "หน่วยที่ 1 เน็กซัส"
    ],
    "subtitle": "",
    "description": [
      "แกนกลางที่ล้ำหน้ากว่าเทคโนโลยีสมัยใหม่มาก พื้นผิวของมันเปล่งประกาย",
      "ด้วยวงจรพลังงานลึกลับ แม้ว่าชิ้นส่วนส่วนใหญ่จะขาดหายไป",
      "แต่ยังคงแสดงพลังในการคำนวณและการตรวจจับอันน่าทึ่ง"
    ],
    "ability": [
      "ให้การตรวจจับพื้นที่เมื่อติดตั้ง",
      "ประเภทวัตถุที่ตรวจพบจะเพิ่มขึ้นเมื่อระดับของแกนเพิ่มขึ้น"
    ]
  },
  "125": {
    "name": [
      "อัตสึ อัตสึ โบสุ"
    ],
    "subtitle": "",
    "description": [
      "ตุ๊กตาผ้าที่สร้างขึ้นจากคำอธิษฐานจากใจจริงของใครบางคน มันดำเนินการ",
      "ความปรารถนาที่จะนำการเปลี่ยนแปลงเล็กน้อยมาสู่รูปแบบสภาพอากาศปกติ",
      "อย่างไรก็ตาม ตุ๊กตาก็ค่อยๆ หายไปอย่างเงียบๆ ในภายหลัง"
    ],
    "ability": [
      "รับประกันสภาพอากาศที่ร้อนจัดในวันถัดไปเมื่อติดตั้ง"
    ]
  },
  "126": {
    "name": [
      "เทรู เทรู บูซู"
    ],
    "subtitle": "",
    "description": [
      "ตุ๊กตาผ้าที่สร้างขึ้นจากคำอธิษฐานจากใจจริงของใครบางคน มันดำเนินการ",
      "ความปรารถนาที่จะนำการเปลี่ยนแปลงเล็กน้อยมาสู่รูปแบบสภาพอากาศปกติ",
      "อย่างไรก็ตาม ตุ๊กตาก็ค่อยๆ หายไปอย่างเงียบๆ ในภายหลัง"
    ],
    "ability": [
      "รับประกันว่าจะมีสภาพอากาศแจ่มใสในวันถัดไปเมื่อติดตั้ง"
    ]
  },
  "127": {
    "name": [
      "คุโมะ คุโมะ โบสุ"
    ],
    "subtitle": "",
    "description": [
      "ตุ๊กตาผ้าที่สร้างขึ้นจากคำอธิษฐานจากใจจริงของใครบางคน มันดำเนินการ",
      "ความปรารถนาที่จะนำการเปลี่ยนแปลงเล็กน้อยมาสู่รูปแบบสภาพอากาศปกติ",
      "อย่างไรก็ตาม ตุ๊กตาก็ค่อยๆ หายไปอย่างเงียบๆ ในภายหลัง"
    ],
    "ability": [
      "รับประกันสภาพอากาศมีเมฆมากในวันถัดไปเมื่อติดตั้ง"
    ]
  },
  "128": {
    "name": [
      "อาเมะ อาเมะ บูซู"
    ],
    "subtitle": "",
    "description": [
      "ตุ๊กตาผ้าที่สร้างขึ้นจากคำอธิษฐานจากใจจริงของใครบางคน มันดำเนินการ",
      "ความปรารถนาที่จะนำการเปลี่ยนแปลงเล็กน้อยมาสู่รูปแบบสภาพอากาศปกติ",
      "อย่างไรก็ตาม ตุ๊กตาก็ค่อยๆ หายไปอย่างเงียบๆ ในภายหลัง"
    ],
    "ability": [
      "รับประกันสภาพอากาศฝนตกในวันถัดไปเมื่อติดตั้ง"
    ]
  },
  "129": {
    "name": [
      "รอยยิ้มของหญิงสาว"
    ],
    "subtitle": [
      "\\str[121] คุณรักษาสัญญาได้ดี!"
    ],
    "description": [
      "น้องสาวคนเล็กที่ชื่นชมและเป็นห่วงอยู่เสมอ",
      "ในที่สุด \\str[121] ของเธอก็แสดงรอยยิ้มอย่างพึงพอใจ",
      "สำหรับ \\str[121] ก็เพียงพอแล้วที่จะเป็นแรงบันดาลใจในการดำเนินต่อไป"
    ],
    "ability": [
      "ความปรารถนาเพิ่มขึ้น สถิติทั้งหมดเพิ่มขึ้น"
    ]
  },
  "130": {
    "name": [
      "กางเกงชั้นในที่ถูกถอดออกของ \\str[120]"
    ],
    "subtitle": [
      "มันยังคงมีกลิ่นของ \\str[120] อยู่..."
    ],
    "description": [
      "กางเกงชั้นในที่ได้รับจาก \\str[120] เนื่องจากความเข้าใจผิด",
      "ไม่เคยกลับมาแต่ลึกๆแล้วมีความสุข"
    ],
    "ability": [
      "แรงบันดาลใจจาก \\str[120] เมื่อ HP < 50% จะได้รับการฟื้นฟูอัตโนมัติ"
    ]
  },
  "131": {
    "name": [
      "ตุ๊กตากระต่าย"
    ],
    "subtitle": [
      "วะ-! อย่าทำลายมันนะ~~!"
    ],
    "description": [
      "ตุ๊กตากระต่ายยัดไส้ที่มี \\str[120] พกติดตัวไว้เสมอ",
      "อ้อมแขนของเธอเต็มไปด้วยกลิ่นหอมของเธอ",
      "ลองคิดดูสิ…ทำไมถึงมาอยู่ในมือฉันล่ะ?"
    ],
    "ability": [
      ""
    ]
  },
  "147": {
    "name": [
      "พลาสเตอร์"
    ],
    "subtitle": "",
    "description": [
      ""
    ],
    "ability": []
  },
  "150": {
    "name": [
      "เสื้อยืดโบนัส"
    ],
    "subtitle": "",
    "description": [
      "ชุดที่สั่งทำพิเศษจากอัศวิน",
      "น่าจะเป็นการโปรโมตเกม",
      "แต่ฉันไม่อยากใส่มันจริงๆ"
    ],
    "ability": []
  },
  "152": {
    "name": [
      "ชุดนอนของ \\str[120]"
    ],
    "subtitle": "",
    "description": [
      "ชุดนอนเสื้อชั้นในที่ \\str[120] มักจะใส่",
      "ตกแต่งด้วยคันธนูที่เธอรัก",
      "ลองคิดดูสิ…ทำไมถึงมาอยู่ในมือฉันล่ะ?"
    ],
    "ability": []
  },
  "153": {
    "name": [
      "วิดีโอสั้นของ \\str[120]"
    ],
    "subtitle": "",
    "description": [
      "กางเกงขาสั้นนุ่มฟูที่ \\str[120] มักจะใส่",
      "ตกแต่งด้วยคันธนูที่เธอรัก",
      "ลองคิดดูสิ…ทำไมถึงมาอยู่ในมือฉันล่ะ?"
    ],
    "ability": []
  },
  "154": {
    "name": [
      "กางเกงชั้นในสีฟ้าขาว"
    ],
    "subtitle": "",
    "description": [
      ""
    ],
    "ability": []
  },
  "155": {
    "name": [
      "กางเกงในสีชมพูขาว"
    ],
    "subtitle": "",
    "description": [
      ""
    ],
    "ability": []
  },
  "156": {
    "name": [
      "กางเกงชั้นในสีขาว"
    ],
    "subtitle": "",
    "description": [
      ""
    ],
    "ability": []
  },
  "157": {
    "name": [
      "พลาสเตอร์"
    ],
    "subtitle": "",
    "description": [
      ""
    ],
    "ability": []
  },
  "159": {
    "name": [
      "ไม่มีกางเกงชั้นใน..."
    ],
    "subtitle": "",
    "description": [
      ""
    ],
    "ability": []
  },
  "296": {
    "name": [
      "ค้อนนำโชคของ Ruika"
    ],
    "subtitle": [
      "หัวหน้าสาวใช้ Ruika มักจะใช้มันเพื่อแกล้งกระต่ายที่ไม่เชื่อฟังเสมอ"
    ],
    "description": [
      "สมบัติที่ซ่อนอยู่ของ Maid Bunnies ว่ากันว่าเป็นสาเหตุว่าทำไมพวกเขาถึงเข้ามาครอบครอง",
      "ตลาดเร็วมาก ด้วยการแกว่งเบา ๆ จะทำให้ความปรารถนาของผู้ถือ-",
      "นักผจญภัยมักจะเห็นมันซ่อมแซมเครื่องจักรที่พังโดยผู้ก่อปัญหา"
    ],
    "ability": [
      "เพิ่มอัตราการดรอปไอเทมและเงิน"
    ]
  },
  "297": {
    "name": [
      "ชุดปฐมพยาบาลของมิโอะ"
    ],
    "subtitle": [
      "โอ้พระเจ้า! ตกหลุมอีกแล้ว!?"
    ],
    "description": [
      "เดิมทีเป็นเครื่องมือที่แอดมินใช้ในการทดสอบระบบการรักษา",
      "แต่เขากลับลืมลบมันทีหลัง ถึงกระนั้นมันก็ไร้ประโยชน์",
      "ต่อต้านกลไกการตายทันที"
    ],
    "ability": [
      "ฟื้นฟู HP 100% ต่อวินาทีเมื่อติดตั้ง"
    ]
  },
  "298": {
    "name": [
      "นิ้วทองของชิโรอิน"
    ],
    "subtitle": [
      "คุณรู้ไหมว่าสิ่งนี้จะทำให้เกมพังใช่ไหม?",
      "ฉันรู้.",
      "แล้วคุณยังอยากจะใส่มันอีกเหรอ?",
      "แน่นอน."
    ],
    "description": [
      "วัตถุโบราณที่เปลี่ยนการสัมผัสเป็นทองคำ — ความฝันสูงสุดของ Bladekeepers"
    ],
    "ability": [
      "อาวุธไม่แตกจากการโจมตีอีกต่อไป"
    ]
  },
  "299": {
    "name": [
      "ดินแดนสัมบูรณ์"
    ],
    "subtitle": [
      ""
    ],
    "description": [
      "พื้นที่อันศักดิ์สิทธิ์ระหว่างกระโปรงสั้นของหญิงสาวกับถุงเท้ายาวถึงต้นขา",
      "ไม่เพียงแต่ให้ความต้านทานเวทย์มนตร์สูง แต่ยังไร้สาระอีกด้วย",
      "ความสามารถในการดึงสิ่งของทุกประเภทออกจากใต้กระโปรงได้ตามต้องการ"
    ],
    "ability": [
      "ความสามารถในการพกพาอาวุธเพิ่มเติม +99",
      "ความสามารถในการบรรทุกพิเศษสำหรับเกียร์ +99"
    ]
  },
  "300": {
    "name": [
      "คนรักตัวเร่งปฏิกิริยา"
    ],
    "subtitle": [
      "มอบความรักของคุณให้ฉัน—! ไม่งั้นก็ตายไปด้วยกัน~~~!"
    ],
    "description": [
      "สิ่งประดิษฐ์ต้องห้ามที่หล่อขึ้นโดยอัครปีศาจยันเดเระ",
      "มันบังคับทำให้ใครก็ตามที่สัมผัสหลงรักผู้สวมใส่",
      "โดยไม่สนใจเจตจำนงของพวกเขา"
    ],
    "ability": [
      "เพิ่มสถิติที่ได้รับอย่างมากเมื่อตบ \\str[120]"
    ]
  }
}