﻿{
  "2": {
    "0": [
      "\\nl< >\\str[121]... เดี๋ยวก่อน... \\w[90]",
      "คุณจะดีขึ้นอย่างแน่นอน"
    ],
    "1": [
      "จะเกิดอะไรขึ้นกับศักดิ์ศรีของฉันในฐานะเธอ \\str[121]..."
    ],
    "2": [
      "\\nl< >\\str[121]... อย่าเศร้าเลย"
    ],
    "3": [
      "\\nl< >\\{ริดสีดวงทวาร\\}? นั่นคงจะเกิดจากนิสัยที่ไม่ดี..."
    ],
    "4": [
      "นี่มันแย่นะ ความเข้าใจผิดนั้นมีแต่จะเลวร้ายลง—"
    ],
    "5": [
      "อา นั่นคือเหตุผลที่ฉันไม่--",
      "\\w[45]\\^"
    ],
    "6": [
      "\\nl< >\\{ มันจะมีอะไรร้ายแรงกว่านี้ไหม!?"
    ],
    "7": [
      "ขออภัย มันเป็นเพียงโรคริดสีดวงทวาร"
    ],
    "8": [
      "เหตุผลที่ฉันเข้าห้องน้ำนานเกินไป",
      "ได้รับการตัดสินใจอย่างเป็นทางการ..."
    ],
    "9": [
      "\\nl< >…สรุปว่าท้องผูกจริงเหรอ?"
    ],
    "10": [
      "ไม่ดี—",
      "\\str[120] เริ่มเข้าใจความคิดที่ผิด"
    ],
    "11": [
      "โอ้ที่รัก \\str[120] คุณ \\str[121]",
      "เป็นเพียงการไตร่ตรองความคิดอันลึกซึ้งรู้ไหม?"
    ],
    "12": [
      "\\nl< >เข้าใจแล้ว...! น่าทึ่งมาก \\str[121]"
    ],
    "13": [
      "น่าทึ่งใช่มั้ย?",
      "\\str[121] ของคุณเพิ่งเข้าสู่โหมดผู้รอบรู้ชั่วคราว"
    ],
    "14": [
      "เอาล่ะ มาเริ่มทำมื้อเย็นกันดีกว่า!"
    ],
    "15": [
      "\\nl< >\\str[121] คุณอยู่ในห้องน้ำนานอีกแล้ว"
    ],
    "16": [
      "ปฎิเสธไม่ได้...ผมอยู่ในนั้นตลอดไปจริงๆ..."
    ],
    "17": [
      "เอิ่ม…! นั่นไม่สำคัญในตอนนี้",
      "เอาล่ะ มาเริ่มมื้อเย็นกันดีกว่า!"
    ],
    "18": [
      "\\nl< >น่าสงสัยมาก…"
    ],
    "19": [
      "\\nl< >คุณช้ามาก \\str[121]! ท้องผูกหรือเปล่า!"
    ],
    "20": [
      "อ่าฮะ…ไม่มีทาง…"
    ],
    "21": [
      "คุณหิวแล้วใช่ไหม?",
      "เอาล่ะ เริ่มมื้อเย็นได้เลย—!!"
    ]
  },
  "3": {
    "0": [
      "\\nl< >\\str[121]... คุณยังอยู่ที่นั่นใช่ไหม?"
    ],
    "1": [
      "\\nl< >แมลงน่ากลัวมาก",
      "แต่ \\str[121] ก็มาช่วยฉันทันที"
    ],
    "2": [
      "\\nl< >คุณมาเร็วมาก",
      "มันเหมือนกับว่าคุณกำลังรออยู่นอกห้องน้ำ"
    ],
    "3": [
      "\\>\\{—อ๊าก!",
      "\\w[90]"
    ],
    "4": [
      "เอาชนะความรู้สึกผิด,",
      "ฉันสูญเสียสมาธิไปครู่หนึ่ง ลื่นล้ม และเกือบจะล้มลง"
    ],
    "5": [
      "\\nl< >\\str[121]...คุณโอเคไหม!?"
    ],
    "6": [
      "ไม่-ไม่ ฉันสบายดี! ฉันแค่วิ่งเร็วเกินไป",
      "แล้วก็บิดข้อเท้านิดหน่อย ฮ่าๆๆ..."
    ],
    "7": [
      "หลังจากนั้น ฉันก็สามารถจัดการมันด้วย \\str[120] ได้"
    ],
    "8": [
      "\\nl< >\\str[121] จริงๆ แล้วเมื่อสักครู่นี้คุณเจ๋งมาก...",
      "และตอนนี้คุณกำลังล้อฉันอีกแล้ว!"
    ],
    "9": [
      "\\nl< >ลองคิดดูว่า \\str[121] ปรากฏตัวเร็วมากในครั้งนี้",
      "อย่าบอกนะว่าจริงๆ แล้วคุณรออยู่นอกห้องน้ำตั้งแต่แรก...?"
    ],
    "10": [
      "\\nl< >เอ่อ แมลงน่ากลัวจริงๆ...",
      "ฉันดีใจมากที่ \\str[121] มาทันเวลาพอดี"
    ],
    "11": [
      "ไม่ต้องกังวล,",
      "ฉันจะวิ่งหนีทุกครั้งที่คุณตกอยู่ในอันตราย!"
    ],
    "12": [
      "\\nl< >แต่คุณก็รู้ \\str[121]...",
      "ซ่อนตัวอยู่นอกห้องน้ำตั้งแต่เริ่มต้น",
      "นั่นค่อนข้างจะประมาทนะคุณ〜"
    ],
    "13": [
      "\\nl< >นั่นไม่เป็นไรนะรู้ไหม?",
      "แอบดูสาวตอนเข้าห้องน้ำ~!"
    ],
    "14": [
      "\\nl< >แล้วเป็นยังไงบ้าง?",
      "มองดูผู้หญิงฉี่ด้วยสายตาอันลามกของคุณ—",
      "มันรู้สึกอย่างไร?"
    ],
    "15": [
      "\\nl< >อ่าฮะ... ฉันก็เลยถูกค้นพบสินะ...?"
    ],
    "16": [
      "เหงื่อเย็นไหลอาบหลังของฉันขณะที่ฉันมองดูรอยยิ้มซุกซนของ \\str[120]",
      "ชั่วครู่หนึ่ง ฉันไม่สามารถบอกได้ว่าเธอโกรธจริง ๆ หรือไม่—",
      "บางที... ฉันคือคนที่กำลังล้อเล่นอยู่ที่นี่..."
    ]
  },
  "4": {
    "0": [
      "ฉันอยากจะให้กำลังใจ \\str[120] อีกสักหน่อย",
      "แต่ฉันถูกไล่ออกจากห้อง"
    ],
    "1": [
      "โอ้ เอาล่ะ เดาว่าฉันจะนอนแล้ว—",
      "ฉันจะคิดถึงบางสิ่งบางอย่างในวันพรุ่งนี้..."
    ]
  },
  "6": {
    "0": [
      "วุ้ย... ดีแล้วที่ไม่ทำให้ตัวเองลำบากใจ",
      "ข้างหน้า \\str[120]...",
      "แต่---"
    ],
    "1": [
      "\\{ฮึ——— \\w[60]"
    ],
    "2": [
      "นี่มันแย่กว่าที่คิดนะ...",
      "ผ่านไปครึ่งชั่วโมงแล้วเหรอ...?"
    ],
    "3": [
      "รู้สึกเหมือนกำลังถูกระบายไปทั้งตัว...",
      "บางทีอาจมีบางอย่างผิดปกติจริงๆ",
      "กับมื้อเย็นเหรอ?"
    ],
    "4": [
      "\\nl< >\\str[121]...คุณโอเคไหม...?",
      "ฉันได้ยิน...เสียงที่น่ากลัวจริงๆ..."
    ],
    "5": [
      "อ่าฮ่าฮ่า…บางทีฉันอาจจะกินอะไรไม่ดี…",
      "อย่าเข้ามาใกล้…ที่นี่อันตราย…"
    ],
    "6": [
      "ฉันได้ยินเสียงกังวลของ \\str[120] มาจาก",
      "นอกประตู เท่าที่ฉันต้องการ",
      "ออกไปจากที่นี่อย่างรวดเร็วแม้แต่กำลังที่จะ",
      "สแตนด์กำลังหลุดออกไปจากฉัน..."
    ],
    "7": [
      "\\{อู้ววว— \\w[60]"
    ],
    "8": [
      "ฉันไม่สามารถ...",
      "มันจะไม่หยุด..."
    ],
    "9": [
      "\\nl< >\\str[121]… คุณยังอยู่ในนั้นหรือเปล่า?"
    ],
    "10": [
      "\\nl< >เอิ่ม... จริงๆ แล้ว...",
      "ฉันก็ต้องใช้ห้องน้ำเหมือนกัน..."
    ],
    "11": [
      "\\ {วู้ป้า อ้าว {\\w[60]"
    ],
    "12": [
      "\\{N-ยังไม่ใช่—",
      "ฉันยัง... ออกมาไม่ได้—!"
    ],
    "13": [
      "\\nl< >เอ๊ะ... ผ่านมาอีกสิบนาทีแล้ว...\\w[120]",
      "ฉัน... ฉันก็ต้องไปเหมือนกัน..."
    ],
    "14": [
      "ยูวูดอาโน WHHH",
      "ฉัน-มันจะไม่หยุด—!"
    ],
    "15": [
      "\\nl< >\\str[121]... มีอยู่แล้ว..."
    ],
    "16": [
      "อู้ววว!"
    ],
    "17": [
      "\\nl< >อุ๊ยๆๆๆ——!",
      "ทนไม่ไหวแล้ว...!"
    ],
    "18": [
      "อร๊ายยยยย——!",
      "อู้ยยยย——!"
    ],
    "19": [
      "คืนนั้นจากบ้านลึกลับ",
      "เสียงคำรามอันเจ็บปวดของสัตว์ป่ามา",
      "ผสมกับเสียงร้องไห้ที่ทำให้หน้าแดง",
      "และเสียงครวญครางอย่างอธิบายไม่ได้"
    ],
    "20": [
      "บางครั้งต่ำต้อยราวกับการต่อสู้ของสัตว์ร้ายที่กำลังจะตาย",
      "บางครั้งก็เฉียบแหลมเหมือนเสียงกรีดร้องของสาวขี้อาย",
      "พวกมันปะปนกันวุ่นวายและคลุมเครือ",
      "ซิมโฟนี"
    ],
    "21": [
      "ขณะเดียวกันลึกลงไปในค่ำคืนอันแสนไกล",
      "แม้แต่นักผจญภัยก็ยังต่อสู้กันอยู่",
      "ขอบเหวนั้นสั่นสะท้าน",
      "หยุดโดยสัญชาตญาณพร้อมถือดาบ",
      "แลกเปลี่ยนสายตาสงสัยอยู่ครู่หนึ่ง",
      "หากอยู่ที่ไหนสักแห่งในเงามืดจะมีใหม่และ",
      "สิ่งมีชีวิตลึกลับที่ไม่รู้จักได้ถือกำเนิดขึ้น"
    ]
  }
}