﻿{
  "2": {
    "0": [
      "หลังจากก้าวเข้าสู่สตาร์เกทแล้ว",
      "เศษหินในกระเป๋าเป้สะพายหลังของฉันจู่ๆ",
      "ปล่อยคลื่นความร้อนอันรุนแรงออกมา",
      " ",
      "ฉันรีบหยิบชิ้นส่วนออกมาเพียงเพื่อที่จะค้นพบ",
      "ว่าสิ่งที่สงบและมั่นคงทั้งหมดนี้",
      "เวลาเริ่มมีการเปลี่ยนแปลง—"
    ],
    "1": [
      "มะ-นี่คืออะไร..."
    ],
    "2": [
      "ฉันไม่รู้ว่าเกิดอะไรขึ้น",
      "ทันใดนั้นหินก็เริ่มเรืองแสง",
      "ราวกับเป็นบ้าภายใต้จังหวะแปลกๆ เหล่านั้น..."
    ],
    "3": [
      "ในช่วงเวลาถัดมา",
      "ทันใดนั้นหินก็เริ่มละลาย—"
    ],
    "4": [
      "อ่า…อ๊า!?   -",
      "ไม่ ไม่ มันจะหกออกมา!!"
    ],
    "5": [
      "ขณะที่หินหมุนอย่างไม่คาดคิดและรวดเร็ว",
      "กลายเป็นของเหลว ฉันค้นหาผ่านตัวฉันอย่างเมามัน",
      "สะพายเป้แล้วดึงขวดแก้วออกมาอย่างเร่งรีบ",
      "รวบรวมของเหลวสีแดงที่ยังติดอยู่ที่มือของฉัน"
    ],
    "6": [
      "…………",
      "…………"
    ],
    "7": [
      "นี่อาจจะเป็น Elixir Rubrum ของฉันก็ได้",
      "พ่อพูดถึง...?",
      "แต่ทำไมมันถึงมีปฏิกิริยาภายในประตูนี้...?"
    ]
  }
}