﻿{
  "1": {
    "name": [
      "ดาบไม้เนื้อแข็ง"
    ],
    "subtitle": "",
    "description": [
      "ว่ากันว่าพระเอกก็เริ่มของเขาด้วย",
      "เดินทางจากหมู่บ้านเริ่มต้นด้วยดาบไม้",
      "สิ่งนี้กลายเป็นเป้าหมายสำหรับนักผจญภัยหลายคนที่จะเลียนแบบ"
    ],
    "ability": [
      "สร้างความเสียหายเพิ่มเติมเมื่ออาวุธใกล้จะแตกหัก"
    ]
  },
  "2": {
    "name": [
      "แท่งไม้เนื้อแข็ง"
    ],
    "subtitle": "",
    "description": [
      "แท่งไม้รูปทรงสวยงามแข็งแรงทนทาน",
      "เหมาะสำหรับเด็กๆ และยังสามารถใช้เป็นอาวุธได้อีกด้วย"
    ],
    "ability": [
      "สร้างความเสียหายเพิ่มเติมเมื่ออาวุธใกล้จะแตกหัก"
    ]
  },
  "3": {
    "name": [
      "ขวานไม้"
    ],
    "subtitle": "",
    "description": [
      "สหายที่เชื่อถือได้สำหรับนักผจญภัยหรือผู้บุกเบิกการสำรวจ",
      "ป่าไม้ อย่างไรก็ตาม เนื่องจากมันไม่ได้ออกแบบมาเพื่อการต่อสู้",
      "อย่าพึ่งพามันมากเกินไปในการต่อสู้"
    ],
    "ability": [
      "สร้างความเสียหายให้กับต้นไม้เพิ่มขึ้น"
    ]
  },
  "4": {
    "name": [
      "กำหมัด"
    ],
    "subtitle": "",
    "description": [
      "ไม่มีอาวุธติดตั้ง? จากนั้นก็ปล่อยหมัดต่อยออกมา!",
      "อาจเป็นการแก้ไขอย่างรวดเร็ว แต่หมัดที่เต็มไปด้วยจิตวิญญาณกลับโจมตีอย่างรุนแรง",
      "ทำไมต้องใช้อาวุธในเมื่อหมัดของคุณสามารถทำงานได้?"
    ],
    "ability": [
      "ความเสียหายต่อหมัดจะสเกลตาม HP สูงสุด!"
    ]
  },
  "5": {
    "name": [
      "ดาบของอัศวิน"
    ],
    "subtitle": "",
    "description": [
      "อาวุธที่พ่อใช้ในวัยเยาว์",
      "ได้รับการดูแลอย่างดีและดูเหมือนว่าจะออกให้กับอัศวินในราชสำนัก"
    ],
    "ability": [
      "เมื่อ HP<\\c[10]30%\\c[0] การโจมตีของอาวุธนี้จะเพิ่มเป็นสองเท่า"
    ]
  },
  "6": {
    "name": [
      "พนักงานลาวา"
    ],
    "subtitle": "",
    "description": [
      "ไม้กายสิทธิ์ที่ทำจากแร่ภูเขาไฟอย่างง่ายดาย",
      "เข้มข้นธาตุไฟ แต่มีข้อผิดพลาดเล็กน้อย",
      "อาจทำให้ระเบิดกลืนผู้ใช้ได้"
    ],
    "ability": [
      "กดปุ่มเมาส์ขวาค้างไว้เพื่อร่าย \\c[27]Crimson Lotus Meteor\\c[0]"
    ]
  },
  "7": {
    "name": [
      "พนักงานน้ำแข็ง"
    ],
    "subtitle": "",
    "description": [
      "ไม้กายสิทธิ์ที่ทำจากคริสตัลเวทมนตร์ ปล่อยพลังออกมาเป็นวงกว้าง",
      "น้ำค้างแข็ง. ควบคุมยากมาก รู้สึกเหมือนมือจะแข็ง"
    ],
    "ability": [
      "กดปุ่มเมาส์ขวาค้างไว้เพื่อร่าย \\c[27]Frozen Spell\\c[0]"
    ]
  },
  "8": {
    "name": [
      "ขนนกประหลาด"
    ],
    "subtitle": "",
    "description": [
      "ขนนกจากนกประหลาด เบามากและสามารถทำได้",
      "สร้างแรงพอที่จะพัดใครบางคนออกไปได้อย่างง่ายดาย"
    ],
    "ability": [
      "ความเร็วในการเคลื่อนที่เพิ่มขึ้นเมื่อใช้ Whirlwind Slash",
      "เข้าสู่สถานะลอยตัวและต้านทานการล้มหลังจากเพิ่มความเร็วในการหมุน"
    ]
  },
  "9": {
    "name": [
      "ดาบของอัศวิน"
    ],
    "subtitle": "",
    "description": [
      "อาวุธที่มอบให้กับอัศวินในวัง",
      "เป็นสัญลักษณ์ของเส้นทางแห่งการปกป้องอัศวิน"
    ],
    "ability": [
      "เมื่อ HP<\\c[10]30%\\c[0] การโจมตีของอาวุธนี้จะเพิ่มเป็นสองเท่า"
    ]
  },
  "10": {
    "name": [
      "ดาบใหญ่สีเงิน"
    ],
    "subtitle": "",
    "description": [
      "ดาบใหญ่ที่ดูเหมือนหล่อหลอมมาจากเงิน",
      "เปล่งประกายแวววาว พื้นผิวของมันส่องแสงเย็นและแข็ง",
      "แม้ว่าเนื้อหาที่แท้จริงของมันจะยังไม่ทราบก็ตาม"
    ],
    "ability": [
      "เมื่อ HP ลดลงต่ำกว่า \\c[29]400\\c[0] ศักยภาพสูงสุดของอาวุธจะถูกจำกัด!"
    ]
  },
  "11": {
    "name": [
      "ค้อนหนัก"
    ],
    "subtitle": "",
    "description": [
      "ค้อนไม้ขนาดใหญ่",
      "การถูกตีหัวจะทำให้คุณเวียนหัวอย่างแน่นอน!"
    ],
    "ability": [
      "มีโอกาส 33% ที่จะสร้างสถานะ Stun เมื่อโจมตี",
      "เมื่อ HP ลดลงต่ำกว่า \\c[29]400\\c[0] ศักยภาพสูงสุดของอาวุธจะถูกจำกัด!"
    ]
  },
  "12": {
    "name": [
      "ไม้เบสบอล"
    ],
    "subtitle": "",
    "description": [
      "สโมสรโลหะ ว่ากันว่าใช้สำหรับกีฬา",
      "แต่มันก็ดีสำหรับการตีผู้คนด้วย"
    ],
    "ability": [
      "เพิ่มความทนทาน!",
      "กระสุนที่สะท้อนจะเคลื่อนที่เร็วขึ้นและสร้างความเสียหายได้มากขึ้น"
    ]
  },
  "13": {
    "name": [
      "ก้างปลาเน่า"
    ],
    "subtitle": [
      "มันเหม็นเกินไป โยนทิ้งซะ!"
    ],
    "description": [
      "กระดูกที่เหลือจากปลาตัวใหญ่เนื้อเน่าเปื่อย",
      "ยังคงเกาะติดส่งกลิ่นเหม็นเหลือทน"
    ],
    "ability": [
      "มีโอกาส 66% ที่จะสร้างสถานะพิษเมื่อโจมตี",
      "ส่งกลิ่นเหม็นเหม็นแม้กระทั่งสัตว์ประหลาดก็หนีไป!"
    ]
  },
  "14": {
    "name": [
      "ก้ามปูยักษ์"
    ],
    "subtitle": "",
    "description": [
      "ก้ามปูขนาดใหญ่ที่ยึดแน่นไม่ยอมปล่อย",
      "เมื่อยึดติดกับสิ่งใดสิ่งหนึ่งแล้ว ขอให้โชคดีในการถอดมันออก"
    ],
    "ability": [
      "เมื่อขว้างออกไป มันจะหนีบเข้ากับเป้าหมาย สร้างความเสียหายอย่างต่อเนื่อง",
      "ไม่สามารถเรียกคืนได้เว้นแต่เป้าหมายจะตาย"
    ]
  },
  "15": {
    "name": [
      "ฟรอสต์มูน"
    ],
    "subtitle": [
      "เลียใบมีดแล้วลิ้นของฉันติด… หนาวมาก เจ็บปวดมาก!",
      "\\str[121] อย่าเลียของสุ่ม!"
    ],
    "description": [
      "ดาบวิเศษที่ทำจากน้ำแข็ง เมื่ออยู่ใกล้ๆ ก็ส่งความเย็นยะเยือกออกมา"
    ],
    "ability": [
      "มีโอกาส 50% ที่จะสร้างสถานะแช่แข็งเมื่อโจมตี"
    ]
  },
  "16": {
    "name": [
      "ดาบไฟฟ้ารั่ว"
    ],
    "subtitle": [
      "แซ่บ...แซ่บ...!"
    ],
    "description": [
      "ดาบต้องคำสาปที่เต็มไปด้วยพลังอันดุร้าย แต่ก็ยังมีข้อบกพร่องอยู่",
      "ระวัง—อาจทำให้ผู้ใช้ตกใจเช่นกัน"
    ],
    "ability": [
      "มีโอกาส 50% ที่จะสร้างสถานะสายฟ้าเมื่อโจมตี"
    ]
  },
  "17": {
    "name": [
      "แสงอาทิตย์"
    ],
    "subtitle": [
      "\\str[121] มันดูน่ากลัว โปรดอย่าถือไว้"
    ],
    "description": [
      "ดาบวิเศษที่ดูดซับพลังงานแสงอาทิตย์เมื่อเวลาผ่านไป",
      "ดูเหมือนว่าจะมีประสิทธิภาพโดยเฉพาะกับมอนสเตอร์บางตัว"
    ],
    "ability": [
      "มีโอกาส 40% ที่จะสร้างสถานะเผาไหม้เมื่อโจมตี"
    ]
  },
  "18": {
    "name": [
      "ขวานกระดูกออร์ค"
    ],
    "subtitle": "",
    "description": [
      "ขวานขนาดใหญ่ที่ทำจากกระดูกของศัตรูที่พ่ายแพ้ ไม่",
      "คมมากและพวกออร์คก็มักจะชอบขว้างมันมากกว่า",
      "ใช้ในการต่อสู้ระยะประชิด"
    ],
    "ability": [
      "สร้างความเสียหายเพิ่มเติมเมื่ออาวุธถูกขว้าง"
    ]
  },
  "19": {
    "name": [
      "นิจิริน"
    ],
    "subtitle": "",
    "description": [
      "แบบจำลองที่สร้างขึ้นเพื่อเลียนแบบปีศาจเพลิงต้องห้าม",
      "ดาบจากตำนาน โดยธรรมชาติแล้วมันไม่สามารถเรียกแผ่นดินที่แผดเผาได้",
      "ไฟนรกเหมือนต้นฉบับที่แท้จริง"
    ],
    "ability": [
      "อาจเรียกดาวตกมาโจมตีสถานที่สุ่มเมื่อทำการโจมตี"
    ]
  },
  "20": {
    "name": [
      "ดาบเหล็กขึ้นสนิม"
    ],
    "subtitle": "",
    "description": [
      "ดาบเหล็กเก่าที่ปกคลุมไปด้วยสนิม ซึ่งสูญเสียความคมไปนานแล้ว",
      "จากอีกมุมมองหนึ่ง การกัดกร่อนนั้นเป็นอันตรายถึงชีวิตได้..."
    ],
    "ability": [
      "มีโอกาส 15% ที่จะสร้างสถานะพิษเมื่อโจมตี",
      "สร้างพิษให้กับเป้าหมายที่เลือดออกเสมอ"
    ]
  },
  "21": {
    "name": [
      "จากนรก"
    ],
    "subtitle": [
      "สิ่งนี้กระหายเลือด..."
    ],
    "description": [
      "หนึ่งในอาวุธที่ฆาตกรต่อเนื่องชื่อดังใช้",
      "มันเต็มไปด้วยเลือด"
    ],
    "ability": [
      "มีโอกาส 45% ที่จะสร้างสถานะเลือดออกเมื่อโจมตี"
    ]
  },
  "22": {
    "name": [
      "ค้อนทุบ"
    ],
    "subtitle": [],
    "description": [
      "ค้อนหนักที่ช่างตีเหล็กเคยใช้ตีโลหะ",
      "ตอนนี้ถูกถือไว้ในมือของใครบางคนและใช้เพื่อวัตถุประสงค์แปลกๆ ทุกประเภท"
    ],
    "ability": [
      "การตีอาวุธที่วางอยู่บนทั่งตีเหล็กจะซ่อมแซมมัน",
      "การถอดค้อนนี้จะทำให้ทั่งที่ถูกอัญเชิญหายไปด้วย"
    ]
  },
  "25": {
    "name": [
      "เพลงของไทด์เวิร์ม"
    ],
    "subtitle": "",
    "description": [
      "ไม้เท้าที่สร้างขึ้นจากคริสตัลเวทมนตร์ที่ชื้นและมีหยดน้ำเปียกอยู่เสมอ",
      "มันจะเผยพลังที่แท้จริงออกมาก็ต่อเมื่อใช้น้ำเป็นสื่อกลางเท่านั้น",
      "ค่อนข้างไม่สะดวก!"
    ],
    "ability": [
      "การร่ายใกล้น้ำช่วยเพิ่มพลังเวทย์",
      "กดปุ่มเมาส์ขวาค้างไว้เพื่อร่าย Ripple Thrust"
    ]
  },
  "24": {
    "name": [
      "ขวานพายุออร์ค"
    ],
    "subtitle": "",
    "description": [
      "ขวานใหญ่ที่ถือโดยออร์คที่ปรับให้เข้ากับพลังของธรรมชาติ",
      "วงสวิงแต่ละอันฉีกแผ่นดินโลกและส่งพายุที่หอนด้วยดาบ"
    ],
    "ability": [
      "มีโอกาสปล่อยลมออกมาเมื่อโจมตี",
      "เมื่อ HP ลดลงต่ำกว่า \\c[29]400\\c[0] ศักยภาพสูงสุดของอาวุธจะถูกจำกัด!"
    ]
  },
  "26": {
    "name": [
      "คืนแสงดาว"
    ],
    "subtitle": "",
    "description": [
      "ไม้เท้าประดับด้วยอัญมณีที่เปล่งประกายดุจน้ำนม",
      "ทาง. มีพลังในการสร้างสนามโน้มถ่วงที่แข็งแกร่ง",
      "ดึงผู้บุกรุกเข้าสู่ความมืดมิด"
    ],
    "ability": [
      "กดปุ่มเมาส์ขวาค้างไว้เพื่อร่ายหลุมดำ"
    ]
  },
  "27": {
    "name": [
      "ใบสปอร์พิษ"
    ],
    "subtitle": "",
    "description": [
      "ดาบเพรียวบางดรอปจาก Walking Mushroom ใบมีดทื่อของมัน",
      "เคลือบด้วยสปอร์พิษรับประกันพิษทุกครั้งที่โจมตี",
      "แม้ว่าจะมีความทนทานต่ำ แต่สารพิษก็ทำให้มีประสิทธิภาพสูง"
    ],
    "ability": [
      "การโจมตีมีโอกาส 50% ที่จะสร้างสถานะพิษ"
    ]
  },
  "30": {
    "name": [
      "คานิสา"
    ],
    "subtitle": "",
    "description": [
      "คาทาน่าอันเป็นที่รักที่มาพร้อมกับหญิงสาวผู้มุ่งมั่น",
      "จุดสูงสุดของวิชาดาบ—ไม่เคยหลุดจากมือเธอ แม้แต่ในยามหลับใหล",
      "ไม่ว่าจะคมหรือไม่ มันก็ยังคงเป็นพยานถึงการเดินทางของเธอ"
    ],
    "ability": [
      "ช่วยเพิ่มผลของทักษะที่เรียนรู้ทั้งหมดอย่างมาก"
    ]
  },
  "35": {
    "name": [
      "ดาบแห่งแสง"
    ],
    "subtitle": [
      "ฮะ? ฉันไม่เห็นอะไรเลย! นี่ไม่ใช่ด้ามดาบ!?"
    ],
    "description": [
      "ได้รับพรจากแสง ดาบโค้งงอแสง กลายเป็นดาบที่มองไม่เห็น",
      "ซึ่งทำให้มีความคมกริบ และเมื่อจำเป็น แสงก็จะเปล่งประกายออกมาเมื่อจำเป็น"
    ],
    "ability": [
      "การโจมตีจะเพิกเฉยต่อการป้องกันของเป้าหมายโดยสิ้นเชิง"
    ]
  },
  "36": {
    "name": [
      "การเล่นกระดานโต้คลื่น"
    ],
    "subtitle": "",
    "description": [
      "ดาบเวทย์มนตร์ที่มนุษย์สร้างขึ้นพร้อมใบมีดที่สร้างจากคริสตัลมานา",
      "การฟันแต่ละครั้งจะปล่อยคลื่นดาบที่จับต้องได้ สำหรับนักดาบผู้ชำนาญ",
      "มันเป็นอาวุธที่ช่วยเพิ่มพลังให้พวกเขาอย่างมาก"
    ],
    "ability": [
      "การโจมตีจะสร้างคลื่นดาบที่สร้างความเสียหาย"
    ]
  },
  "40": {
    "name": [
      "ค้อนต่อต้านการกลั่นแกล้ง"
    ],
    "subtitle": [
      "ไม่มีการกลั่นแกล้ง!!"
    ],
    "description": [
      "อาวุธที่เกิดมาเพื่อลงโทษนักผจญภัยที่ชั่วร้าย",
      "แม้จะเป็นแค่ค้อนของเล่น แต่การโดนกระแทกยังทำให้เจ็บอยู่"
    ],
    "ability": [
      "สร้างความเสียหายจากการหดตัวเมื่อใช้กับการกระทำที่ชั่วร้าย",
      "ยิ่งค่า Sin ของคุณต่ำลง ความเสียหายก็จะยิ่งสูงขึ้นตามไปด้วย"
    ]
  },
  "42": {
    "name": [
      "เคียวมือของ Den"
    ],
    "subtitle": [
      "จำไว้นะ Whirlwind Slash ใช้แบบนี้!"
    ],
    "description": [
      "เคียวด้ามสั้นที่ถือโดยคนนอกอย่างน่ากลัว",
      "การออกแบบและความตั้งใจที่จะสถิตอยู่ภายใน ถือมันนานเกินไป",
      "อาจทำให้มีเสียงแปลกๆ ดังก้องอยู่ในใจ"
    ],
    "ability": [
      "กลับคืนสู่มือโดยอัตโนมัติหลังจากถูกขว้างและถูกโจมตี",
      "เมื่อจับอาวุธที่คืนมาสามารถขว้างได้อีก"
    ]
  },
  "51": {
    "name": [
      "ไอติมรสรวม"
    ],
    "subtitle": "",
    "description": [
      "อาวุธกินได้ที่สร้างขึ้นด้วยความเอาใจใส่โดย Kanban Musume แห่ง NLCH",
      "ไอติมสามรสชาติที่ผสมผสานช็อคโกแลต ครีม และสตรอเบอร์รี่",
      "สดชื่นและอร่อย! แต่ต้องทำให้เสร็จก่อนที่มันจะละลาย..."
    ],
    "ability": [
      "อาจจะโดนกินเมื่อถูกโจมตี...",
      "ละลายและหายไปตามกาลเวลาเมื่อติดตั้ง..."
    ]
  },
  "52": {
    "name": [
      "หน่วยที่ 2"
    ],
    "subtitle": "",
    "description": [
      "อุปกรณ์สื่อสารที่ซื้อจากร้านค้าที่น่าสงสัย",
      "เพียงแค่ตะโกนว่า 'ไฟ!' และคุณจะได้รับการสนับสนุนจากมือปืน",
      "ที่ไหนสักแห่ง แต่คุณต้องจ่ายค่าโทรศัพท์ด้วยตัวเอง"
    ],
    "ability": [
      "คลิกซ้ายเพื่อเรียกการยิงสนับสนุน 1,000 เยนต่อครั้ง",
      "คลิกขวาเพื่อเรียกนกปากซ่อมระยะไกล 500 เยนต่อครั้ง"
    ]
  },
  "53": {
    "name": [
      "ดาบใหญ่โคน"
    ],
    "subtitle": "",
    "description": [
      "อาวุธกินได้ที่สร้างขึ้นด้วยความเอาใจใส่โดย Kanban Musume แห่ง NLCH",
      "แม้จะรักษาประสิทธิภาพของอาวุธไว้ แต่ก็ยังอร่อย!"
    ],
    "ability": [
      "อาจจะโดนกินเมื่อถูกโจมตี...",
      "ละลายและหายไปตามกาลเวลาเมื่อติดตั้ง..."
    ]
  },
  "54": {
    "name": [
      "ดาบใหญ่แครอท"
    ],
    "subtitle": "",
    "description": [
      "แครอทชั้นดีที่แม่บ้านบันนี่ปลูกอย่างลับๆ",
      "ด้วยพลังแห่งหิน มันจึงกลายเป็นอาหารอันโอชะ",
      "ยั่วยวนจนทำให้สาวใช้กระต่ายร้องไห้ด้วยความปรารถนาได้"
    ],
    "ability": [
      "อาจจะโดนกินเมื่อถูกโจมตี...",
      "เมื่อขว้างออกไป มันจะเจาะทะลุและโจมตียูนิตทุกตัวที่ขวางทาง"
    ]
  },
  "55": {
    "name": [
      "ดาบใหญ่แครอทแช่แข็ง"
    ],
    "subtitle": "",
    "description": [
      "แครอทชั้นดีที่แม่บ้านบันนี่ปลูกอย่างลับๆ",
      "หลังจากถูกแช่แข็งแล้ว มันจะแข็งเหมือนหินและไม่สามารถกัดเข้าไปได้",
      "มีข่าวลือว่านี่คือของสะสมในฤดูหนาวของสาวใช้"
    ],
    "ability": [
      "มีโอกาส 40% ที่จะสร้างสถานะแช่แข็งเมื่อโจมตี",
      "เมื่อขว้างออกไป มันจะเจาะทะลุและโจมตียูนิตทุกตัวที่ขวางทาง"
    ]
  },
  "56": {
    "name": [
      "ดาบใหญ่แครอทรา"
    ],
    "subtitle": "",
    "description": [
      "แครอทชั้นดีที่แม่บ้านบันนี่ปลูกอย่างลับๆ",
      "เก็บไว้นานไปก็ขึ้นราและเน่าเสีย...",
      "กินไม่ได้อีกต่อไป—กระต่ายสาวใช้เก็บมันไว้เพื่อขับไล่ศัตรู"
    ],
    "ability": [
      "มีโอกาส 40% ที่จะสร้างสถานะพิษเมื่อโจมตี",
      "เมื่อขว้างออกไป มันจะเจาะทะลุและโจมตียูนิตทุกตัวที่ขวางทาง"
    ]
  },
  "57": {
    "name": [
      "แครอท?"
    ],
    "subtitle": "",
    "description": [
      "รถชั้นยอด...",
      "ฮะ? นี่… แครอทจริงๆเหรอ!?"
    ],
    "ability": [
      "เมื่อขว้างออกไป มันจะเจาะทะลุและโจมตียูนิตทุกตัวที่ขวางทาง"
    ]
  },
  "60": {
    "name": [
      "กล้วย?"
    ],
    "subtitle": [
      "นี่กล้วยจริงๆเหรอ...?"
    ],
    "description": [
      "กล้วยปอกเปลือกที่ต้องจับอย่างระมัดระวัง"
    ],
    "ability": [
      "ด้วยความเร็วสูงก็จะเหวี่ยงกล้วยไปได้ง่ายๆ... อ๊ะ!?"
    ]
  },
  "61": {
    "name": [
      "สุญญากาศหอยทากยักษ์"
    ],
    "subtitle": "",
    "description": [
      "สุญญากาศที่ทำจากเปลือกหอยทากยักษ์",
      "ปรับเปลี่ยนการไหลเวียนของอากาศเพื่อการดูดที่ทรงพลัง"
    ],
    "ability": [
      "กดเมาส์เพื่อดึงวัตถุเข้ามาใกล้"
    ]
  },
  "62": {
    "name": [
      "ซากต้นไม้โบราณ"
    ],
    "subtitle": "",
    "description": [
      "อาวุธกิ่งไม้ประหลาดที่ได้มาจากลำต้นของต้นไม้โบราณ",
      "แข็งแกร่งแต่เต็มไปด้วยความมีชีวิตชีวาและยังคงเติบโต"
    ],
    "ability": [
      "การเอาชนะศัตรูจะซ่อมแซมความทนทานของอาวุธโดยอัตโนมัติ",
      "ความทนทานส่วนเกินจะเพิ่ม +1 ATK ต่อ 1% ที่สูงกว่าค่าสูงสุด"
    ]
  },
  "63": {
    "name": [
      "ใบมีดปรสิต"
    ],
    "subtitle": "",
    "description": [
      "ดาบที่ต้นไม้กินเวลาหลายศตวรรษโดยที่โลหะและ",
      "ชีวิตหลอมรวมเป็นความสามัคคีอันลึกลับ ใบมีดของมันสั่นเหมือน",
      "มันหายใจ แผ่ความอบอุ่นอันแปลกประหลาดไปยังผู้ถือ"
    ],
    "ability": [
      "ฟื้นฟู HP \\c[29]${Math.floor(1.2*$gameParty.leader().paramPlus(2))}\\c[0] ให้กับผู้ถือเมื่อเอาชนะศัตรูได้"
    ]
  },
  "70": {
    "name": [
      "ความรุ่งโรจน์โบราณ"
    ],
    "subtitle": [
      "ปลดปล่อยพลังทองคำ ⬆⬆⬇⬇⬅⮕⬅⮕"
    ],
    "description": [
      "ดาบปีศาจสีทองแวววาว หนึ่งในสมบัติของ",
      "ผู้ดูแลโลก ชายผู้นั้นเคยใช้มัน",
      "ต่อสู้ในนรกเป็นเวลาสามวันสามคืนโดยไม่หยุดพัก"
    ],
    "ability": [
      "ปลดปล่อยพลังออกมาเมื่อมีการป้อนคำสั่งลับ"
    ]
  },
  "80": {
    "name": [
      "ดาบใหญ่ใบวิลโลว์"
    ],
    "subtitle": "",
    "description": [
      "เด็ดใบไม้ โปรยดอกไม้ ทำร้ายศัตรูของคุณ",
      "ดาบใหญ่ที่คมมากรูปร่างคล้ายใบวิลโลว์"
    ],
    "ability": [
      "มีโอกาสยิงดาวกระจายใบวิลโลว์เมื่อโจมตี"
    ]
  },
  "81": {
    "name": [
      "ใบมีดรบกวน"
    ],
    "subtitle": [
      "เอ่อ สไลม์ยังดิ้นอยู่... แย่จังเลย!!"
    ],
    "description": [
      "ดาบใหญ่ที่เต็มไปด้วยเมือกที่ยืดหยุ่นและกระหายชีวิต",
      "ความกระหายในความมีชีวิตชีวาทำให้สไลม์ก้าวร้าวอย่างรุนแรง"
    ],
    "ability": [
      "สร้างความเสียหายเพิ่มเติมแก่ศัตรูที่ติดสถานะเลือดออก",
      "ระบายเลือดหากเป้าหมายตายขณะเลือดออก"
    ]
  },
  "101": {
    "name": [
      "คันธนูไม้เนื้อแข็ง"
    ],
    "subtitle": "",
    "description": [
      "คันธนูยาวที่ทำจากไม้เนื้อแข็ง",
      "มันสามารถยิงธนูได้ แต่ประสิทธิภาพก็ธรรมดามาก"
    ],
    "ability": [
      "คลิกขวาค้างไว้เพื่อชาร์จแล้วปล่อย \\c[27]ลูกศรเจาะ\\c[0]",
      "Piercing Arrow สูญเสียความเสียหายต่อเป้าหมายที่เจาะ"
    ]
  },
  "102": {
    "name": [
      "ธนูของฮันเตอร์"
    ],
    "subtitle": "",
    "description": [
      "ธนูยาวคอมโพสิตที่ลดความแรงในการชัก",
      "ความเสียหายน้อยกว่า แต่ยิงได้เร็วง่ายกว่า"
    ],
    "ability": [
      "+ความเร็วการโจมตี, ความเสียหาย -20%, การสูญเสียความทนทาน -20%",
      "คลิกขวาค้างไว้เพื่อชาร์จแล้วปล่อย \\c[27]ลูกศรเจาะ\\c[0]"
    ]
  },
  "103": {
    "name": [
      "เมฆพระอาทิตย์ตก"
    ],
    "subtitle": "",
    "description": [
      "ธนูเวทย์มนตร์ที่เต็มไปด้วยพลังไฟ",
      "ไม่เพียงแต่เผาศัตรูเท่านั้น แต่ยังยิงธนูระเบิดอีกด้วย"
    ],
    "ability": [
      "คลิกขวาค้างไว้เพื่อชาร์จแล้วปล่อย \\c[27]ลูกศรระเบิด\\c[0]",
      "ลูกศรระเบิดจะระเบิดเมื่อถูกโจมตี"
    ]
  },
  "104": {
    "name": [
      "นาฬิกาหิมะ"
    ],
    "subtitle": "",
    "description": [
      "ธนูวิเศษที่ปกคลุมไปด้วยน้ำแข็ง ยิงธนูน้ำแข็ง",
      "และสามารถแช่แข็งพื้นที่กว้างได้ด้วยการยิงช็อต"
    ],
    "ability": [
      "คลิกขวาค้างไว้เพื่อชาร์จแล้วปล่อย \\c[27]Icebound Arrow\\c[0]",
      "Icebound Arrow แช่แข็งเป้าหมายเมื่อโจมตีโดน"
    ]
  },
  "105": {
    "name": [
      "ชิโดริ"
    ],
    "subtitle": "",
    "description": [
      "คันธนูสีทองที่สามารถเรียกฟ้าร้องได้",
      "ตั้งชื่อตามเสียงหึ่งที่ชวนให้นึกถึงสายฟ้า",
      "อย่างไรก็ตาม ควรระวัง เนื่องจากเป็นสื่อกระแสไฟฟ้าสูง"
    ],
    "ability": [
      "คลิกขวาค้างไว้เพื่อชาร์จแล้วปล่อย \\c[27]ลูกศรสายฟ้า\\c[0]"
    ]
  },
  "106": {
    "name": [
      "ธนูคำสาปเฮลฮาวด์"
    ],
    "subtitle": "",
    "description": [
      "กระป๋องรูปทรงประหลาดนี้เป็นผลผลิตจาก Abyss",
      "ยิงธนูหลายลูกพร้อมกัน อย่างไรก็ตาม,",
      "ธนูเวทย์มนตร์น่าขนลุกนี้ยังคงถูกผนึกไว้ โดยพลังที่แท้จริงของมันยังไม่ถูกปล่อยออกมา"
    ],
    "ability": [
      "คลิกขวาค้างไว้เพื่อชาร์จแล้วปล่อย \\c[27]ลูกศรเจาะ\\c[0]"
    ]
  },
  "107": {
    "name": [
      "ล่าเลือด"
    ],
    "subtitle": "",
    "description": [
      "ธนูยาวเปื้อนเลือด",
      "การจับแต่ละครั้งจะทำให้เชือกเปียกโชกไปด้วยเลือดของผู้ครอบครอง",
      "จนกว่าลูกธนูจะกลับมาพร้อมกับเครื่องบูชาอันหอมหวาน"
    ],
    "ability": [
      "คลิกขวาค้างไว้เพื่อชาร์จแล้วปล่อย \\c[27]ลูกศรเจาะเลือด\\c[0]",
      "ใช้ HP เพื่อเพิ่มพลังในการยิง ลูกศรสังหารจะระบายเลือด"
    ]
  }
}