{
  "3": {
    "name": [
      "Странный Аксессуар Для Волос"
    ],
    "subtitle": "",
    "description": [
      "Аксессуар для волос, украшенный необычным орнаментом",
      "Это кролик… или булочка…?"
    ],
    "ability": [
      ""
    ]
  },
  "6": {
    "name": [
      "Рождение Несчастья"
    ],
    "subtitle": "",
    "description": [
      "Паразитированный Философским Камнем, слабое существо было насильно",
      "наделено бесконечной жизненной силой, бесконечно по кругу переходя",
      "от жизни к смерти, пока безумие не взяло верх."
    ],
    "ability": [
      "Увеличивает Здоровье. Усиливает восстановление Здоровья на 25%",
      "При экипировке даёт автоматическую регенерацию"
    ]
  },
  "7": {
    "name": [
      "Проклятый Эмбрион"
    ],
    "subtitle": "",
    "description": [
      "Недоразвитый проклятый эмбрион, который, несмотря ни на что,",
      "остаётся жив. Его яростная воля к жизни и переполняющая",
      "жизненная энергия могут повлиять даже на носителя"
    ],
    "ability": [
      "Увеличивает Здоровье. Усиливает восстановление Здоровья на 20%"
    ]
  },
  "8": {
    "name": [
      "Кристаллический Сгусток Маны"
    ],
    "subtitle": "",
    "description": [
      "Минерал, сформированный Великим Лабиринтом, содержащий следы маны",
      "Ношение его улучшает понимание магии"
    ],
    "ability": [
      "Повышает скорость чтения заклинаний и силу магии при экипировке"
    ]
  },
  "9": {
    "name": [
      "Бездонный Сгусток Маны"
    ],
    "subtitle": "",
    "description": [
      "Редкий сгусток, наполненный плотной маной,",
      "излучающий ощутимые волны магии. Востребован алхимиками"
    ],
    "ability": [
      "Повышает скорость чтения заклинаний и силу магии при экипировке"
    ]
  },
  "10": {
    "name": [
      "Ободок Сосредоточения"
    ],
    "subtitle": "",
    "description": [
      "Ободок, носимый великим мудрецом в юности, когда тот был",
      "приключенцем. Помогает сосредоточиться и блокирует внешние",
      "отвлекающие факторы"
    ],
    "ability": [
      "Иммунитет к оглушению",
      "Усиливает магию и масштаб заклинаний"
    ]
  },
  "11": {
    "name": [
      "Перчатки Поглощения Маны"
    ],
    "subtitle": "",
    "description": [
      "Перчатки, носимые великим мудрецом в юности, когда тот был",
      "приключенцем. Они естественным образом собирают ману,",
      "наделяя оружие магическими свойствами"
    ],
    "ability": [
      "Оружие наносит дополнительный магический урон"
    ]
  },
  "12": {
    "name": [
      "Когти Неко"
    ],
    "subtitle": [
      " \"...Мяу~?\""
    ],
    "description": [
      "Когти Неко, спрятанные внутри Неко Слайма, кажутся",
      "насыщенными духом кошки. При ношении повышают ловкость!"
    ],
    "ability": [
      "Увеличивает силу атаки и скорость атаки"
    ]
  },
  "13": {
    "name": [
      "Лапки Неко"
    ],
    "subtitle": [
      " \"...Мяу~?\""
    ],
    "description": [
      "Лапки Неко, спрятанные внутри Неко Слайма, кажутся",
      "насыщенными духом кошки. При ношении повышают ловкость!"
    ],
    "ability": [
      "Увеличивает атаку и скорость передвижения, сокращает откат Сюнпо"
    ]
  },
  "14": {
    "name": [
      "Травяное Кольцо"
    ],
    "subtitle": "",
    "description": [
      "Кольцо, сплетённое из листьев и корней, излучает травяной аромат",
      "Ранее служило талисманом для путников, символизирует",
      "жизненность и энергию"
    ],
    "ability": [
      "Макс. Здоровья +\\c[29]${$gameActors.actor(1).skillMasteryLevel(35)>0?(($gameActors.actor(1).skillMasteryLevel(35)*($gameActors.actor(1).skillMasteryLevel(35) + 1)/2)*15)/$gameActors.actor(1).skillMasteryLevel(35):15}\\c[0]",
      "Ношение нескольких таких предметов усиливает эффект"
    ]
  },
  "15": {
    "name": [
      "Плюшевый Костюм Неко"
    ],
    "subtitle": "",
    "description": [
      "Мягкий и уютный костюм плюшевого кота — пушистый и большой",
      "Его просторный дизайн укутывает вас и даже скрывает лишние вещички~"
    ],
    "ability": [
      "Дополнительная вместимость для оружия +10",
      "Дополнительная вместимость для снаряжения +20"
    ]
  },
  "16": {
    "name": [
      "Шлем С Шипами"
    ],
    "subtitle": "",
    "description": [
      "Металлическая броня с шипами, излучающая опасность с каждой стороны,",
      "обеспечивает прочную защиту и автоматически наносит",
      "урон ближайшим врагам"
    ],
    "ability": [
      "Автоматически наносит урон ближайшим врагам"
    ]
  },
  "17": {
    "name": [
      "Броня С Шипами"
    ],
    "subtitle": "",
    "description": [
      "Металлическая броня с шипами, излучающая опасность с каждой стороны,",
      "обеспечивает прочную защиту и автоматически наносит",
      "урон ближайшим врагам"
    ],
    "ability": [
      "Автоматически наносит урон ближайшим врагам"
    ]
  },
  "18": {
    "name": [
      "Рукавицы С Шипами"
    ],
    "subtitle": "",
    "description": [
      "Металлическая броня с шипами, излучающая опасность с каждой стороны,",
      "обеспечивает прочную защиту и автоматически наносит",
      "урон ближайшим врагам"
    ],
    "ability": [
      "Автоматически наносит урон ближайшим врагам при атаке"
    ]
  },
  "19": {
    "name": [
      "Сапоги С Шипами"
    ],
    "subtitle": "",
    "description": [
      "Металлическая броня с шипами, излучающая опасность с каждой стороны,",
      "обеспечивает прочную защиту и автоматически наносит",
      "урон ближайшим врагам"
    ],
    "ability": [
      "Автоматически наносит урон ближайшим врагам при движении"
    ]
  },
  "20": {
    "name": [
      "Шлем Рыцаря"
    ],
    "subtitle": "",
    "description": [
      "Стандартная броня придворных рыцарей. Её украшенный и прочный дизайн",
      "олицетворяет верность рыцарскому кодексу"
    ],
    "ability": [
      "Увеличивает защиту, если Здоровье ниже \\c[10]30%\\c[0]"
    ]
  },
  "21": {
    "name": [
      "Броня Рыцаря"
    ],
    "subtitle": "",
    "description": [
      "Стандартная броня придворных рыцарей. Её украшенный и прочный дизайн",
      "олицетворяет верность рыцарскому кодексу"
    ],
    "ability": [
      "Увеличивает защиту, если Здоровье ниже \\c[10]30%\\c[0]"
    ]
  },
  "22": {
    "name": [
      "Рукавицы Рыцаря"
    ],
    "subtitle": "",
    "description": [
      "Стандартная броня придворных рыцарей. Её украшенный и прочный дизайн",
      "олицетворяет верность рыцарскому кодексу"
    ],
    "ability": [
      "Увеличивает атаку и защиту, если Здоровье ниже \\c[10]30%\\c[0]"
    ]
  },
  "23": {
    "name": [
      "Наголенники Рыцаря"
    ],
    "subtitle": "",
    "description": [
      "Стандартная броня придворных рыцарей. Её украшенный и прочный дизайн",
      "олицетворяет верность рыцарскому кодексу"
    ],
    "ability": [
      "Увеличивает скорость передвижения, если Здоровье ниже \\c[10]30%\\c[0]"
    ]
  },
  "26": {
    "name": [
      "Перо Жар-Птицы"
    ],
    "subtitle": [
      ""
    ],
    "description": [
      "Перо Жар-Птицы,",
      "символизирующее вечную жизнь, всё ещё пылает тёплым пламенем.",
      "Даже одно перо способно воскресить мёртвого"
    ],
    "ability": [
      "Активируется при падении Здоровья до нуля, полностью восстанавливает Здоровье",
      "Предмет уничтожается после активации"
    ]
  },
  "27": {
    "name": [
      "Туалетная Бумага"
    ],
    "subtitle": "",
    "description": [
      "Туалетная бумага из Дома",
      "Полезный предмет для приключенцев, которого внезапно приспичило",
      "в опасном подземелье"
    ],
    "ability": [
      "Уменьшает урон от Кровотечения на \\c[10]30%\\c[0]"
    ]
  },
  "29": {
    "name": [
      "Дерзкий Джекки"
    ],
    "subtitle": [
      "\"Ему нужны крики...\""
    ],
    "description": [
      "Одно из смертоносных орудий печально известного убийцы,",
      "всё ещё дрожит от нетерпения"
    ],
    "ability": [
      "Наносит больше урона противникам с низкими Здоровьем, до \\c[10]30%\\c[0]"
    ]
  },
  "32": {
    "name": [
      "Кошачий Удар"
    ],
    "subtitle": "",
    "description": [
      "\"Хьяа—!! Не нарывайся, ня!\"",
      "Мягкие лапки-варежки, любимое оружие одной кошкодевочки",
      "Ношение даёт ловкость кошки… и тягу к рыбке"
    ],
    "ability": [
      "Увеличивает скорость атаки. Дополнительный удар даёт +1",
      "Шанс спецэффекта при доп. ударах снижен вдвое"
    ]
  },
  "33": {
    "name": [
      "Головной Убор Яблоко"
    ],
    "subtitle": "",
    "description": [
      "Головной убор, сделанный из яблок —",
      "защиты особо не жди. Зато вкусные яблоки"
    ],
    "ability": [
      "Есть шанс на активацию лечения при получении урона"
    ]
  },
  "36": {
    "name": [
      "Манэки Неко"
    ],
    "subtitle": "",
    "description": [
      "Жадный маленький слуга с вечно недовольным видом",
      "Рвётся собирать все дропы подряд, не разбирая их ценности"
    ],
    "ability": [
      "Автоматически собирает всё, что выпало",
      "Несколько таких увеличивают радиус сбора"
    ]
  },
  "37": {
    "name": [
      "Копилка"
    ],
    "subtitle": "",
    "description": [
      "Милый слуга, собирающий деньги",
      "Что-то может произойти, когда наполнится… но пока, он просто хрупкий"
    ],
    "ability": [
      "Собирает деньги. Накоплено: \\c[6]${$gameSelfVariables.value([1, 110, 'deposit'])}\\c[0] йен!",
      "Легко ломается при атаке, теряя всё накопленное"
    ]
  },
  "38": {
    "name": [
      "Жадная Копилка"
    ],
    "subtitle": "",
    "description": [
      "Копилка, переполненная богатством — мечта стала явью",
      "Даже с набитым золотом пузом, её жадность не знает границ"
    ],
    "ability": [
      "Испускает ауру требований Мамона. Накоплено: \\c[6]${$gameSelfVariables.value([1, 110, 'deposit'])}\\c[0] йен!",
      "Бесконечно собирает деньги и каждые 10 сек. теряет интерес"
    ]
  },
  "40": {
    "name": [
      "Форма Горничной"
    ],
    "subtitle": "",
    "description": [
      "Трофей за урок, преподанный непослушной",
      "девушке с кроличьими ушками. Всё ещё пахнет грязью и морковкой"
    ],
    "ability": [
      "Замаскировывает под монстра, но блокирует атаки",
      "Ношение делает тебя лучшим другом с Кроличьей Горничной"
    ]
  },
  "41": {
    "name": [
      "Милые Кроличьи Ушки"
    ],
    "subtitle": "",
    "description": [
      "Съёмный аксессуар в виде кроличьих ушек",
      "Кто бы ни надел, будет выглядеть чертовски мило!"
    ],
    "ability": [
      "Благословляет на удачу! Повышен шанс выпадения предметов!"
    ]
  },
  "42": {
    "name": [
      "Душа Взрывного Маньяка"
    ],
    "subtitle": [
      "\"Взры————в!!!\""
    ],
    "description": [
      "Воля, пожертвовавшая всем ради взрывов",
      "Теперь она с тобой — стремись к ещё большим ба-бахам!"
    ],
    "ability": [
      "Небольшой шанс вызвать взрыв при атаке или попадании",
      "Снижает получаемый урон от взрывов на 50%"
    ]
  },
  "45": {
    "name": [
      "Ядовитые Объятия"
    ],
    "subtitle": [
      "\"Этот кинжал полон яда, знаешь ли— (лизь)\""
    ],
    "description": [
      "Отравленный волшебный кинжал — держись подальше"
    ],
    "ability": [
      "Крутится вокруг пользователя",
      "Высокий шанс отравления при контакте"
    ]
  },
  "46": {
    "name": [
      "Кулак Ярости"
    ],
    "subtitle": "",
    "description": [
      "Могущественный магический кулак",
      "Пульсирует яростью, всё ещё сжат"
    ],
    "ability": [
      "Крутится вокруг пользователя",
      "Отталкивает любого врага при касании"
    ]
  },
  "47": {
    "name": [
      "Xerise’s Cursed Hand"
    ],
    "subtitle": "",
    "description": [
      "A severed hand imbued with undead power",
      "Even without a body, it remains lively and aggressive"
    ],
    "ability": [
      "An auto-orbiting Servant",
      "Curses any target it points its middle finger at"
    ]
  },
  "48": {
    "name": [
      "Chain SpellBinding Contract"
    ],
    "subtitle": [
      "\"When the one you love dies, you must take your own life.",
      "When the one you love dies, there is no other way.\""
    ],
    "description": [
      "To save his familiar, a certain alchemist forged this contract…"
    ],
    "ability": [
      "Link with your servant—any damage they take will be yours",
      "Each linked servant grants you a healing effect"
    ]
  },
  "50": {
    "name": [
      "Картофельные Чипсы"
    ],
    "subtitle": "",
    "description": [
      "Только что обжаренные, с тёплым",
      "аппетитным ароматом. Осторожно, чайки!"
    ],
    "ability": [
      "Привлекает чаек, которые воруют чипсы"
    ]
  },
  "53": {
    "name": [
      "Костяное Кольцо"
    ],
    "subtitle": "",
    "description": [
      "Кольцо из костей покойного Повешенного",
      "Хотя большая часть его силы утрачена,",
      "оно всё ещё дарует лёгкость шагов"
    ],
    "ability": [
      "Снижает урон от падений на 50%"
    ]
  },
  "54": {
    "name": [
      "Незавершённый Золотой Грааль"
    ],
    "subtitle": "",
    "description": [
      "Святвя реликвия, ещё не наполненная. Благословляет носителя",
      "невероятной удачей. Источник этого дара неизвестен,",
      "покто что он молча ждёт своего завершения"
    ],
    "ability": [
      "Сильно увеличивает удачу. Удваивает получаемые деньги"
    ]
  },
  "55": {
    "name": [
      "Перчатки Поджигателя"
    ],
    "subtitle": [
      "\"Фу, ну и фейерверки...\""
    ],
    "description": [
      "Толстые жаростойкие перчатки с запахом пороха"
    ],
    "ability": [
      "+30% радиус взрыва от самовзрывающихехся бомб",
      "Бомбы могут вызвать цепную реакцию"
    ]
  },
  "56": {
    "name": [
      "Милость Святой Девы"
    ],
    "subtitle": [
      "\"Хороший ребёнок, хороший ребёнок...\""
    ],
    "description": [
      "Одежда монахини — гладкая и шелковистая, незабываемая",
      "Святое сияние пронизывает ткань, даруя утешение"
    ],
    "ability": [
      "Принудительно активирует Режим Мудреца",
      "Повышает привязанность при поглаживании Сестры по голове"
    ]
  },
  "59": {
    "name": [
      "Rubrum Pendant"
    ],
    "subtitle": [
      ""
    ],
    "description": [
      "The Fallen Magician’s Precious Relic. ",
      "A pendant crafted from a small amount of Philosopher's Fragment ",
      "imbued with a faint yet everlasting alchemical power"
    ],
    "ability": [
      "Boosts magic attack based on held Philosopher's Fragment count",
      "Reduces weapon durability use when casting magic by \\c[6]24%\\c[0]"
    ]
  },
  "60": {
    "name": [
      "堕落法师的头环"
    ],
    "subtitle": "",
    "description": [
      "染指了诅咒的头环，",
      "上面寄宿的怨念渴望着恶有恶报"
    ],
    "ability": [
      "飞行道具具有追踪附近敌人的力量"
    ]
  },
  "61": {
    "name": [
      "堕落法师的披风"
    ],
    "subtitle": "",
    "description": [
      "染指了诅咒的披风，",
      "上面寄宿的怨念渴望着恶有恶报"
    ],
    "ability": [
      "飞行道具具有追踪附近敌人的力量"
    ]
  },
  "62": {
    "name": [
      "Перчатки Падшего Мага"
    ],
    "subtitle": "",
    "description": [
      "Проклятые перчатки, пропитанные тёмной магией,",
      "в них живёт злобный дух, жаждущий нападать"
    ],
    "ability": [
      "Снаряды преследуют ближайших врагов"
    ]
  },
  "63": {
    "name": [
      "Туфли Падшего Мага"
    ],
    "subtitle": "",
    "description": [
      "Проклятая обувь, пропитанная тёмной магией,",
      "дух внутри дарует призрачную ловкость"
    ],
    "ability": [
      "Увеличивает скорость передвижения, даёт состояние пустоты при использовании Сюнпо"
    ]
  },
  "65": {
    "name": [
      "Повязка Решимости"
    ],
    "subtitle": [
      "\"Да кто ты, чёрт возьми, думаешь я такой!?\""
    ],
    "description": [
      "Повязка, пробуждающая страсть, когда её надевают",
      "Не даёт эффекта, но её несгибаемый дух — вне конкуренции"
    ],
    "ability": [
      "Снижает шанс наложения негативных статусов",
      "Есть шанс устоять перед смертельным уроном"
    ]
  },
  "67": {
    "name": [
      "Наручи Мастера Боевых Искусств"
    ],
    "subtitle": "",
    "description": [
      "Перемотанные бинтами наручи, которые носят бойцы во время спарринга",
      "Они защищают суставы и улучшают точность движений"
    ],
    "ability": [
      "-12% расход прочности оружия",
      "Увеличивает скорость атаки и урон комбо без оружия"
    ]
  },
  "68": {
    "name": [
      "Обувь Мастера Боевых Искусств"
    ],
    "subtitle": "",
    "description": [
      "Обувь, часто используемая мастерами боевых искусств,",
      "излучает мощную ауру"
    ],
    "ability": [
      "Увеличивает скорость передвижения. Усиливает Сюнпо"
    ]
  },
  "69": {
    "name": [
      " Разбиватель Лиц"
    ],
    "subtitle": [
      "\"Да блин... хочу кому-то в морду заехать...!\""
    ],
    "description": [
      "Боксерские перчатки, оставленные легендарным боксёром.",
      "Ты всё ещё чувствуешь мощь, исходящую от них"
    ],
    "ability": [
      "Нельзя использовать оружие в экипировке",
      "+Урон в зависимости от Здоровья цели"
    ]
  },
  "70": {
    "name": [
      "Сердце Пугала"
    ],
    "subtitle": "",
    "description": [
      "Пустое тело пугала",
      "Нет тепла, нет сердцебиения — но оно может жить вместо тебя"
    ],
    "ability": [
      "Блокирует все формы восстановления Здоровья при экипировке",
      "При 0 Здоровья даёт немного времени до окончательного истощения"
    ]
  },
  "73": {
    "name": [
      "Кольцо Лавы"
    ],
    "subtitle": "",
    "description": [
      "Кольцо, выкованное из скалы, наполненной раскалённой лавой",
      "Ношение облегчает боль как от холода, так и от жара"
    ],
    "ability": [
      "Сильно снижает шанс заморозки",
      "Снижает шанс получить ожог"
    ]
  },
  "74": {
    "name": [
      "Volumen Salamandrae"
    ],
    "subtitle": [
      "\"Yes, they do like chili peppers...\""
    ],
    "description": [
      "A grimoire bound with salamander scales. Though it resembles",
      "an encyclopedia, its records of volcano-dwelling salamanders ",
      "grant deeper insight into fire when studied."
    ],
    "ability": [
      "Strengthens the damage and form of fire-element magic"
    ]
  },
  "80": {
    "name": [
      "Королевский Указ"
    ],
    "subtitle": "",
    "description": [
      "Кольцо, символизирующее высшую славу настоящего короля",
      "Сильно поднимает боевой дух слуг!"
    ],
    "ability": [
      "Немного увеличивает все характеристики",
      "Увеличивает размер всех слуг и усиливает их особые свойства"
    ]
  },
  "125": {
    "name": [
      "Атсу Атсу Боудзю"
    ],
    "subtitle": "",
    "description": [
      "Тряпочная кукла, созданная с искренними молитвами. Она несёт",
      "желания, внося небольшие изменения в обычные погодные условия",
      "Однако, после этого кукла бесшумно исчезает"
    ],
    "ability": [
      "Гарантирует знойную жару на следующий день после экипировки"
    ]
  },
  "126": {
    "name": [
      "Тэру Тэру Боудзю"
    ],
    "subtitle": "",
    "description": [
      "Тряпочная кукла, созданная с искренними молитвами. Она несёт",
      "желания, внося небольшие изменения в обычные погодные условия",
      "Однако, после этого кукла бесшумно исчезает"
    ],
    "ability": [
      "Гарантирует солнечную погоду на следующий день после экипировки"
    ]
  },
  "127": {
    "name": [
      "Кумо Кумо Боудзю"
    ],
    "subtitle": "",
    "description": [
      "Тряпочная кукла, созданная с искренними молитвами. Она несёт",
      "желания, внося небольшие изменения в обычные погодные условия",
      "Однако, после этого кукла бесшумно исчезает"
    ],
    "ability": [
      "Гарантирует облачную погоду на следующий день после экипировки"
    ]
  },
  "128": {
    "name": [
      "Амэ Амэ Боудзю"
    ],
    "subtitle": "",
    "description": [
      "Тряпочная кукла, сЗдоровьяданная с искренними молитвами. Она несёт",
      "желания, внося небольшие изменения в обычные погодные условия",
      "Однако, после этого кукла бесшумно исчезает"
    ],
    "ability": [
      "Гарантирует дождливую погоду на следующий день после экипировки"
    ]
  },
  "129": {
    "name": [
      "Девичья Улыбка"
    ],
    "subtitle": [
      "\"Братик, ты хорошо сдержал своё обещание!\""
    ],
    "description": [
      "Маленькая Сестра, которая всегда восхищалась и переживала за",
      "своего Братика, наконец-то улыбается с удовлетворением",
      "Для Братика этого достаточно, чтобы идти дальше"
    ],
    "ability": [
      "Повышает Возбуждение, увеличивает все характеристики"
    ]
  },
  "130": {
    "name": [
      "Трусики Сестры"
    ],
    "subtitle": [
      "\"До сих пор хранят аромат Сестры...\""
    ],
    "description": [
      "Трусики, полученные от Сестры из-за недоразумения",
      "Так и не были возвращены, но в глубине души — это радость"
    ],
    "ability": [
      "Вдохновлён Сестрой. При Здоровье < 50% активируется",
      "авто-восстановление"
    ]
  },
  "147": {
    "name": [
      "Пластырь"
    ],
    "subtitle": "",
    "description": [
      ""
    ],
    "ability": []
  },
  "150": {
    "name": [
      "Бонусная Футболка"
    ],
    "subtitle": "",
    "description": [
      "Фирменный наряд от рыцаря,",
      "предназначен для продвижения игры",
      "Но, если честно, я не особо хочу его носить"
    ],
    "ability": []
  },
  "152": {
    "name": [
      "妹のキャミ"
    ],
    "subtitle": "",
    "description": [
      "妹が普段着ているキャミ、そこには妹の好きなリボンのデザインが付いている",
      "そういえば…なんでこれが俺の手元にあるんだ？",
      "Come to think of it… why is this in my hands?"
    ],
    "ability": []
  },
  "153": {
    "name": [
      "妹の短パン"
    ],
    "subtitle": "",
    "description": [
      "妹が普段着ている短パン、そこには妹の好きなリボンのデザインが付いている",
      "そういえば…なんでこれが俺の手元にあるんだ？",
      "Come to think of it… why is this in my hands?"
    ],
    "ability": []
  },
  "154": {
    "name": [
      "Сине-белые Трусики"
    ],
    "subtitle": "",
    "description": [
      ""
    ],
    "ability": []
  },
  "155": {
    "name": [
      "Розово-белые Трусики"
    ],
    "subtitle": "",
    "description": [
      ""
    ],
    "ability": []
  },
  "156": {
    "name": [
      "Белые Трусики"
    ],
    "subtitle": "",
    "description": [
      ""
    ],
    "ability": []
  },
  "157": {
    "name": [
      "Пластырь"
    ],
    "subtitle": "",
    "description": [
      ""
    ],
    "ability": []
  },
  "159": {
    "name": [
      "Без Трусиков..."
    ],
    "subtitle": "",
    "description": [
      ""
    ],
    "ability": []
  },
  "299": {
    "name": [
      "Absolute Territory"
    ],
    "subtitle": [
      ""
    ],
    "description": [
      "The sacred space between a girl's miniskirt and thigh-high socks",
      "Not only does it grant high magic resistance, but also the absurd ",
      "ability to pull out all sorts of items from under the skirt at will"
    ],
    "ability": [
      "Extra carry capacity for weapons +99",
      "Extra carry capacity for gears +99"
    ]
  },
  "300": {
    "name": [
      "Catalyst Amatoria"
    ],
    "subtitle": [
      "\"Give me your love—! Otherwise, let’s just die together~~~!\""
    ],
    "description": [
      "A forbidden artifact forged by a certain yandere archdemon",
      "It forcibly makes anyone it touches fall in love with the wearer",
      "ignoring their will"
    ],
    "ability": [
      "Greatly boosts the stats gained when patting Imouto"
    ]
  }
}