{
  "2": {
    "0": [
      "\\nl< >\"\\str[121]... hang in there...    \\w[90]",
      "You’ll definitely get better.\""
    ],
    "1": [
      "What’s gonna happen to my dignity as her \\str[121]..."
    ],
    "2": [
      "\\nl< >\"\\str[121]... don’t be sad.\""
    ],
    "3": [
      "\\nl< >\"\\{Hemorrhoids\\}? That must’ve been caused by bad habits...\""
    ],
    "4": [
      "This is bad. The misunderstanding’s only getting worse—"
    ],
    "5": [
      "\"Ah, that’s why I’m not——\"",
      "\\w[45]\\^"
    ],
    "6": [
      "\\nl< >\\{  \"Could it be something even more serious!?\"   "
    ],
    "7": [
      "\"Sorry, it’s just hemorrhoids.\""
    ],
    "8": [
      "And so, my reason for spending too long in the toilet ",
      "was officially decided…"
    ],
    "9": [
      "\\nl< >\"…So it really was constipation?\""
    ],
    "10": [
      "Not good—",
      "\\str[120]’s starting to get the wrong idea."
    ],
    "11": [
      "\"Oh dear \\str[120], your \\str[121] ",
      "was simply pondering deep thoughts, you know?\""
    ],
    "12": [
      "\\nl< >\"I see...! That’s amazing, \\str[121].\""
    ],
    "13": [
      "Amazing, right? ",
      "Your \\str[121] just temporarily ascended into sage mode."
    ],
    "14": [
      "\"Anyway, let’s start making dinner!\""
    ],
    "15": [
      "\\nl< >\"\\str[121], you were in the toilet for so long again.\""
    ],
    "16": [
      "Can’t even deny it... I really was in there forever..."
    ],
    "17": [
      "\"Ahem…! That doesn’t matter right now,",
      "come on, let’s get dinner started!\""
    ],
    "18": [
      "\\nl< >\"So suspicious…\""
    ],
    "19": [
      "\\nl< >\"You’re so slow, \\str[121]! Are you constipated?!\""
    ],
    "20": [
      "\"Ahaha… no way…\""
    ],
    "21": [
      "\"You’re hungry already, right? ",
      "Okay, let’s get started on dinner—!!\""
    ]
  },
  "4": {
    "0": [
      "I wanted to cheer \\str[120] up a bit more,",
      "but I got kicked out of the room.\""
    ],
    "1": [
      "Oh well, guess I’ll just sleep for now—",
      "I’ll think of something tomorrow..."
    ]
  },
  "6": {
    "0": [
      "Фух... хорошо, что я не опозорился ",
      "перед сестрой...",
      "Но———"
    ],
    "1": [
      "\\{\"Ах———\"  \\w[60]"
    ],
    "2": [
      "Это хуже, чем я думал...",
      "Это продолжается уже больше получаса...?"
    ],
    "3": [
      "Ощущение, будто все мое тело истощено...",
      "Может, действительно что-то было не так ",
      "с ужином?"
    ],
    "4": [
      "\\nl< >\"Братик... ты в порядке...?",
      "Я слышала... какие-то действительно страшные звуки....\""
    ],
    "5": [
      "\"Ахаха… может я съел что-то не то…",
      "Не подходи близко... здесь опасно…\""
    ],
    "6": [
      "Я услышал обеспокоенный голос Сестры ",
      "за дверью. Как бы мне ни хотелось ",
      "выйти отсюда поскорее, боюсь даже силы ",
      "просто стоять покидают меня..."
    ],
    "7": [
      "\\{\"Уууууххх—\"  \\w[60]"
    ],
    "8": [
      "Я не могу…",
      "Это просто не остановить..."
    ],
    "9": [
      "\\nl< >\"Братик... ты все еще там??\""
    ],
    "10": [
      "\\nl< >\"Э-эм... на самом деле...",
      "Мне тоже нужно в туалет...\""
    ],
    "11": [
      "\\{\"Бляяяяяя—\" \\w[60]"
    ],
    "12": [
      "\\{\"Н-не сейчас—",
      "Я все еще... не могу выйти—!\""
    ],
    "13": [
      "\\nl< >\"Мх... прошло уже десять минут...\\w[120]",
      "Мне... Мне правда тоже надо в туалет...\""
    ],
    "14": [
      "\"Бляяяяяять—!",
      "Это никак не остановить—!\""
    ],
    "15": [
      "\\nl< >\"Братик... оно уже...\""
    ],
    "16": [
      "\"Бляяощлзщоозаывозщоззозыавщоаывзощ——!\""
    ],
    "17": [
      "\\nl< >\"Ааааааа——!",
      "Я не могу больше терпеть...!\""
    ],
    "18": [
      "\"Бляяяяя——!\"",
      "\"Ааааааааааа——!\""
    ],
    "19": [
      "В ту ночь, из совсем обычного дома,",
      "доносились мучительные крики дикого зверя,",
      "смешанные с диким плачем ",
      "и неописуемыми стонами."
    ],
    "20": [
      "Иногда звуки были тихими, как будто зверь боролся со смертью",
      "а иногда громкие и резкие, как крики маленькой девочки, ",
      "они смешались в хаотичную и непонятную ,",
      "симфониию."
    ],
    "21": [
      "Тем временем, глубокой ночью,",
      "даже искатели приключений, все еще сражавшиеся ",
      "на краю Бездны, инстинктивно вздрогнули,",
      "замерев с мечами в руках,",
      "и обменявшись взглядами, на мгновение задумались,",
      "не зародилось ли где-то в тенях новое и ",
      "неизвестное существо."
    ]
  }
}