{
  "3": {
    "0": [
      "\"Whew… that feels much better...\""
    ],
    "1": [
      "...So, what should I do next?"
    ],
    "2": [
      "Look Around",
      "Daydreaming",
      "Kill Time",
      "Leave"
    ],
    "3": [
      "This cramped little space—what could possibly be hiding here...?    \\w[45]",
      "Even as I said that, I couldn’t help but start digging around."
    ],
    "4": [
      "\"Ooooh!! This is…!\""
    ],
    "5": [
      "——Toilet paper."
    ],
    "6": [
      "————A junk."
    ],
    "7": [
      "\"Well, I am in the toilet after all.\""
    ],
    "8": [
      "Feels like I wasted my time."
    ],
    "9": [
      "\"Hm? What was that sound?\""
    ],
    "10": [
      "It's a C."
    ],
    "11": [
      "A C snuck in from who-knows-where and zipped past my feet."
    ],
    "12": [
      "You bastard, showing yourself so boldly in front of me!    \\{",
      "Take this!"
    ],
    "13": [
      "Bullseye. The C dropped dead on the spot."
    ],
    "14": [
      "\"Hmph, as expected of me...\""
    ],
    "15": [
      "Missed! ",
      "Startled, the C quickly vanished without a trace."
    ],
    "16": [
      "\"Damn, that thing’s fast!\""
    ],
    "17": [
      "……This isn’t gonna work forever.",
      "Maybe it’s time to get some bug spray..."
    ],
    "18": [
      "\"Hm? What was that sound?\""
    ],
    "19": [
      "…The sound’s gone. Was it just my imagination?"
    ],
    "20": [
      "Can’t stay sitting here forever.",
      "I should probably head out—"
    ]
  },
  "9": {
    "0": [
      "\\nl< >\"\\str[121]! Are you still in the toilet?\""
    ],
    "1": [
      "\"...I’ll be out in a second!\""
    ],
    "2": [
      "I’ve probably wasted too much time—better get going..."
    ]
  },
  "21": {
    "0": [
      "Как вдруг раздался знакомый звук."
    ],
    "1": [
      "\\{Погоди...\\w[45] этот звук, это же Т!"
    ],
    "2": [
      "\\nl< >\\{\"…………А?\""
    ],
    "3": [
      "\\nl< >\\{\"Аааааххх—!!\""
    ],
    "4": [
      "Сестра тоже заметила T!",
      "Это плохо! Если T атакует в такой ситуации,",
      "она может упасть в обморок от испуга!!"
    ],
    "5": [
      "\\{\"……!\""
    ],
    "6": [
      "Даже не успев подумать, моё тело двинулось само,",
      "и я молниеносно рванул в туалет."
    ],
    "7": [
      "\\{\"Это ты заставил мою Сестрёнку плакать!?\""
    ],
    "8": [
      "Прямое попадание. Т умер мгновенно."
    ],
    "9": [
      "\\nl< >\"Ууух... Братиикк...\""
    ],
    "10": [
      "\"Теперь всё в порядке. ",
      "Плохой исчез, Братик с ним разобрался.\""
    ],
    "11": [
      "\\nl< >\"А...?",
      "Братик... твои штаны...\""
    ],
    "12": [
      "\"——————————А.\""
    ],
    "13": [
      "Раз я уже был возбуждён перед тем как ворваться",
      "в туалет, мой член стоял твёрдо как камень—",
      "так близко к лицу Сестры..."
    ],
    "14": [
      "Пока я переживал,",
      "я заметил что-то странное в глазах Сестры—",
      "она тоже ёрзала.    \\w[60]",
      "Неужели та странная конфета всё ещё действует?"
    ],
    "15": [
      "Выражение лица Сестры стало затуманенным,",
      "и вдруг, без предупреждения,",
      "она наклонилась и взяла мой член в рот."
    ],
    "16": [
      "Этот смелый ход полностью снёс мой самоконтроль.",
      "Я положил руку на голову Сестры,",
      "начиная направлять её, чтобы она взяла глубже."
    ],
    "17": [
      "Хотя она была довольно неуклюжей,",
      "тепло и мягкость её рта ",
      "всё равно были потрясающими."
    ],
    "18": [
      "С этого ракурса ",
      "было видно, как киска Сестры слегка дрожит,",
      "словно в каком-то сне."
    ],
    "19": [
      "Вскоре ",
      "волнами накатило непреодолимое желание кончить—"
    ],
    "20": [
      "Не желая, чтобы Сестры подавилась,",
      "я вытащил член из её рта."
    ],
    "21": [
      "В тот же момент мощный выброс спермы вырвался,",
      "заляпав всё её лицо."
    ],
    "22": [
      "\\nl< >\"Фуу… на вкус ужасно…\""
    ],
    "23": [
      "Сестра игриво высунула язык,",
      "но я видел, что ей всё ещё очень стыдно.",
      "Обычно она никогда бы не сделала что-то настолько смелое—",
      "должно быть, это эффект той конфеты."
    ],
    "24": [
      "Но честно говоря, если бы не эта конфета,",
      "я даже не знаю, чем бы всё закончилось."
    ],
    "25": [
      "После мы вместе привели туалет в порядок ",
      "и вернулись в спальню,",
      "тихо делая вид, что ничего не произошло."
    ]
  },
  "22": {
    "0": [
      "Крадусь, крадусь..."
    ],
    "1": [
      "Хм... Я просто волнуюсь,",
      "всё ли в порядке с Сестрой...",
      "Я просто быстро взгляну и уйду..."
    ],
    "2": [
      "Стоп... что это!?"
    ],
    "3": [
      "Застал Сестру за мастурбацией.    \\w[60]",
      "Что происходит… ",
      "Неужели это всё ещё эффект ",
      "конфеты, который я дал ей раньше!?"
    ],
    "4": [
      "Хотя её техника всё ещё кажется неумелой,",
      "то что она намокла доказывает,",
      "что она полностью погружена в момент наслаждения."
    ],
    "5": [
      "Видеть, как Сестра так старается получить удовольствие,",
      "мне самому захотелось помочь ей…"
    ],
    "6": [
      "Застал Сестру трогающей себя поверх трусиков.    \\w[60]",
      "Что происходит… ",
      "Неужели это всё ещё эффект ",
      "конфеты, который я дал ей раньше!?"
    ],
    "7": [
      "Видимо, из-за неопытности,",
      "Сестры неуклюже трёт ",
      "трусики кончиками пальцев,",
      "не совсем понимая, как это делать."
    ],
    "8": [
      "Видеть, как Сестра так старается получить удовольствие,",
      "мне самому захотелось помочь ей…"
    ],
    "9": [
      "Но появиться сейчас — точно напугает Сестру.",
      "Хм… пожалуй, лучше тихо уйти."
    ],
    "10": [
      "Подглядеть ещё раз!",
      "Уйти"
    ],
    "11": [
      "Не в силах сопротивляться растущему возбуждению,",
      "я придвинулся ближе к щели в двери,",
      "старательно наблюдая."
    ],
    "12": [
      "Подрочить",
      "Ворваться!",
      "Забыть"
    ],
    "13": [
      "Я тоже начинаю возбуждаться... ",
      "Может, присоединиться к Сестре...?"
    ],
    "14": [
      "Это рискованно… лучше не надо.",
      "Если продолжу смотреть, станет неловко.",
      "Уйду, пока Сестра не заметила."
    ],
    "15": [
      "Раз это не первый раз, когда я вижу ",
      "нечто подобное, я просто пошёл на поводу ",
      "и решил насладиться моментом."
    ],
    "16": [
      "Пока Сестра была погружена в свой мир,",
      "я тихо закрыл за собой дверь."
    ],
    "17": [
      "\"Похоже, Сестра наконец достигла того возраста,",
      "когда начинает интересоваться такими вещами…\"",
      " ",
      " ",
      "Странное чувство грусти охватило меня,",
      "и я решил просто сделать вид, что ничего не видел…"
    ],
    "18": [
      "Когда мы оба достигли пика,",
      "я полностью расслабился и кончил."
    ],
    "19": [
      "С дрожью по телу,",
      "Сестра медленно остановилась и ",
      "начала мягко дышать."
    ],
    "20": [
      "Если продолжу смотреть, всё станет ещё хуже.",
      "Лучше сбежать, пока Сестра не заметила."
    ],
    "21": [
      "Делать такое с Сестрой кажется таким странным…",
      "Не успел опомниться, как моя рука начала двигаться в её ритме,",
      "и в тот момент ",
      "казалось, будто наши чувства слились."
    ],
    "22": [
      "Глядя на пальцы Сестры, я не мог не представить—",
      "а что, если бы не её пальцы трогали её,",
      "а мой член…?"
    ],
    "23": [
      "Погружаясь в эту мысль,",
      "я почти чувствовал, насколько мягкой ",
      "должна быть киска Сестры…",
      "Воображение — страшная сила."
    ],
    "24": [
      "Интересно, каково это — ",
      "приблизиться так же близко, как её пальцы,",
      "подрачивая прямо у её киски…"
    ],
    "25": [
      "Я начинаю представлять, как кончик моего члена прижимается ",
      "к плотно сомкнутой киске Сестры, медленно раздвигая ",
      "её, открывая влажную внутренность. Мой член ",
      "тоже становится скользким, между нами натягивается похотливая нить…"
    ],
    "26": [
      "Возбуждение с ней не сравнится ",
      "с тем, что я чувствую в одиночестве. Погружаясь в фантазии,",
      "чувство вины лишь подстёгивает меня,",
      "принося волну за волной удовольствия."
    ],
    "27": [
      "Похоже, Сестра вот-вот кончит,",
      "и я не могу не ускорить свои движения."
    ],
    "28": [
      "\\{Чёрт, я больше не могу сдерживаться…!"
    ]
  },
  "23": {
    "0": [
      "После прошлого раза ",
      "я решил просто смело ворваться в туалет."
    ],
    "1": [
      "\\nl< >\\{\"…Б-бра-тик!?\""
    ],
    "2": [
      "\\nl< >\"…Братикк,",
      "зачем ты зашёл сюда…?\""
    ],
    "3": [
      "Её тон звучал слегка сердито, но судя по ",
      "затуманенному взгляду и тому, что она не пыталась ",
      "меня выгнать, похоже, я в безопасности."
    ],
    "4": [
      "Я просто тихо встал рядом с Сестрой, мой член ",
      "был в нескольких сантиметрах от неё. Она продолжила ",
      "двигать рукой, немного наклонилась ко мне ",
      "и начала облизывать меня языком."
    ],
    "5": [
      "Маленький язычок Сестры скользил вокруг головки ",
      "моего члена, как маленькая змейка,",
      "тёплое, щекотливое ощущение заставляло меня дрожать."
    ],
    "6": [
      "Мы оставались так некоторое время,",
      "и я почувствовал, что приближаюсь к краю…",
      "Сестра, должно быть, заметила, как пульсирует мой член,",
      "потому что ускорила движения рукой."
    ],
    "7": [
      "Наконец, когда волна стала неудержимой,",
      "сперма начала извергаться.  \\w[60]",
      "Как только первая струя попала на лицо Сестры,",
      "она вдруг взяла мой член в рот."
    ],
    "8": [
      "Пока она сосала, Сестра продолжала дразнить кончик ",
      "языком прямо там, где лилась сперма.",
      " ",
      " ",
      "Эта неожиданная нежность и мягкое тепло полностью ",
      "сломали мой самоконтроль, и мой член выплеснул ",
      "остатки спермы прямо ей в рот."
    ],
    "9": [
      "После мы вместе привели туалет в порядок,",
      "а вернувшись в спальню,",
      "сделали вид, будто ничего не было."
    ]
  }
}