{
  "2": {
    "0": [
      "Мне немного скучно... Во что бы нам поиграть?"
    ],
    "1": [
      "\\{\\nl< >\"Давай поиграем!\"\\w[30]"
    ],
    "2": [
      "Met the Demon Lord in the starter village,",
      "he said, 'I can't let you live!'",
      "Then the hero was one-shot.",
      "Game over."
    ],
    "3": [
      "…What kind of plot is this?  \\w[60]\\{",
      "What a shitty game!"
    ],
    "4": [
      "\\nl< >\"We lost…\""
    ],
    "5": [
      "My character died instantly after stepping on a trap…",
      "We also lost the final boss fight.",
      "Game over."
    ],
    "6": [
      "\\nl< >\"\\str[121]… you're so weak…\""
    ],
    "7": [
      "My \\str[120] got insanely lucky at the casino and ",
      "won the ultimate weapon, then charged into the ",
      "Demon Lord’s castle way ahead of time.",
      "Game over."
    ],
    "8": [
      "…So unfair."
    ],
    "9": [
      "\\nl< >\"That was fun!\""
    ],
    "10": [
      "\"Haaaaaaah——!!",
      "Witness my invincible, zero-cast-time combo!!\""
    ],
    "11": [
      "I put on a flashy show for \\str[120] by soloing the boss"
    ],
    "12": [
      "\\nl< >\"\\str[121], you're so cool!\""
    ],
    "13": [
      "Played a tense RPG session together with \\str[120]."
    ],
    "14": [
      "Had a fun time playing an RPG with \\str[120]."
    ],
    "15": [
      "…\\str[120] seems really focused on the game.",
      "Should I go talk to her?"
    ],
    "16": [
      "Get Closer",
      "Forget It"
    ],
    "17": [
      "I do feel a bit lonely,",
      "but maybe I shouldn’t bother her too much—"
    ]
  },
  "4": {
    "0": [
      "\\nl< >\"Гррр...! \\w[45]",
      "Ты это специально сделал, правда!?\"  \\w[150]\\^"
    ],
    "1": [
      "\\nl< >\"—Увэхххх!?\"  \\w[20]\\^"
    ],
    "2": [
      "\\nl< >\"Братик~~!!\"  \\w[120]\\^"
    ],
    "3": [
      "…\\str[121]?"
    ],
    "4": [
      "Mmm…not now…don’t touch…"
    ],
    "5": [
      "\\nl< >\"Jeez, don’t touch me when my hair’s still wet…\"",
      "\\w[180]\\^"
    ],
    "6": [
      "My hair got all messy again...",
      "Hmm... what a strange feeling..",
      "Ehehe...",
      "Your hand’s so warm, \\str[121]…",
      null,
      "\\str[121]…",
      null,
      "Meow..."
    ],
    "7": [
      "\\nl< >\\{\"Geez— \\str[121],",
      "you went too far with the touching!\"",
      "\\w[150]\\^"
    ]
  },
  "5": {
    "0": [
      "\\nl< >\"Уааа, Братик... ",
      "это не та кнопка, на которую нужно нажимать!\"  \\w[240]\\^"
    ],
    "1": [
      "\\nl< >\"Гррр...! \\w[45]",
      "Ты это специально сделал, правда!?\"  \\w[150]\\^"
    ],
    "2": [
      "\\nl< >\"Не сейчас...!  \\w[60]",
      "Не трогай меня там, Братик,",
      "какое странное ощущение...\"  \\w[400]\\^"
    ],
    "3": [
      "\\nl< >\"А!? Полотенце...!\"   \\w[60]\\^"
    ],
    "4": [
      "\\nl< >\"Ммм... Братик, ты опять дразнишь меня...\"    \\w[120]\\^"
    ],
    "5": [
      "\\nl< >\"А!?\\w[30]Братик, где ты меня трогаешь!?\"   \\w[120]\\^"
    ],
    "6": [
      "\\nl< >\"Моу~ ты же специально,",
      "не так ли, Братик?!\"    \\w[120]\\^"
    ],
    "7": [
      "\\nl< >\"Ахх...   \\w[45]\\^"
    ],
    "8": [
      "\\nl< >\"ах, Братик! Не подходи ближе!\"   \\w[300]\\^"
    ],
    "9": [
      "\\nl< >\"Угхх... Верни мне полотенце...\"   \\w[90]\\^"
    ],
    "10": [
      "\\nl< >\"Братик опять меня дразнит...\"    \\w[120]\\^"
    ],
    "11": [
      "\\nl< >\"Братик...\\w[90]Это так странно...\"    \\w[60]\\^"
    ],
    "12": [
      "\\nl< >\"Ха...\\w[60]Братик...  \\w[60]",
      "ты доволен этим?\"   \\w[60]\\^"
    ],
    "13": [
      "\\nl< >\"Щекотно~\"  \\w[90]\\^"
    ],
    "14": [
      "\\nl< >\"Ахаха, Братик,\\w[60]так щекотно~\"   \\w[120]\\^"
    ],
    "15": [
      "\\nl< >\"Хммнгх…!\"   \\w[45]\\^"
    ],
    "16": [
      "\\nl< >\"Братик……   \\w[150]",
      "Это было случайно…? Л-Ладно, хорошо...\"    \\w[210]\\^"
    ],
    "17": [
      "\\nl< >\"Н-Не шути так со мной…  \\w[150]",
      "Это так странно…!\"    \\w[150]\\^"
    ],
    "18": [
      "\\nl< >\"Эх… Я потолстела…?\"    \\w[180]\\^"
    ],
    "19": [
      "\\nl< >\"Нннгх…! Щекотно, когда ты трогаешь мои ушки. \\w[180]",
      "Братик, перестань!\"    \\w[210]\\^"
    ],
    "20": [
      "\\nl< >\"Умм… Братик, ",
      "мне так щекотно, когда ты здесь трогаешь,   \\w[180]",
      "может, прекратишь…\"    \\w[210]\\^"
    ],
    "21": [
      "\\nl< >\"Блин, не тыкай мне повсюду!\"  \\w[240]",
      "\\nl< >\"Я же не твоя игрушка!\"    \\w[120]\\^"
    ],
    "22": [
      "\\nl< >\"Увэх-эх-эх… Братик, \\w[150]",
      "ты слишком увлекся…!?\"    \\w[180]\\^"
    ]
  },
  "7": {
    "0": [
      "Сестра спит так мирно..."
    ],
    "1": [
      "Подкрасться поближе",
      "Потренироваться!",
      "Вернуться"
    ],
    "2": [
      "Наконец-то настало время показать ",
      "технику бесшумного движения, ",
      "которую я практикую уже несколько дней—"
    ],
    "3": [
      "Тихонько, тихонько..."
    ],
    "4": [
      "Да, уже поздно, ",
      "Надо возвращаться и отдохнуть—"
    ],
    "5": [
      "Идти спать",
      "Подождать"
    ],
    "6": [
      "Может, задержусь ещё чуть-чуть..."
    ],
    "7": [
      "Всё равно не усну...   \\w[30]",
      "\\{Время быстрой тренировки!"
    ],
    "8": [
      "\\{Чтобы не разбудить Сестру, ",
      "надо контролировать каждое движение ",
      "с идеальной точностью!",
      "Это идеальная среда для тренировки!"
    ],
    "9": [
      "Хафф—! Хафф—! Хафф—!",
      "Хафф—! Хафф—! Хафф—!"
    ],
    "10": [
      "Полностью сосредоточившись, я сделал несколько подходов ",
      "отжиманий рядом со спящей Сестрой."
    ],
    "11": [
      "Полностью сосредоточившись, я сделал несколько подходов ",
      "приседаний рядом со спящей Сестрой."
    ],
    "12": [
      "После напряжённой и приятной тренировки,",
      "я почувствовал, как мои мышцы становятся сильнее…"
    ],
    "13": [
      "\\nl< >\"Ммм… хмм хмм…\""
    ],
    "14": [
      "Ой-ой, кажется, она вот-вот проснётся",
      "Лучше не задерживаться...",
      "Пора возвращаться."
    ],
    "15": [
      "А? ",
      "Почему Сестра выглядит немного иначе, чем обычно?"
    ],
    "16": [
      "\"...Сестра?\""
    ],
    "17": [
      "Это просто Сестра, как обычно.",
      "Похоже, это был всего лишь сон..."
    ]
  },
  "8": {
    "0": [
      "\"—Ahh, it's the familiar ceiling this time.\""
    ],
    "1": [
      "Looks like I was unconscious for a while,",
      "but now I actually feel refreshed...",
      "The wounds I had earlier seem to be healing too..."
    ],
    "2": [
      "\"But in that dream just now—     \\w[60]\\^"
    ],
    "3": [
      "\\nl< >\"\\str[121]!!!\""
    ],
    "4": [
      "\\nl< >\"Uuuu… thank goodness...",
      "I thought you'd never open your eyes again…\""
    ],
    "5": [
      "\\str[120] suddenly threw herself at me, crying her eyes out,",
      "looks like she’s blaming herself for everything that happened..."
    ],
    "6": [
      "\"Sorry for making you worry… but I’m fine now, really.\""
    ],
    "7": [
      "\\nl< >\"\\str[121], it must’ve been because you ate what I made earlier—\""
    ],
    "8": [
      "\"Look, I’m perfectly healthy now!\""
    ],
    "9": [
      "To keep her from worrying, I jumped up from bed right away,",
      "and showed off a few backflips on the spot."
    ],
    "10": [
      "\\nl< >\"Geez…! You just woke up,",
      "don’t do dangerous stuff like that!\""
    ],
    "11": [
      "\"Seriously, that’s amazing! My wounds are healed,",
      "it must be because your feelings reached me!\""
    ],
    "12": [
      "\\nl< >\"…If that’s true, then I’m really glad.",
      "Maybe I really can help you from now on.\""
    ],
    "13": [
      "\\nl< >\"I actually practiced in secret for a long time.",
      "But… I was always afraid you wouldn’t like the taste…\""
    ],
    "14": [
      "\\nl< >\"Then it’s all good now.",
      "If \\str[121] likes it, I’ll keep doing my best!\""
    ],
    "15": [
      "Eh…!? She’s going to cook again...? ",
      "That’s kinda worrying..."
    ]
  },
  "10": {
    "0": [
      "itadakimasu——"
    ],
    "1": [
      "Puhah—"
    ],
    "2": [
      "Ehehe..."
    ],
    "3": [
      "My \\str[120], fresh out of the bath, ",
      "downed an entire bottle of milk in one go..."
    ]
  },
  "13": {
    "0": [
      "…\\str[121]?",
      "Hm? What's up?"
    ],
    "1": [
      "\\nl< >\"You're so careless, \\str[121]!",
      "Caught peeking again!\""
    ],
    "2": [
      "\\nl< >\"...\\str[121], you perv.\""
    ],
    "3": [
      "\\nl< >\"\\str[121], where are you staring at?\""
    ],
    "4": [
      "\\nl< >\"Drying my hair is tiring... ",
      "\\str[121], give me a hand~\""
    ],
    "5": [
      "\\nl< >\"What's wrong, \\str[121]?\""
    ],
    "6": [
      "Watching my \\str[120] idly drying her hair got me thinking... \\w[60]",
      "Alright! Let me help her dry it!"
    ],
    "7": [
      "\\nl< >\"...\\str[121]?\""
    ],
    "8": [
      "\"Let me dry it for you. ",
      "Must be tiring doing it all by yourself, right?\""
    ],
    "9": [
      "I leaned forward, holding the dryer in one hand, ",
      "and gently lifted a strand of her hair with the other.",
      "Even though she'd already toweled it off, ",
      "the dampness was still clearly felt between my fingers."
    ],
    "10": [
      "\"Alright, lower your head. Time to dry!\""
    ],
    "11": [
      "\\nl< >\"Mm〜\""
    ],
    "12": [
      "I turned on the dryer and carefully blew warm air ",
      "into my hand."
    ],
    "13": [
      "With her head down, she quietly fiddled with her fingers,",
      "I couldn’t see her expression from this angle, ",
      "but it felt like she wanted to say something—"
    ],
    "14": [
      "How long has it been since we spent time like ",
      "this together so peacefully?",
      "For some reason, my memories began to blur."
    ],
    "15": [
      "\"Your hair's gotten so long.",
      "I remember it wasn’t this long when you were little...\""
    ],
    "16": [
      "\\nl< >\"Hmm... Do you prefer short hair, \\str[121]?\""
    ],
    "17": [
      "\"Length, huh... I still really like long hair.",
      "It would be a waste not to treasure such beautiful hair.\""
    ],
    "18": [
      "After all,it's proof of how carefully you've cared for it ",
      "and how healthy you've grown since you were little."
    ],
    "19": [
      "\\nl< >\"Hehe... \\str[121] praised me...\""
    ],
    "20": [
      "As we chatted, her hair gradually became nice and dry."
    ],
    "21": [
      "\\nl< >\"\\str[121]... ",
      "are you heading back out to explore tomorrow?\""
    ],
    "22": [
      "\"—What's wrong?\""
    ],
    "23": [
      "She looked a bit bashful,",
      "but I couldn’t make out her face from this angle.",
      "All I could see were the full curves tightly wrapped in her towel,",
      "making it hard to know where to rest my eyes."
    ],
    "24": [
      "Her sudden question made me lose focus for a second,",
      "and my right hand holding the dryer shifted slightly ",
      "to the side, then—"
    ],
    "25": [
      "\"………!?\""
    ],
    "26": [
      "The strong airflow from the dryer blew the strap of her pajamas,",
      "causing it to swiftly slide off her shoulder."
    ],
    "27": [
      "\\nl< >\"The game updated, and there's new content we can play together   \\w[90]",
      "So tomorrow... I want to play with you, \\str[121]...\""
    ],
    "28": [
      "\\nl< >\"Would that bother you...?\""
    ],
    "29": [
      "Her coy, affectionate expression was irresistibly adorable,",
      "and I couldn’t help but smile."
    ],
    "30": [
      "\"Sure, I’ll come back early tomorrow. Let’s play together then.\""
    ],
    "31": [
      "She seemed to be saying something really important,",
      "but my attention was completely stolen by that pinkish hue,",
      "and I didn’t catch a word of what she said."
    ],
    "32": [
      "\"Bothersome... yeah, I guess you could say that...\""
    ],
    "33": [
      "I stared hard at the glimpse of skin she accidentally revealed,",
      "and yeah, \\str[121] really is troubled right now."
    ],
    "34": [
      "\\nl< >\"I see...\""
    ],
    "35": [
      "\"—!!!\""
    ],
    "36": [
      "Hearing the sadness in her voice snapped me back to reality.",
      "Panicking, I quickly pretended nothing happened, ",
      "gently fixing her clothes while speaking softly to reassure her."
    ],
    "37": [
      "\"You want to play together...? That sounds great!",
      "Let’s do that tomorrow! I’ll be home early!\""
    ],
    "38": [
      "\\nl< >\"Really? It’s a promise then!\""
    ],
    "39": [
      "\"...It’s a promise!\""
    ],
    "40": [
      "As she smiled happily at our new promise,",
      "her hair had just finished drying."
    ],
    "41": [
      "She didn’t seem to notice the little accident just now,",
      "just purely happy about our new promise.",
      "At that moment, her hair had just dried completely."
    ],
    "42": [
      "\\nl< >\"It’s all fluffy now...!     \\w[45]",
      "Thanks, \\str[121]~!\""
    ],
    "43": [
      "\"That’s great!\""
    ],
    "44": [
      "\"That’s great!     \\w[60]\\}",
      "Ah~ I’m tired...\""
    ],
    "45": [
      "As I carefully adjusted the angle of the dryer and ",
      "gently combed through her hair,",
      "my \\str[120] quietly cooperated, and though we said nothing, ",
      "we both enjoyed this peaceful moment together."
    ],
    "46": [
      "But due to the angle,",
      "just glancing down revealed the full outline of her ample chest,",
      "and the deep cleavage that looked like it could swallow my hand."
    ],
    "47": [
      "W-What do I do... I really want to see inside!     \\w[45]",
      "I couldn't stop my wild thoughts, trying to ",
      "suppress the urge to reach out, when suddenly, ",
      "I had a flash of genius—an idea that felt clever enough to work!"
    ],
    "48": [
      "Now that I think about it, I’m holding the dryer!",
      "Could I maybe use the wind to make a miracle happen!?"
    ],
    "49": [
      "Let’s try it!",
      "Maybe not..."
    ],
    "50": [
      "Alright, here goes!",
      "Acting casual, I subtly adjusted the dryer’s direction,",
      "and aimed the hot air straight at her chest—"
    ],
    "51": [
      "Come on wind, make a miracle happen!"
    ],
    "52": [
      "But no miracle happened..."
    ],
    "53": [
      "Her tightly wrapped towel stood firm against the strong gusts,",
      "showing no signs of slipping loose!"
    ],
    "54": [
      "\\nl< >\"Huh? \\str[121]... the dryer's off angle.\""
    ],
    "55": [
      "\"Ah, sorry.\""
    ],
    "56": [
      "Luckily, she didn’t notice anything unusual,",
      "so I resigned myself and kept drying her hair with a bit of regret."
    ],
    "57": [
      "\\{A miracle happened!"
    ],
    "58": [
      "The gust of air managed to push open her collar, ",
      "revealing a little pink cherry inside."
    ],
    "59": [
      "She didn’t seem to notice what had happened,",
      "so I casually fixed her strap and continued drying, completely satisfied."
    ],
    "60": [
      "I'm drying her hair right now—no more weird thoughts!"
    ],
    "61": [
      "This view alone is already pretty great.",
      "I convinced myself and silently focused on the task at hand."
    ],
    "62": [
      "\"Alright, all dry!\""
    ],
    "63": [
      "Hit by the powerful gust,",
      "the towel wrapped around her body was suddenly blown away—"
    ],
    "64": [
      "\\nl< >\"Eh...?!\""
    ],
    "65": [
      "But the sudden loss of the towel immediately caught her attention."
    ],
    "66": [
      "\\nl< >\\{\"Uwaah, my towel fell...!\""
    ],
    "67": [
      "\\nl< >\"...That was your doing, wasn't it, \\str[121]?\""
    ],
    "68": [
      "\"Ah, how should I put it...   \\w[45]",
      "The wind today... was quite rowdy.\""
    ],
    "69": [
      "Crap, even I feel embarrassed after saying that..."
    ],
    "70": [
      "Though there were a few hiccups, ",
      "in the end, I still helped her dry her hair!"
    ]
  },
  "15": {
    "0": [
      "Мне немного скучно... Во что бы нам поиграть?"
    ],
    "1": [
      "\\{\\nl< >\"Давай поиграем!\"\\w[30]"
    ],
    "2": [
      "...Разве я недавно не принимала ванну?"
    ],
    "3": [
      "Ммм... Думаю, пора принять ванну."
    ],
    "4": [
      "Пригласить Сестру",
      "Пойти одному"
    ],
    "5": [
      "Это редкая возможность, ",
      "может, стоит пригласить ",
      "Сестру вместе искупаться..."
    ],
    "6": [
      "\\nl< >\"Ты собираешься купаться, ",
      "Братик? До встречи~\""
    ],
    "7": [
      "\\nl< >\"Хаа... хаа——— \\w[180]\\^\""
    ],
    "8": [
      "\\nl< >\"ах, Братик...\""
    ],
    "9": [
      "\\nl< >\"Так сонно.\\w[45].\\w[45].\\w[45]Братик, что-то не так?\""
    ],
    "10": [
      "\\nl< >\\{\"Братик!!!\"\\}"
    ],
    "11": [
      "\\nl< >\"Что случилось, Братик?\""
    ],
    "12": [
      "\\nl< >\"...Братик?\""
    ],
    "13": [
      "\\nl< >\\{\"Глупый, Братик! \\w[60]",
      "Я больше не разговариваю с тобой!\""
    ],
    "14": [
      "\\nl< >\"Эй, Братик?\\w[60]",
      "Можешь не разговаривать со мной сейчас?\""
    ],
    "15": [
      "Ненавязчиво погладил Сестру по голове."
    ],
    "16": [
      "Энергично погладил Сестру по голове."
    ],
    "17": [
      "Волосы Сестры были такими мягкими и пушистыми,",
      "что я не удержался и нежно, ",
      "ласково провел ладонью по её голове."
    ],
    "18": [
      "Это особое право Братика!",
      "Я нежно погладил Сестру по голове."
    ],
    "19": [
      "Сестра — лучшая, хочется гладить её снова и снова!",
      "Я тепло и с радостью погладил её по голове."
    ],
    "20": [
      "\\nl< >\"……Huh?  \\w[30]",
      "\\str[121], it says 'ZAKO' on your head~!\""
    ]
  },
  "18": {
    "0": [
      "Поболтать",
      "Физический контакт",
      "Заняться чем-нибудь",
      "Принять ванну",
      "Хочется спать..."
    ],
    "1": [
      "\\nl< >\"Пожалуй, пора высушить волосы~\""
    ],
    "2": [
      "Попить что-нибудь",
      "Поиграть во что-нибудь"
    ],
    "3": [
      "\\nl< >\"Мои волосы ещё не высохли. Давай попозже попьем.\""
    ],
    "4": [
      "\\nl< >\"Мои волосы ещё не высохли. Давай поиграем позже.\""
    ],
    "5": [
      "\\nl< >\"Руки Братика слишком непослушные, значит — нет!\""
    ],
    "6": [
      "\\nl< >\"Ah—!      \\w[40]",
      "It's already so late—!   \\w[60]",
      "I missed the episode—!\""
    ],
    "7": [
      "\\nl< >\"But luckily I recorded it in advance—fully prepared!\""
    ],
    "8": [
      "\\nl< >\"Ah—!      \\w[40]",
      "It's already so late—!   \\w[60]",
      "I didn’t make it in time for the show!\""
    ],
    "9": [
      ""
    ],
    "10": [
      "\\nl< >\"Ah—!    \\w[40]",
      "It’s time for the new anime to start—!\""
    ],
    "11": [
      "\\nl< >\"I'm going to watch anime now~! ",
      "\\str[121], wanna come too?\""
    ],
    "12": [
      "Hm? Anime…?",
      "Is it that TV show \\str[120] likes?"
    ],
    "13": [
      "Ah, sure. Let’s watch it together."
    ],
    "14": [
      "\\nl< >\\{\"Then I’ll head over first—!\""
    ],
    "15": [
      "…It’s rare to see her this excited. ",
      "I guess I’ll go take a look too!"
    ]
  },
  "19": {
    "0": [
      "\\nl< >\"Ах... Братик...\""
    ],
    "1": [
      "О нет, недавно случилось что-то ужасно неловкое. ",
      "Мне нужно срочно извиниться.",
      "I need to apologize right away."
    ],
    "2": [
      "\\nl< >\"Братик, прости!\"  \\w[60]\\^"
    ],
    "3": [
      "\"Прост...  \\w[45]",
      "А, а?\""
    ],
    "4": [
      "Почему Сестра извиняется передо мной первой?"
    ],
    "5": [
      "\\nl< >\"Я только что слишком разволновалась,  \\w[180]",
      "и наговорила тебе кучу гадостей.  \\w[90]"
    ],
    "6": [
      "\\nl< >...Ты в порядке?\"   \\w[60]"
    ],
    "7": [
      "Какой добрый ребёнок... ",
      "Даже после того, что я натворил, ",
      "она всё равно беспокоится обо мне."
    ],
    "8": [
      "\\nl< >\"Если спокойно подумать, может быть    \\w[120]",
      "у Братика в последнее время много стресса.   \\w[160]",
      "Ты ведь каждый день сражаешься, ",
      "это должно быть очень тяжело для тебя.\""
    ],
    "9": [
      "\\nl< >\"Так вот, подумав хорошенько...  \\w[360]\\^"
    ],
    "10": [
      "Сестра, похоже, отчаянно пытается ",
      "что-то мне сказать — Какая же она милая...",
      "Братик сейчас расплачется, знаешь?"
    ],
    "11": [
      "\\nl< >\\{\"Это единственный способ, ",
      "как я могу тебе отблагодарить!\"   \\w[240]\\^"
    ],
    "12": [
      "\\nl< >\"Вот! Держи—!  \\w[60]",
      "Я и не знала, что тебе такое нравится,     \\w[60]",
      "Братик!\""
    ],
    "13": [
      "\\{Я получил\\ia[\\v[84]]!  \\w[60]"
    ],
    "14": [
      "Это трусики——        \\w[60]",
      "ещё тёплые от тела.  \\w[60]",
      "Только не говори мне—!"
    ],
    "15": [
      "\\nl< >\"Братик же всё-таки мальчик,     \\w[150]",
      "Угу, угу… Наверное, это нормально… всё в порядке…\""
    ],
    "16": [
      "Холодный пот катился по моему лбу...",
      "Нет, если это продолжится—"
    ],
    "17": [
      "\\nl< >\"Вот именно.",
      "Братик, ты всегда был рядом со мной.  \\w[300]",
      "\\{Спасибо! И спокойной ночи—!     \\}\"\\w[120]\\^"
    ],
    "18": [
      "…………",
      "…………"
    ],
    "19": [
      "\"Нет—! Это не так!\""
    ],
    "20": [
      "\"Я не этого хотел—погоди, нет!\""
    ],
    "21": [
      "\"Я вообще ни о чём странном не думал—!\""
    ],
    "22": [
      "\\nl< >\"Не-е-е—! У тебя такое страшное лицо,",
      "Братик! Не подходи ко мне!!\""
    ],
    "23": [
      "\"Позволь объяснить—!",
      "Это не то, что ты подумала—\""
    ],
    "24": [
      "\\nl< >\"Лицо Братика стало ещё страшнее—\""
    ],
    "25": [
      "\"Пожалуйста, не ненавидь меня——\""
    ],
    "26": [
      "\\nl< >\"Братик — самый ужасный… Я тебя ненавижу…!\""
    ],
    "27": [
      "\\{\"Угх...!\""
    ],
    "28": [
      "Сестра закричала, как будто увидела таракана, ",
      "и я перестал пытаться думать."
    ]
  },
  "20": {
    "0": [
      "「————ge」    \\w[60]\\^"
    ],
    "1": [
      "「————哥哥」    \\w[60]\\^"
    ],
    "2": [
      "好像在被谁呼唤着。"
    ],
    "3": [
      "\\nl< >「哥哥没事吧？脸色看起来很糟糕哦？」 ",
      "You look really pale.\" "
    ],
    "4": [
      "「——是妹妹吗？」 "
    ],
    "5": [
      "我是在这里打盹了吗、 ",
      "头脑昏昏沉沉的，什么也想不起来…"
    ],
    "6": [
      "\\nl< >「还没睡醒吗？呐ー」  \\w[90]\\^"
    ],
    "7": [
      "抱住妹妹",
      "「已经醒了。」"
    ],
    "8": [
      "少女那张可爱的脸就在眼前，",
      "我下意识地伸出手，把她紧紧抱住。",
      "I reached out and pulled her into a hug."
    ],
    "9": [
      "嗯嗯……软软的，味道也好香——",
      "鼻子里全是那种像橘子一样的甜香味。",
      "啊……感觉困意又涌上来了……"
    ],
    "10": [
      "\\nl< >「真是的、哥哥又睡过去了！」"
    ],
    "11": [
      "是错觉吗？总感觉……",
      "眼前的妹妹，跟记忆里的样子比，好像长大了不少。"
    ],
    "12": [
      "我不由自主地伸出手，在她身上轻轻摸索——",
      "很快就碰到了某个软软的地方。"
    ],
    "13": [
      "\\nl< >「呀啊ー！哥哥！？」"
    ],
    "14": [
      "「嗯————果然感觉变得更大了啊——」"
    ],
    "15": [
      "\\nl< >「才没有变大呢……  \\w[60]",
      "话说哥哥、你在摸什么地方呀！」"
    ],
    "16": [
      "\\{「咕……！」"
    ],
    "17": [
      "感觉被什么沉重的东西砸中了头、",
      "一瞬间眼前感觉变得天旋地转起来。"
    ],
    "18": [
      "\\nl< >「已经清醒过来了吗？」"
    ],
    "19": [
      "「多亏了您这一拳、现在已经完全清醒了。」"
    ],
    "20": [
      "\\nl< >「那么、知道现在是什么情况吗？」"
    ],
    "21": [
      "「知道、刚刚摸到了妹妹的屁股、",
      "手感非常不错————」  \\w[60]\\^"
    ],
    "22": [
      "\\nl< >\\{「才没有在问摸的感想！",
      "哥哥大笨蛋！」"
    ],
    "23": [
      "哎呀，好像有点捉弄过头了。",
      "不过刚才被那么来了一下，确实完全清醒过来了。"
    ],
    "24": [
      "而且……刚才好像做了个特别重要的梦，",
      "但现在怎么都想不起来了——"
    ],
    "25": [
      "算了，就先这样吧，迟早会想起来的。",
      "眼下还是得先哄哄妹妹才行。"
    ],
    "26": [
      "\\nl< >「太好了。做噩梦了？看起来很难受的样子呢。」",
      "You looked really distressed.\""
    ],
    "27": [
      "噩梦吗……确实感觉刚才做了个不得了的梦。",
      "现在这阵隐隐作痛的头疼，就跟宿醉一样难受，",
      "眼角也还残留着点泪痕……"
    ],
    "28": [
      "身体这种说不清的异样感，好像自己真的经历了什么似的，",
      "一点点在印证那个梦的痕迹……",
      "and it’s slowly confirming the traces of that dream..."
    ],
    "29": [
      "\\nl< >「哦〜都梦见了什么呢？」"
    ],
    "30": [
      "是啊、我到底梦见了什么？"
    ],
    "31": [
      "和父亲最后一次见面",
      "梦见了小时候",
      "梦见了妹妹",
      "梦见了牛排",
      "什么也想不起来…"
    ],
    "32": [
      "\\nl< >「小时候的哥哥吗？",
      "好想见一见还是小孩子的哥哥呀~」"
    ],
    "33": [
      "\\nl< >「拿着木剑到处奔跑、  \\w[60]",
      "大声喊着『将来我要成为勇者！』的那个样子  \\w[90]",
      "肯定超级可爱的呀！」"
    ],
    "34": [
      "不不不、那是谁的可爱黑历史啊。",
      "现在让我看到那副场景、",
      "可是会一边哭一边挖个洞躲起来哦？"
    ],
    "35": [
      "「啊、不过说起这个、",
      "仓库里好像确实放着以前父亲用过的装备。",
      "以前父亲好像是当过一阵子冒险者的……」"
    ],
    "36": [
      "「父亲大人还做过这种事情吗？」"
    ],
    "37": [
      "「那个男人年轻时可是做过不少笨蛋一样的事情啊——  \\w[60]",
      "好、机会难得、去找找看吧！」"
    ],
    "38": [
      "这里是父亲曾经进行各种炼金术研究的房间，",
      "但现在也已经和荒废了没什么区别……"
    ],
    "39": [
      "「嘿咻！」"
    ],
    "40": [
      "在已经不再使用的地下室里。",
      "我环顾着四周，寻找有用的东西。"
    ],
    "41": [
      "「嗯……\\w[30]哦？\\w[30]哦哦！？ \\w[30]",
      "噢噢噢噢噢ー！\\w[30]",
      "这是——————！」"
    ],
    "42": [
      "「这是父亲以前用过的装备啊！",
      "好耶、看起来真帅啊！」"
    ],
    "43": [
      "\\nl< >「啊、嗯……  \\w[60]",
      "哥哥开心就好呢…」"
    ],
    "44": [
      "「看啊、吾妹哟、只要有了这个、",
      "就算是在深渊里哥哥也能畅通无阻了！」"
    ],
    "45": [
      "\\nl< >(哥哥……看起来像小孩子一样兴奋呢……)",
      "he looks as excited as a little kid...)"
    ],
    "46": [
      "我兴奋地挥舞着还沾满灰尘的装备、",
      "不过妹妹看起来并没有什么兴趣的样子啊。"
    ],
    "47": [
      "哎呀、没想到真能找到宝贝……",
      "不过说起来我是不是忘记了什么重要的事情啊。"
    ],
    "48": [
      "算了、记不清了也就那样了。",
      "好想赶紧明天快点用上新装备啊！"
    ],
    "49": [
      "Since I couldn’t remember what happened in the dream,",
      "I just made something up."
    ],
    "50": [
      "\\nl< >\"Ahhh—no fair! Steak buffet!",
      "I want some too!\""
    ],
    "51": [
      "Ah, right—\\str[120]’s a total meat lover.",
      "All-you-can-eat steak must sound amazing to her."
    ],
    "52": [
      "\"Then next time I’ll bring back more meat,",
      "and we’ll have a big BBQ party together, okay?\""
    ],
    "53": [
      "\\nl< >\"Yay! \\str[121], you’re the best!\""
    ],
    "54": [
      "\\nl< >\"Filet~♪ Sirloin~♪    \\w[90]",
      "Chateaubriand~♪ T-bone and Ribeye~♪\"   \\w[90]"
    ],
    "55": [
      "\\str[120] looked so happy, ",
      "she started singing a weird and off-key song.",
      "Oh well, as long as she’s happy...",
      "I just hope we can actually make that promise happen soon..."
    ],
    "56": [
      "\\nl< >\"\\str[121]... are you really okay?  \\w[60]",
      "You’re starting to forget things like an old man, you know?\""
    ],
    "57": [
      "Yeah... why is that?",
      "It feels like something invisible is keeping me from remembering."
    ],
    "58": [
      "Hmm... whatever.",
      "I’ll remember it eventually.",
      "No need to stress over it now."
    ]
  },
  "23": {
    "0": [
      "\\nl< >\"Нет! Ни за что, я не пойду купаться с тобой!\""
    ],
    "1": [
      "Полный отказ от Сестры.",
      "Довольно больно слышать это…"
    ],
    "2": [
      "\\nl< >\"Эээ… купаться с Братиком?\\w[120]",
      "Я уже не маленькая, знаешь ли…\""
    ],
    "3": [
      "Сестра отказала.",
      "Ну, это, наверное, естественно…"
    ],
    "4": [
      "\\nl< >\"Ура, в ванну~!\""
    ],
    "5": [
      "\\nl< >\"Ура, время купаться~\""
    ],
    "6": [
      "\\nl< >\"...Ладно ♥\""
    ],
    "7": [
      "\\nl< >\"Хмм…\\w[80]Если Братик так сильно хочет…\\w[90]",
      "пойдём купаться вместе…\""
    ],
    "8": [
      "\\nl< >\"Нет! Ни за что, я не пойду купаться с тобой!\""
    ],
    "9": [
      "Полный отказ от Сестры.",
      "Довольно больно слышать это…"
    ],
    "10": [
      "\\nl< >\"Угх… Братик, ",
      "ты ведёшь себя как маленький ребёнок…\"\\w[150]"
    ],
    "11": [
      "\\nl< >\"Ну блин… Братик, ты такой упрямый…",
      "Ладно, пойду…\""
    ],
    "12": [
      "Уговаривал-уговаривал и наконец уговорил Сестру…!"
    ],
    "13": [
      "\\nl< >\\{\"Ни——за——что!!\\w[90]",
      "Это же Братик, ты точно ",
      "о чём-то извращённом думаешь!\"\\}"
    ],
    "14": [
      "Угххх… Сестра устроила жёсткий разнос…"
    ],
    "15": [
      "Умолять",
      "Забыть"
    ],
    "16": [
      "...Разве я не мылась совсем недавно?"
    ],
    "17": [
      "Ммм... Похоже, пора принимать ванну."
    ],
    "18": [
      "Позвать Сестру",
      "Пойти одному"
    ],
    "19": [
      "Такой шанс выпадает редко, ",
      "может стоит пригласить ",
      "Сестру пойти купаться вместе..."
    ],
    "20": [
      "\\nl< >\"Ты идёшь в ванну, ",
      "Братик? Ну, до встречи~\""
    ]
  },
  "24": {
    "0": [
      "\\nl< >\"It's bedtime now.",
      "You should get some rest too, \\str[121]...\""
    ],
    "1": [
      "\\nl< >\"It’s fine, it’s fine! ",
      "I was just about to sleep too!\""
    ],
    "2": [
      "Go to sleep",
      "Wait a bit"
    ],
    "3": [
      "Hmm, still got a few things I want to do."
    ],
    "4": [
      "\\nl< >\"Yeah, it’s about time to rest.   \\w[120]",
      "Good night, \\str[121].\""
    ],
    "5": [
      "\\nl< >\"You worked hard today too, \\str[121].         \\w[120]",
      "Good night...\""
    ],
    "6": [
      "\\nl< >\"Lately you’ve been going to bed so early, \\str[121]...     \\w[150]",
      "It feels a little lonely...\""
    ],
    "7": [
      "\\nl< >\"You're going to bed early... Are you okay, \\str[121]?    \\w[120]",
      "Feeling tired today?\""
    ],
    "8": [
      "\\nl< >\"I see... get a good rest then.       \\w[120]",
      "Good night, \\str[121].\""
    ]
  },
  "25": {
    "0": [
      "",
      "Spoil \\str[120]",
      "Adventure Talk",
      "Chit-chat"
    ],
    "1": [
      "Chatted casually with \\str[120] about random things."
    ],
    "2": [
      "\"I’ve got a new recipe idea today!\"",
      "\"Your hair’s gotten longer.\"",
      "\"I wonder what the weather will be like tomorrow…\"",
      "\"This game, huh…\"",
      "\"I’ve heard about it before…\""
    ],
    "3": [
      "Leave it to me!            \\w[30]",
      "Brushy brushy—\\w[30]brushy brushy—\\w[30]brushy brushy—\\w[30]",
      "I carefully brushed \\str[120]’s hair."
    ],
    "4": [
      "\"You’re even cuter than yesterday!\"",
      "I gave \\str[120] some very enthusiastic praise."
    ],
    "5": [
      "\"Good girl, good girl, good girl—!\"",
      "I patted \\str[120]’s head over and over."
    ],
    "6": [
      "\"In the depths of the dungeon—\"",
      "I chatted with \\str[120] about adventures in the Abyss."
    ],
    "7": [
      "\"There are actually tons of items with magical effects—\"",
      "I talked with \\str[120] about magic items."
    ],
    "8": [
      "\"Yesterday, I found—\"",
      "I shared a recent story from one of my adventures."
    ],
    "9": [
      "\"You know, adventurers always gather at the tavern ",
      "to celebrate their victories…\"",
      "I talked with \\str[120] about the daily life of adventurers."
    ],
    "10": [
      "\"Did you know? There are mushrooms that can actually run!\"",
      "I told \\str[120] about strange monsters I encountered in the Abyss."
    ]
  },
  "29": {
    "0": [
      "\\nl< >\"\\str[121]… don’t bring up weird stuff right now…\""
    ],
    "1": [
      "\\str[120] mumbled with embarrassment,",
      "but the hazy look in her eyes seemed to suggest something else…"
    ],
    "2": [
      "\\nl< >\"That’s interesting~\""
    ],
    "3": [
      "\\str[120] listened with interest—nice!"
    ],
    "4": [
      "\\nl< >\"Huh~ I see.\""
    ],
    "5": [
      "\\nl< >\"Ah, yeah… I guess so.\""
    ],
    "6": [
      "\\str[120] looked a little bored… ",
      "maybe the topic wasn’t interesting enough?"
    ],
    "7": [
      "\\nl< >\"That’s a pretty deep topic.\""
    ],
    "8": [
      "\\nl< >\"Um… \\str[121], let’s not talk about that anymore…\""
    ],
    "9": [
      "\\str[120] doesn’t seem to like that topic—better ",
      "be careful next time..."
    ],
    "10": [
      "\\nl< >\"\\str[121]… sorry, but please stop...\""
    ],
    "11": [
      "Looks like \\str[120]’s getting a little upset…"
    ],
    "12": [
      "\\nl< >\"Hmm… I see…\""
    ],
    "13": [
      "\\str[120] listened absentmindedly, as if she was enduring something."
    ],
    "14": [
      "\\nl< >\"—Onii-chaaaan~!\""
    ],
    "15": [
      "Cheered \\str[120] up!"
    ],
    "16": [
      "\\nl< >\"Thanks for today, \\str[121].\""
    ],
    "17": [
      "\\str[120]’s mood seems to have improved."
    ],
    "18": [
      "\\nl< >\"Mm…\""
    ],
    "19": [
      "\\str[120]’s reaction seems a little off…"
    ],
    "20": [
      "\\nl< >\"\\str[121]… that’s enough already…\""
    ],
    "21": [
      "\\str[120]’s reaction wasn’t very good."
    ],
    "22": [
      "\\nl< >\"You’re being annoying, \\str[121]!\""
    ],
    "23": [
      "Got on \\str[120]’s bad side…"
    ],
    "24": [
      "\\nl< >\"\\str[121], you big dummy! Stop it already!\""
    ],
    "25": [
      "I was strongly rejected by \\str[120]…"
    ],
    "26": [
      "\\nl< >\"...I feel a little embarrassed.\""
    ],
    "27": [
      "\\nl< >\"Geez, \\str[121]... you're teasing me again.\""
    ],
    "28": [
      "\\str[120] looked a little flustered."
    ]
  },
  "30": {
    "0": [
      "Mmm…not now…don’t touch…"
    ],
    "1": [
      "\\nl< >\"Jeez, don’t touch me when my hair’s still wet…\"",
      "\\w[180]\\^"
    ],
    "2": [
      "My hair got all messy again...",
      "Hmm... what a strange feeling..",
      "Ehehe...",
      "Your hand’s so warm, \\str[121]…",
      null,
      "\\str[121]…",
      null,
      "Meow..."
    ],
    "3": [
      "\\nl< >\\{\"Geez— \\str[121],",
      "you went too far with the touching!\"",
      "\\w[150]\\^"
    ]
  },
  "34": {
    "0": [
      "\\{\"Look!                       \\w[40]\\}",
      "This is the latest model of——          \\^"
    ],
    "1": [
      "\\nl< >\\{\"Oooooh——! It's the JoyStation V!\"",
      "\\w[120]\\^"
    ],
    "2": [
      "\"That’s right! It’s the JoyStation V——     \\w[30]",
      "…Huh?        \\w[30]",
      "You already knew?\""
    ],
    "3": [
      "\\nl< >\"What are you talking about, \\str[121]! ",
      "As an industry insider, of course I have to know this kind of stuff!\""
    ],
    "4": [
      "\"Eh… industry insider?\""
    ],
    "5": [
      "Damn… I went out of my way to strike",
      "a cool pose while pulling out the gift,",
      "but it totally ruined the surprise…"
    ],
    "6": [
      "\\nl< >\"And it already has the full version of Shadow Soul installed,",
      "this is awesome!\""
    ],
    "7": [
      "\\nl< >\"I’m so happy! ",
      "You’re the best, \\str[121]! I love you!\""
    ],
    "8": [
      "Oh well, I guess it turned out to be a surprise after all—",
      "since \\str[120]’s this happy."
    ],
    "9": [
      "\\nl< >\"\\str[121], don’t just stand there!",
      "Come play with me!\""
    ],
    "10": [
      "\"Oh, let’s play together!\""
    ],
    "11": [
      "And so the two of us pulled an all-nighter gaming",
      "completely forgetting about dinner."
    ],
    "12": [
      "\\c[2]\\{",
      "Now I can play games with \\str[120] from now on!",
      "\\w[120]"
    ],
    "13": [
      "Hm...? The console’s still on?",
      "Did I forget to power it off?"
    ],
    "14": [
      "\"Ah——\""
    ],
    "15": [
      "In the faint light, I can see \\str[120] playing a game."
    ],
    "16": [
      "\\nl< >\"Ah——\""
    ],
    "17": [
      "Looks like she noticed I was coming too."
    ],
    "18": [
      "\\nl< >\"Awaaahhhwahhhwahhhh—!\""
    ],
    "19": [
      "\\str[120] quickly jumped back onto the bed ",
      "and buried her face in the pillow, completely still.",
      "Looks like she’s fully committed to pretending she’s asleep…"
    ],
    "20": [
      "Looking closely, I can see her body still trembling slightly.",
      "What should I do… kinda tempted to tease her a little—"
    ],
    "21": [
      "Pat Her Butt"
    ],
    "22": [
      "Looking at her plump, round butt snug in those fluffy shorts,",
      "I couldn’t resist reaching out and giving it a gentle pat."
    ],
    "23": [
      "\\nl< >\"Sleeping... sleeping...\""
    ],
    "24": [
      "\\nl< >\"Guuuuhhhmmmmm...\""
    ],
    "25": [
      "\\nl< >\"Can’t see me— \\str[121] can’t see me…\""
    ],
    "26": [
      "...Never mind. As funny as her reaction was,",
      "she’s starting to look kinda pitiful. ",
      "I should stop teasing her."
    ],
    "27": [
      "\"Sleep tight, okay?\""
    ],
    "28": [
      "I gave her one last head pat, then headed back to bed myself."
    ]
  },
  "39": {
    "0": [
      "\\{\"Угх...!?\"\\w[60]"
    ],
    "1": [
      "\"Ж-живот внезапно ужасно заболел...\""
    ],
    "2": [
      "\\nl< >\"Братик? Что случилось?\\w[40]",
      "Кажется, я услышала странный звук из твоего живота——\""
    ],
    "3": [
      "\\{\"Увоооооаах——!?\"\\w[60]"
    ],
    "4": [
      "Я почувствовал сильную боль в животе.",
      "А? Неужели я съел что-то не то?"
    ],
    "5": [
      "Я инстинктивно начал переживать за Сестру,",
      "но когда посмотрел на неё, ",
      "её лицо было совершенно спокойным.",
      "Хотя мы ели одно и то же..."
    ],
    "6": [
      "Ну, хоть она не страдает от того же... ",
      "Ведь в доме только один туалет —",
      "  ",
      "если бы и её прихватило, ",
      "это обернулось бы немыслимой катастрофой...",
      "this situation could turn into ",
      "an unimaginable disaster..."
    ],
    "7": [
      "\"П-прости, ",
      "Братику очень срочно нужно в туалет...\""
    ],
    "8": [
      "\\nl< >\"...Эээ, у тебя снова геморрой обострился?\""
    ],
    "9": [
      "\\nl< >\"Живот болит? Бедный Братик...\"",
      "Poor \\str[121]...\""
    ]
  },
  "41": {
    "0": [
      "\\str[120] got upset after losing the game,",
      "and now she's curled up in her blanket, not moving an inch."
    ],
    "1": [
      "Uh-oh… ",
      "looks like I went too far teasing her."
    ],
    "2": [
      "I have to cheer her up somehow…"
    ],
    "3": [
      "Cheer Her Up",
      "Pat Her Butt",
      "Comfort Her"
    ],
    "4": [
      "I gently patted her back while speaking softly,",
      "carefully trying to make her smile."
    ],
    "5": [
      "I brought her favorite strawberry milk,",
      "sat beside her and quietly watched for any ",
      "sign of improvement."
    ],
    "6": [
      "I gently reached out and gave my \\str[120]'s pouty little butt—",
      "sticking out from under the blanket in protest—a soft touch, ",
      "hoping to get her attention."
    ],
    "7": [
      "I placed her bunny plush next to her,",
      "pretending it was talking to make her laugh."
    ],
    "8": [
      "\\nl< >\"Enough already… I forgive you, \\str[121]…\""
    ],
    "9": [
      "\\nl< >\"Don’t forget the promise you made to me.\""
    ],
    "10": [
      "She still looked a bit sulky,",
      "but at least she peeked her head out from under the blanket."
    ],
    "11": [
      "\\nl< >\"\\str[121], you're a bully…\""
    ],
    "12": [
      "\\nl< >\"I don’t want to talk to you anymore…\""
    ],
    "13": [
      "She seems to have perked up a little."
    ],
    "14": [
      "\\nl< >\"\\str[121] is such a meanie…\""
    ],
    "15": [
      "\\nl< >\"\\str[121]... you're so mean...\""
    ],
    "16": [
      "She still looked a little gloomy."
    ],
    "17": [
      "\\nl< >\"I hate you… \\str[121]…\""
    ],
    "18": [
      "She still seemed really down."
    ],
    "19": [
      "\\nl< >\"Then… \\str[121]…     \\w[60]",
      "Can I make a request?\""
    ],
    "20": [
      "\"Yeah, \\str[121] will say yes to anything!\""
    ],
    "21": [
      "\\nl< >\"Don’t come home all beaten up tomorrow…\""
    ],
    "22": [
      "\\nl< >\"I want meat for dinner tomorrow…\""
    ],
    "23": [
      "\"Ah, yeah—it's a promise.\""
    ],
    "24": [
      "Rather than a real request,",
      "it felt more like her being adorably clingy.",
      "\\str[120] really is such a sweet, lovable girl…"
    ]
  },
  "42": {
    "0": [
      "\\nl< >\"Спааать хоочу~\\w[90]",
      "Братик, уже очень поздно... Пора спать, ладно?\""
    ],
    "1": [
      "Да уж, уже так поздно. ",
      "Может, просто лечь спать?"
    ],
    "2": [
      "Спать",
      "Подождать"
    ],
    "3": [
      "Поздно уже, пора ложиться———"
    ],
    "4": [
      "...Всё ещё хочется чуть-чуть что-то поделать.",
      "Пожалуй, продержусь ещё немного."
    ],
    "5": [
      "\\nl< >\\}\"Ммня~ззЗ\"\\{"
    ],
    "6": [
      "……",
      "……"
    ],
    "7": [
      "Нет, Сестра уже почти спит.",
      "На сегодня всё — пойдём спать."
    ],
    "8": [
      "Аккуратно поднял уже спящую Сестру ",
      "и отнёс её обратно в кровать."
    ],
    "9": [
      "Ладно, я тоже пойду спать."
    ],
    "10": [
      "\\nl< >\"Я спать! Я иду в кровать —",
      "Братик, ты мешаешь, ",
      "так что давай, уходи уже!\""
    ],
    "11": [
      "\"Но я ещё не зако—!\"\\w[60]\\^"
    ],
    "12": [
      "\\nl< >\"Уходиии~уходиии~\"\\w[60]\\^"
    ]
  },
  "44": {
    "0": [
      "Хмм... чего-то попить хочется..."
    ],
    "1": [
      "Но дома совсем нет никаких напитков..."
    ],
    "2": [
      "Хмм... чего-то попить хочется..."
    ],
    "3": [
      "Хотя, кажется, не так уж сильно хочется пить...",
      "drinking it that much anymore..."
    ],
    "4": [
      "\"Хочешь немного\\ii[\\v[90]]?\""
    ],
    "5": [
      "\\nl< >\"Да всё равно! Братик может пить, что хочет!\""
    ],
    "6": [
      "\\nl< >\"Ооо! Да, да, я буду пить!\""
    ],
    "7": [
      "\\nl< >\"Мм, спасибо за старания, Братик.\""
    ],
    "8": [
      "\\nl< >\"Звучит не очень вкусно, но, думаю, пойдёт.\""
    ],
    "9": [
      "\\nl< >\"Я не люблю горькое... ",
      "ты правда собираешься это пить?\""
    ],
    "10": [
      "А, кстати, ",
      "я ещё купил закуски у той странной лавочницы...",
      "может, дать Сестре попробовать?"
    ],
    "11": [
      "Дать попробовать",
      "Не стоит"
    ],
    "12": [
      "Может, в следующий раз."
    ],
    "13": [
      "\"Сегодня ещё остались закуски!",
      "Это \\ii[\\v[90]], хочешь попробовать?\""
    ],
    "14": [
      "\\nl< >\"Да, я буду... закуски — это святое.\""
    ],
    "15": [
      "\\nl< >\"Э? ",
      "С этим напитком даже закуски стали невкусными...\""
    ],
    "16": [
      "\\nl< >\"Ура! Мы сможем поесть закусок вместе!\""
    ],
    "17": [
      "Мы немного приятно провели время за чаем и закусками."
    ],
    "18": [
      "\\nl< >\"Братик, я немного хочу пить. ",
      "Дай, пожалуйста, водички.\""
    ],
    "19": [
      "Хочет пить? Хорошо, что я купил сегодня \\ii[\\v[90]]."
    ],
    "20": [
      "\"Хочешь немного \\ii[\\v[90]]?\""
    ],
    "21": [
      "\\nl< >\"А? Откуда это?\""
    ],
    "22": [
      "\"Я взял это из автомата в",
      "лесу сегодня днём.\""
    ],
    "23": [
      "\\nl< >\"Чего? Почему автомат посреди леса...?\"",
      "in the forest...?\""
    ],
    "24": [
      "\"Странно, да? Но когда я бросил монетку, ",
      "он выдал напиток как обычно, ",
      "и срок годности был вполне свежий.\""
    ],
    "25": [
      "\"Странно, да? ",
      "Но он реально выдал напиток, ",
      "и срок годности был новый.\""
    ],
    "26": [
      "Но я случайно сломал автомат...",
      "Интересно, не будут ли потом требовать компенсацию... ",
      "Чем больше думаю, тем хуже становится...",
      "Now that I think about it, this feels kinda bad..."
    ],
    "27": [
      "\\nl< >\"Ну, тогда налей мне стаканчик.\""
    ],
    "28": [
      "Я налил по стакану \\ii[\\v[90]]",
      "для себя и для Сестры."
    ],
    "29": [
      "Он был холодным, освежающим и действительно вкусным."
    ],
    "30": [
      "Мы приятно провели чаепитие вместе."
    ],
    "31": [
      "В следующий раз, когда купишь напиток,",
      "не забудь поделиться с Сестрой!    \\w[60]"
    ],
    "32": [
      "Я достал маленькую бутылочку ",
      "с Эликсиром Рубрум,",
      "но когда уже собирался отдать её ей, ",
      "меня охватил страх—"
    ],
    "33": [
      "А вдруг...",
      "он не подействует? Или, что хуже, ",
      "её состояние станет ещё хуже...?  \\w[60]",
      "Исследования отца должны быть надёжны, но всё же…!"
    ],
    "34": [
      "\\nl< >\"Братик? Что случилось?  \\w[45] ",
      "Ты дрожишь...\""
    ],
    "35": [
      "\"…А, ничего.\""
    ],
    "36": [
      "Я заставил её волноваться.   \\w[45]",
      "Но я всё ещё не мог решиться ",
      "давать ей это пить или нет—"
    ],
    "37": [
      "\\nl< >\"Это ведь то самое лекарство, ",
      "которое ты всё это время искал, верно?   \\w[90]\"",
      "Ты переживаешь за меня, Братик?"
    ],
    "38": [
      "Она внезапно взяла за руку, ",
      "в которой я держал Эликсир Рубрум."
    ],
    "39": [
      "\\nl< >\"Братик, ты так много сделал ради меня.  \\w[90]",
      "Поэтому я тоже хочу постараться ради тебя...\""
    ],
    "40": [
      "\\nl< >\"Так что позволь мне попробовать это лекарство.\""
    ],
    "41": [
      "Я почувствовал решимость в её словах."
    ],
    "42": [
      "\"…Если почувствуешь что-то странное, ",
      "обещай, что сразу выплюнешь, ладно?\""
    ],
    "43": [
      "Бежать уже не имело смысла.",
      "Я налил красный эликсир в стакан молока ",
      "и передал ей."
    ],
    "44": [
      "Она почти сразу выпила молоко с Эликсиром Рубрум, ",
      "а я с тревогой наблюдал за её реакцией.",
      "and I watched her anxiously for any reaction."
    ],
    "45": [
      "\\nl< >\"Угх...\""
    ],
    "46": [
      "Она внезапно сморщилась от боли."
    ],
    "47": [
      "\"Как на вкус...?\""
    ],
    "48": [
      "\\nl< >\"Очень вкусно! Сладкий и с кислинкой, ",
      "я бы выпила ещё стакан~!\""
    ],
    "49": [
      "К моему удивлению, ей реально понравился вкус. ",
      "Вся моя тревога оказалась напрасной..."
    ],
    "50": [
      "В итоге, после того как она выпила Эликсир Рубрум, ",
      "ничего, похоже, не изменилось.",
      "Неужели он совсем не действует?"
    ]
  },
  "AndroidBeginnersGuide": {
    "0": [
      "Нажми на Сестру, чтобы проверить её статус",
      "Удерживай на Сестре, чтобы взаимодействовать с ней"
    ],
    "1": [
      "Нажми и удерживай фон, чтобы позвать Сестру к себе"
    ],
    "2": [
      "Коснись и проведи по Сестре, чтобы вступить в интимное взаимодействие"
    ],
    "3": [
      "Нажми кнопку «Назад» или",
      "двойной тап для выхода"
    ],
    "4": [
      "Файлы сохранения игры будут храниться в \\TC[#fff94e]Documents/sister_save\\TC[#ffffff] ",
      "на твоём устройстве. Можешь делать резервные копии или заменять их ",
      "новыми сохранениями! Поддерживаются также сохранения с других устройств. ",
      "Сохранения с ПК и Android полностью совместимы!"
    ],
    "5": [
      "Примечание: можно перезаписывать только существующие сохранения!",
      "Если перенести новый файл сохранения без подходящей записи,",
      "игра его не распознает!"
    ]
  },
  "exitGame": {
    "0": [
      "Хочешь вернуться на титульный экран игры?",
      "Все несохранённые данные будут потеряны."
    ],
    "1": [
      "Да",
      "Нет"
    ]
  },
  "beginnersGuide": {
    "0": [
      "Hover your mouse over \\str[120] to check \\str[120]'s status",
      "Left-click on \\str[120] to interact with \\str[120]"
    ],
    "1": [
      "Hold down the mouse on the background to call \\str[120] to you"
    ],
    "2": [
      "Touch and slide on \\str[120] to engage in intimate interaction"
    ],
    "3": [
      "Right-click or long-press the right mouse",
      "button to exit the skinShip mode"
    ]
  }
}