{
  "1": {
    "name": [
      "Волшебная сумка"
    ],
    "subtitle": [
      ""
    ],
    "description": [
      "Портативный магический инструмент, который позволяет носить ",
      "гораздо больше предметов, чем обычно. Однако ",
      "даже у магических инструментов есть свои ограничения..."
    ],
    "ability": [
      "Вместимость для оружия: ${QJ.MPMZ.tl.ex_playerCheckInventory('weapon')}",
      "Вместимость для снаряжения: ${QJ.MPMZ.tl.ex_playerCheckInventory('gear')}"
    ]
  },
  "2": {
    "name": [
      "Сюнпо"
    ],
    "subtitle": [
      ""
    ],
    "description": [
      "Быстрый шаг по земле позволяет преодолеть короткое расстояние,",
      "позволяя уклониться от некоторых атак. Это всего лишь начальная ",
      "техника рывка, но пользователь настаивает на эффектном названии."
    ],
    "ability": [
      "Удерживайте пробел для активации"
    ]
  },
  "3": {
    "name": [
      "Сюнпо Тачи"
    ],
    "subtitle": [
      ""
    ],
    "description": [
      "Техника обнажения меча, изученная у молодой мастерицы меча.",
      "В сочетании с Сюнпо вы выпускаете ускоренный удар — ",
      "достаточно сильный, чтобы оттолкнуть врагов."
    ],
    "ability": [
      "Левый клик во время Сюнпо: рубящий удар, зависит от скорости",
      "Удерживайте правый клик при Сюнпо: зарядка, зависит от тайминга"
    ],
    "mobileAbility": [
      "Нажмите кнопку навыка, чтобы рубить, зависит от скорости",
      "Удерживайте кнопку навыка для зарядки, зависит от тайминга"
    ]
  },
  "4": {
    "name": [
      "Вихревой разрез"
    ],
    "subtitle": [
      ""
    ],
    "description": [
      "Вращайтесь, размахивая оружием, чтобы нанести непрерывные атаки.",
      "Скорость атаки увеличивается со временем. Для тех, кто не силён в технике ",
      "меча, этот приём лёгок в освоении и эффективен."
    ],
    "ability": [
      "Удерживайте правый клик для активации навыка",
      "Отмените вращение, чтобы бросить оружие"
    ],
    "mobileAbility": [
      "Удерживайте кнопку навыка для активации",
      "Отмените вращение, чтобы бросить оружие"
    ]
  },
  "7": {
    "name": [
      "Чувство опасности"
    ],
    "subtitle": [
      ""
    ],
    "description": [
      "Часто называют «Глаз разума», но на самом деле это чувство,",
      "отточенное множеством столкновений со смертью.",
      "Другими словами, скорее травматический рефлекс, чем настоящий навык..."
    ],
    "ability": [
      "Наведите курсор на цель для просмотра подробной информации"
    ],
    "mobileAbility": [
      "Нажмите на цель для просмотра подробной информации"
    ]
  },
  "10": {
    "name": [
      "Сокрытие дыхания"
    ],
    "subtitle": [
      "true"
    ],
    "description": [
      "Техника ниндзя. Я освоил её поспешно, но…",
      "каким-то образом быстро приноровился."
    ],
    "ability": [
      "Нажмите Shift при активации, чтобы войти в режим скрытности",
      "Уменьшает радиус обнаружения монстром на \\c[17]${1+$gameParty.leader().skillMasteryLevel(10)}\\c[108] клеток",
      "Уменьшает скорость роста бдительности Сестры при подглядывании на \\c[17]${15+15*$gameParty.leader().skillMasteryLevel(10)}%\\c[0]"
    ]
  },
  "11": {
    "name": [
      "Удар в спину"
    ],
    "subtitle": [
      "true"
    ],
    "description": [
      "Техника ниндзя. Может быть активирована в режиме скрытности.",
      "Ударьте незащищённого врага сзади для огромного урона!"
    ],
    "ability": [
      "Мастерство навыка: \\c[6]${$gameActors.actor(1).skillMasteryUses(11)}\\c[0]",
      "Бонус урона от убийства: \\c[17]${Math.round(200 + (2333 - 200) * Math.pow($gameActors.actor(1).skillMasteryLevel(11) / 9, 1.8))}%\\c[0]"
    ]
  },
  "15": {
    "name": [
      "Crossdressing"
    ],
    "subtitle": [
      ""
    ],
    "description": [
      "You put on clothes not meant for you… and something inside you ",
      "stirred. No combat bonus—might even mess with your head a little.",
      "Your companions glance oddly, and enemies might pause… maybe.",
      "After all, in this world—cuteness is justice!"
    ],
    "ability": [
      "Increases Sin based on the number of crossdressing items equipped!"
    ]
  },
  "18": {
    "name": [
      "Поломка оружия"
    ],
    "subtitle": [
      ""
    ],
    "description": [
      "У всех оружий есть предел прочности, ",
      "и так как пользователь не очень точен в атаках, ",
      "существует риск их поломки. Но когда оружие ломается — ",
      "оно наносит мощный критический удар!"
    ],
    "ability": [
      "Увеличение урона финальным ударом: \\c[6]${200+(100*$gameActors.actor(1).skillMasteryLevel(48))}%\\c[0]"
    ]
  },
  "26": {
    "name": [
      "Тренировка фехтования"
    ],
    "subtitle": [
      "true"
    ],
    "description": [
      "Обратился за советом к мастеру меча, как стать сильнее.",
      "Всё, что она сказала — «Просто размахивай мечом 1000 раз в день!»",
      "— Неужели это сработает!? В любом случае, попробуем..."
    ],
    "ability": [
      "Завершено тренировочных взмахов: \\{\\c[6]${$gameActors.actor(1).skillMasteryUses(26)}\\c[0]",
      "Базовый урон от оружия ближнего боя увеличен на \\c[6]${Math.ceil(1.8**$gameActors.actor(1).skillMasteryLevel(26))}%"
    ]
  },
  "skillToggle": [
    "Активировано",
    "Неактивно"
  ]
}