{
  "gameTitle": [
    "A Simple Life with My Unobtrusive Sister "
  ],
  "quantityHeld": [
    "\\fs[16]•Количество:\\c[17] ${} \\c[0]\\py[-8]"
  ],
  "autoUpdate": [
    "Доступно обновление: Обнаружены данные версии ${} . ",
    "Хотите ли вы установить обновление сейчас?"
  ],
  "fullScreen": [
    "Полный Экран"
  ],
  "masterVolume": [
    "Общая Громкость"
  ],
  "voiceVolume": [
    "Громкость Голоса"
  ],
  "BgmVolume": [
    "Громкость Фоновой Музыки"
  ],
  "BgsVolume": [
    "Громкость Фоновых Звуков"
  ],
  "SeVolume": [
    "Громкость Звуковых Эффектов"
  ],
  "MaxPlayerMsgs": [
    "Макс. Сообщений Игрока"
  ],
  "GameFAQ": [
    "ЧаВо об игре"
  ],
  "ShowWeaponDurability": [
    "Отображать прочность оружия"
  ],
  "DisableAutoUpdate": [
    "Отключить автообновление"
  ],
  "LockedFPS": [
    "Ограничение в 60 FPS"
  ],
  "Language": [
    "Язык Игры"
  ],
  "SwitchLanguage": [
    "Обнаружено изменение языка игры!",
    "Перезапуск для применения нового языка!"
  ],
  "ErrorReport": [
    "Произошла ошибка. Пожалуйста, сообщите о баге на Discord-сервере NLCH.",
    "(Нажмите «OK», чтобы открыть ссылку)",
    "(Прикрепите скриншот ошибки)"
  ],
  "UpdateComplete1": [
    "Обновление игры завершено!",
    "Игра автоматически перезапустится после закрытия этого окна.",
    "Вы можете загрузить автосохранение, чтобы продолжить игру!"
  ],
  "UpdateComplete2": [
    "Обновление игры завершено!",
    "Игра скоро перезапустится для применения обновления!"
  ],
  "RemindToUpdate": [
    "Произошла ошибка, и игра зависла.",
    "Доступен более новый патч—",
    "Пожалуйста, воспользуйтесь автообновлением для исправления проблемы!"
  ],
  "bagFull": [
    "Превышен лимит инвентаря!!"
  ],
  "noStatusEffects": [
    "No status effects at all!"
  ],
  "unimplementedDoor": [
    "This door won't push open from this side"
  ],
  "zipUpdateComplete": [
    "Patch installed successfully. ",
    "Restarting the game to apply the update!"
  ],
  "zipUpdateFail": [
    "Failed to extract and install the patch!",
    "Please try the auto-update again or",
    "manually extract the patch files to install!"
  ],
  "fileDownloadedSuccessfully": [
    "${} downloaded successfully!"
  ],
  "fileDownloadFailed": [
    "${} failed to download! Retrying now!"
  ],
  "installPatch": [
    "Patch requires extraction—installing now. This may cause the game to lag, please be patient!"
  ],
  "totalFilesToUpdate": [
    "Detected ${} file(s) to update—starting download process!"
  ],
  "renameCharacter": [
    "I remember now—",
    "she is..."
  ],
  "heroName": [
    "Onii-chan"
  ],
  "heroineName": [
    "Imouto"
  ],
  "nonHardwareAccelerated": [
    "The game is currently running on integrated graphics!",
    "If your PC has a dedicated GPU, we recommend setting Game.exe ",
    "to use it in your graphics control panel for a smoother gaming experience."
  ],
  "isAmdCPU": [
    "Your CPU is detected as an AMD processor.",
    "Some AMD chips may experience frame drops when playing VP9 (WebM) videos ",
    "in a Chromium environment. If you encounter this issue, try forcing the game to",
    "use GPU rendering or update your drivers to help alleviate the problem."
  ],
  "failedToLoad": [
    "This kind of issue may be caused by:",
    "① Game files corrupted or filenames garbled due to encoding issues during extraction/installation.",
    "② The developer forgetting to include the file—please wait for a patch update to fix it."
  ]
}