{
"autoplayBgm":false,"autoplayBgs":false,"battleback1Name":"oniichan_room1","battleback2Name":"gray bar","bgm":{"name":"","pan":0,"pitch":100,"volume":90},"bgs":{"name":"深夜の風鈴と虫の音-02","pan":0,"pitch":100,"volume":60},"disableDashing":false,"displayName":"","encounterList":[],"encounterStep":30,"height":8,"note":"","parallaxLoopX":false,"parallaxLoopY":false,"parallaxName":"","parallaxShow":true,"parallaxSx":0,"parallaxSy":0,"scrollType":0,"specifyBattleback":true,"tilesetId":1,"width":10,
"data":[0,0,0,0,0,0,0,0,0,0,0,0,0,0,0,0,0,0,0,0,0,0,0,0,0,0,0,0,0,0,0,0,0,0,0,0,0,0,0,0,0,0,0,0,0,0,0,0,0,0,0,0,0,0,0,0,0,0,0,0,0,0,0,0,0,0,0,0,0,0,0,0,0,0,0,0,0,0,0,0,0,0,0,0,0,0,0,0,0,0,0,0,0,0,0,0,0,0,0,0,0,0,0,0,0,0,0,0,0,0,0,0,0,0,0,0,0,0,0,0,0,0,0,0,0,0,0,0,0,0,0,0,0,0,0,0,0,0,0,0,0,0,0,0,0,0,0,0,0,0,0,0,0,0,0,0,0,0,0,0,0,0,0,0,0,0,0,0,0,0,0,0,0,0,0,0,0,0,0,0,0,0,0,0,0,0,0,0,0,0,0,0,0,0,0,0,0,0,0,0,0,0,0,0,0,0,0,0,0,0,0,0,0,0,0,0,0,0,0,0,0,0,0,0,0,0,0,0,0,0,0,0,0,0,0,0,0,0,0,0,0,0,0,0,0,0,0,0,0,0,0,0,0,0,0,0,0,0,0,0,0,0,0,0,0,0,0,0,0,0,0,0,0,0,0,0,0,0,0,0,0,0,0,0,0,0,0,0,0,0,0,0,0,0,0,0,0,0,0,0,0,0,0,0,0,0,0,0,0,0,0,0,0,0,0,0,0,0,0,0,0,0,0,0,0,0,0,0,0,0,0,0,0,0,0,0,0,0,0,0,0,0,0,0,0,0,0,0,0,0,0,0,0,0,0,0,0,0,0,0,0,0,0,0,0,0,0,0,0,0,0,0,0,0,0,0,0,0,0,0,0,0,0,0,0,0,0,0,0,0,0,0,0,0,0,0,0,0,0,0,0,0,0,0,0,0,0,0,0,0,0,0,0,0,0,0,0,0,0,0,0,0,0,0,0,0,0,0,0,0,0,0,0,0,0,0,0,0,0,0,0,0,0,0,0,0,0,0,0,0,0,0,0,0,0,0,0,0,0,0,0,0,0,0,0,0,0,0,0,0,0,0,0,0,0,0,0,0,0,0],
"events":[
null,
{"id":1,"name":"夜袭前置事件","note":"","pages":[{"conditions":{"actorId":1,"actorValid":false,"itemId":1,"itemValid":false,"selfSwitchCh":"A","selfSwitchValid":false,"switch1Id":1,"switch1Valid":false,"switch2Id":1,"switch2Valid":false,"variableId":1,"variableValid":false,"variableValue":0},"directionFix":false,"image":{"tileId":0,"characterName":"help","direction":2,"pattern":1,"characterIndex":0},"list":[{"code":111,"indent":0,"parameters":[4,1,5,129]},{"code":111,"indent":1,"parameters":[1,25,0,20,2]},{"code":122,"indent":2,"parameters":[25,25,0,0,25]},{"code":0,"indent":2,"parameters":[]},{"code":412,"indent":1,"parameters":[]},{"code":0,"indent":1,"parameters":[]},{"code":411,"indent":0,"parameters":[]},{"code":122,"indent":1,"parameters":[25,25,1,2,0,2]},{"code":0,"indent":1,"parameters":[]},{"code":412,"indent":0,"parameters":[]},{"code":314,"indent":0,"parameters":[0,2]},{"code":111,"indent":0,"parameters":[1,25,0,20,1]},{"code":356,"indent":1,"parameters":["SaveNow"]},{"code":355,"indent":1,"parameters":["$gameSystem.set_hour(23)"]},{"code":117,"indent":1,"parameters":[8]},{"code":245,"indent":1,"parameters":[{"name":"深夜の風鈴と虫の音-02","volume":60,"pitch":100,"pan":0}]},{"code":355,"indent":1,"parameters":["var IMG = 'mainroom_S_N_CC';"]},{"code":655,"indent":1,"parameters":["var path = \"onichann_room\";"]},{"code":655,"indent":1,"parameters":["$gameScreen.showPictureFromPath(1, path, IMG, 0, 0, 0, 100, 100, 255, 0)"]},{"code":117,"indent":1,"parameters":[5]},{"code":222,"indent":1,"parameters":[]},{"code":230,"indent":1,"parameters":[60]},{"code":111,"indent":1,"parameters":[12,"Math.random() > 0.66"]},{"code":101,"indent":2,"parameters":["",0,0,2]},{"code":401,"indent":2,"parameters":["Mmm, I can't seem to fall asleep..."]},{"code":0,"indent":2,"parameters":[]},{"code":411,"indent":1,"parameters":[]},{"code":111,"indent":2,"parameters":[12,"Math.random() > 0.33"]},{"code":101,"indent":3,"parameters":["",0,0,2]},{"code":401,"indent":3,"parameters":["My stomach hurts... Is it indigestion?"]},{"code":401,"indent":3,"parameters":["Maybe that dinner was too much after all..."]},{"code":0,"indent":3,"parameters":[]},{"code":411,"indent":2,"parameters":[]},{"code":101,"indent":3,"parameters":["",0,0,2]},{"code":401,"indent":3,"parameters":["Ah, I suddenly woke up...!"]},{"code":0,"indent":3,"parameters":[]},{"code":412,"indent":2,"parameters":[]},{"code":0,"indent":2,"parameters":[]},{"code":412,"indent":1,"parameters":[]},{"code":118,"indent":1,"parameters":["选项"]},{"code":108,"indent":1,"parameters":["修正选项组图标"]},{"code":355,"indent":1,"parameters":["$gameSystem._drill_DCB_curStyle = 25"]},{"code":355,"indent":1,"parameters":["let style = [\"eventButtons_bowknot2\",\"eventButtons_sleep\"];"]},{"code":655,"indent":1,"parameters":["DrillUp.g_DCB_data[24].btn_src = style;"]},{"code":101,"indent":1,"parameters":["",0,0,2]},{"code":401,"indent":1,"parameters":["It's still the middle of the night;"]},{"code":401,"indent":1,"parameters":["I can sleep a bit more...\\w[30].\\w[30].\\w[30]."]},{"code":401,"indent":1,"parameters":["Should I go check on my sister?"]},{"code":102,"indent":1,"parameters":[["Go check on sister","\\c[15]Go back to sleep"],-1,-1,2,0]},{"code":402,"indent":1,"parameters":[0,"Go check on sister"]},{"code":122,"indent":2,"parameters":[13,13,0,0,7]},{"code":108,"indent":2,"parameters":["成就：妹妹熬夜打游戏 判定"]},{"code":111,"indent":2,"parameters":[12,"$gameParty.hasItem($dataItems[15]) && !$gameSwitches.value(497) && $gameSwitches.value(500)"]},{"code":122,"indent":3,"parameters":[13,13,0,0,32]},{"code":0,"indent":3,"parameters":[]},{"code":412,"indent":2,"parameters":[]},{"code":201,"indent":2,"parameters":[0,4,5,9,0,2]},{"code":0,"indent":2,"parameters":[]},{"code":402,"indent":1,"parameters":[1,"\\c[15]Go back to sleep"]},{"code":108,"indent":2,"parameters":["修正选项组图标"]},{"code":355,"indent":2,"parameters":["$gameSystem._drill_DCB_curStyle = 25"]},{"code":355,"indent":2,"parameters":["let style = [\"eventButtons_sleep2\", \"eventButtons_returns\"];"]},{"code":655,"indent":2,"parameters":["DrillUp.g_DCB_data[24].btn_src = style;"]},{"code":101,"indent":2,"parameters":["",0,0,2]},{"code":401,"indent":2,"parameters":["Should I just sleep until morning?"]},{"code":102,"indent":2,"parameters":[["Sleep","\\c[15]Hold on"],1,-1,2,0]},{"code":402,"indent":2,"parameters":[0,"Sleep"]},{"code":117,"indent":3,"parameters":[9]},{"code":0,"indent":3,"parameters":[]},{"code":402,"indent":2,"parameters":[1,"\\c[15]Hold on"]},{"code":119,"indent":3,"parameters":["选项"]},{"code":0,"indent":3,"parameters":[]},{"code":404,"indent":2,"parameters":[]},{"code":0,"indent":2,"parameters":[]},{"code":404,"indent":1,"parameters":[]},{"code":0,"indent":1,"parameters":[]},{"code":411,"indent":0,"parameters":[]},{"code":117,"indent":1,"parameters":[9]},{"code":0,"indent":1,"parameters":[]},{"code":412,"indent":0,"parameters":[]},{"code":0,"indent":0,"parameters":[]}],"moveFrequency":3,"moveRoute":{"list":[{"code":0,"parameters":[]}],"repeat":true,"skippable":false,"wait":false},"moveSpeed":3,"moveType":0,"priorityType":1,"stepAnime":false,"through":false,"trigger":0,"walkAnime":true}],"x":2,"y":7},
{"id":2,"name":"清晨起床演出","note":"","pages":[{"conditions":{"actorId":1,"actorValid":false,"itemId":1,"itemValid":false,"selfSwitchCh":"A","selfSwitchValid":false,"switch1Id":1,"switch1Valid":false,"switch2Id":1,"switch2Valid":false,"variableId":1,"variableValid":false,"variableValue":0},"directionFix":false,"image":{"tileId":0,"characterName":"help","direction":2,"pattern":1,"characterIndex":0},"list":[{"code":108,"indent":0,"parameters":["修改器防范"]},{"code":355,"indent":0,"parameters":["let version = $gameStrings.value(1);"]},{"code":655,"indent":0,"parameters":["let versionPattern = /^0\\.\\d{1,2}[A-Z]?$/;"]},{"code":655,"indent":0,"parameters":["if (!versionPattern.test(version)) {"]},{"code":655,"indent":0,"parameters":["   $gameStrings.setValue(1,\"\");"]},{"code":655,"indent":0,"parameters":["}"]},{"code":111,"indent":0,"parameters":[12,"$gameStrings.value(1) !== \"\""]},{"code":108,"indent":1,"parameters":["检查到新版本"]},{"code":117,"indent":1,"parameters":[5]},{"code":355,"indent":1,"parameters":["$gameScreen.startFadeIn(10);"]},{"code":108,"indent":1,"parameters":["修正选项组图标"]},{"code":355,"indent":1,"parameters":["$gameSystem._drill_DCB_curStyle = 25"]},{"code":355,"indent":1,"parameters":["let style = [\"eventButtons_talk\",\"eventButtons_talk2\"];"]},{"code":655,"indent":1,"parameters":["DrillUp.g_DCB_data[24].btn_src = style;"]},{"code":101,"indent":1,"parameters":["",0,0,2]},{"code":401,"indent":1,"parameters":["\\c[10]—Data update request detected from version \\str[1]. \\w[60]"]},{"code":401,"indent":1,"parameters":["Would you like to perform the auto-update now?"]},{"code":102,"indent":1,"parameters":[["Start Update","\\c[15]Never mind"],-1,0,2,0]},{"code":402,"indent":1,"parameters":[0,"Start Update"]},{"code":108,"indent":2,"parameters":["统计成功次数"]},{"code":355,"indent":2,"parameters":["chahuiUtil.autoUpdateSuccessCount()"]},{"code":231,"indent":2,"parameters":[15,"",0,0,0,0,100,100,0,0]},{"code":356,"indent":2,"parameters":[">图片动画序列 : 图片[15] : 创建动画序列 : 动画序列[5]"]},{"code":356,"indent":2,"parameters":[">图片动画序列 : 图片[15] : 播放简单状态元集合 : 集合[加载画面]"]},{"code":232,"indent":2,"parameters":[15,0,0,0,0,0,100,100,255,0,20,true]},{"code":355,"indent":2,"parameters":["var version = $gameStrings.value(1);"]},{"code":655,"indent":2,"parameters":["chahuiUtil.autoUpdate(version);"]},{"code":112,"indent":2,"parameters":[]},{"code":111,"indent":3,"parameters":[2,"D",0]},{"code":113,"indent":4,"parameters":[]},{"code":0,"indent":4,"parameters":[]},{"code":412,"indent":3,"parameters":[]},{"code":230,"indent":3,"parameters":[10]},{"code":0,"indent":3,"parameters":[]},{"code":413,"indent":2,"parameters":[]},{"code":232,"indent":2,"parameters":[15,0,0,0,0,0,100,100,0,0,20,true]},{"code":235,"indent":2,"parameters":[15]},{"code":355,"indent":2,"parameters":["DrillUp.g_GSM_isOldSave = true;"]},{"code":655,"indent":2,"parameters":["$gameStrings.setValue(1,\"\");"]},{"code":356,"indent":2,"parameters":["SaveNow"]},{"code":0,"indent":2,"parameters":[]},{"code":402,"indent":1,"parameters":[1,"\\c[15]Never mind"]},{"code":0,"indent":2,"parameters":[]},{"code":404,"indent":1,"parameters":[]},{"code":0,"indent":1,"parameters":[]},{"code":411,"indent":0,"parameters":[]},{"code":356,"indent":1,"parameters":["SaveNow"]},{"code":0,"indent":1,"parameters":[]},{"code":412,"indent":0,"parameters":[]},{"code":108,"indent":0,"parameters":["天气效果"]},{"code":355,"indent":0,"parameters":["chahuiUtil.customWeatherConditionChanges()"]},{"code":108,"indent":0,"parameters":["防范时间错误"]},{"code":355,"indent":0,"parameters":["if ($gameSystem.hour() < 7 || $gameSystem.hour() >= 12) {"]},{"code":655,"indent":0,"parameters":["    $gameSystem.set_hour(7);"]},{"code":655,"indent":0,"parameters":["}"]},{"code":355,"indent":0,"parameters":["var IMG = 'mainroom_CR_D_CC';"]},{"code":655,"indent":0,"parameters":["var path = \"onichann_room\";"]},{"code":655,"indent":0,"parameters":["$gameScreen.showPictureFromPath(1, path, IMG, 0, 0, 0, 100, 100, 255, 0)"]},{"code":108,"indent":0,"parameters":["预加载多天气图像"]},{"code":355,"indent":0,"parameters":["let imgName = [\"mainroom_S_D\",\"mainroom_S_M\",\"mainroom_C_D\",\"mainroom_R_D\"];"]},{"code":655,"indent":0,"parameters":["imgName.forEach(function(img) {"]},{"code":655,"indent":0,"parameters":["  let path = \"onichann_room/\" + img;"]},{"code":655,"indent":0,"parameters":["    ImageManager.reservePicture(path);"]},{"code":655,"indent":0,"parameters":[" });"]},{"code":117,"indent":0,"parameters":[5]},{"code":222,"indent":0,"parameters":[]},{"code":355,"indent":0,"parameters":["$gameScreen.startFadeIn(150);"]},{"code":230,"indent":0,"parameters":[180]},{"code":111,"indent":0,"parameters":[1,25,0,60,1]},{"code":101,"indent":1,"parameters":["",0,0,2]},{"code":401,"indent":1,"parameters":["...Is it morning already? "]},{"code":401,"indent":1,"parameters":["I feel like I had some kind of dream about "]},{"code":401,"indent":1,"parameters":["my little sister, "]},{"code":401,"indent":1,"parameters":["but I can’t remember it..."]},{"code":122,"indent":1,"parameters":[25,25,2,0,15]},{"code":0,"indent":1,"parameters":[]},{"code":411,"indent":0,"parameters":[]},{"code":111,"indent":1,"parameters":[12,"Math.random() > 0.66"]},{"code":101,"indent":2,"parameters":["",0,0,2]},{"code":401,"indent":2,"parameters":["...Is it already morning? "]},{"code":401,"indent":2,"parameters":["I don't feel like I slept well..."]},{"code":0,"indent":2,"parameters":[]},{"code":411,"indent":1,"parameters":[]},{"code":101,"indent":2,"parameters":["",0,0,2]},{"code":401,"indent":2,"parameters":["Ah, is it morning already? I slept so well."]},{"code":0,"indent":2,"parameters":[]},{"code":412,"indent":1,"parameters":[]},{"code":0,"indent":1,"parameters":[]},{"code":412,"indent":0,"parameters":[]},{"code":250,"indent":0,"parameters":[{"name":"プルチェーン付きローラーブラインド","volume":90,"pitch":100,"pan":0}]},{"code":230,"indent":0,"parameters":[40]},{"code":111,"indent":0,"parameters":[1,60,0,0,0]},{"code":111,"indent":1,"parameters":[0,123,0]},{"code":355,"indent":2,"parameters":["var IMG = 'mainroom_S_D';"]},{"code":655,"indent":2,"parameters":["var path = \"onichann_room\";"]},{"code":655,"indent":2,"parameters":["$gameScreen.showPictureFromPath(1, path, IMG, 0, 0, 0, 100, 100, 255, 0)"]},{"code":230,"indent":2,"parameters":[60]},{"code":117,"indent":2,"parameters":[25]},{"code":355,"indent":2,"parameters":["AudioManager.fadeInBgm(6)"]},{"code":101,"indent":2,"parameters":["",0,0,2]},{"code":401,"indent":2,"parameters":["It's a nice day today...\\w[45]huh? "]},{"code":401,"indent":2,"parameters":["Feels like the sunlight’s a bit too intense?"]},{"code":0,"indent":2,"parameters":[]},{"code":411,"indent":1,"parameters":[]},{"code":355,"indent":2,"parameters":["var IMG = 'mainroom_S_M';"]},{"code":655,"indent":2,"parameters":["var path = \"onichann_room\";"]},{"code":655,"indent":2,"parameters":["$gameScreen.showPictureFromPath(1, path, IMG, 0, 0, 0, 100, 100, 255, 0)"]},{"code":230,"indent":2,"parameters":[60]},{"code":117,"indent":2,"parameters":[25]},{"code":355,"indent":2,"parameters":["AudioManager.fadeInBgm(6)"]},{"code":101,"indent":2,"parameters":["",0,0,2]},{"code":401,"indent":2,"parameters":["It's a nice day today."]},{"code":0,"indent":2,"parameters":[]},{"code":412,"indent":1,"parameters":[]},{"code":0,"indent":1,"parameters":[]},{"code":411,"indent":0,"parameters":[]},{"code":111,"indent":1,"parameters":[1,60,0,1,0]},{"code":355,"indent":2,"parameters":["var IMG = 'mainroom_C_D';"]},{"code":655,"indent":2,"parameters":["var path = \"onichann_room\";"]},{"code":655,"indent":2,"parameters":["$gameScreen.showPictureFromPath(1, path, IMG, 0, 0, 0, 100, 100, 255, 0)"]},{"code":230,"indent":2,"parameters":[60]},{"code":117,"indent":2,"parameters":[25]},{"code":355,"indent":2,"parameters":["AudioManager.fadeInBgm(6)"]},{"code":101,"indent":2,"parameters":["",0,0,2]},{"code":401,"indent":2,"parameters":["The weather doesn't look so great today."]},{"code":0,"indent":2,"parameters":[]},{"code":411,"indent":1,"parameters":[]},{"code":111,"indent":2,"parameters":[1,60,0,2,0]},{"code":355,"indent":3,"parameters":["var IMG = 'mainroom_R_D';"]},{"code":655,"indent":3,"parameters":["var path = \"onichann_room\";"]},{"code":655,"indent":3,"parameters":["$gameScreen.showPictureFromPath(1, path, IMG, 0, 0, 0, 100, 100, 255, 0)"]},{"code":230,"indent":3,"parameters":[60]},{"code":117,"indent":3,"parameters":[25]},{"code":355,"indent":3,"parameters":["AudioManager.fadeInBgm(6)"]},{"code":101,"indent":3,"parameters":["",0,0,2]},{"code":401,"indent":3,"parameters":["Is it raining? "]},{"code":401,"indent":3,"parameters":["I hope it won't affect our adventure..."]},{"code":0,"indent":3,"parameters":[]},{"code":412,"indent":2,"parameters":[]},{"code":0,"indent":2,"parameters":[]},{"code":412,"indent":1,"parameters":[]},{"code":0,"indent":1,"parameters":[]},{"code":412,"indent":0,"parameters":[]},{"code":108,"indent":0,"parameters":["修正选项组图标"]},{"code":355,"indent":0,"parameters":["$gameSystem._drill_DCB_curStyle = 25"]},{"code":355,"indent":0,"parameters":["let style = [\"eventButtons_bowknot2\",\"eventButtons_returns\"];"]},{"code":655,"indent":0,"parameters":["DrillUp.g_DCB_data[24].btn_src = style;"]},{"code":111,"indent":0,"parameters":[12,"$gameSelfVariables.get(this, 'skip') > 2"]},{"code":355,"indent":1,"parameters":["$gameSelfVariables.set(this, 'skip', 0) "]},{"code":101,"indent":1,"parameters":["",0,0,2]},{"code":401,"indent":1,"parameters":["Haven’t checked on my sister for a few days… "]},{"code":401,"indent":1,"parameters":["Guess I should drop by today."]},{"code":119,"indent":1,"parameters":["imouto"]},{"code":0,"indent":1,"parameters":[]},{"code":412,"indent":0,"parameters":[]},{"code":101,"indent":0,"parameters":["",0,0,2]},{"code":401,"indent":0,"parameters":["Alright, I'm up. What’s the plan for today—"]},{"code":102,"indent":0,"parameters":[["To Imouto's Room","<<$gameSystem.day()<=2>>\\c[15]Head Out Now"],1,0,2,0]},{"code":402,"indent":0,"parameters":[0,"To Imouto's Room"]},{"code":355,"indent":1,"parameters":["$gameSelfVariables.set(this, 'skip', 0) "]},{"code":101,"indent":1,"parameters":["",0,0,2]},{"code":401,"indent":1,"parameters":["Okay, let’s check on Imouto!"]},{"code":118,"indent":1,"parameters":["imouto"]},{"code":122,"indent":1,"parameters":[14,14,0,0,5]},{"code":117,"indent":1,"parameters":[3]},{"code":121,"indent":1,"parameters":[40,40,0]},{"code":122,"indent":1,"parameters":[13,13,0,0,2]},{"code":201,"indent":1,"parameters":[0,54,7,5,0,2]},{"code":0,"indent":1,"parameters":[]},{"code":402,"indent":0,"parameters":[1,"<<$gameSystem.day()<=2>>\\c[15]Head Out Now"]},{"code":355,"indent":1,"parameters":["$gameSelfVariables.add(this, 'skip', 1) "]},{"code":101,"indent":1,"parameters":["",0,0,2]},{"code":401,"indent":1,"parameters":["Okay, time to get everything in order "]},{"code":401,"indent":1,"parameters":["and head out for an adventure!"]},{"code":122,"indent":1,"parameters":[14,14,0,0,20]},{"code":117,"indent":1,"parameters":[3]},{"code":121,"indent":1,"parameters":[40,40,0]},{"code":122,"indent":1,"parameters":[13,13,0,0,2]},{"code":201,"indent":1,"parameters":[0,24,4,4,0,2]},{"code":0,"indent":1,"parameters":[]},{"code":404,"indent":0,"parameters":[]},{"code":0,"indent":0,"parameters":[]}],"moveFrequency":3,"moveRoute":{"list":[{"code":0,"parameters":[]}],"repeat":true,"skippable":false,"wait":false},"moveSpeed":3,"moveType":0,"priorityType":2,"stepAnime":false,"through":false,"trigger":0,"walkAnime":true}],"x":1,"y":7},
null,
{"id":4,"name":"清晨起床演出","note":"","pages":[{"conditions":{"actorId":1,"actorValid":false,"itemId":1,"itemValid":false,"selfSwitchCh":"A","selfSwitchValid":false,"switch1Id":1,"switch1Valid":false,"switch2Id":1,"switch2Valid":false,"variableId":1,"variableValid":false,"variableValue":0},"directionFix":false,"image":{"tileId":0,"characterName":"help","direction":2,"pattern":2,"characterIndex":1},"list":[{"code":356,"indent":0,"parameters":["SaveNow"]},{"code":108,"indent":0,"parameters":["天气效果"]},{"code":355,"indent":0,"parameters":["chahuiUtil.customWeatherConditionChanges()"]},{"code":122,"indent":0,"parameters":[206,206,0,0,0]},{"code":122,"indent":0,"parameters":[205,205,0,0,0]},{"code":231,"indent":0,"parameters":[10,"exterior_S_D",0,0,0,0,100,100,255,0]},{"code":112,"indent":0,"parameters":[]},{"code":111,"indent":1,"parameters":[12,"$gameSystem.hour() >= 7 && $gameSystem.hour() <= 18"]},{"code":113,"indent":2,"parameters":[]},{"code":0,"indent":2,"parameters":[]},{"code":411,"indent":1,"parameters":[]},{"code":355,"indent":2,"parameters":["$gameSystem.add_minute(15)"]},{"code":230,"indent":2,"parameters":[1]},{"code":0,"indent":2,"parameters":[]},{"code":412,"indent":1,"parameters":[]},{"code":0,"indent":1,"parameters":[]},{"code":413,"indent":0,"parameters":[]},{"code":108,"indent":0,"parameters":["防范时间错误"]},{"code":355,"indent":0,"parameters":["if ($gameSystem.hour() < 7 || $gameSystem.hour() >= 12) {"]},{"code":655,"indent":0,"parameters":["    $gameSystem.set_hour(7);"]},{"code":655,"indent":0,"parameters":["}"]},{"code":117,"indent":0,"parameters":[10]},{"code":117,"indent":0,"parameters":[8]},{"code":355,"indent":0,"parameters":["var IMG = 'mainroom_CR_D_CC';"]},{"code":655,"indent":0,"parameters":["var path = \"onichann_room\";"]},{"code":655,"indent":0,"parameters":["$gameScreen.showPictureFromPath(1, path, IMG, 0, 0, 0, 100, 100, 255, 0)"]},{"code":108,"indent":0,"parameters":["预加载多天气图像"]},{"code":355,"indent":0,"parameters":["let imgName = [\"mainroom_S_D\",\"mainroom_S_M\",\"mainroom_C_D\",\"mainroom_R_D\"];"]},{"code":655,"indent":0,"parameters":["imgName.forEach(function(img) {"]},{"code":655,"indent":0,"parameters":["  let path = \"onichann_room/\" + img;"]},{"code":655,"indent":0,"parameters":["    ImageManager.reservePicture(path);"]},{"code":655,"indent":0,"parameters":[" });"]},{"code":117,"indent":0,"parameters":[5]},{"code":222,"indent":0,"parameters":[]},{"code":230,"indent":0,"parameters":[60]},{"code":232,"indent":0,"parameters":[10,0,0,0,0,0,100,100,0,0,90,true]},{"code":230,"indent":0,"parameters":[60]},{"code":101,"indent":0,"parameters":["",0,0,2]},{"code":401,"indent":0,"parameters":["\"...Huh!?\\w[60]...Wait\\w[60], is it already morning...?\""]},{"code":101,"indent":0,"parameters":["",0,0,2]},{"code":401,"indent":0,"parameters":["My head feels dizzy... "]},{"code":401,"indent":0,"parameters":["Did I just fall asleep like that last night...?"]},{"code":101,"indent":0,"parameters":["",0,0,2]},{"code":401,"indent":0,"parameters":["\"I can't remember what happened last night...\\w[90]"]},{"code":401,"indent":0,"parameters":["Oh well, I was probably just too exhausted.\""]},{"code":250,"indent":0,"parameters":[{"name":"プルチェーン付きローラーブラインド","volume":90,"pitch":100,"pan":0}]},{"code":230,"indent":0,"parameters":[40]},{"code":111,"indent":0,"parameters":[1,60,0,0,0]},{"code":111,"indent":1,"parameters":[0,123,0]},{"code":355,"indent":2,"parameters":["var IMG = 'mainroom_S_D';"]},{"code":655,"indent":2,"parameters":["var path = \"onichann_room\";"]},{"code":655,"indent":2,"parameters":["$gameScreen.showPictureFromPath(1, path, IMG, 0, 0, 0, 100, 100, 255, 0)"]},{"code":230,"indent":2,"parameters":[60]},{"code":117,"indent":2,"parameters":[25]},{"code":355,"indent":2,"parameters":["AudioManager.fadeInBgm(6)"]},{"code":101,"indent":2,"parameters":["",0,0,2]},{"code":401,"indent":2,"parameters":["It's a nice day today...\\w[45]huh? "]},{"code":401,"indent":2,"parameters":["Feels like the sunlight’s a bit too intense?"]},{"code":0,"indent":2,"parameters":[]},{"code":411,"indent":1,"parameters":[]},{"code":355,"indent":2,"parameters":["var IMG = 'mainroom_S_M';"]},{"code":655,"indent":2,"parameters":["var path = \"onichann_room\";"]},{"code":655,"indent":2,"parameters":["$gameScreen.showPictureFromPath(1, path, IMG, 0, 0, 0, 100, 100, 255, 0)"]},{"code":230,"indent":2,"parameters":[60]},{"code":117,"indent":2,"parameters":[25]},{"code":355,"indent":2,"parameters":["AudioManager.fadeInBgm(6)"]},{"code":101,"indent":2,"parameters":["",0,0,2]},{"code":401,"indent":2,"parameters":["It's a nice day today."]},{"code":0,"indent":2,"parameters":[]},{"code":412,"indent":1,"parameters":[]},{"code":0,"indent":1,"parameters":[]},{"code":411,"indent":0,"parameters":[]},{"code":111,"indent":1,"parameters":[1,60,0,1,0]},{"code":355,"indent":2,"parameters":["var IMG = 'mainroom_C_D';"]},{"code":655,"indent":2,"parameters":["var path = \"onichann_room\";"]},{"code":655,"indent":2,"parameters":["$gameScreen.showPictureFromPath(1, path, IMG, 0, 0, 0, 100, 100, 255, 0)"]},{"code":230,"indent":2,"parameters":[60]},{"code":117,"indent":2,"parameters":[25]},{"code":355,"indent":2,"parameters":["AudioManager.fadeInBgm(6)"]},{"code":101,"indent":2,"parameters":["",0,0,2]},{"code":401,"indent":2,"parameters":["The weather doesn't look so great today."]},{"code":0,"indent":2,"parameters":[]},{"code":411,"indent":1,"parameters":[]},{"code":111,"indent":2,"parameters":[1,60,0,2,0]},{"code":355,"indent":3,"parameters":["var IMG = 'mainroom_R_D';"]},{"code":655,"indent":3,"parameters":["var path = \"onichann_room\";"]},{"code":655,"indent":3,"parameters":["$gameScreen.showPictureFromPath(1, path, IMG, 0, 0, 0, 100, 100, 255, 0)"]},{"code":230,"indent":3,"parameters":[60]},{"code":117,"indent":3,"parameters":[25]},{"code":355,"indent":3,"parameters":["AudioManager.fadeInBgm(6)"]},{"code":101,"indent":3,"parameters":["",0,0,2]},{"code":401,"indent":3,"parameters":["Is it raining?"]},{"code":401,"indent":3,"parameters":["I hope it won't affect our adventure..."]},{"code":0,"indent":3,"parameters":[]},{"code":412,"indent":2,"parameters":[]},{"code":0,"indent":2,"parameters":[]},{"code":412,"indent":1,"parameters":[]},{"code":0,"indent":1,"parameters":[]},{"code":412,"indent":0,"parameters":[]},{"code":101,"indent":0,"parameters":["",0,0,2]},{"code":401,"indent":0,"parameters":["Alright, let's go check on my sister!"]},{"code":122,"indent":0,"parameters":[14,14,0,0,15]},{"code":117,"indent":0,"parameters":[3]},{"code":122,"indent":0,"parameters":[13,13,0,0,2]},{"code":201,"indent":0,"parameters":[0,54,7,5,0,2]},{"code":0,"indent":0,"parameters":[]}],"moveFrequency":3,"moveRoute":{"list":[{"code":0,"parameters":[]}],"repeat":true,"skippable":false,"wait":false},"moveSpeed":3,"moveType":0,"priorityType":2,"stepAnime":false,"through":false,"trigger":0,"walkAnime":true}],"x":1,"y":6},
{"id":5,"name":"场景初始化","note":"","pages":[{"conditions":{"actorId":1,"actorValid":false,"itemId":1,"itemValid":false,"selfSwitchCh":"A","selfSwitchValid":false,"switch1Id":1,"switch1Valid":false,"switch2Id":1,"switch2Valid":false,"variableId":1,"variableValid":false,"variableValue":0},"directionFix":false,"image":{"tileId":0,"characterName":"help","direction":2,"pattern":0,"characterIndex":3},"list":[{"code":117,"indent":0,"parameters":[16]},{"code":121,"indent":0,"parameters":[31,31,1]},{"code":111,"indent":0,"parameters":[1,13,0,0,3]},{"code":355,"indent":1,"parameters":["let ID = $gameVariables.value(13);"]},{"code":655,"indent":1,"parameters":["$gameMap.event(ID).start()"]},{"code":122,"indent":1,"parameters":[13,13,0,0,0]},{"code":0,"indent":1,"parameters":[]},{"code":411,"indent":0,"parameters":[]},{"code":355,"indent":1,"parameters":["$gameMap.event(2).start()"]},{"code":122,"indent":1,"parameters":[13,13,0,0,0]},{"code":0,"indent":1,"parameters":[]},{"code":412,"indent":0,"parameters":[]},{"code":214,"indent":0,"parameters":[]},{"code":0,"indent":0,"parameters":[]}],"moveFrequency":3,"moveRoute":{"list":[{"code":0,"parameters":[]}],"repeat":true,"skippable":false,"wait":false},"moveSpeed":3,"moveType":0,"priorityType":1,"stepAnime":false,"through":false,"trigger":4,"walkAnime":true}],"x":0,"y":7}
]
}