{
    "3": {
        "0": [
            "…\\str[120] ainda está em sono profundo. ",
            "O que eu devo fazer?"
        ],
        "1": [
            "Acordá-la",
            "Fazer um cafuné",
            "Deixar ela dormir"
        ],
        "2": [
            "O Elixir Rubrum parece ter melhorado a ",
            "condição da minha irmã, mas eu não consegui deixar ",
            "de me preocupar que os efeitos podiam ser só temporários."
        ],
        "3": [
            "Eu gentilmente esfreguei as bochechas da \\str[120]. Talvez isso ",
            "tenha feito um pouco de cocegas, na hora ela fez uma cara que ",
            "estava tentando se escapar."
        ],
        "4": [
            "\\nl< >\"Mmm... hmm…\""
        ],
        "5": [
            "\"Já é manhã. Acha que você pode levantar?\""
        ],
        "6": [
            "Devido a sua condição, \\str[120] sempre teve ",
            "dificuldade em levantar pela manhã, talvez eu não deva ",
            "força-la a levantar…?"
        ],
        "7": [
            "Continuar tentando",
            "Deixar ela dormir"
        ],
        "8": [
            "\\nl< >\"Mnyaa…\"",
            "\\nl< >\"—\\str[121]…\"",
            "\\nl< >\"Mmm… mmhm…\""
        ],
        "9": [
            "Ela só murmurou um pouco e voltou a dormir.",
            "Acho que essas coisas não podem ser apressadas. ",
            "Melhor deixar ela dormir mais um pouco…"
        ],
        "10": [
            "Eu gentilmente fiz um cafuné em sua cabeça."
        ],
        "11": [
            "…Acho que é hora de preparar o café da manhã."
        ]
    },
    "4": {
        "0": [
            "\"Como você está se sentindo? ",
            "Você não está se forçando demais né?\""
        ],
        "1": [
            "\\nl< >\"Mnyaa… \\w[180]Eu to bem yiiiiii——\"\\w[30]\\^"
        ],
        "2": [
            "\"Cuidado!\\w[45] Honestamente,\\w[45]",
            "você está claramente meio dormindo, não é?\""
        ],
        "3": [
            "\"Hey~ ainda não acordou direito?",
            "Então o \\str[121] vai pegar pesado~!\""
        ],
        "4": [
            "\\nl< >\"Mmmmmm…\""
        ],
        "5": [
            "\"Vamos lá———\""
        ],
        "6": [
            "\"Se sentindo mais acordada?\""
        ],
        "7": [
            "\\nl< >\"Uweh… tem tantos de você, \\str[121]…\""
        ],
        "8": [
            "\"Se você ainda não está se sentindo bem, ",
            "vamos tentar lavar o rosto primeiro.\""
        ],
        "9": [
            "\\nl< >\" \\str[121], Me leva no colo…\""
        ],
        "10": [
            "Yikes, talvez essa pegadinha tenha passado um pouco do limite…",
            "\\str[120] ainda continua bastante tonta."
        ],
        "11": [
            "\"Gira gira gira gira gira gira gira~!\""
        ],
        "12": [
            "\\nl< >\"Rola rola rola rola rola rola rola~!\""
        ],
        "13": [
            "\\nl< >\"Uweeeeh~~~~\"  \\w[120]"
        ],
        "14": [
            "Atordoada e tonta.",
            "\\str[120] caiu de volta na cama...",
            "Huh? Será que essa pegadinha passou um pouco do limite?"
        ],
        "15": [
            "Vendo que ela não tem nem a força para ficar de pé.",
            "Eu não tive outra alternativa além de desistir ",
            "e parar de forçar ela a levantar."
        ],
        "16": [
            "\"…Acho que é hora de fazer o café da manhã.\""
        ]
    },
    "6": {
        "0": [
            "Apimentado demais... machuca..."
        ],
        "1": [
            "\\nl< >\"Uuuu... minha boca tá queimando... ",
            "isso doi... uuuu...\""
        ],
        "2": [
            "\\str[120] estava deitada na cama.",
            "Sofrendo por ter comido tanta pimenta",
            "Eu preciso achar algo pra ajudar ela rápido..."
        ],
        "3": [
            "Acariciar Cabeça",
            "Acariciar Bunda",
            "Preparar Bebida"
        ],
        "4": [
            "Eu gentilmente acariciei a cabeça da \\str[120],",
            "imaginando se isso ia fazer ela se sentir um pouco melhor..."
        ],
        "5": [
            "\\nl< >\"Uuuu... agora parece que minha cabeça também tá doendo...\""
        ],
        "6": [
            "\\nl< >\"Ue e e...\""
        ],
        "7": [
            "Parece que não teve efeito..."
        ],
        "8": [
            "Eu gentilmente acariciei a bunda da \\str[120]",
            "imaginando se isso ia fazer ela se sentir um pouco melhor..."
        ],
        "9": [
            "\\nl< >\"Uuuu... \\str[121]...\""
        ],
        "10": [
            "\\nl< >\"Uee... agora minha bunda também tá doendo...\""
        ],
        "11": [
            "Eu procurei correndo pela casa e finalmente ",
            "achei uma garrafa de \\ii[\\v[85]]!"
        ],
        "12": [
            "\"Aqui \\ii[\\v[85]], ",
            "você quer beber...?\""
        ],
        "13": [
            "\\nl< >\\{  \"Eu quero!!\""
        ],
        "14": [
            "\\str[120] tomou o \\ii[\\v[85]] de uma vez só..."
        ],
        "15": [
            "Eu procurei correndo pela casa, mas parece que ",
            "não tem nenhuma bebida sobrando em casa...",
            "Sem outras opções, eu preparei um copo de água pra ela."
        ],
        "16": [
            "\\str[120] tomou o copo de água de uma vez só..."
        ],
        "17": [
            "\\nl< >\"Uuuu... minha boca ainda dói...\""
        ],
        "18": [
            "\\nl< >\"Finalmente me sinto um pouco melhor... ",
            "Mas minha língua ainda tá dormente.\""
        ],
        "19": [
            "\\nl< >\"Pimentas realmente são minhas inimigas...\""
        ],
        "20": [
            "Vendo seus lábios levemente inchados, ",
            "Eu comecei a ter pensamentos muito estranhos——"
        ],
        "21": [
            "Verificação Oral"
        ],
        "22": [
            "\\nl< >\"Ehh... não, isso é meio embaraçoso...",
            "\\str[121] vai sentir o cheiro estranho!\""
        ],
        "23": [
            "\\str[120] recusou a verificação oral. ",
            "Talvez meu pedido tenha sido mesmo bem estranho..."
        ],
        "24": [
            "De qualquer forma, eu estou feliz vendo que ela está ",
            "se sentindo melhor, eu preciso tomar cuidado pra não ",
            "fazer comidas tão apimentadas da próxima vez..."
        ],
        "25": [
            "\"Tá tudo bem! Eu só estou preocupado com você!?",
            "É só uma verificada normal!\""
        ],
        "26": [
            "\\nl< >\"Uma ve-verificada, huh?\""
        ],
        "27": [
            "Sobre meu intenso olhar, \\str[120] ficou ainda mais rosada, ",
            "mas seus olhos estavam cheios de gentileza e curiosidade ",
            "e um leve sentimento de antecipação apareceu nas suas ",
            "bochechas rosadas."
        ],
        "28": [
            "\"Pos é, seria ruim se bolhas se formacem na sua boca!\""
        ],
        "29": [
            "\\nl< >\"Ok, entendi... então...",
            "Você pode só olhar, tá? Não faça nada estranho...\""
        ],
        "30": [
            "\\nl< >\"Ah, ahh———\""
        ],
        "31": [
            "\\str[120] não resistiu mais. ",
            "Ficou parada de forma obediente na minha frente ",
            "lentamente movendo sua cabeça para trás e abrindo sua",
            "pequena boca, ela botou envergonhada sua pequena língua pra fora."
        ],
        "32": [
            "Talvez por ter comido muita comida apimentada, sua língua ",
            "parecia especialmente avermelhada, tremendo levemente, ",
            "com saliva transbordando pelo excesso de pimenta com ",
            "gotinhas escorrendo pelos seus lábios macios."
        ],
        "33": [
            "Ela parecia envergonhada e atordoada com",
            "Seus olhos embaçados cheios de lágrimas.",
            "Eu não sabia dizer se ela ainda estava com dor da pimenta."
        ],
        "34": [
            "\\nl< >\"O-\\str[121]——— ainda não terminou?\"",
            "\\w[150]"
        ],
        "35": [
            "Tratamento Oral!"
        ],
        "36": [
            "Com essa visão tão suave e tentadora,eu inconscientemente ",
            "engoli uma onda incontrolável de desejo queimando no meu peito. "
        ],
        "37": [
            "\"\\str[121] vai te ajudar a se sentir melhor, ok?\"",
            "Vai parar de doer logo logo...\""
        ],
        "38": [
            "\\nl< >\"—————Eh?\""
        ],
        "39": [
            "Tomando coragem, eu me aproximei do rosto da \\str[120]",
            "Tirei minha língua para gentilmente tocar sua pequena, suave ",
            "e delicada língua, lenta e suavemente.",
            ""
        ],
        "40": [
            "No momento que nossas línguas se tocaram, ela se contraiu levemente.",
            "Ela pareceu nervosa e confusa com minha ação, mas ela não tentou resistir",
            "Ainda com aqueles grandes olhos aguados fixados em mim",
            "Cheios de curiosidade."
        ],
        "41": [
            "Provando a maciez da sua língua e a doçura em seus lábios, eu esqueci",
            "completamente o meu objetivo original. A sensação da sua língua ",
            "E o calor da sua boca emanava uma sensação poderosa",
            "Tornando minhas ações cada vez mais ousadas e gananciosas enquanto",
            "Eu procurava mais profundamente em busca da sua doce respiração.",
            ""
        ],
        "42": [
            "Os movimentos da sua pequena língua gradualmente se adaptaram aos ",
            "meus. Parece que ela também começou a lentamente corresponder. ",
            "Sua cooperação tímida e gentil, dava a entender uma sutil sensação de ",
            "antecipação e apego."
        ],
        "43": [
            "\\nl< >\"Mmm... haa, \\str[121]...\""
        ],
        "44": [
            "Eu não sei por quanto tempo isso durou, mas a \\str[120]  ",
            "começou a ficar sem ar, seus dedos pressionando levemente ",
            "contra o meu peito enquanto ela soltava gemidos abafados ",
            "até seu pequeno rosto se tornou ainda mais vermelho devido a ",
            "falta de oxigênio.",
            "E só então eu relutantemente me afastei de sua boca.",
            ""
        ],
        "45": [
            "\\nl< >\"Haa... haa...\""
        ],
        "46": [
            "\\nl< >\"Mmph, \\str[121]! ",
            "Você disse que era só uma verificada...!\""
        ],
        "47": [
            "Mesmo que as palavras dela carreguem uma reclamação",
            "Mimada, sua expressão realmente não parecia que estava  ",
            "me reprendendo, parecia mais que ela estava sendo brincalhona."
        ],
        "48": [
            "\"Desculpa, desculpa, eu vou ser mais cuidadoso ná próxima vez...",
            "mas, sua língua não está melhor agora?\""
        ],
        "49": [
            "\\nl< >\"Eh...? Hmm, sim...\""
        ],
        "50": [
            "\\nl< >\"Não...! Isso não é o ponto! ",
            "\\w[160]\\^"
        ],
        "51": [
            "\\nl< >\\{",
            "\\str[121] você é um grande idiota!\""
        ],
        "52": [
            "\\str[120] fugiu."
        ],
        "53": [
            "Eu assisti sua figura tímida e afobada enquanto ela fugia.",
            "Minha boca ainda formigando com a sensação doce e ",
            "molhada do que acabou de acontecer.",
            " ",
            "Um prazer imenso, misturado um uma imensa sensação ",
            "de Taboo se revirava fundo em mim e se recusava a ",
            "desaparecer..."
        ]
    },
    "7": {
        "0": [
            "Hmm... Eu to começando a ficar com fome. ",
            "Já é hora de fazer o jantar."
        ],
        "1": [
            "\"Hey, já tá tudo pronto. ",
            "Hora de levantar, sua dorminhoca. \""
        ],
        "2": [
            "\\nl< >\"Mmnn—\\w[60] deixa eu dormir só mais uma hora...\""
        ],
        "3": [
            "\\str[120] ainda está preguiçosamente na cama, recusando se mover.",
            "Minha nossa… Eu acho que não posso fazer nada sobre isso…"
        ],
        "4": [
            "\"Ahh, por falar nisso, ",
            "hoje vai ter hambúrguer—\""
        ],
        "5": [
            "\\nl< >\"Ugh... To com tanto sono—\""
        ],
        "6": [
            "\\nl< >\"Mas onde está os bifes de hambuerger!? ",
            "Cadê!?\""
        ],
        "7": [
            "\"Parece que isso é aglo que ",
            "você consegue escutar até nos sonhos—\""
        ],
        "8": [
            "\\nl< >\"Ehh... serio!? Isso foi malvado, \\str[121]!\""
        ]
    },
    "5": {
        "0": [
            "Eu segui a \\str[120] até a sala de estar.",
            "A TV já estava ligada e ela já estava enrolada no centro do sofá parecendo um",
            "Passarinho no poleiro abraçando seus joelhos e intensamente vidrada na tela.",
            ""
        ],
        "1": [
            "Que tipo de anime seria esse que ela gosta tanto…? Já que eu nunca ",
            "estou em casa durante o dia, eu não sei o que ela costuma assistir, ",
            "mas vendo ela tão animada de repente, me deixou curioso também, ",
            "então eu acabei ficando sentado no sofá olhando TV."
        ],
        "2": [
            "\\{\\c[27]“Ruby, A Garota da Luz Estelar!”",
            "Episódio 1! ",
            "Uma garota normal e um milagre das estrelas! ",
            "O Contrato se Inicia!"
        ],
        "3": [
            "\\c[27]Ruby é uma garota comum, com notas comuns, ruim em esportes e sem nenhum talento mágico—",
            "mas um dia no caminho de casa, ela foi perseguida por um monstro e foi encurralada em um beco sem saída!",
            "No seu momento de desespero, um misterioso espírito estelar 'Noa' apareceu, ",
            "despertando sua vontade de sobreviver! 'Eu quero viver!' ela gritou naquele momento, "
        ],
        "4": [
            "\\c[27]a luz estelar se espalhou pelo caminho—o contrato do destino está selado!",
            "A sua primeira transformação! Guiada pelo instinto, ela se defendeu e expulsou o monstro!",
            "Olhando para suas mãos brilhando com a luz das estrelas, ",
            "Ruby quase sem fôlego: 'Isso… sou eu?'"
        ],
        "5": [
            "\\nl< >\"Ela se transformou! Isso foi incrível—! ",
            "E o Noa é tão fofo! A luz das estrelas é tão bonita!   \\w[120]",
            "Olha, \\str[121]! A Ruby não conseguia fazer nada antes disso!",
            "Mas no final, ela foi escolhida para se tornar uma garota mágica!\""
        ],
        "6": [
            "\"Aaah, sim…\""
        ],
        "7": [
            "……………………",
            "……………………"
        ],
        "8": [
            "Ela... se transformou assim mesmo?! ",
            "E a luta já acabou?",
            "Um contrato com monstros deveria ter risco de vida…",
            "Será que deixar as crianças verem isso pode dar problemas pra Guilda…?"
        ],
        "9": [
            "Eu olhei para a TV com uma expressão séria, cheia de confusão.",
            "Mas quando eu olhei para os olhos vidrados e boca aberta da \\str[120], ",
            "preenchida de admiração, Eu decidi ficar em silêncio."
        ],
        "10": [
            "\"Realmente, os visuais são bem chamativos. Mas se você estiver gosilêncio…\""
        ],
        "11": [
            "Eu realmente não entendi a drama, mas eu aproveitei um bom ",
            "tempo em silêncio assistindo TV com a \\str[120]!"
        ],
        "12": [
            "O último episódio foi uma bagunça…",
            "Mas a \\str[120] adora, então não deve ser um daqueles animes estranhos?   \\w[60]",
            "Não! Eu não posso julgar baseado só em algumas cenas!",
            "Com isso em mente, eu me encostei na poltrona e olhei pra TV."
        ],
        "13": [
            "\\{\\c[27]“Ruby, A Garota da Luz Estelar!!”",
            "Episódio 2! ",
            "Começa o Treinamento Especial! ",
            "A Libertação Mágica do Caos!"
        ],
        "14": [
            "\\c[27]Começa o Treinamento Especial!",
            "As aulas particulares do Noa sobre poeira estelar testaram os limites da Ruby!",
            "Depois de cair do teto 37 vezes, ela finalmente conseguiu se transformar  ",
            "sozinha, mas sua mágica sai do controle!",
            "\\c[27]O corredor da escola se tornou em uma área de desastre, fachadas de lojas ",
            "explodiram como fogos de artifício pela cidade! Com os cidadãos reclamando e ",
            "os seguranças se aproximando, poderia a garota mágica mais fraca na história",
            "realmente reverter a situação sob o treinamento brutal do Noa?!"
        ],
        "15": [
            "\\nl< >\"Ahh… pobre Ruby…    \\w[90]",
            "Ela deve estar tão frustrada… Ela recém ganhou seus poderes, ",
            "e ela ainda não se acostumou com eles.\""
        ],
        "16": [
            "\"Yeah, é realmente difícil de assistir…\""
        ],
        "17": [
            "Isso não seria… basicamente abuso de trabalho forçado infantil…?",
            "E esse espírito estelar Noa também…",
            "Como ele conseguiu formar qualquer contrato bem sucedido como esse ",
            "no passado…?"
        ],
        "18": [
            "Não querendo estragar o programa da \\str[120],",
            "Eu só resmunguei silenciosamente na minha cabeça—"
        ],
        "19": [
            "\\{\\c[27]“Ruby A Garota da Luz Estelar!”",
            "Episódio 3! ",
            "O primeiro confronto entre as chamas e Poeira Estelar!"
        ],
        "20": [
            "\\c[27]A nova aluna transferida misteriosa Reina fez uma grande entrada!",
            "Sua intensa chama mágica completamente sobrecarregou a desajeitada magia estelar da Ruby!",
            "Por detrás de seu olhar gelado jaz um passado doloroso—",
            "Quando a novata excitante encontra a guerreira forjada na batalha!",
            "\\c[27]Seus ideais conflitantes entram em atrito quando monstros atacam!",
            "Poderiam magia estela e fogo realmente trabalharem juntas?!"
        ],
        "21": [
            "\\nl< >\"Reina é assustadora… mas ela é tão forte!   \\w[90]",
            "Mas, a Ruby precisa de parceiros fortes como ela né?      \\w[90]",
            "Elas vão se tornar boas amigas, não vão?\""
        ],
        "22": [
            "Yeah, Reina é bem legal…",
            "Ela definitivamente vai ser uma experiente e confiável parceira.”"
        ],
        "23": [
            "Eu concordei com a cabeça para a \\str[120],",
            "assistindo as batalhas chamativas e animações incríveis no novo Episódio—",
            "Pra ser honesto, eu também estava começando a gostar."
        ],
        "24": [
            "Agora eu meio que estou ansioso para o próximo Episódio!",
            "Eu tive um bom e calmo momento assistindo Anime com a \\str[120]!"
        ],
        "25": [
            "Eu comecei a assistir casualmente Mas acabei maratonando vários ",
            "episódios sem nem perceber…",
            "O ritmo parece meio caotíco, mas o cenário é surpreendentemente ",
            "interessante.   \\w[60]",
            "Vendo a \\str[120] tão imersa nisso, eu acho que estou começando a entender.",
            "O que vai acontecer em seguida…? ",
            "Eu me encostei no sofá, atraído pela TV sem nem perceber."
        ],
        "26": [
            "\\{\\c[27]“Ruby A Garota da Luz Estelar!!”",
            "Episódio 4! ",
            "Sussurros Sombrios Sob o Festival das Luzes!"
        ],
        "27": [
            "\\c[27]O festival da escola começou com tudo! ",
            "Ruby e Reina são forçadas a cuidar de uma barraquinha juntas!",
            "Máquina de algodão doce explodindo! A bola de cristal da vidente se estilhaçou!",
            "A pior dupla nasce! Mas sussurros estranhos nos cantos chamam a atenção de Noa—",
            "\\c[27]Naqueles profundos olhos amarelos… uma névoa negra e sinistra borbulha!",
            "Como os fogos de artifício acende o céu, uma sombra que espreitava começou a se espalhar!",
            "Quais segredos estão escondidos nas profundezas do animado festival?!"
        ],
        "28": [
            "\\nl< >\"O festival da escola pareceu tão divertido!     \\w[90]",
            "Ruby e Reina parecem estar ficando amigas também…!\""
        ],
        "29": [
            "\"Parece bem divertido, sim…  \\}",
            "Mas vamos falar sério, o relacionamento delas está totalmente desmoronando…\""
        ],
        "30": [
            "\\{\\c[27]“Ruby A Garota da Luz Estelar!!”",
            "Episódio 5! ",
            "A Dura Verdade por trás do Passado Escaldante!"
        ],
        "31": [
            "\\c[27]Uma repentina investigação sobre os acontecimentos da névoa negra se inicia! ",
            "Reina mostra hostilidade com a vítima?! Nas profundezas de uma ",
            "capela abandonada, as marcas de garras de um demônio corruptor de corações reabrem ",
            "suas memórias— Magias de fogo saem do controle! ",
            "\\c[27]Bonecas carbonizadas e molduras de fotografias se incendeiam em chamas!",
            "'Minha cidade… é assim que ela se torna em cinzas!' Reina grita a verdade, lágrimas ",
            "escorrendo pelo seu rosto! E nesse momento, no subsolo da escola outro demônio corruptor",
            "de corações desperta! Velhas feridas ainda não curadas… Estão prestes a se reabrir novamente?!"
        ],
        "32": [
            "\\nl< >\"Como isso pode acontecer… ",
            "Eu não fazia ideia que a Reina-chan tinha esse tipo de passado…     \\w[90]",
            "\\str[121], o que vai acontecer com elas agora…?\""
        ],
        "33": [
            "\"T-tudo vai ficar bem! Elas ainda tem magía, não é!?",
            "Talvez a Ruby vai ter seu grande momento no próximo episódio!?\""
        ],
        "34": [
            "Eu gesticulei com os braços, tentando confortar a \\str[120].",
            "espera, isso não era pra ser uma história sobre o bonito",
            "laço de amizade entre garotas!? Mas a trama está esquentando—",
            "vai ter que ter uma cena épica de resolução vindo logo, certo?!?"
        ],
        "35": [
            "Estou totalmente animado para o próximo episódio!",
            "Compartilhei um momento tenso mas excitante assistindo Anime com a \\str[120]!"
        ]
    },
    "8": {
        "0": [
            "Quando eu cheguei no quarto da \\str[120]",
            "eu encontrei ela deitada no chão igual",
            "um bacalhau seco, completamente desconectada."
        ],
        "1": [
            "O calor sufocante lá fora claramente já invadiu a casa, ",
            "o ar estava escaldante quando chegou até mim."
        ],
        "2": [
            "Eu não posso deixar isso assim, eu preciso ",
            "pensar em uma forma de ajudar a \\str[120] se refrescar…!"
        ],
        "3": [
            "Eu me esforcei pra cuidar da \\str[120] ",
            "que já estava quase tendo uma insolação.",
            "Só quando o pôr do sol pintou o céu de vermelho ",
            "ela finalmente começou a se recuperar…"
        ],
        "4": [
            "Nós dois lambemos desesperadamente os picoles tentando se refrescar,",
            "mas ainda com ondas e ondas de calor passando por nós, ",
            "nós ainda acabamos totalmente encharcados de suor."
        ],
        "5": [
            "\\str[120] se sentindo tão desconfortável, esqueceu completamente da sua timidez, ",
            "e ficou levantando a bainha de sua blusa para criar algum tipo de briza."
        ],
        "6": [
            "\\nl< >\"Tá tão quente… Eu só quero tomar um banho…\""
        ],
        "7": [
            "Eu vou junto!",
            "Vamos lá!"
        ],
        "8": [
            "\\nl< >\"Sem chance, tá muito quente pra ficar amontoado desse jeito!\""
        ],
        "9": [
            "\\nl< >\"Credo! Para de brincar em uma hora como essa!\""
        ],
        "10": [
            "Pois é, é verão afinal…",
            "mas ainda assim, eu me senti um pouco solitário…"
        ],
        "11": [
            "Por estar tão quente, eu e a mita \\str[120] nos revezamos no banho,",
            "mas pouco depois de terminar, nós já estávamos suando novamente.",
            "E continuamos nesse ciclo até a noite chegar…"
        ],
        "12": [
            "De mansinho…",
            "De mansinho…",
            "Eu fui até a porta da \\str[120] na ponta dos pés ."
        ],
        "13": [
            "\"Olhando————  \\w[60]",
            "Qu-que!?\""
        ],
        "14": [
            "Eu pensei que a \\str[120] estava tirando um cochilo, ",
            "mas ela tava confortavelmente descansando em frente ao ventilador."
        ],
        "15": [
            "Ela deve ter pensado que não tinha ninguém em casa e",
            "relaxou completamente, sem nem notar o quão indefesa",
            "sua postura parecia para os outros."
        ],
        "16": [
            "Ela deve ter pensado que não tinha ninguém em casa",
            "e relaxou completamente, ela até tirou a calcinha."
        ],
        "17": [
            "Após agradar meus olhos por alguns momentos, ",
            "eu me senti envergonhado demais pra continuar assistindo.",
            "Então eu silenciosamente saí e voltei para a entrada de casa."
        ],
        "18": [
            "Uma vez que eu instalei o ventilador, ",
            "o ar no ambiente começou a circular, ",
            "tornando o quarto confortável e refrescante."
        ],
        "19": [
            "\\nl< >\"Ohhh—tão geladinho, com isso eu me sinto bem~!\""
        ],
        "20": [
            "\"Qual é, não fica sentada na frente do ventilador desse jeito! ",
            "Você vai pegar um resfriado!\""
        ],
        "21": [
            "\\str[120] mordeu seu picolé sentada na frente da briza, ",
            "parecendo estar completamente emocionada."
        ],
        "22": [
            "Depois de rapidamente terminar um picolé, ",
            "eu senti que minha temperatura baixou notavelmente.",
            " ",
            " ",
            "Mesmo que as cigarras lá fora continuassem zumbindo ",
            "e as ondas de calor continuassem entrando, ao menos eu",
            "não sentia mais que estava prestes a ser assado vivo…"
        ],
        "23": [
            "Mas a \\str[120] ainda não parecia refrescada o suficiente,",
            "e preguiçosamente deitou no chão aproveitando confortavelmente ",
            "o ventilador."
        ],
        "24": [
            "Para uma menina, essa postura era um pouco indecente.",
            "Eu queria avisar isso à ela, mas ao invés disso minha atenção ",
            "foi roubada pelo visão não intencional de fanservice."
        ],
        "25": [
            "\\{Bem, no fim das contas é verão!!"
        ]
    },
    "9": {
        "0": [
            "Estou entediado…",
            "Quero um pouco de melancia~"
        ],
        "1": [
            "\\nl< >\"Tá tão quente… Eu quero muito tomar um banho…\""
        ],
        "2": [
            "\\nl< >\"\\str[121]… você quer um picolé?\""
        ],
        "3": [
            "Conversar",
            "Fazer carinho",
            "Refrigerante",
            "Cochilar"
        ],
        "4": [
            "\\nl< >\"Ainda tá muito quente…",
            "Em momentos como esse, um cochilo é a melhor escolha~\""
        ],
        "5": [
            "Verdade, ao pôr do sol o calor não vai ser mais tão forte…"
        ],
        "6": [
            "Eu tirei uma soneca com a \\str[120] na fresca briza até escurecer."
        ],
        "7": [
            "Bom, ainda tem aquela garrafa grande de refrigerante na geladeira ",
            "que comprei daquela máquina estranha.",
            "Com o tempo tão quente, a \\str[120] definitivamente ficaria ",
            "feliz em tomar um pouco, certo?"
        ],
        "8": [
            "\\nl< >\"\\{Refri Gelado!?         \\}\\w[60]",
            "Eu quero! Eu quero!\""
        ],
        "9": [
            "Deu pra ver que a \\str[120] parecia encantada,",
            "então, o que eu devo fazer—"
        ],
        "10": [
            "Chacoalhar",
            "Só Entregar"
        ],
        "11": [
            "Esse parece ser um refrigerante especial",
            "diz que ele tem mais gás que o normal…",
            "E se eu chacoalhar ele um pouquinho…"
        ],
        "12": [
            "Pensando nisso …",
            "Eu não consegui resistir e escondido, dei uma",
            "chacoalhada na garrafa e então entreguei para a \\str[120]…"
        ],
        "13": [
            "\\str[120] é claro, levou um jato de refrigerante",
            "na cara enquanto a garrafa quase explodia.",
            "E depois, ela me fez ‘pagar por isso’ me forçando a ",
            "engolir quase toda a garrafa."
        ],
        "14": [
            "O resultado, ela engoliu quase toda a garrafa",
            "de uma vez só com se estivesse a uma semana sem beber nada…",
            "Deu pra ver claramente a barriga dela inchando.",
            "I-isso é… mesmo normal!?"
        ],
        "15": [
            "Já que ela estava encharcada de refrigerante, ",
            "a hora que ela terminou de tomar banho e se trocar,",
            "o céu já estava ficando escuro."
        ],
        "16": [
            "\\nl< >\"Uwaaahhh—mmmmmffff!!\""
        ],
        "17": [
            "Talvez por experiência passada, essa vez ela reagiu instantaneamente,",
            "instintivamente abocanhando a boca da garrafa para tentar ",
            "fazer o jato sujar tudo ao redor."
        ],
        "18": [
            "Mas esse refrigerante era tinha muito mais gás que o normal, ",
            "sua boquinha não conseguiu selar completamente a garrafa,",
            "e bolhas continuavam escapando pelos cantos do seus ",
            "lábios e escorrendo para as bochechas…"
        ],
        "19": [
            "No final, ela parecia igual um hamster desajeitado ",
            "com seu rosto completamente coberto em refrigerante."
        ],
        "20": [
            "\\nl< >\"\\w[121], seus tapinhas são ",
            "muito fortes! Sem chance!\""
        ],
        "21": [
            "Pervertido",
            "Verão"
        ],
        "22": [
            "\"Não ficaria mais fresquinho se você tirasse??\""
        ],
        "23": [
            "Eu sugeri para a \\str[120]…",
            "é, essa realmente não é uma ideia estranha…"
        ],
        "24": [
            "\\nl< >\"Eh… mas, eu ainda me sinto meio envergonhada…\""
        ],
        "25": [
            "Sem dúvidas, ela me recusou.",
            "Hmm—parece que eu vou ter que iniciar as coisas aqui—"
        ],
        "26": [
            "\"…Posso chegar um pouco mais perto e te cheirar?\""
        ],
        "27": [
            "Vendo o suor brilhante escorrendo pelo seu pescoço, ",
            "Eu não consegui me segurar e pedi."
        ],
        "28": [
            "\\nl< >\"Que? Eu to toda suada, eu devo tá fedendo!\""
        ],
        "29": [
            "\"Não, não, \\str[120] definitivamente cheirava muito bem!\""
        ],
        "30": [
            "\\nl< >\"Geez, não tem como isso ser verdade!\""
        ],
        "31": [
            "\"Dai eu vou te deixar me cheirar também——",
            "\\w[30]\\^"
        ],
        "32": [
            "\\nl< >\"Nem pensar! \\str[121], ",
            "você definitivamente tá fedendo.\""
        ],
        "33": [
            "\\{",
            "\"Ugh…!\""
        ],
        "34": [
            "E desse jeito, eu fui totalmente rejeitado."
        ],
        "35": [
            "Pegos pelo calor do verão, eu conversei com a",
            "\\str[120] sobre todos os tipos de assuntos pervertidos,",
            "mas ainda tava tão quente!"
        ],
        "36": [
            "\\nl< >\"O som das cigarras… as vezes é realmente muto barulhento…\""
        ],
        "37": [
            "Bem, ao final de contas, é verão."
        ],
        "38": [
            "\\nl< >\"Parece que todo mundo come melancia nessa estação,",
            "eu meio que queria experimentar também~\""
        ],
        "39": [
            "Hmm… melancia, huh… onde eu poderia achar uma?"
        ],
        "40": [
            "\\nl< >\"Em momentos como esse, picoles ainda são a melhor coisa!",
            "\\w[120]\\^"
        ],
        "41": [
            "\\nl< > Ughhh… minha cabeça doi…!      \\w[60]",
            "Mas o sentimento é tão bom!\""
        ],
        "42": [
            "Eh… quantos mesmo ela já comeu…?"
        ],
        "43": [
            "\\nl< >\"Tem mesmo alguma diferença entre o oceano e a banheira??",
            "Eu não entendi mesmo…\""
        ],
        "44": [
            "Oh, Ela nunca pode ver o oceano.",
            "Será que existe uma forma que eu possa fazer ela  ",
            "se sentir na beira do mar…"
        ],
        "45": [
            "Pego no calor do verão, ",
            "Eu conversei com ela sobre todo tipo de ",
            "assuntos do verão, mas ainda estava muito quente!"
        ]
    },
    "10": {
        "0": [
            "\\{\\c[27]Bem Vindos ao Episódio 54 do ",
            "Show Gourmet da Coelhina!",
            "O tema de hoje é—",
            "como fazer um irresistivel e suculento hamburger de carne!"
        ],
        "1": [
            "\\{\\c[27]Agora vamos receber nossa querida Coelha-Maid,",
            "que vai nos mostrar sua incível técnica de cozinha!"
        ],
        "2": [
            "\\{\\c[27]Huh!? Isso foi rápido de mais!",
            "A Coelha-Maid já terminou!!",
            "Contemplem! O lendário e delicioso Hamburger!!"
        ],
        "3": [
            "\\{\\c[27]E por hoje é isso pessoal!",
            "Obrigada pela audiência",
            "vemos vocês na próxima!"
        ],
        "4": [
            "O que… foi isso?",
            "Eu não entendi nenhuma palavra…"
        ],
        "5": [
            "E… já acabou."
        ]
    }
}
