{
    "7": {
        "1": [
            "Encontrei uma fogueira...",
            "O que eu devo fazer agora?"
        ],
        "2": [
            "Descansar",
            "Não fazer nada"
        ],
        "objectName": [
            "Fogueira"
        ],
        "sentouryoku": [
            "???"
        ],
        "description": [
            ""
        ]
    },
    "8": {
        "1": [
            "Uma ASABA olha pra mim com expectativa—",
            "Será que ela sentiu algum cheiro em mim...?"
        ],
        "2": [
            "ASABA olha pra mim com curiosidade—",
            "Será que ela sentiu algum cheiro em mim...?"
        ],
        "3": [
            "Uma ASABA olha com nojo para mim —",
            "Será que eu a deixei chateada...?"
        ],
        "4": [
            "Será que eu devo alimentar ASABA?"
        ],
        "5": [
            "Alimentar!",
            "Eu não quero fazer isso"
        ],
        "6": [
            "ASABA terminou de comer e me olha com um olhar vazio—",
            "Talvez ela não tenha gostado..."
        ],
        "7": [
            "ASABA parece muito satisfeita com o morango—",
            "Recebeu uma estranha bênção da ASABA!"
        ],
        "8": [
            "ASABA olha com nojo para mim —",
            "Isso foi ruim...? A comida..."
        ],
        "9": [
            ".................?!  \\w[45]",
            "ASABA está... quebrada!!"
        ],
        "10": [
            "ASABA já está satisfeita—"
        ],
        "11": [
            "………………!",
            "Agora ASABA guarda rancor de mim…"
        ],
        "objectName": [
            "\\c[116]A↗SA↘BA↗"
        ],
        "sentouryoku": [
            "2333"
        ],
        "subtitle": [
            "Reside no Caminho do aventureiro"
        ],
        "bossName": [
            "O devorador de Frutinhas"
        ],
        "description": [
            "Uma criatura estranha que adora devorar morangos",
            "Tem uma pele muito grossa e defesa absurda, mas sendo ",
            "tão aficionado por morangos, ",
            "não tem o instinto de atacar. Por isso,",
            "aventureiros que passam muitas vezes acabam o alimentando…"
        ]
    },
    "9": {
        "objectName": [
            "\\c[116]Peixe"
        ],
        "sentouryoku": [
            "1"
        ],
        "description": [
            "A sombra de um peixe nadando rápidamente em baixo da água ",
            "foge quando percepe alguém se aproximar.",
            "Qual seria a maneira correta de capturá-los...?"
        ]
    },
    "14": {
        "objectName": [
            "\\c[116]Bolha Misteriosa"
        ],
        "sentouryoku": [
            "1"
        ],
        "description": [
            "Parec ter algo em baixo da água..."
        ]
    },
    "24": {
        "1": [
            "……Usa?",
            "Por que você é tão feia usa…?"
        ],
        "2": [
            "Usa…… Eu sinto o cheiro…",
            "você tem cheiro de cenouras, usa…"
        ],
        "objectName": [
            "\\c[114]Coelha-Maid"
        ],
        "sentouryoku": [
            "?77"
        ],
        "description": [
            "Uma garota estranha, sempre vestida como Maid e com orelhas de coelho.",
            "Possuí a habilidade de teletransporte, ",
            "aparece de todos os tipos de buracos estranhos.",
            "Frequentemente provoca aventureiros, mas normalmente é inofensiva.."
        ]
    },
    "28": {
        "objectName": [
            "Sacabambaspis Gigante"
        ],
        "subtitle": [
            "Reside na água"
        ],
        "bossName": [
            "O senhor do Rio—ele não estava extinto!?"
        ],
        "sentouryoku": [
            "999"
        ],
        "description": [
            ""
        ]
    },
    "32": {
        "1": [
            "Ainda no rio!"
        ],
        "2": [
            "Eu encontrei uma estranha máquina de gacha...",
            "Sua expressão parece a da \\str[120]..."
        ],
        "3": [
            "Tentar inserir dinheiro",
            "Tentar a alimentar"
        ],
        "4": [
            "Mas eu não tenho dinheiro o suficiente para alimentá-la…"
        ],
        "5": [
            "Será que eu realmente deveria alimentá-la ",
            "\\ii[\u000b[90]]…?"
        ],
        "6": [
            "Yep",
            "Nope"
        ],
        "objectName": [
            "Gacha Misterioso"
        ],
        "sentouryoku": [
            "9"
        ],
        "description": [
            "Uma máquina de Gacha invocada por uma carta de Tarot.",
            "Ela devora qualquer coisa que o aventureiro ofereça.",
            "Quando satisfeita, ela roda alegremente e ",
            "finalmente cospe uma cápsula com uma recompensa dentro.",
            "Mas tome cuidado para não alimentá-la em excesso, embora seja",
            "uma máquina, parece que ela pode ter intoxicação alimentar..."
        ]
    },
    "41": {
        "1": [
            "Olá~! Bem vindo, nya♪ Pode olhar a vontade,",
            "e qualquer coisa é só me chamar, nya!"
        ],
        "objectName": [
            "Entregas da \\c[114]NLCH!"
        ],
        "sentouryoku": [
            "?999"
        ],
        "description": [
            "Uma lojinha ambulante mantida por duas Nekomimis.",
            "Elas aparecem espalhafatosamente quando chamadas por aventureiros.",
            "Os produtos são basicamente lixo que encontraram no Abismo.",
            "Mas cuidado, os preços podem ser superfaturados.",
            "Se ficar olhando muito, você vai ser espancado...",
            "PS:\\c[2]Estão na lista negra das Coelhas-Maid ",
            "\\c[2]por roubar clientes."
        ]
    },
    "43": {
        "objectName": [
            "Cogumelo Ambulante"
        ],
        "sentouryoku": [
            "120"
        ],
        "description": [
            "Um monstro estranho normalmente encontrado na selva, ",
            "muito maior que um cogumelo normal.",
            "Ele é agressivo e pode andar livremente com suas pernas.",
            "Porém, são deliciosos e minha coisa favorita, ",
            "são alvos de aventureiros e chefs."
        ]
    },
    "51": {
        "objectName": [
            "\\c[116]Mini Orc"
        ],
        "sentouryoku": [
            "320"
        ],
        "description": [
            "Um Orc jovem, ainda na fase de desenvolvimento, ",
            "mas já tem um tamanho similar a um humano.",
            "Ele reage vorazmente ao ver coisas vivas ",
            "absorvendo sua força vital."
        ]
    },
    "53": {
        "objectName": [
            "Zumbi"
        ],
        "sentouryoku": [
            "210"
        ],
        "description": [
            "Um defunto reanimado com necromancia.",
            "Eles ainda são agressivos e possuem  ",
            "um poder de combate considerável."
        ]
    },
    "59": {
        "objectName": [
            "Coelho Branco do País das Maravilhas"
        ],
        "subtitle": [
            "Habitando a Floresta da Ruína"
        ],
        "bossName": [
            "Coelho Branco do País das Maravilhas"
        ],
        "sentouryoku": [
            "???"
        ],
        "description": [
            ""
        ]
    },
    "65": {
        "objectName": [
            "\\c[116]Pássaro Monstruoso"
        ],
        "sentouryoku": [
            "260"
        ],
        "description": [
            "Uma besta aviária gigante.",
            "Ele ataca aventureiros com seu grande corpo, ",
            "e também utiliza ataques sônicos, então tome cuidado."
        ]
    },
    "66": {
        "1": [
            "Parece que o Gato Lesma ",
            "gostou muito de mim..."
        ],
        "objectName": [
            "\\c[114]Gato Lesma Laranja Malhado"
        ],
        "sentouryoku": [
            "?10"
        ],
        "description": [
            "Uma lesma que teve uma mutação depois de comer ",
            "um adorável gatinho por acidente, e se tornou",
            "super fofinha também como resultado.",
            "Ela perdeu seu instinto de atacar,",
            "mas vai se eriçar como um gato quando ameaçada..."
        ]
    },
    "67": {
        "1": [
            "Parece que o Gato Lesma ",
            "gostou muito de mim..."
        ],
        "objectName": [
            "\\c[114]Gato Lesma Tricolor Listrado"
        ],
        "sentouryoku": [
            "?10"
        ],
        "description": [
            "Uma lesma que teve uma mutação depois de comer ",
            "um adorável gatinho por acidente, e se tornou",
            "super fofinha também como resultado.",
            "Ela perdeu seu instinto de atacar,",
            "mas vai se eriçar como um gato quando ameaçada..."
        ]
    },
    "68": {
        "1": [
            "Parece que o Gato Lesma ",
            "gostou muito de mim..."
        ],
        "objectName": [
            "\\c[114]Gato Lesma Branco Malhado"
        ],
        "sentouryoku": [
            "?10"
        ],
        "description": [
            "Uma lesma que teve uma mutação depois de comer ",
            "um adorável gatinho por acidente e se tornou",
            "super fofinha também como resultado.",
            "Ela perdeu seu instinto de atacar",
            "mas vai se eriçar como um gato quando ameaçada..."
        ]
    },
    "69": {
        "1": [
            "Parece que o Gato Lesma ",
            "gostou muito de mim..."
        ],
        "objectName": [
            "\\c[114]Gato Lesma Siamês"
        ],
        "sentouryoku": [
            "?10"
        ],
        "description": [
            "Uma lesma que teve uma mutação depois de comer ",
            "um adorável gatinho por acidente, e se tornou",
            "super fofinha também como resultado.",
            "Ela perdeu seu instinto de atacar,",
            "mas vai se eriçar como um gato quando ameaçada..."
        ]
    },
    "70": {
        "objectName": [
            "Fada Banana"
        ],
        "sentouryoku": [
            "?10"
        ],
        "description": [
            "Uma criatura…? com formato de banana.",
            "Uma fada nascida sobre a influência da aura Abissal ",
            "Apresenta pouco perigo para os aventureiros.",
            "Contudo, há rumores que ela pode ",
            "facilmente lançar pessoas pro ar…"
        ]
    },
    "71": {
        "objectName": [
            "Fada Maçã"
        ],
        "sentouryoku": [
            "?10"
        ],
        "description": [
            "Uma criatura…? com formato de Maçã.",
            "Uma fada nascida sobre a influência da aura Abissal ",
            "Apresenta pouco perogo para os aventureiros.",
            "Contudo, há rumores que ela pode ",
            "facilmente lançar pessoas pro ar…"
        ]
    },
    "72": {
        "objectName": [
            "\\c[115]Mão Decepada do Mago"
        ],
        "sentouryoku": [
            "480"
        ],
        "description": [
            "Um membro decepado de um mago que já morreu.",
            "Ninguém sabe o que aconteceu com seu dono original,",
            "Mas totalmente embebida em necromancia, ela continua ativa.",
            "Aventureiros costumam a ver fazendo gestos óbvios ",
            "durante o ataque."
        ]
    },
    "73": {
        "objectName": [
            "Água Esquisita"
        ],
        "sentouryoku": [
            "180"
        ],
        "description": [
            "Uma criatura elemental alquímica composta de ",
            "qualquer coisa que possua magia elemental.",
            "Ela tem uma grande resistência a ataques físicos,",
            "mas não consegue sobreviver em ambientes sem água."
        ]
    },
    "77": {
        "objectName": [
            "\\c[115]Gato Demoníaco"
        ],
        "sentouryoku": [
            "300"
        ],
        "description": [
            "Um gato selvagem possuído por poder demoníaco.",
            "Ganhou a habilidade de voar junto aos ",
            "poderes de magia sombria. Mas ainda assim, ",
            "ainda é só um gato—",
            "No máximo dispara pequenas rajadas de magia."
        ]
    },
    "78": {
        "objectName": [
            "\\c[115]Espírito vingativo"
        ],
        "sentouryoku": [
            "400"
        ],
        "description": [
            "Uma criatura mágica nascida através de necromancia da alma ",
            "de alguém muito rancoroso. Ela vaga eternamente por cemitérios, ",
            "tem uma grande resistência a ataques físicos,",
            "e pode lançar fogo fantasma altamente letal."
        ]
    },
    "80": {
        "bossName": [
            "Besta Frenética Carmesim"
        ],
        "subtitle": [
            "Habita as Catacumbas Esquecidas"
        ],
        "sentouryoku": [
            "1600"
        ],
        "description": [
            ""
        ]
    },
    "87": {
        "objectName": [
            "Slime Herbívora"
        ],
        "sentouryoku": [
            "60"
        ],
        "description": [
            "Uma criatura muito comum encontrada nos arredores do ",
            "Abismo. É envolvida por uma coloração esverdeada devido ao ",
            "seu hábito alimentar baseado em plantas. Quando algo se ",
            "aproxima de repente, ela fica agitada e começa a ",
            "borrifar musgo corrosivo."
        ]
    },
    "88": {
        "objectName": [
            "Slime Jack"
        ],
        "sentouryoku": [
            "999"
        ],
        "description": [
            "Uma Slime que acidentalmente consumiu um Jack Bomb.",
            "Pode não explodir instantaneamente, ",
            "se mantém extremamente instável e agitada, se ",
            "provocada ela vai se autodestruir."
        ]
    },
    "89": {
        "objectName": [
            "\\c[116]Slime Espectral"
        ],
        "sentouryoku": [
            "340"
        ],
        "description": [
            "Uma Slime transformada pela influência do ambiente ",
            "de um cemitério. Ela ataca agressivamente aventureiros ",
            "como um zumbi, e com sua aura letal se torna ",
            "ainda mais perversa.",
            "Seu corpo pode infectar ouinfluência criaturas com o simples contato, ",
            "podendo causar morte instantânea se você ficar distraído..."
        ]
    },
    "90": {
        "objectName": [
            "\\c[116]Slime Congelada"
        ],
        "sentouryoku": [
            "400"
        ],
        "description": [
            "Uma Slime transformada depois de absorver magia de ",
            "uma fonte desconhecida. Ela prospera em ambientes aquáticos ",
            "e pode criar uma grossa armadura de gelo com sua maia. ",
            "It absorbs large amounts of water, ",
            "rapidly cools it, and blasts it at adventurers."
        ]
    },
    "91": {
        "objectName": [
            "\\c[116]Slime Estalante"
        ],
        "sentouryoku": [
            "280"
        ],
        "description": [
            "Uma Slime cintilante que pode usar descargas de energia ",
            "por todo o seu corpo. Nem mesmo as Slimes sabem o que ",
            "comer para se transformar dessa forma. Mas nesse estado ",
            "lançando eletricidade livremente, chegar perto é perigoso..."
        ]
    },
    "92": {
        "objectName": [
            "Slime Mineral"
        ],
        "sentouryoku": [
            "350"
        ],
        "description": [
            "Uma Slime que consumiu critais infusos com magia, ",
            "assim enrijecendo seu corpo. Duros minerais crescem na ",
            "sua superfície, formando armas letais.",
            "Mesmo sendo resistente, no fundo ainda é uma Slime. ",
            "E os minérios que ela dropa parecem ser bastante valiosos…"
        ]
    },
    "97": {
        "1": [
            "Meu deus~ Mas que convidado especial~ Hehe~",
            "Eu tenho algumas coisas boas aqui, não precisa ter pressa♥"
        ],
        "2": [
            "Yaho~! Que coincidência~ Tão bom te ver aqui novamente~!",
            "Seria o destino~? Ou talvez você seja muito sortudo~?"
        ],
        "3": [
            "Hehe, de qualquer forma~! Quando a sorte está ao seu lado, é ",
            "melhor tomar cuidado, alguém pode simplesmente roubar ela de você♥"
        ],
        "4": [
            "Minha loja é de um tipo especial, sabe né~",
            "Eu vendo coisas que você não acharia em qualquer outro lugar~"
        ],
        "5": [
            "Mhm~ Qual é? Seu rosto está todo vermelho~ \\w[45]Hehe~ \\w[45]",
            "Por acaso eu te deixei encantado? É que você é tão fofo~"
        ],
        "6": [
            "Esses itens são…",
            "Mas quem é você…?"
        ],
        "7": [
            "Aha♥ Safaa~dos~ Só para Maioo~res~",
            "Você gosta desse tipo de coisa, heim?"
        ],
        "8": [
            "Mas claro~ Eu tenho aqui♥",
            "onii-san... Você está interessado~?"
        ],
        "9": [
            "Oh~ quer saber mais sobre mim",
            "Justo~ Eu nem me apresentei, não é~"
        ],
        "10": [
            "Bem, então, eu sou~ a Arquidemônia das ",
            "profundezas do Abismo! Aki~!"
        ],
        "11": [
            "Hey! Não olha pra mim com essa cara assustada~",
            "Hoje eu to aqui só pra fazer algumas vendas~!"
        ],
        "12": [
            "Sniff sniff…",
            "\\w[90]\\^"
        ],
        "13": [
            "Siim! Esse cheiro!",
            "Isso é! Me daa♥ Por Favorzinho~!"
        ],
        "14": [
            "Vamo lá~",
            "Você vai me dar, não vai♥"
        ],
        "15": [
            "(Ahh, então era o salmão na minha bolsa ",
            "ele atraiu ela ate aqui...)"
        ],
        "16": [
            "Mhm mhm~! Isso é exatamente o que eu queria!",
            "Eu vou me certificar de te agradecer certinho♥"
        ],
        "17": [
            "Por Favorzinho~ Só um pedacinho já tá bom…",
            "Me dá um pouquinho ? Muito por favorzinho♥"
        ],
        "18": [
            "(O que eu devo fazer… Parece que",
            "essa pirralha realmente quer muito esse salmão…)"
        ],
        "19": [
            "Não dar nada"
        ],
        "20": [
            "Hoh~    \\w[45]",
            "Você se atreve a desafiar a Lady Aki?"
        ],
        "21": [
            "Tsk tsk~ Que menino travesso~!",
            "Parece que terei que puni-lo adequadamente♥"
        ],
        "22": [
            "\\>\\c[10]《Contrato de Ritual demoníaco: Humano de coração puro está totalmente Amaldiçoado =",
            "\\>De hoje em diante, sua vida estará no modo Infernal》!!     \\w[90]"
        ],
        "23": [
            "E assim—",
            "Você foi amaldiçoado—"
        ],
        "24": [
            "Olha quanto salmão pra mim♥ Você é um docinho, onii-san~",
            "Tá tentando ganhar meu coração, hein~?"
        ],
        "25": [
            "Tão fofo♥ Eu só não consigo resistir~",
            "Hehe~!"
        ],
        "26": [
            "Leva essa fofura pra você~",
            "Se você quiser me encontrar, é só mandar uma mensagem~♥"
        ],
        "27": [
            "Você quer comprar esse ítem?",
            "Claro~ Eu vendo ele pra você~!"
        ],
        "28": [
            "Ah! Mas sabe né, Eu realmente não me importo com dinheiro~",
            "Para uma demonia como eu, essas coisas são totalmente inúteis~"
        ],
        "29": [
            "Hmm, to vendo que você é bem fortinho e musculoso,",
            "Então eu tenho certeza que você vai conseguir~!"
        ],
        "30": [
            "...Hehe, se você quiser esse item~!",
            "Você vai precisar trocar ele por salmão~!"
        ],
        "31": [
            "Tam água por toda parte aqui perto, percebeu?",
            "Não deve ser tão difícil de você pegar alguns peixinhos~?"
        ],
        "32": [
            "Se você achou que esse era o fim, você tá tãaao errado~♥",
            "A não ser que você reflita bem, eu nunca vou deixar você escapar!"
        ],
        "33": [
            "E também~ Essa maldição? ",
            "Ela vai ficar com você por um tempo~♥"
        ],
        "34": [
            "Ahaha♥ Mas que dor, huh~?",
            "Aposto que isso deve ser muito incomodo pra você, onii-san♥"
        ],
        "35": [
            "Aww~ Quer implorar pra que eu quebre a maldição~?",
            "O que eu deveria fazer~♥"
        ],
        "36": [
            "E se eu disser não~? O que você vai fazer~?",
            "Aww, não me olha com essa carinha~ Isso não vai funcionar comigo~"
        ],
        "37": [
            "Agora eu quero te maltratar ainda mais, onii-san♥",
            "Sem quebra de maldição pra você~ Ahaha♥"
        ],
        "38": [
            "Wow, você tá realmente desesperado, huh? Mas que ZAKO♥",
            "Me mostre que você está arrependido com mais sinceridade~♥"
        ],
        "39": [
            "(Se eu quiser quebrar a maldição…",
            "Eu acho que realmente vou ter que oferecer mais peixes pra ela…)"
        ],
        "40": [
            "Waa~! Brigadão",
            "onii-san~♥"
        ],
        "41": [
            "Olha quanto salmão pra mim♥ sluuurp♥",
            "Ahh~ É o paraíso do salmão♥"
        ],
        "42": [
            "Certinho~! agora a maldição foi quebrada~!",
            "Espero poder brincar com você logo logo, onii-san♥"
        ],
        "43": [
            "Ora Ora~ \"Long time no see\", onii-san~",
            "Você apareceu na hora certinha~♥"
        ],
        "44": [
            "Quer tentar o lançamento que eu trouxe?",
            "É um Manjū que eu mesma fiz~"
        ],
        "45": [
            "Qual o efeito você pergunta? Hehe~!",
            "Ele torna o seu corpo extremamente sensível♥"
        ],
        "46": [
            "E não funciona só em humanos não~",
            "É super efetivo em monstros também!"
        ],
        "47": [
            "Então, o que você acha? Só dez salmões~?",
            "Quer comprar? Não? Se apressa e decide♥"
        ],
        "48": [
            "Eu vou comprar!",
            "Agora não…"
        ],
        "49": [
            "Sério, ZAKO onii-san, até seu cérebro se transformou em ZAKO~?",
            "Não consegue nem pegar uns peixinhos… tão inútil♥"
        ],
        "50": [
            "Sem dinheiro, sem salmão,que semana patética onii-san~",
            "Não me impressiona que você tá solteiro e ainda é um virgem~"
        ],
        "51": [
            "Se um dia mudar de ideia, pode voltar e comprar~",
            "Não que eu me importe ou nada do tipo♥"
        ],
        "52": [
            "Tch~ Tão chato, nya~",
            "Não acredito que você deixou passar uma coisa tão incrivel♥"
        ],
        "53": [
            "Obrigadinha pela compra, nya~",
            "Agora eu posso voltar ir comer um montão de salmão~"
        ],
        "54": [
            "Tch~ Tão chato, nya~",
            "Não acredito que você deixou passar uma coisa tão incrivel♥"
        ],
        "55": [
            "Ah~ Eu digo, provavelmente nada vai acontecer♥",
            "Mas onii-san, você parece tão fraco hoje~"
        ],
        "56": [
            "Então eu pensei que era melhor te avisar~",
            "Isso, você sabe, você pode usar isso em você mesmo~"
        ],
        "57": [
            "E sim, o efeito é fazer seu corpo suuuper sensivel♥",
            "Então tiop, definitivamente não tente isso em você mesmo, okay~?"
        ],
        "58": [
            "Ou Espera, você realmente quer usar isso?",
            "onii-san’s você é um masoquistazinho degenerado, huh♥"
        ],
        "59": [
            "Brincadeirinha~♥ Bom, então,",
            "venha me visitar de novo na próxima vez, okay~♥"
        ],
        "60": [
            "Que peninha~ Já esgotou~?",
            "Geez, onii-san, você realmente está desesperado, huh♥"
        ],
        "61": [
            "Se você quiser mais, vai ter que esperar até a próxima vez~",
            "Maaas, se você me trazer salmões, eu posso abrir uma exceção♥"
        ],
        "62": [
            "Meu deus♥ Você quer mais? Ambicioso~!",
            "Comprando tanto assim... você tá planejando uma coisa danadinha, né~?"
        ],
        "63": [
            "Whoaaa—♥ Que salmão gigante!",
            "Você devia ter me trazido ele ha muito tempo~"
        ],
        "64": [
            "Se for salmão desse tipo~",
            "Só precisa me dar um e eu vendo pra você~♥"
        ],
        "objectName": [
            "\\c[10]Aki"
        ],
        "sentouryoku": [
            "\\c[10]Perguntar os status de uma",
            "garota é muito deselegante~♥"
        ],
        "description": [
            "Parece como uma garotinha inofensiva,",
            "mas é uma Arquidemônio de espírito livre.",
            "É amigável com os humanos, mas adora ",
            "provocar eles e saborear suas reações confusas.",
            "Ela tem uma loja só por capricho com ítens e ",
            "preços que também variam com seus caprichos.",
            "Basicamente, ela so quer ganhar salmões",
            "dos humanos, no entanto ela pode..."
        ]
    },
    "98": {
        "1": [
            "encontrou uma máquina de doces ",
            "repleta com doces brilhantes e coloridos—"
        ],
        "2": [
            "Vamos ver... Uma tentativa custa... ",
            "\\w[60]\\^"
        ],
        "3": [
            "\\>Vamos ver... Uma tentativa custa...",
            "\\c[6]\u000b[86]\\c[0]yen!? \\< Isso é bem caro!!"
        ],
        "4": [
            "\\str[120] pode gostar desses doces...",
            "O que eu devo fazer? Será que eu devo tentar?"
        ],
        "5": [
            "Vamos ver... Uma tentativa custa... \\c[6]\u000b[86]\\c[0]yen!? ",
            "O que eu devo fazer? Será que devo tentar?"
        ],
        "6": [
            "Pagar com dinheiro",
            "Trocar por peixe"
        ],
        "7": [
            "Mas... Eu não tenho ",
            "esse tanto de dinheiro comigo..."
        ],
        "8": [
            "Sim, sim~♥",
            "Basta oferecer um pouco mais de salmão..."
        ],
        "objectName": [
            "Máquina de doces"
        ],
        "sentouryoku": [
            "???"
        ],
        "description": [
            "Uma máquina de doces repleta com todos os tipos de ",
            "doces coloridos. Todos eles são Kompeitōs feitos a mão ",
            "feitos pela dona da loja.",
            "Parece que são feitos com alguns ingredientes especiais, ",
            "dando um estranho mas agradavel aroma…",
            "Mas mesmo se você pedir por curiosidade o que tem dentro,",
            "tudo o que você vai receber é um sorriso expressivo da garota..."
        ]
    },
    "101": {
        "objectName": [
            "\\c[116]Cubo vermelho"
        ],
        "sentouryoku": [
            "380"
        ],
        "description": [
            "Uma grotesca criatura nascida de um ovo.",
            "Seu ambiente de crescimento mal formado e inatural  ",
            "torceu seu corpo em uma massa de tecidos emaranhados.",
            "Possuí uma vontade feroz de atacar, ",
            "guiada por desejo de devorar carne tentando renascer."
        ]
    },
    "102": {
        "1": [
            "Achei uma lata de lixo...",
            "O que eu posso fazer com ela?"
        ],
        "2": [
            "Procurar algo",
            "Descartar Armas",
            "Descartar Ferramentas"
        ],
        "3": [
            "São só as coisas ",
            "que eu recém joguei fora..."
        ],
        "4": [
            "(Ugh... Minha mochila está completamente cheia...",
            "vou ter que jogar tudo fora de uma vez...)"
        ],
        "5": [
            "Jogar tudo fora!",
            "Pensar melhor..."
        ],
        "6": [
            "...Eu deveria mesmo jogar isso fora?",
            "\\str[8]"
        ],
        "7": [
            "\fr${itemIcon}\fr e ${itemLength} equipamentos no total."
        ],
        "objectName": [
            "Lata de lixo"
        ],
        "sentouryoku": [
            "???"
        ],
        "description": [
            "Mesmo no mortífero Abismo, jogar lixo não é legal.",
            "Ainda assim, o que você jogar fora some no próximo dia...",
            "Parece que tem alguém que fazendo limpeza.",
            "Mas cuidado pra não jogar nada inflamável.",
            "Trate isso de forma muito rude, ",
            "e algo muito ruim pode acontecer."
        ]
    },
    "106": {
        "objectName": [
            "Árvore de Pimenta"
        ],
        "sentouryoku": [
            "1"
        ],
        "description": [
            "Pera, pimentas crescem em árvores?",
            "Mesmo que a \\str[120] realmente odeie, ",
            "como um aventureiro eu não posso",
            "ser muito seletívo com comida."
        ]
    },
    "107": {
        "objectName": [
            "Batata"
        ],
        "sentouryoku": [
            "1"
        ],
        "description": [
            "Fácil de confundir com capim ",
            "se não olhar de perto. ",
            "Cave um pouco na terra e você ",
            "vai achar uma deliciosa batata."
        ]
    },
    "108": {
        "objectName": [
            "Árvore de Tomate"
        ],
        "sentouryoku": [
            "1"
        ],
        "description": [
            "Tomátes suculentos e com uma ",
            "frragrancia suave, ",
            "parece que alguém planou eles com cuidado..."
        ]
    },
    "109": {
        "objectName": [
            "Árvore de Morango"
        ],
        "sentouryoku": [
            "1"
        ],
        "description": [
            "Uma árvore furtífera recheada de morangos ",
            "que parecem absolutamente deliciosos.",
            "Normalmente atraí algumas criaturas que vêm ",
            "e roubam umas frutinhas."
        ]
    },
    "110": {
        "objectName": [
            "Espantalho"
        ],
        "sentouryoku": [
            "???"
        ],
        "description": [
            "\"Eu sou só um espantalho.",
            "Já que eu não tenho coração, ",
            "eu não sinto dor.\""
        ]
    },
    "113": {
        "objectName": [
            "Coelho com Chifres"
        ],
        "sentouryoku": [
            "50"
        ],
        "description": [
            "Um coelho selvagem com mutações devido a contaminação mágica—",
            "o chifre em sua testa é a marca da mudança que ocorreu.",
            "No entanto, ainda tá no estágio de crescimento ",
            "e não é particularmente perigoso.",
            "Sua carne é macia e deliciosa."
        ]
    },
    "115": {
        "objectName": [
            "\\c[115]Slime em Chamas"
        ],
        "sentouryoku": [
            "620"
        ],
        "description": [
            "Uma Slime engolfada em chamas ardentes—",
            "Só de se aproximar, você pode sentir o calor intenso irradiado por ela.",
            "",
            "Ataques normais são basicamente inúteis contra ela,",
            " aventureiros ficam muito felizes que esse tipo de criatura ",
            "aparece apenas em ambientes extremos como rios de lava."
        ]
    },
    "119": {
        "objectName": [
            "\\c[10]Demônio da Morte"
        ],
        "garble": [
            "true"
        ],
        "sentouryoku": [
            "???"
        ],
        "description": [
            "Uma mera sombra comparada ao desejo do Demônio da morte ",
            "nenhum mortal pode sobreviver ao seu encontro.",
            "",
            "Até mesmo o seu eco",
            "traz a morte para quem escuta",
            "incluindo seu conjurador."
        ]
    },
    "possibleDrops": [
        "Drops possíveis"
    ]
}
