{
  "AndroidBeginnersGuide": {
        "0": [
            "妹をタップすると、状態を確認できます",
			"妹を長押しすると、交流ができます"
		],
		"1": [
            "背景の空白部分を長押しすると、妹を呼び寄せることができます"
        ],
		"2": [
            "妹の体をなぞるように触れると、スキンシップができます"
        ],
		"3": [
            "左下の戻るボタンか、画面を2本指で",
			"タップすると退出できます"
        ],
		"4": [
            "セーブデータはスマホ内の\\TC[#fff94e]Documents/sister_save\\TC[#ffffff]フォルダに保存されます",
			"自由にコピーしてバックアップしたり、",
			"新しいセーブデータと差し替えることも可能です！",
			"他の端末のセーブデータも問題ありません",
			"PC版とAndroid版は互換性があります！"
        ],
		"5": [
			"ただし注意してください！",
			"現在は既存のセーブデータに上書きすることしかできません",
			"記録が存在しないセーブデータを移動しても",
			"ゲーム側で認識されません！"
        ]		
    },	
  "exitGame": {
        "0": [
            "タイトル画面に戻りますか？",
			"現在の未保存データは失われます——"
		],
		"1": [
            "はい",
			"いいえ"
        ]
    },
  "2": {
        "0": [
            "ちょっと退屈だな、何か遊ぼうかな。"
		],
		"1": [
            "\\{\\nl< >「ゲームしよう！」     \\w[30]"
        ],
        "2": [
            "初心者の村で魔王に出会って、",
			"「お前をこのまま生かしてはおけない！」って言われて",
			"勇者が一撃でやられた。",
			"ゲームオーバー。"
		],
		"3": [
            "……なんだこの展開、  \\w[60]\\{",
			"クソゲーかよ！"
        ],
        "4": [
            "\\nl< >「負けちゃった……」"
		],
		"5": [
            "うっかり罠にかかってキャラが死んじゃって……",
			"最後のボス戦も負けちゃった。",
			"ゲームオーバー。"
        ],
		"6": [
            "\\nl< >「お兄ちゃん…弱い……」"
        ],
		"7": [
            "妹はカジノでありえないくらい運が良くて、",
			"簡単に最強武器を手に入れて、",
			"早々に魔王城に突入。"
        ],
		"8": [
            "……ズルいな。"
        ],
		"9": [
            "\\nl< >「すごく面白いね！」"
        ],
		"10": [
            "「うおおおお————！！",
			"俺の無敵なノーモーションコンボを見ろおおお！！」"
        ],
		"11": [
            "妹の前でかっこよくソロでボスを倒したぜ。"
        ],
		"12": [
            "\\nl< >「お兄ちゃん、かっこいい！」"
        ],
		"13": [
            "妹と一緒に緊張しながらRPGゲームを遊んだ。"
        ],
		"14": [
            "妹と一緒に楽しくRPGゲームを遊んだ。"
        ],
		"15": [
            "……妹がゲームに夢中になってるみたいだな。",
			"どうしよう…話しかけるべきか？"
        ],
		"16": [
            "近づく",
			"やめる"
        ],
		"17": [
            "ちょっと寂しいけど、",
			"あまり邪魔しないほうがいいよね——"
        ]				
    },	
  "4": {
        "0": [
            "\\nl< >「ぐぬぬ……！\\w[45]お兄ちゃんわざとでしょ！？」  \\w[150]\\^"
		],
		"1": [
            "\\nl< >「――うえええっ！？」  \\w[20]\\^"
        ],
		"2": [
            "\\nl< >\\{「お兄ちゃん~~！！」  \\w[120]\\^"
        ],
        "3": [
            "…お兄ちゃん？"
		],		
        "4": [
            "んん…今は…触らないで……"
		],
        "5": [
            "\\nl< >「もう、髪も乾いてないのに触らないでよ…」",
			"\\w[180]\\^"
		],
        "6": [
            "また髪の毛乱れちゃうよ",
			"うん…変な感じ…",
			"えへへ…",
			"お兄ちゃんの手、あったかい…",
			null,
			"お兄ちゃん…",
			null,
			"うにゃー"
		],
        "7": [
            "\\nl< >\\{「もーお兄ちゃん触りすぎだよ！」",
			"\\w[150]\\^"
		]		
    },	
  "5": {
        "0": [
            "\\nl< >「うぇぇ、お兄ちゃん…それは押せるボタンじゃないよ！」  \\w[210]\\^"
		],
		"1": [
            "\\nl< >「ぐぬぬ……！\\w[45]お兄ちゃんわざとでしょ！？」  \\w[150]\\^"
        ],
		"2": [
            "\\nl< >「今はダメ…！ \\w[60]",
			"お兄ちゃんに触られるとなんか変な感じがして…」  \\w[400]\\^"
        ],
		"3": [
            "\\nl< >「えっ！？タオルが……！」   \\w[60]\\^"
        ],
		"4": [
            "\\nl< >「うぅぅ…お兄ちゃん、またいじめた……」    \\w[120]\\^"
        ],
		"5": [
            "\\nl< >「きゃあ！？\\w[30]お兄ちゃん、どこ触ってるの！」   \\w[120]\\^"
        ],
		"6": [
            "\\nl< >「もう、\\w[30]お兄ちゃんわざとでしょな！」    \\w[120]\\^"
        ],
		"7": [
            "\\nl< >「んあっ——   \\w[45]\\^"
        ],
		"8": [
            "\\nl< >「あ、お兄ちゃん！もう来ないで！」   \\w[300]\\^"
        ],
		"9": [
            "\\nl< >「うぇぇぇ…タオル返してよぉ……」   \\w[90]\\^"
        ],	
		"10": [
            "\\nl< >「お兄ちゃん、またいじめた……」    \\w[120]\\^"
        ],
		"11": [
            "\\nl< >「お兄ちゃん……\\w[90]なんか変な感じ……」    \\w[60]\\^"
        ],
		"12": [
            "\\nl< >「はあ……\\w[60]お兄ちゃん……\\w[60]これで満足なの？」   \\w[60]\\^"
        ],
		"13": [
            "\\nl< >「くすぐったいよ〜」  \\w[90]\\^"
        ],
		"14": [
            "\\nl< >「あははー\\w[60]お兄ちゃん、くすぐったいよ~」   \\w[120]\\^"
        ],
		"15": [
            "\\nl< >「んんっ……！」   \\w[45]\\^"
        ],
		"16": [
            "\\nl< >「お、お兄ちゃん……   \\w[180]",
			"うっかりだったの……わ、わかってる……」    \\w[250]\\^"
        ],	
		"17": [
            "\\nl< >「い、いじわるしないでよ！  \\w[150]",
			"なんか、変な感じするんだから……！」    \\w[150]\\^"
        ],	
		"18": [
            "\\nl< >「えっ……もしかして太っちゃった……？」    \\w[180]\\^"
        ],
		"19": [
            "\\nl< >「ぬぬっ……！耳触るとくすぐったいんだから、 \\w[180]",
			"お兄ちゃん、いい加減にしてよ！」    \\w[210]\\^"
        ],	
		"20": [
            "\\nl< >「あのね…お兄ちゃん、そこ触るとくすぐったいから、 \\w[180]",
			"やめたほうがいいよ……」    \\w[180]\\^"
        ],
		"21": [
            "\\nl< >「も〜、人の体を勝手につつかないでよっ！」 \\w[240]\\^",
			"\\nl< >「妹をおもちゃにしないでっ！」    \\w[120]\\^"
        ],
		"22": [
            "\\nl< >「うえぇぇ……お兄ちゃん、 \\w[150]",
			"なんでそんなにノリノリなの……！？」    \\w[180]\\^"
        ]		
    },
  "7": {
        "0": [
            "妹、ぐっすり眠ってるみたい……。"
		],
		"1": [
            "そっと近づく",
			"筋トレだーっ！",
			"もう寝るか"
        ],
		"2": [
            "いよいよ、何日も練習してきた無音移動術を見せる時だ——"
        ],	
		"3": [
            "こそこそ、こそこそ…"
        ],	
		"4": [
            "そうだな、もう遅いし、",
			"早く帰って休もう——"
        ],
		"5": [
            "はい",
			"いいえ"
        ],
		"6": [
            "もうちょっとだけ待って..."
        ],
		"7": [
            "どうせ寝つけないし……   \\w[30]",
			"\\{よし、筋トレでもするか！"
        ],
		"8": [
            "\\{妹を起こさないように、超精密に……",
			"動きをコントロールして音を立てずに！",
			"これは絶好のトレーニング環境だ！"
        ],
		"9": [
            "ふんっ…！ふんっ…！ふんっ…！",
			"ふんっ…！ふんっ…！ふんっ…！"
        ],
		"10": [
            "集中力を極限まで高めて、",
			"熟睡中の妹の横で腕立てを何セットもこなした。"
        ],
		"11": [
            "集中力を極限まで高めて、",
			"熟睡中の妹の横でスクワットを何セットもこなした。"
        ],	
		"12": [
            "ピリピリした空気の中で全力トレーニング、",
			"筋肉が確実に育っている実感……！"
        ],
		"13": [
            "\\nl< >「うー……んん……」"
        ],
		"14": [
            "まずい、そろそろ妹が目を覚ましそうだ……",
			"これ以上ここにいるのはやめて、",
			"さっさと戻ろう……"
        ],
		"15": [
            "あれ？なんか妹の様子がいつもと違う？"
        ],
		"16": [
            "「……妹？」"
        ],
		"17": [
            "いつもの妹だ。",
			"やっぱり、夢を見てただけか……"
        ]		
    },	
  "10": {
        "0": [
            "いただきます——"
		],
		"1": [
            "ぷはぁ——"
        ],
		"2": [
            "えへへ..."
        ],
		"3": [
            "お風呂上がりの妹が一気に牛乳を一本飲み干した……"
        ]		
    },	
  "13": {
        "0": [
            "……お兄ちゃん？",
			"ん？どうしたの？"
		],
		"1": [
            "\\nl< >「お兄ちゃん本当にうっかりさんだね！",
			"またバレちゃったよ！」"
        ],
        "2": [
            "\\nl< >「……お兄ちゃんのスケベ。」"
        ],
        "3": [
            "\\nl< >「お兄ちゃん、どこ見てるの？」"
        ],
        "4": [
            "\\nl< >「髪を拭くの疲れた…お兄ちゃん、手伝って〜」"
        ],
        "5": [
            "\\nl< >「どうしたの、お兄ちゃん？」"
        ],	
        "6": [
            "妹が少し退屈そうに髪を拭いている様子を見て、",
			"ふとある考えが浮かんだ……   \\w[60]",
			"よし！俺が妹の髪を乾かしてあげよう！"
        ],
        "7": [
            "\\nl< >「……お兄ちゃん？」"
        ],
        "8": [
            "「お兄ちゃんが乾かしてあげるよ。",
			"いつも自分でやるの、大変でしょ？」"
        ],
        "9": [
            "俺はそっと身を屈め、片手にドライヤーを持ち、",
			"もう片方で妹の髪の一房を掴んだ。",
			"タオルで拭いたとはいえ、",
			"まだ湿り気が残っているのが分かる。"
        ],
        "10": [
            "「はい、頭を下げてね。乾かすよ！」"
        ],
        "11": [
            "\\nl< >「うん〜」"
        ],
        "12": [
            "俺はドライヤーのスイッチを入れ、",
			"手元に優しく温風を送り始めた。"
        ],
        "13": [
            "妹は静かにうつむいて目を閉じ、",
			"指をいじりながら少し退屈そうにしている。"
        ],
        "14": [
            "こんなふうに妹と一緒に過ごすのは",
			"一体どれくらいぶりだろうか。",
			"なぜか記憶がぼんやりとしてくる。"
        ],
        "15": [
            "「髪、ずいぶん長くなったね。",
			"小さい頃はこんなに長くなかったのに……」"
        ],
        "16": [
            "\\nl< >「……お兄ちゃんはショートヘアの方が好き？」"
        ],		
        "17": [
            "「長さか……やっぱりロングヘアが好きかな。",
			"この綺麗な髪を活かさないともったいないよ。」"
        ],
        "18": [
            "なにしろ、それは妹が小さい頃から大切に育て、",
			"健康に成長してきた証だからね。"
        ],
        "19": [
            "\\nl< >「えへへ……お兄ちゃんに褒められちゃった……」"
        ],
        "20": [
            "そんなふうに妹と他愛ない話をしながら、",
			"妹の髪は次第に乾いていった。"
        ],
        "21": [
            "\\nl< >「お兄ちゃん……明日も探索に行くの？」"
        ],
        "22": [
            "「——どうしたの？」"
        ],
        "23": [
            "妹は少し恥ずかしそうにしているようだが、",
			"今の角度では表情が見えず、",
			"浴用タオルに包まれた二つの重そうな果実と、胸が押し付",
			"けられてできた完璧な三角形のエリアだけが視界に入る。",
			"どこに視線を向ければいいのか、一瞬分からなくなった。",
			"どこに視線を向ければいいのか、一瞬分からなくなった。"
        ],
        "24": [
            "妹の突然の問いかけに一瞬気を取られた俺は、",
			"ドライヤーを握る右手が思わず横にずれてしまい、",
            "そして……"			
        ],
        "25": [
            "「……………！？」"
        ],
        "26": [
            "妹の寝間着の肩ひもが強い風に吹かれ、",
			"肩から素早く滑り落ちてしまった。"
        ],
        "27": [
            "\\nl< >「ゲームがアップデートされて、",
			"二人で遊べる内容が追加されたんだ。   \\w[90]",
			"だから明日、お兄ちゃんと一緒に遊びたいなって……」"	
        ],
        "28": [
            "\\nl< >「お兄ちゃんに迷惑かけちゃうかな……」"
        ],
        "29": [
            "妹が甘えているのを感じて、",
			"その可愛らしい様子に思わず微笑んでしまった。"
        ],
        "30": [
            "「いいよ、明日は早く帰ってくるから、一緒に遊ぼうね。」"
        ],
        "31": [
            "妹は何か大事なことを話しているようだったが、",
			"俺の注意はすでにそのさくらんぼ色に完全に奪われていた。"
        ],
        "32": [
            "「迷惑か……たしかにそうかもね……」"
        ],
        "33": [
            "妹のうっかり見えた肌の露出に、俺の視線は釘付けになってしまった。",
			"……これはさすがに、お兄ちゃんもちょっと困っちゃうよね。"			
        ],
        "34": [
            "\\nl< >「そっか……」"		
        ],	
        "35": [
            "「——！！！」"		
        ],	
        "36": [
            "妹が明らかに悲しそうな声を出したのを聞いて、",
			"ようやく冷静さを取り戻した私は、",
			"慌てて妹の服を何食わぬ顔で直しながら、",
			"こう言って妹を慰めた。"
        ],	
        "37": [
            "「一緒に遊ぶんだね！いいね！",
			"明日一緒に遊ぼう！早く帰ってくるからね！」"
        ],
        "38": [
            "\\nl< >「本当？じゃあ、約束だね！」"		
        ],	
        "39": [
            "「……約束だ！」"		
        ],
        "40": [
            "妹が新しい約束に喜んでいる間に、",
			"髪も無事に乾き終わった。"
        ],	
        "41": [
            "妹はさっきの出来事には気付かず、",
            "ただ新しい約束ができたことを嬉しそうにしていた。",
            "髪もこの時点で無事に乾き終わった。"			
        ],
        "42": [
            "\\nl< >「髪がふわふわだ……！     \\w[45] ",
			"お兄ちゃん、ありがとう〜！」"		
        ],	
        "43": [
            "「よかったね！」"		
        ],	
        "44": [
            "「よかったね！     \\w[60]\\}",
			"あ〜疲れた……」"		
        ],
        "45": [
            "俺は慎重にドライヤーの向きを調整しながら、",
			"長い髪を梳いていった。妹もとても静かにしていて、",
            "お互いにこの穏やかなひとときを静かに楽しんでいた。"			
        ],	
        "46": [
            "しかし、角度のせいで、視線を少し下に向けるだけで、",
            "妹の豊満な胸の輪郭や、手のひらがすっぽり埋まりそうな",
            "深い谷間がはっきりと見えてしまう。"			
        ],
        "47": [
            "ど、どうしよう……中が見たくてたまらないっ……     \\w[45]",
			"頭の中が妄想でいっぱいになって、",
			"手を伸ばしたい衝動を必死で抑えながら、",
            "ふとひらめいた！これは天才的なアイデアかもしれない！"			
        ],
        "48": [
            "よく考えたら、俺は今ドライヤーを持ってるじゃないか！",
			"この風を使えば、奇跡を起こせるんじゃ……！？"		
        ],	
        "49": [
            "試してみるか！",
            "やめよう..."			
        ],	
        "50": [
            "やると決めたら即行動！",
			"何食わぬ顔でドライヤーの向きを変え、",
			"熱風を妹の胸元に向けて放った——"
        ],
        "51": [
            "風よ、奇跡を起こせ！"	
        ],	
        "52": [
            "しかし、奇跡は起きなかった……。"
        ],	
        "53": [
            "妹がしっかりと巻いている浴用タオルは、",
			"激しい風にもびくともせず、全く外れる気配がない！"
        ],
        "54": [
            "\\nl< >「ん？お兄ちゃん……",
			"ドライヤーの向きが変だよ？」"
        ],	
        "55": [
            "「ああ、ごめん。」"
        ],
        "56": [
            "妹は何が起こったのか気付いていないようだった。",
			"俺は少し残念な気持ちを抱えながら、髪を乾かし続けた。"
        ],	
        "57": [
            "\\{奇跡が起きた！"
        ],
        "58": [
            "風がうまく妹の襟元を押し広げ、",
			"中に隠れていた小さな突起が露わになった。"
        ],	
        "59": [
            "妹は何が起こったのか気付いていないようだった。",
			"俺は素早く妹の肩紐を直し、満足げに髪を乾かし続けた。"
        ],
        "60": [
            "結局、理性が勝った。",
			"今は妹の髪を乾かしている最中だ、",
			"こんなことを考えている場合じゃない！"
        ],
        "61": [
            "今のこの美しい光景だけでも十分だと自分に言い聞かせ、",
			"黙々と手元の作業を続けた。"
        ],
        "62": [
            "「はい、乾いたよ！」"
        ],	
        "63": [
            "激しい風を受けて、妹が身にまとっていた",
			"浴用タオルがあっという間に吹き飛ばされ、",
			"そのまま滑り落ちてしまった——。"
        ],
        "64": [
            "\\nl< >「え……？！」"	
        ],
        "65": [
            "浴用タオルが突然落ちたことに、妹はすぐに異変に気づいた。"
        ],
        "66": [
            "\\nl< >\\{「う、うぇええ、タオルが落ちた！」"
        ],
        "67": [
            "\\nl< >「……今の、絶対お兄ちゃんの仕業でしょ？」"	
        ],
        "68": [
            "「「あ、いや、その……   \\w[45]",
			"今日は……風が騒がしいな…」"
        ],
        "69": [
            "やばい、自分で言っておいて恥ずかしすぎる……。"
        ],
        "70": [
            "少しハプニングはあったけれど、",
			"結果的に妹の髪をしっかり乾かせた！",
			"めでたしめでたし。"
        ]
    },			
  "15": {
        "0": [
            "ちょっと退屈だな、何か遊ぼうかな。"
		],
		"1": [
            "\\{\\nl< >「ゲームしよう！」\\w[30]"
        ],
        "2": [
            "……少し前にお風呂に入ったばかりなんだよ？"
        ],
        "3": [
            "うーん……そろそろお風呂に入らなきゃね…。"
        ],
        "4": [
            "妹を誘って一緒に",
			"先にお風呂入って"
        ],
        "5": [
            "せっかくのチャンス、",
			"妹をお風呂に誘ってみようかな…"
        ],	
        "6": [
            "\\nl< >「お兄ちゃん今からお風呂に入るの？",
			"じゃ、まだね~」"
        ],
        "7": [
            "\\nl< >「はぁ…はぁ—— \\w[180]\\^」"
        ],
        "8": [
            "\\nl< >あ、お兄ちゃん……」"
        ],
        "9": [
            "\\nl< >「眠い.\\w[45].\\w[45].\\w[45]お兄ちゃん、どうしたの？」"
        ],
        "10": [
            "\\nl< >\\{「お兄ちゃん!!!」\\}"
        ],
        "11": [
            "\\nl< >「どうしたの、お兄ちゃん？」"
        ],
        "12": [
            "\\nl< >「...お兄ちゃん?」"
        ],
        "13": [
            "\\nl< >\\{「お兄ちゃんのバカ！\\w[60]もう知らない！」"
        ],
        "14": [
            "\\nl< >「あっ、お兄ちゃん？\\w[60]",
			"今、話しかけないでくれる？」"
        ],
        "15": [
            "何気なく妹の頭を撫でた。"
        ],		
        "16": [
            "勢いよく妹の頭を撫でた。"
        ],
        "17": [
            "妹の髪はふわふわで、思わずもう二回撫でてしまった。",
			"優しく妹の頭を撫でる。"
        ],
        "18": [
            "これはお兄ちゃんだけの特権だ！",
			"愛情たっぷりに妹の頭を撫でた。"
        ],
        "19": [
            "妹は最高だ、ずっと撫でていたい！",
			"熱い雰囲気の中で妹の頭を撫でた。"
        ],
        "20": [
            "\\nl< >「……ん？  \\w[30]",
			"お兄ちゃんの頭の上に雑魚って書いてるよ~！」"
        ]		
    },	
  "18": {
        "0": [
            "おしゃべり",
			"スキンシップ",
			"何かしようよ",
			"お風呂に入る",
			"眠いから…"
		],
        "1": [
            "\\nl< >「そろそろ髪を乾かしてくるね〜」"
        ],
        "2": [
            "何か飲もうよ",
			"何か遊ぼうよ"
		],
        "3": [
            "\\nl< >「髪がまだ乾いてないの、後でまた飲もうね。」"
		],
        "4": [
            "\\nl< >「髪がまだ乾いてないの、後でまた遊びに来てね。」"
		],	
        "5": [
            "\\nl< >「お兄ちゃんの手がエッチすぎてダメ！」"
		],
        "6": [
            "\\nl< >「あーっ！     \\w[40]",
			"もうこんな時間——！   \\w[60]",
			"放送開始に完全に間に合わなかった——！」"
		],	
        "7": [
            "\\nl< >「でも大丈夫、事前に録画しておいたから準備はバッチリ！」"
		],
        "8": [
            "\\nl< >「あーっ！     \\w[40]",
			"もうこんな時間——！   \\w[60]",
			"放送開始に間に合わなかった——！」"
		],	
        "9": [
            ""
		],	
        "10": [
            "\\nl< >「あーっ！     \\w[40]",
			"もう新しいアニメの放送時間だ——！」"
		],	
        "11": [
            "\\nl< >「今からアニメ観るよ〜！お兄ちゃんも一緒にどう？」"
		],	
        "12": [
            "ん？アニメか…？",
			"妹が好きなテレビ番組かな？"
		],	
        "13": [
            "ああ、一緒に観ようか。"
		],	
        "14": [
            "\\nl< >\\{「じゃあ、先に行ってるねー！」"
		],	
        "15": [
            "……珍しく妹があんなにワクワクしてるし、観てみるか！"
		]		
    },
  "19": {
        "0": [
            "\\nl< >「あ…お兄ちゃん…」"
		],
		"1": [
            "やばい、ついさっき超恥ずかしいことがあったから、",
			"今のうちに急いで謝らなきゃ——"
        ],
        "2": [
            "\\nl< >「お兄ちゃん、ごめんなさい！」  \\w[60]\\^"
        ],
        "3": [
            "「ごめ……！  \\w[45]",
			"あ、あれ？」"
        ],		
        "4": [
            "どうして妹が先に謝ってきたんだろう？"
        ],
        "5": [
            "\\nl< >「さっきは興奮しすぎちゃって、  \\w[180]",
			"ついお兄ちゃんに対して声が大きくなっちゃった。  \\w[90]"
        ],
        "6": [
			"\\nl< >……大丈夫？」   \\w[60]"
        ],
        "7": [
            "なんて優しい子なんだろう……",
			"お兄ちゃんがあんなひどいことをしたのに、",
			"それでもずっとお兄ちゃんのことを思ってくれて——"
        ],
        "8": [
            "\\nl< >「落ち着いて考えてみたら、お兄ちゃんが  \\w[120]",
			"最近ストレスが多いのかもしれない。   \\w[160]",
			"毎日戦って、きっと大変だよね。」"
        ],
        "9": [
            "\\nl< >「だから、だから、考えた結果……   \\w[360]\\^"
        ],	
        "10": [
            "妹が一生懸命に何かを俺に伝えようとしているみたい——",
			"なんて優しい妹なんだ、",
			"お兄ちゃんもう感動して泣いちゃいそうだよ？"
        ],
        "11": [
            "\\nl< >\\{「あたしにできるお返しはこれしかないと思って！」   \\w[240]\\^"
        ],
        "12": [
            "\\nl< >「はい！これを受け取って——！  \\w[60]",
			"お兄ちゃんがこんなもの好きだなんて     \\w[60]",
			"前は知らなかった！」"  
        ],
        "13": [
            "\\{\\ia[\\v[84]]を手に入れた！！  \\w[60]"
        ],
        "14": [
            "パンツだ。           \\w[60]",
			"まだ温もりが残ってるパンツ。   \\w[60]",
			"もしかして————"
        ],	
        "15": [
            "\\nl< >「お兄ちゃんも男の子だから、大丈夫だよね。   \\w[150]",
			"うんうん、きっとそう、間違いないよ…」"
        ],
        "16": [
            "額から汗が止まらなくなってきた……",
			"ダメだ、このままだと——"
        ],
        "17": [
            "\\nl< >「そういうことで、",
			"ずっとお兄ちゃんにはお世話になってきた。   \\w[300]",
			"\\{ありがとう！おやすみなさい——！     \\}」\\w[120]\\^"
        ],
        "18": [
            "…………",
			"…………"
        ],	
        "19": [
            "「違う——！そうじゃないの！」"
        ],	
        "20": [
            "「兄ちゃんはこれを欲しいってわけじゃ——あ、違う！」"
        ],	
        "21": [
            "「そんな風に考えたことなんて一度もないから——」"
        ],
        "22": [
            "\\nl< >「いやーー！お兄ちゃんの顔怖い！",
			"近づかないで！」"
        ],	
        "23": [
            "「説明するからさ——！",
			"事情はそうじゃないんだ—」"
        ],
        "24": [
            "\\nl< >「お兄ちゃんの顔もっと怖くなっちゃった——」"
        ],
        "25": [
            "「兄ちゃんのこと嫌いにならないで——」"
        ],
        "26": [
            "\\nl< >「お兄ちゃんなんて、大嫌いだ……！!」  "
        ],
        "27": [
            "\\{「ぐっ……！」"
        ],
        "28": [
            "妹の全力で抵抗する声を聞いたら、",
			"俺は考えるのをやめた。"
        ]		
    },
  "20": {
        "0": [
            "「————ge」    \\w[60]\\^"
		],
		"1": [
            "「————哥哥」    \\w[60]\\^"
        ],
        "2": [
            "好像在被谁呼唤着。"
		],
		"3": [
            "\\nl< >「哥哥没事吧？脸色看起来很糟糕哦？」 "
        ],
		"4": [
            "「——是妹妹吗？」 "
        ],
		"5": [
            "我是在这里打盹了吗、 ",
			"头脑昏昏沉沉的，什么也想不起来…"
        ],	
		"6": [
            "\\nl< >「还没睡醒吗？呐ー」  \\w[90]\\^"
        ],
		"7": [
            "抱住妹妹",
			"「已经醒了。」"
        ],	
		"8": [
            "少女那张可爱的脸就在眼前，",
			"我下意识地伸出手，把她紧紧抱住。"
        ],	
		"9": [
            "嗯嗯……软软的，味道也好香——",
			"鼻子里全是那种像橘子一样的甜香味。",
			"啊……感觉困意又涌上来了……"
        ],
		"10": [
            "\\nl< >「真是的、哥哥又睡过去了！」"
        ],	
		"11": [
            "是错觉吗？总感觉……",
			"眼前的妹妹，跟记忆里的样子比，好像长大了不少。"
        ],	
		"12": [
            "我不由自主地伸出手，在她身上轻轻摸索——",
			"很快就碰到了某个软软的地方。"
        ],
		"13": [
            "\\nl< >「呀啊ー！哥哥！？」"
        ],
		"14": [
            "「嗯————果然感觉变得更大了啊——」"
        ],	
		"15": [
            "\\nl< >「才没有变大呢……  \\w[60]",
			"话说哥哥、你在摸什么地方呀！」"
        ],	
		"16": [
            "\\{「咕……！」"
        ],	
		"17": [
            "感觉被什么沉重的东西砸中了头、",
			"一瞬间眼前感觉变得天旋地转起来。"
        ],	
		"18": [
            "\\nl< >「已经清醒过来了吗？」"
        ],	
		"19": [
            "「多亏了您这一拳、现在已经完全清醒了。」"
        ],
		"20": [
            "\\nl< >「那么、知道现在是什么情况吗？」"
        ],
		"21": [
            "「知道、刚刚摸到了妹妹的屁股、",
			"手感非常不错————」  \\w[60]\\^"
        ],
		"22": [
            "\\nl< >\\{「才没有在问摸的感想！",
			"哥哥大笨蛋！」"
        ],
		"23": [
            "哎呀，好像有点捉弄过头了。",
			"不过刚才被那么来了一下，确实完全清醒过来了。"
        ],	
		"24": [
            "而且……刚才好像做了个特别重要的梦，",
			"但现在怎么都想不起来了——"
        ],	
		"25": [
            "算了，就先这样吧，迟早会想起来的。",
			"眼下还是得先哄哄妹妹才行。"
        ],
		"26": [
            "\\nl< >「太好了。做噩梦了？看起来很难受的样子呢。」"
        ],
		"27": [
            "噩梦吗……确实感觉刚才做了个不得了的梦。",
			"现在这阵隐隐作痛的头疼，就跟宿醉一样难受，",
			"眼角也还残留着点泪痕……"		
        ],
		"28": [
            "身体这种说不清的异样感，好像自己真的经历了什么似的，",
			"一点点在印证那个梦的痕迹……"
        ],
		"29": [
            "\\nl< >「哦〜都梦见了什么呢？」"
        ],
		"30": [
            "是啊、我到底梦见了什么？"
        ],	
		"31": [
		    "和父亲最后一次见面",
            "梦见了小时候",
			"梦见了妹妹",
			"梦见了牛排",
			"什么也想不起来…"
        ],
		"32": [
            "\\nl< >「小时候的哥哥吗？",
			"好想见一见还是小孩子的哥哥呀~」"
        ],	
		"33": [
            "\\nl< >「拿着木剑到处奔跑、  \\w[60]",
			"大声喊着『将来我要成为勇者！』的那个样子  \\w[90]",
			"肯定超级可爱的呀！」"
        ],	
		"34": [
            "不不不、那是谁的可爱黑历史啊。",
			"现在让我看到那副场景、",
			"可是会一边哭一边挖个洞躲起来哦？"
        ],	
		"35": [
            "「啊、不过说起这个、",
			"仓库里好像确实放着以前父亲用过的装备。",
			"以前父亲好像是当过一阵子冒险者的……」"
        ],	
		"36": [
            "「父亲大人还做过这种事情吗？」"
        ],			
		"37": [
            "「那个男人年轻时可是做过不少笨蛋一样的事情啊——  \\w[60]",
			"好、机会难得、去找找看吧！」"
        ],	
		"38": [
            "这里是父亲曾经进行各种炼金术研究的房间，",
			"但现在也已经和荒废了没什么区别……"
        ],	
		"39": [
            "「嘿咻！」"
        ],	
		"40": [
            "在已经不再使用的地下室里。",
			"我环顾着四周，寻找有用的东西。"
        ],	
		"41": [
            "「嗯……\\w[30]哦？\\w[30]哦哦！？ \\w[30]",
			"噢噢噢噢噢ー！\\w[30]",
			"这是——————！」"
        ],
		"42": [
            "「这是父亲以前用过的装备啊！",
			"好耶、看起来真帅啊！」"
        ],	
		"43": [
            "\\nl< >「啊、嗯……  \\w[60]",
			"哥哥开心就好呢…」"
        ],	
		"44": [
            "「看啊、吾妹哟、只要有了这个、",
			"就算是在深渊里哥哥也能畅通无阻了！」"
        ],
		"45": [
            "\\nl< >(哥哥……看起来像小孩子一样兴奋呢……)"
        ],
		"46": [
            "我兴奋地挥舞着还沾满灰尘的装备、",
			"不过妹妹看起来并没有什么兴趣的样子啊。"
        ],
		"47": [
            "哎呀、没想到真能找到宝贝……",
			"不过说起来我是不是忘记了什么重要的事情啊。"
        ],
		"48": [
            "算了、记不清了也就那样了。",
			"好想赶紧明天快点用上新装备啊！"
        ]		
    },			
  "23": {
        "0": [
            "\\nl< >「嫌だ！一緒にお風呂なんて絶対嫌だわ！」"
		],
		"1": [
            "妹に全力で拒否された。",
			"やはり聞いて心が痛むな…"
        ],
        "2": [
            "\\nl< >「えぇ…お兄ちゃんと一緒にお風呂？\\w[120]",
            "もう子供じゃないよ…」"
        ],
        "3": [
            "妹に拒否された。",
            "そう思うと、これも当然だよな…"
        ],
        "4": [
            "\\nl< >「わ——い、お風呂に出発~!」"
        ],
        "5": [
            "\\nl< >「わーい、お風呂、行ってくる~」"
        ],	
        "6": [
            "\\nl< >「……いいわよ♥」"
        ],	
        "7": [
            "\\nl< >「ん……\\w[80]お兄ちゃんが望むなら…\\w[90]",
			"一緒に入るか…」"
        ],	
        "8": [
            "\\nl< >「嫌だ！一緒にお風呂なんて絶対嫌だわ！」"
        ],
        "9": [
            "妹に全力で拒否された。",
			"やはり聞いて心が痛むな…"
        ],	
        "10": [
            "\\nl< >「うわぁ…",
			"お兄ちゃんって本当に子供みたいね…」\\w[150]"
        ],	
        "11": [
            "\\nl< >「もう…お兄ちゃんには困るわ、いいわよ…」"
        ],		
        "12": [
            "妹に何度も頼んで、ついに成功した…!"
        ],
        "13": [
            "\\nl< >\\{「だ——め————！！\\w[90]",
			"お兄ちゃんはきっと何か悪いことを",
			"考えてるわ！」\\}"
        ],
        "14": [
            "ううう…妹にひどく叱られちゃった…"
        ],
        "15": [
            "必死に頼む",
			"やめろ"
        ],
        "16": [
            "……少し前にお風呂に入ったばかりなんだよ？"
        ],
        "17": [
            "うーん……そろそろお風呂に入らなきゃね…。"
        ],
        "18": [
            "妹を誘って一緒に",
			"先にお風呂入って"
        ],
        "19": [
            "せっかくのチャンス、",
			"妹をお風呂に誘ってみようかな…"
        ],	
        "20": [
            "\\nl< >「お兄ちゃん今からお風呂に入るの？",
			"じゃ、まだね~」"
		]
    },
  "30": {
        "0": [
            "んん…今は…触らないで……"
		],
        "1": [
            "\\nl< >「もう、髪も乾いてないのに触らないでよ…」",
			"\\w[180]\\^"
		],
        "2": [
            "また髪の毛乱れちゃうよ",
			"うん…変な感じ…",
			"えへへ…",
			"お兄ちゃんの手、あったかい…",
			null,
			"お兄ちゃん…",
			null,
			"うにゃー"
		],
        "3": [
            "\\nl< >\\{「もーお兄ちゃん触りすぎだよ！」",
			"\\w[150]\\^"
		]
    },
  "34": {
        "0": [
            "\\{「見ろ！           \\w[40]\\}",
			"これは最新世代のジョ——          \\^"
		],
        "1": [
            "\\nl< >\\{「おおおお——！ジョイステーションVだ！」",
			"\\w[120]\\^"
		],
        "2": [
            "「そうそう、ジョイステーションVだよ——！     \\w[30]",
			"……あれ？        \\w[30]",
			"もう知ってるの？」"
		],
        "3": [
            "\\nl< >「何言ってるのお兄ちゃん！これ、業界の人として",
			"知っておかないとダメなんだよ！」"
		],
        "4": [
            "「えっ…業界？」"
		],
        "5": [
            "失策だった…",
			"せっかくプレゼントを渡すタイミングでキメポーズを取ったのに、",
			"全然サプライズ感がなかった……。"
		],
        "6": [
            "\\nl< >「中には『シャドーソウル』のゲーム",
			"ソフトも入ってる、やった！」"
		],
        "7": [
            "\\nl< >「嬉しい！お兄ちゃん最高、大好き！」"
		],
        "8": [
            "まあ、結果としてはサプライズのプレゼントだったね、",
			"妹もこんなに嬉しそうだし。"
		],
        "9": [
            "\\nl< >「お兄ちゃん、ぼーっとしてないで！",
			"早く一緒に遊ぼうよ！」"
		],
        "10": [
            "「おう、一緒に遊ぼう！」"
		],
        "11": [
            "結局二人で一晩中ゲームを楽しんで、",
			"夕食も忘れちゃったんだ…"
		],
        "12": [
            "\\c[2]\\{",
			"妹と一緒にゲームができるようになりました！",
			"\\w[120]"
		],
        "13": [
            "ん……？ゲーム機がついてる？",
			"電源を切り忘れたのか？"
		],
        "14": [
            "「あ——」"
		],
        "15": [
		    "微かな光の中で、妹がゲームをしているのが見える。"
		],
        "16": [
            "\\nl< >「あ——」"
		],
        "17": [
            "どうやら妹も俺が来たことに気づいているみたいだ。"
		],
        "18": [
            "\\nl< >「あわわうわわわ————」"
		],
        "19": [
            "妹は素早くベッドに戻って、顔を枕にうずめて伏せている。",
			"寝たふりでごまかそうとしているみたいだな…"
		],
        "20": [
		    "よく見ると妹の体がまだ微かに震えている。",
			"どうしよう……ちょっとからかいたいな。"
		],
        "21": [
            "お尻を触る"
		],
        "22": [
            "ふわふわの短パンでしっかり包まれて",
			"ふっくらしているお尻を見て、",
			"思わず手で触れてしまった。"
		],
        "23": [
            "\\nl< >「寝ちゃった…寝ちゃった…」"
		],
        "24": [
            "\\nl< >「ぐぅぅぅぅぅ…」"
		],
        "25": [
            "\\nl< >「見えないよ、お兄ちゃんには見えないよ…」"
		],
        "26": [
            "……やっぱりやめておこう，妹の反応は面白いけど、",
			"かわいそうに見えるからからかうのはやめておこう。"
		],
        "27": [
            "「ちゃんと寝るんだよ。」"
		],
        "28": [
            "最後に妹の頭を撫でてから、俺も寝に戻った。"
		]		
    },	
  "39": {
        "0": [
            "\\{「うっ！？ 」\\w[60]"
		],
        "1": [
            "「お、お腹が急に痛く……」"
		],
        "2": [
            "\\nl< >「お兄ちゃん？どうしたの？\\w[40]",
			"なんかお腹の中から変な音が聞こえたような——」"
		],
        "3": [
            "\\{「うおおおおお——！？ 」\\w[60]"
		],	
        "4": [
            "胃が本当に急激に痙攣してるのがわかる……",
			"えっ、もしかしてさっき何か変なもの食べた……？"
		],
        "5": [
            "思わず妹の様子も気になって見たけど、",
			"彼女はいたって落ち着いた表情だった。",
			"同じものを食べたはずなのに……"
		],
        "6": [
            "妹が自分と同じような目に遭ってなくてよかったけど……",
			"だって家にはトイレが一つしかないし、",
			"もし妹までこうなってたら、",
			"想像もしたくない修羅場になってたかも……"
		],	
        "7": [
            "「わ、悪い、ちょっとお兄ちゃんトイレ行ってくる……」"
		],
        "8": [
            "\\nl< >「……えっ、\\{痔\\}また悪化したの？」"
		],	
        "9": [
            "\\nl< >「お腹の調子悪いの？",
			"お兄ちゃん、かわいそう……」"
		]	
    },	
  "41": {
        "0": [
            "妹がゲームに負けたせいで、",
			"今はふてくされて布団にくるまって動かない。"
		],
        "1": [
            "こりゃ困ったな…完全にからかいすぎたかも。"
		],
        "2": [
			"妹の機嫌を直さないといけないな……"
		],
        "3": [
            "機嫌を取る",
			"お尻をなでる",
			"慰める"
		],	
        "4": [
			"優しい言葉をかけながら、そっと背中をぽんぽんして、",
			"慎重に笑わせようとする。"
		],
        "5": [
            "妹の大好物のいちごミルクを持ってきて、話し相手になりながら、",
            "こっそりと機嫌が直ってきたか様子をうかがう。"
		],
        "6": [
            "不満げにお布団から突き出された、まるくてぷにっとした妹のおしりに、",
            "そっと手を伸ばして触れてみた。気づいてもらおうと思って。"
		],	
        "7": [
            "妹のうさぎのぬいぐるみを持ってきて、",
            "ぬいぐるみになりきっておしゃべりしながら笑わせる。"
		],
        "8": [
            "\\nl< >「もういいよ……お兄ちゃんのこと、",
			"もう許したから……」"
		],	
        "9": [
            "\\nl< >「妹との約束、忘れないでね。」"
		],
        "10": [
            "まだちょっと不機嫌そうだけど、",
            "妹はだいぶ元気を取り戻して、ようやくお布団から顔を出した。"
		],	
        "11": [
            "\\nl< >「お兄ちゃんいじめるなんて……」"
		],	
        "12": [
            "\\nl< >「もうお兄ちゃんなんて知らない……」"
		],	
        "13": [
            "妹は少し元気を取り戻したようだ。"
		],	
        "14": [
            "\\nl< >「お兄ちゃんは悪い人……」"
		],	
        "15": [
            "\\nl< >「お兄ちゃん、ひどいよ……」"
		],	
        "16": [
            "妹はまだ少し憂鬱そうな顔をしている。"
		],	
        "17": [
            "\\nl< >「お兄ちゃん……嫌い……」"
		],	
        "18": [
            "妹はまだかなり落ち込んでいるようだ。"
		],	
        "19": [
            "\\nl< >「じゃあ……お兄ちゃん、     \\w[60]",
			"ひとつお願いを聞いてくれるよね？」"
		],	
        "20": [
            "「いいよ、なんでも言うことを聞く！」"
		],	
        "21": [
            "\\nl< >「明日、もうケガだらけで帰ってこないで…」"
		],	
        "22": [
            "\\nl< >「明日はお肉料理が食べたい……」"
		],	
        "23": [
            "「ああ、約束したよ。」"
		],	
        "24": [
            "その内容は、お願いというよりただの甘えのようだった。",
            "そういえば…妹って、昔からずっとこんなふうに可愛い子だったな……"
		]	
    },			
  "42": {
        "0": [
            "\\nl< >「眠い——\\w[90]",
			"お兄ちゃん、もう遅いし、寝る時間だよ…」"
		],
        "1": [
            "そうだな、もうこんな時間か。このまま寝ちゃうか？"
		],
        "2": [
            "はい",
			"もう少し"
		],
        "3": [
            "そうだな、もう遅いし、寝ようか——"
		],
        "4": [
            "……まだ何かやりたいな。もう少しだけ頑張ろう。"
		],
        "5": [
            "\\nl< >\\}「ウニャ——zzZ」\\{"
		],
        "6": [
            "……",
			"……"
		],	
        "7": [
            "ダメだな、妹はもうほとんど寝てしまった。",
			"今日はこのままにしよう、寝る時間だ。"
		],	
        "8": [
            "寝ちゃった妹を、そっと抱き上げてベッドまで運んであげた。"
		],
        "9": [
            "よし、俺も寝るとしよう。"
		],	
        "10": [
            "\\nl< >「眠くなってきた！もう寝るから、",
			"お兄ちゃん邪魔だよ、早く出てって！」"
		],
        "11": [
            "「いや、俺はまだ——！」\\w[60]\\^"
		],	
        "12": [
            "\\nl< >「どいて——どいて——」\\w[60]\\^"
		]		
    },
  "44": {
        "0": [
            "うーん……何か飲みたくなってきたな……"
		],
        "1": [
            "でも、手元に飲み物は何もないんだよね。"
		],
        "2": [
            "うーん……何か飲みたくなってきたな……"
		],
        "3": [
            "なんだか、",
			"もうあんまり飲みたい気分じゃなくなってきた……"
		],			
        "4": [
            "「\\ii[\\v[90]]でも飲む？」"
		],
        "5": [
            "\\nl< >「別に！お兄ちゃんが飲みたいなら、飲めばいいよ！」"
		],
        "6": [
            "\\nl< >「おおー！飲みたい！」"
		],
        "7": [
            "\\nl< >「うん、お疲れ様、お兄ちゃん。」"
		],
        "8": [
            "\\nl< >「美味しくなさそうだけど、まあいいかな。」"
		],
        "9": [
            "\\nl< >「苦いのは嫌いだけど……本当に飲むの？」"
		],
        "10": [
            "そういえば、",
			"この前変な子供から買ったお菓子があったな。",
			"妹に試してもらおうか……"
		],
        "11": [
            "食べる",
			"やめた"
		],
        "12": [
            "やっぱり食べるのはまた今度にしよう。"
		],
        "13": [
            "「今日はお菓子があるよ！",
			"\\ii[\\v[90]]だよ、食べてみる？」"
		],
        "14": [
            "\\nl< >「食べる！お菓子は無罪だもん。」"
		],
        "15": [
            "\\nl< >「えぇぇ…なんか",
			"これじゃお菓子まで美味しくなくなっちゃいそう…」"
		],
        "16": [
            "\\nl< >「わーい！まだお菓子が食べられるんだね！」"
		],
        "17": [
            "妹と一緒にしばらくティーパーティーの時間を楽しんだ。"
		],
        "18": [
            "\\nl< >「お兄ちゃん、ちょっと喉が渇いた。",
			"お水が飲みたいな……」"
		],
        "19": [
            "喉が渇いた？ちょうど今日\\ii[\\v[90]]を買ったんだ。"
		],
        "20": [
            "「\\ii[\\v[90]]飲む？」"
		],
        "21": [
            "\\nl< >「えっ、それどこで手に入れたの？」"
		],
        "22": [
            "「今日、昼間に森の自販機で買ったんだ。」"
		],
        "23": [
            "\\nl< >「……なんで森に自販機があるの？」"
		],	
        "24": [
            "「確かに不思議だよね。",
			"でもお金を入れたら普通に飲み物が出てきたし、",
			"賞味期限も新しかったよ。」"
		],	
        "25": [
            "「確かに不思議だよね。",
			"でも本当に飲み物が出てきたし、",
			"賞味期限も新しかったよ。」"
		],
        "26": [
            "でも、機械をうっかり壊しちゃったんだよね、",
			"誰かが賠償を求めてくるかも…",
			"そう考えると、ちょっと不安になってきた……"
		],
        "27": [
            "\\nl< >「じゃあ、一杯注いで。」"
		],	
        "28": [
            "妹と自分にそれぞれ\\ii[\\v[90]]を注いだ。"
		],
        "29": [
            "冷たくて、とても美味しかった。"
		],
        "30": [
            "妹と一緒にしばらくティーパーティーの時間を楽しんだ。"
		],	
        "31": [
            "これから飲み物を買ったら、",
			"妹と一緒にシェアできるようになったよ！    \\w[60]"
		],
        "32": [
            "紅髄液の小瓶を取り出したものの、",
			"直前になって急に怖くなってきた——"
		],
        "33": [
            "もし、これが妹に効果がなかったり、  \\w[60]",
			"逆に症状を悪化させたりしたら……",
			" ",
			" ",
			"父の研究は間違いないはずだけど、",
			"それでも……！"
		],
        "34": [
            "\\nl< >「お兄ちゃん？どうしたの？  \\w[45]",
			"震えてるよ……」"
		],	
        "35": [
            "「……あ、大丈夫だ。」"
		],	
        "36": [
            "妹に心配をかけてしまった。   \\w[45]",
			"でも、それでもまだ、",
			"妹にこの紅髄液を飲ませるべきか決められない——"
		],
        "37": [
            "\\nl< >「それが、ずっとお兄ちゃんが探してた薬だよね……  \\w[90]",
			"お兄ちゃん、あたしのこと心配してるんでしょ？」"
		],	
        "38": [
            "妹が突然、紅髄液を持つ俺の手を握りしめた。"
		],	
        "39": [
            "\\nl< >「お兄ちゃんはずっとあたしのために",
			"必死に頑張ってくれてる……     \\w[90]",
			"あたしもお兄ちゃんのために頑張りたいんだよ……」"
		],
        "40": [
            "\\nl< >「だから、この薬を試させて。」"
		],	
        "41": [
            "妹の言葉から強い決意が伝わってきた。"
		],	
        "42": [
            "「……もし違和感を感じたら、すぐに吐き出すんだよ？」"
		],	
        "43": [
            "ここまできて、もう逃げる理由はない。",
			"俺は紅髄液を牛乳に混ぜ、それを妹に渡した。"
		],
        "44": [
            "妹は混ぜた牛乳をすぐに飲み干し、",
			"俺は緊張しながら妹の様子を見守った。"
		],	
        "45": [
            "\\nl< >「う……」"
		],	
        "46": [
            "しかし、妹は何とも言えない表情を浮かべた。"
		],
        "47": [
            "「味、変だった？」"
		],
        "48": [
            "\\nl< >「すごく美味しいよ！",
			"酸っぱくて甘くて、もう一杯飲みたいくらい！」"
		],
        "49": [
            "意外にも、妹は薬の味を気に入ったようだ。",
			"自分の心配が一気にどうでもよくなった気がした……。"
		],
        "50": [
            "結局、",
			"妹は紅髄液を飲んでも特に何の変化も起こらなかった。",
			"本当に効果がないのだろうか？"
		]
    }		
}