{
    "1": {
        "name": [
            "堅木の剣"
        ],
        "subtitle": "",
        "description": [
            "勇者も最初は木の剣を持って始まりの村から出発したらしい",
            "それが多くの冒険者のお手本になっているんだ…"
        ],
        "ability": [
            "武器が破損寸前になると追加ダメージを与える"
        ]
    },
    "2": {
        "name": [
            "硬木の棒"
        ],
        "subtitle": "",
        "description": [
            "形が優れている木の棒で、",
            "小さな子どもはきっと手放せないでしょう",
            "武器としても性能はまずまずです"
        ],
        "ability": [
            "武器が破損寸前になると追加ダメージを与える"
        ]
    },
    "3": {
        "name": [
            "伐採斧"
        ],
        "subtitle": "",
        "description": [
            "森林を巡る冒険者や開拓者にとって頼れる相棒",
            "ただし、攻撃用途には向かないため、戦闘では過信しないように..."
        ],
        "ability": [
            "樹木に対してより大きなダメージを与える"
        ]
    },
    "4": {
        "name": [
            "握り拳"
        ],
        "subtitle": "",
        "description": [
            "武器がない？ならば拳で連打あるのみ！",
            "応急手段とはいえ、闘志が込められた拳の威力は侮れない",
            "拳で解決できるなら、武器なんていらないだろ？"
        ],
        "ability": [
            "最大体力に応じて連打のダメージが強化！"
        ]
    },
    "5": {
        "name": [
            "騎士の剣"
        ],
        "subtitle": "",
        "description": [
            "父が若い頃に使っていた武器。非常によく手入れされており",
            "宮廷騎士のために作られた武器のようだ"
        ],
        "ability": [
            "体力が\\c[10]30%\\c[0]以下になると、武器の攻撃力が倍増する"
        ]
    },
    "6": {
        "name": [
            "熔岩の杖"
        ],
        "subtitle": "",
        "description": [
            "火山の鉱石で作られた魔杖。火の元素を簡単に凝縮できる",
            "少しの不注意で自分も巻き込まれることがある"
        ],
        "ability": [
            "右クリックを長押しして魔法\\c[27]紅蓮降隕\\c[0]を詠唱"
        ]
    },
    "7": {
        "name": [
            "寒氷の杖"
        ],
        "subtitle": "",
        "description": [
            "魔力を含む氷晶で作られた魔杖。広範囲に霜を吹き出せるが",
            "実際の操作は難しいし、なんか手がめっちゃ冷える！！"
        ],
        "ability": [
            "右クリックを長押しして魔法\\c[27]氷結術\\c[0]を詠唱"
        ]
    },
    "8": {
        "name": [
            "怪鳥の羽"
        ],
        "subtitle": "",
        "description": [
            "巨大な怪鳥から取れた羽毛。非常に軽く",
            "簡単に人を吹き飛ばす推進力を生み出すことができる"
        ],
        "ability": [
            "旋風斬り使用中、移動速度がどんどん速くなる"
        ]
    },
    "9": {
        "name": [
            "騎士の剣"
        ],
        "subtitle": "",
        "description": [
            "宮廷騎士に支給された武器",
            "騎士たちの守護の道を象徴している"
        ],
        "ability": [
            "体力が\\c[10]30%\\c[0]以下になると、武器の攻撃力が倍増する"
        ]
    },
    "10": {
        "name": [
            "银輝の大剣"
        ],
        "subtitle": "",
        "description": [
            "銀で鍛え上げられたかのように輝きを放つ巨大な剣",
            "その表面は冷たく光り、圧倒的な硬度を誇るが",
            "実際には未知の金属でできているという"
        ],
        "ability": [
            "体力が\\c[29]400\\c[0]未満では、この武器の性能を十分に発揮できない"
        ]
    },
    "11": {
        "name": [
            "大木槌"
        ],
        "subtitle": "",
        "description": [
            "ずっしりと重たい大木槌",
            "頭に食らえば、一発でクラクラすること間違いなし！"
        ],
        "ability": [
            "攻撃時33%の確率で気絶状態を付与する",
            "体力が\\c[29]400\\c[0]未満では、この武器の性能を十分に発揮できない"
        ]
    },
    "12": {
        "name": [
            "野球バット"
        ],
        "subtitle": "",
        "description": [
            "金属製の棒。スポーツ用だが、殴るのにも良い",
            "飛んでくるものを遠くへ吹き飛ばす特性がある"
        ],
        "ability": [
            "壊れにくい！"
        ]
    },
    "13": {
        "name": [
            "くさい魚の骨"
        ],
        "subtitle": [
            "「めっちゃ臭いんだ、早く捨ててなさい！」――妹"
        ],
        "description": [
            "残った大きな魚の骨から、もう腐ってしまった肉がひっついていて",
            "耐えがたい悪臭が漂っています"
        ],
        "ability": [
            "あなたは絶えず悪臭を放っている"
        ]
    },
    "14": {
        "name": [
            "巨大ガニのハサミ"
        ],
        "subtitle": "",
        "description": [
            "とある巨大ガニのハサミ。一度挟んだ獲物は決して逃がさない",
            "そのため、本当に何かを挟むと、外すのは至難の業……"
        ],
        "ability": [
            "武器を投げると対象を挟み込み、持続ダメージを与える",
            "対象が死亡するまで武器を回収できない"
        ]
    },
    "15": {
        "name": [
            "霜月"
        ],
        "subtitle": "",
        "description": [
            "悪役みたいに刃を舐めてみたら、舌が張り付いて…めっちゃ冷くて痛い！",
            "「お兄ちゃん、拾ったものを適当に舐めちゃダメだよ」——妹",
            "刀身が氷でできている魔剑で、近づくだけでそのすごい寒気を感じる"
        ],
        "ability": [
            "攻撃した時、50%の確率で凍結を与える"
        ]
    },
    "16": {
        "name": [
            "漏電する不良品"
        ],
        "subtitle": [
            "「ビリビリ……ビリビリ……！」"
        ],
        "description": [
            "狂暴なエネルギーが満ちてる魔剣だけど、もう故障してるんだ",
            "使用者までもが電撃を受けることにご注意あれ"
        ],
        "ability": [
            "攻撃した時、50%の確率で打雷を与える"
        ]
    },
    "17": {
        "name": [
            "陽炎"
        ],
        "subtitle": [
            "「お兄ちゃん、怖いよ、持ってこないで」——妹"
        ],
        "description": [
            "日光を浴びてエネルギーを蓄えた特製の魔剣、温かな熱波を放ち",
            "吸血鬼には特に効果的だと噂されている"
        ],
        "ability": [
            "攻撃した時、40%の確率で炎上を与える"
        ]
    },
    "18": {
        "name": [
            "オークの骨斧"
        ],
        "subtitle": "",
        "description": [
            "戦利品の死体の骨で作られた大斧",
            "鋭くはないが、オークは投げて使うのが好きだ"
        ],
        "ability": [
            "武器を投げた際に追加ダメージを与える"
        ]
    },
    "21": {
        "name": [
            "地獄より"
        ],
        "subtitle": "",
        "description": [
            "こいつは悲鳴を渇望している",
            "ある悪名高い殺人犯の凶器の一つ、鮮血を纏っている"
        ],
        "ability": [
            "出血状態のモンスターに対しては、ダメージが15%アップ"
        ]
    },
    "24": {
        "name": [
            "暴風オークの斧"
        ],
        "subtitle": "",
        "description": [
            "冠名モンスターの武器。普通のオークの武器よりも鋭く",
            "同じように竜巻を起こすことができる"
        ],
        "ability": [
            "攻撃時に一定の確率で竜巻を発生させる"
        ]
    },
    "26": {
        "name": [
            "星月夜"
        ],
        "subtitle": "",
        "description": [
            "銀河のように煌めく魔法宝石が飾られた法杖",
            "その力は強大な引力を持つ力場を生み出し、闇の深淵へと誘う"
        ],
        "ability": [
            "右クリックを長押しして魔法\\c[27]ブラックホール\\c[0]を詠唱"
        ]
    },
    "27": {
        "name": [
            "毒胞の針"
        ],
        "subtitle": "",
        "description": [
            "歩き茸が落とす奇妙な細剣。その刃は鋭さに欠けるが",
            "毒胞に覆われており、一度刺されば毒が確実に敵を蝕む",
            "武器としての硬度は低いものの、その毒性による実用性は非常に高い"
        ],
        "ability": [
            "攻撃した時、50%の確率で中毒を与える"
        ]
    },
    "35": {
        "name": [
            "クラウ・ソラス"
        ],
        "subtitle": [
            "「あれ？何も見えない！これ、本当に剣の柄なの！？」"
        ],
        "description": [
            "光の加護を受けた刃は常に光を引き寄せ、不可視の魔剣となる",
            "その鋭さは圧倒的で、加護を解放すれば真の輝きを放つこともできる"
        ],
        "ability": [
            "攻撃時、相手の防御能力を完全に無視する"
        ]
    },
    "36": {
        "name": [
            "斬裂剣テュルフィング"
        ],
        "subtitle": "",
        "description": [
            "剣刃が魔力結晶でできた人工の魔剣",
            "一振りするたびに実体化した剣波を放つことができます",
            "剣技に優れた武者にとっては、まさに鬼に金棒のような存在です"
        ],
        "ability": [
            "攻撃時に飛び出す剣波で敵にダメージを与えます"
        ]
    },    
	"42": {
        "name": [
            "デンの陰気な鎌"
        ],
        "subtitle": [
		    "「見てろよ、旋風斬りはこうやって使うんだ！」"
		],
        "description": [
            "異邦人が所持していた短柄の鎌。おぞましい外見と内に宿る強い意志を持つ",
            "長時間使用すると、頭の中に奇妙な声が響いてくる気がする…"
        ],
        "ability": [
            "攻撃範囲が広く、投げると自動で敵を追尾する",
			"強い意志により、特殊な戦技を習得できる！"
        ]
    },
    "52": {
        "name": [
            "2号機"
        ],
        "subtitle": "",
        "description": [
            "怪しい店で手に入れた通信機器",
            "『やれ』と言うだけで、遠くから狙撃支援が届く",
            "しかし、通話料は自己負担……"
        ],
        "ability": [
            "狙撃支援を召喚するには、一回400円かかる"
        ]
    },
    "53": {
        "name": [
            "シュガーコーン大剣"
        ],
        "subtitle": "",
        "description": [
            "茶会の看板娘たちが作った美味しい武器",
            "武器としての性能を保証しつつ、非常に美味しい！"
        ],
        "ability": [
            "攻撃時に武器が食べられてしまう可能性がある"
        ]
    },
    "60": {
        "name": [
            "バナナ？"
        ],
        "subtitle": [
            "「これはただのバナナか…」"
        ],
        "description": [
            "皮を剥かれたバナナ、慎重に手で持たないと…"
        ],
        "ability": [
            "高速状態ではバナナを投げ飛ばしやすくて……ひゃっ！？"
        ]
    },
    "61": {
        "name": [
            "巨カタ掃除機"
        ],
        "subtitle": "",
        "description": [
            "巨大カタツムリの殻を改造して作られた掃除機です",
            "風の流れの方向を変えることで、強力な吸引力を持っています"
        ],
        "ability": [
            "左クリックを長押しで物体を引き寄せる"
        ]
    },
    "62": {
        "name": [
            "古木の残骸"
        ],
        "subtitle": "",
        "description": [
            "樹齢の高い木の幹から偶然手に入れた、不気味な枝状の武器",
            "硬質でありながらも生命力に満ち溢れ、今なお成長し続けている",
            "かのような様子を見せている"
        ],
        "ability": [
            "敵を倒すと武器の耐久度が自動的に修復される",
            "最大値を超えた耐久度の1%ごとに、追加で攻撃力が1上昇する"
        ]
    },
    "63": {
        "name": [
            "寄生剣"
        ],
        "subtitle": "",
        "description": [
            "樹木に取り込まれた剣。長い時を経て",
            "金属と樹の生命が融合し、不思議な調和を見せている",
            "刃はまるで呼吸するかのように脈動し、使い手に奇妙な温もりを伝える"
        ],
        "ability": [
            "敵を倒すと、所持者の体力を\\c[29]${Math.floor(1.2*$gameParty.leader().paramPlus(2))}\\c[0]回復する"
        ]
    },
    "70": {
        "name": [
            "荒古の栄光"
        ],
        "subtitle": [
            "「黄金の力を解放する \\{⬆⬆⬇⬇⬅⮕⬅⮕\\}」"
        ],
        "description": [
            "金色に輝く魔剣──それは世界の管理者が秘蔵する逸品のひとつ",
			"かの男がこの剣を手にし、アビスにて三日三晩、",
			"まばたきひとつせず激闘を繰り広げたという。"
        ],
        "ability": [
            "神秘的なコマンドを入力すると力を解放する"
        ]
    },
    "80": {
        "name": [
            "柳葉の剣"
        ],
        "subtitle": [
            "「葉を摘み、花を飛ばし、人を傷つける」"
        ],
        "description": [
            "柳の葉を模した、非常に鋭い大剣"
        ],
        "ability": [
            "攻撃時に、一定の確率で柳葉手裏剣を放つことがある"
        ]
    },
    "81": {
        "name": [
            "寄壊剣"
        ],
        "subtitle": [
            "「うわっ、この粘液まだ蠢いてる…気持ち悪い！！」"
        ],
        "description": [
            "生命力の強い粘液が大量に寄生した大剣",
            "その粘液は生命への飢えから、極めて好戦的な性質を持つようになった"
        ],
        "ability": [
            "出血状態の敵に対して追加ダメージ",
			"対象が死亡した際、出血状態なら血を吸収する"
        ]
    },
    "101": {
        "name": [
            "木の弓"
        ],
        "subtitle": "",
        "description": [
            "木製の長弓",
            "矢を引いて射ることができますが、性能は非常に普通です"
        ],
        "ability": [
            "右クリックを長押ししてチャージし、貫通矢を放つ",
            "\\c[27]貫通矢\\c[0]は敵を貫通するたびにダメージが減少する"
        ]
    },
    "102": {
        "name": [
            "狩人の弓"
        ],
        "subtitle": "",
        "description": [
            "複合素材で作られた長弓。弦を引く負担が軽減されている",
            "威力は落ちるが、その分素早く連射が可能"
        ],
        "ability": [
            "攻撃速度上昇、攻撃ダメージ-20%、耐久消費-20%",
            "右クリックを長押ししてチャージし、\\c[27]貫通矢\\c[0]を放つ"
        ]
    },
    "103": {
        "name": [
            "夕焼雲"
        ],
        "subtitle": "",
        "description": [
            "火元素が充満する魔法の弓。敵を燃やすだけでなく",
            "爆発を引き起こす矢を放つこともできる"
        ],
        "ability": [
            "右クリックを長押ししてチャージし、\\c[27]爆発矢\\c[0]を放つ",
            "爆発矢が命中すると、大爆発を引き起こす"
        ]
    },
    "104": {
        "name": [
            "雪見"
        ],
        "subtitle": "",
        "description": [
            "氷で覆われた魔法の弓。同じく氷でできた矢を放つことができ",
            "チャージショットでは広範囲を凍結させることができる"
        ],
        "ability": [
            "右クリックを長押ししてチャージし、\\c[27]氷封矢\\c[0]を放つ",
            "氷封矢が命中すると、対象を氷結させる"
        ]
    },
    "105": {
        "name": [
            "千鳥"
        ],
        "subtitle": "",
        "description": [
            "天雷を呼び寄せる黄金の弓。その雷鳴のような",
            "嗡鳴音からこの名が付けられた",
            "ただし、金属製のため感電しやすいので注意が必要…"
        ],
        "ability": [
            "右クリックを長押ししてチャージし、\\c[27]雷撃矢\\c[0]を放つ"
        ]
    },
    "106": {
        "name": [
            "三頭連弓ケルベロス"
        ],
        "subtitle": "",
        "description": [
            "アビスの産物。複数の矢を同時に放てる奇妙な形の弓",
            "しかし、その力はまだ封印されているようだ……"
        ],
        "ability": [
            "右クリックを長押ししてチャージし、\\c[27]貫通矢\\c[0]を放つ"
        ]
    },
    "107": {
        "name": [
            "血狩"
        ],
        "subtitle": "",
        "description": [
            "血で染まった長弓",
            "弓を引くたび、弦には使い手自身の血が滴る",
			"矢がより甘美な供物を持ち帰るまで――"
        ],
        "ability": [
            "右クリックを長押ししてチャージし、\\c[27]穿血矢\\c[0]を放つ",
			"矢を放つと体力を消費し威力が増加、撃破で血を吸収する"
        ]
    }
}