{
  "3": {
        "0": [
            "「ふぅ……すっきりした……」"
		],
        "1": [
            "……この後どうする？"
		],
        "2": [
            "何か探す",
			"妄想する",
			"時間をつぶす",
			"出かけよう"
		],
        "3": [
            "こんな狭いところには何も置けないね…   \\w[45]",
			"そう思っても、やっぱり手を動かして",
			"あちこちチェックしてみた。"
		],
        "4": [
            "「オオォー！！これは……！」"
		],
        "5": [
            "————トイレットペーパーだ。"
		],
        "6": [
            "————ゴミだ。"
		],
        "7": [
            "「だよねぇ、トイレの中だし…」"
		],
        "8": [
            "気分が無駄になった感じがする。"
		],
        "9": [
            "「ん？なんの音だ？」"
		],
        "10": [
            "Gだ。"
		],
        "11": [
            "どこからか紛れ込んできたGが、",
			"足元を素早く這い回っている。"
		],
        "12": [
            "野郎、こんなに堂々としやがって！くらえ！    \\{",
			"くらえっ！"
		],
        "13": [
            "命中。Gは即死した。"
		],
        "14": [
            "「ふん、さすが俺だ…」"
		],
        "15": [
            "外れた！",
			"驚いたGはすぐに姿を消してしまった。"
		],
        "16": [
            "「くそ、逃げ足が速いな！」"
		],
        "17": [
            "…………こうしていても駄目だな、",
			"殺虫剤を用意した方がいいかも…"
		],
        "18": [
            "「ん？なんの音だ？」"
		],
        "19": [
            "……声が消えた。気のせいかな？"
		],
        "20": [
            "ずっとここに座っていてもダメだね、",
			"そろそろ出なきゃ——"
		]
    },	
  "9": {
        "0": [
            "\\nl< >「\\str[121]！またトイレの中にいますか？」"
		],
        "1": [
            "「……すぐ出る！」"
		],
        "2": [
            "時間を無駄にしすぎたみたい、出なきゃ…"
		]
    },		
  "21": {
        "0": [
            "その時だった。聞き覚えのある音が響いた。"
		],
		"1": [
            "\\{ま、まさか……\\w[45]この音、Gだ！"
        ],
		"2": [
            "\\nl< >\\{「…………え？」"
        ],
		"3": [
            "\\nl< >\\{「あわあわあわあわあわあわ……」"
        ],
		"4": [
            "\\str[120]もGの存在に気づいた！",
			"これはまずい！この状況でGに襲われたら、",
			"\\str[120]はショックで気絶してしまうかもしれない！！"
        ],
		"5": [
            "\\{「……！」"
        ],
		"6": [
            "考えるより先に体が動いていて、",
			"電光石火の勢いでトイレに飛び込んだ。"
        ],
		"7": [
            "\\{「貴様が俺の\\str[120]を泣かせたのか！？」"
        ],
		"8": [
            "命中。Gは即死した。"
        ],
		"9": [
            "\\nl< >「うぇぇぇ…\\str[121]……」"
        ],
		"10": [
            "「もう大丈夫だよ、",
			"悪いやつは\\str[121]がやっつけたからね。」"
        ],
		"11": [
            "\\nl< >「え……？",
			"\\str[121]……ズボンが……」"
        ],
		"12": [
            "「——————————あ。」"
        ],
		"13": [
            "トイレに突っ込む前から興奮してたから、",
			"今、俺のチンポは\\str[120]の顔のすぐ近くでガチガチに勃ってる…"
        ],
		"14": [
            "俺が困ってた時、\\str[120]の目つきがなんか変だと気づいた。",
			"体もなんだかモジモジしてて、    \\w[60]",
			"まさか、あの変なアメ、まだ効いてるのか？"
        ],
		"15": [
            "\\str[120]の表情がだんだんぼんやりしてきて、",
			"自分から近づいてきて、いきなりチンポをくわえてきた。"
        ],
		"16": [
            "その大胆な行動で理性が完全に吹っ飛んで、",
			"俺は\\str[120]の頭を押さえて、",
			"そのまま奥までチンポを咥えさせるように誘導した。"
        ],
		"17": [
            "まだ全然慣れてない感じだけど、",
			"\\str[120]の口の中のあたたかさとやわらかさが、",
			"めちゃくちゃ気持ちいい。"
        ],
		"18": [
            "この角度からは、",
			"\\str[120]の濡れたアソコが小さく震えてるのまで見えて、",
			"まるで夢の中のワンシーンみたいだ。"
        ],
		"19": [
            "しばらくして、イきそうな感覚がどんどんこみ上げてきて――"
        ],
		"20": [
            "\\str[120]がむせないように、チンポを口から抜き取った。"
        ],
		"21": [
            "その瞬間、大量の精液が一気に溢れ出して、",
			"\\str[120]の顔にかかった。"
        ],
		"22": [
            "\\nl< >「うぇ…味、マジでまずい…」"
        ],
		"23": [
            "\\str[120]がちょっと照れながら、ぺろっと舌を出した。",
			"普段の\\str[120]なら絶対にこんな大胆なことしないし、",
			"やっぱりあのアメのせいかな。"
        ],
		"24": [
            "でも、このおかげで助かったけど、",
			"そうじゃなかったらマジでどうしていいかわからなかった。"
        ],
		"25": [
            "そのあと二人でトイレを片付けて、部屋に戻った。",
			"何事もなかったかのように、お互い知らんぷりしたまま。"
        ]
    },		
  "22": {
        "0": [
            "こそこそ、こそこそ……"
		],
		"1": [
            "うん……俺はただ\\str[120]に何かあったのか心配で……",
			"ちょっと見るだけですぐ行くから……"
        ],
		"2": [
            "こ、これは！？"
        ],
		"3": [
            "\\str[120]が激しく指でマンコを何度も",
			"出し入れしているのを目撃した。    \\w[60]",
			"もしかして…さっき\\str[120]にあげた金平糖の効果なのか！？"
        ],
		"4": [
            "つきはまだぎこちないけれど、時折飛び散る愛液を見ると、",
			"\\str[120]が喜びに浸っているのが伝わってくる。"
        ],
		"5": [
            "そんな\\str[120]が気持ちよくなろうと頑張っている姿を見ると、",
			"\\str[121]として手伝いたい衝動を",
			"抑えきれなくなりそうだった……。"
        ],
		"6": [
            "\\str[120]がパンツ越しにオナニーしているところを目撃した。    \\w[60]",
			"もしかして…さっき\\str[120]にあげた金平糖の効果なのか！？"
        ],
		"7": [
            "もしかすると経験が足りないせいか、",
			"\\str[120]は不器用に指先で下半身をなぞるだけで、",
			"要領を掴めていないようだった。"
        ],
		"8": [
            "\\str[120]が大人になろうと一生懸命努力している姿を見て、",
			"\\str[121]として手伝いたい衝動を",
			"抑えきれなくなりそうだった……。"
        ],
		"9": [
            "でもこんな時に突然出て行ったら、",
			"\\str[120]を驚かせちゃうだろうな…。",
			"うんうん…ここは大人しく退散するのがいいか。"
        ],
		"10": [
            "もう一回だけ…！",
			"そっと立ち去る"
        ],
		"11": [
            "結局、抑えきれない衝動に負けて、",
			"俺は顔を扉の隙間に近づけ、",
			"じっくりと覗き込んでしまった。"
        ],
		"12": [
            "オナニー",
			"突入！",
			"やめろ"
        ],
		"13": [
            "自分もちょっと興奮してきた……",
			"\\str[120]と一緒にやってみようかな……"
        ],
		"14": [		
			"ちょっと危ない気がするし、やめておこう……",
			"このまま見続けると本当にまずい気がする。",
			"\\str[120]に気付かれる前に、先に退散しよう。"	
        ],
		"15": [
		    "もうこういう場面を見るのは初めてじゃないから、",
            "純粋に鑑賞する気持ちでこの瞬間を楽しみ始めた……"
        ],
		"16": [
            "\\str[120]がまだ自分の世界に没頭している間に、",
			"俺は静かに扉を閉めた。"
        ],
		"17": [
            "「\\str[120]もついに、",
			"こういうことに興味を持つ年頃になったんだな…」",
			" ",
			" ",
			"妙な切なさを感じつつ、",
            "何も見なかったことにすることにした…。"
        ],
		"18": [
            "お互いが快感のピークに達したその瞬間、",
			"俺は何も残さず全部射精した。"
        ],
		"19": [
            "体がビクッと震えたあと、",
			"\\str[120]もだんだん手を止めて、小さく息を漏らし始めた。"
        ],
		"20": [
            "これ以上見てたらヤバそうだし、",
			"\\str[120]にバレる前に、先に退散しとこう。"
        ],
		"21": [
            "\\str[120]と一緒にこんなことするのって、",
			"なんか不思議な気分だな……",
			"手も自然と\\str[120]のリズムに合わせようとしてしまうし、",
			"この流れの中で、感覚まで\\str[120]と繋がってる気がする。"
        ],
		"22": [
            "\\str[120]の指を見てたら、つい想像しちゃうんだよな、",
			"指じゃなくて、俺のチンポが\\str[120]の中に触れてたらって……"
        ],
		"23": [
            "そんな想像をしてるうちに、",
			"本当に\\str[120]の中のやわらかさを感じてる気がしてきて……",
			"想像力ってやばいな。"
        ],
		"24": [
            "もし本当に\\str[120]の指みたいに、",
			"\\str[120]のアソコにぴったりくっつけてシコったらどうなるんだろう……"
        ],
		"25": [
            "頭の中で、チンポの先っぽが\\str[120]のキュッと閉じた",
			"アソコに何度も押し当てられてるイメージが浮かんでくる。",
			" ",
			" ",
			"チンポで押し広げられて、",
			"だんだんアソコが開いて中の濡れた部分が見えてきて、",
			"チンポも濡れて、いやらしい糸を引いてる……"
        ],
		"26": [
            "一人のときとは全然違う興奮があって、",
			"想像に溺れて抜け出せなくなる一方で、",
			"心の中の罪悪感も逆に燃料になって、",
			"どんどん快感が押し寄せてくる。"
        ],
		"27": [
            "\\str[120]ももうイきそうな感じで、",
			"俺も思わず手の動きを速めてしまった。"
        ],
		"28": [
            "\\{うっ、もう我慢できない……！"
        ]				
    },
  "23": {
        "0": [
            "前回の経験もあって、思い切ってトイレに突入した。"
		],
		"1": [
            "\\nl< >\\{「……お、\\str[121]！？」"
        ],
		"2": [
            "\\nl< >「……\\str[121]、",
			"なんで入ってきたの……？」"
        ],
		"3": [
            "\\str[120]の口調はちょっと責めてる感じだけど、",
			"ぼーっとした表情とか、",
			"別に俺を追い出そうともしてないし、大丈夫そうだ。"
        ],
		"4": [
            "俺は黙って\\str[120]のそばに立って、",
			"チンポと\\str[120]の距離はほんの数センチしかなくて、",
			"\\str[120]はそのまま手を動かしながら、顔をちょっと近づけてきて、",
			"舌で舐めてくれ始めた。"
        ],
		"5": [
            "\\str[120]の細い舌が小さな蛇みたいにチンポの先っぽを這い回って、",
			"あったかくてくすぐったい感触に、思わず体が震えてしまう。"
        ],
		"6": [
            "そんなふうに無言のまましばらく続いて、",
			"もう限界が近い気がしてきた…",
			"\\str[120]もチンポがリズミカルに震えてるのに気づいたみたいで、",
			"手の動きがさらに速くなった。"
        ],
		"7": [
            "ついに、押し寄せる射精感の中で精液が噴き出し始めた。  \\w[60]",
			"最初の精液が\\str[120]の顔にかかった瞬間、",
			"\\str[120]は急にチンポをくわえた。"
        ],
		"8": [
            "\\str[120]が吸い付きながら、",
			"舌でも精液の出てくる穴を刺激し続けてくる。",
			" ",
			" ",
			"思いがけない優しさとやわらかい感触に、",
			"完全に防御が崩れて、",
			"チンポがもう止まらず、",
			"残りの精液を一気に\\str[120]の口の中にぶちまけた。"
        ],
		"9": [
            "そのあと一緒にトイレを掃除して、部屋に戻ったときには、",
			"お互い何もなかったふりをしていた。"
        ]		
    }		
}