{
  "2": {
        "0": [
            "星の門をくぐった瞬間、",
			"リュックの中の石の欠片が突然強烈な熱波を放ち始めた。",
			" ",
			" ",
			"慌てて欠片を取り出してみると、",
			"それまでずっと安定していた欠片が、",
			"異変を起こし始めているのに気づいた。"
		],
		"1": [
            "「こ、これは一体……」"
        ],
        "2": [
            "何が起きているのか全く分からない。",
            "激しい波動が続く中、石はますます輝きを増していった。"
        ],
        "3": [
            "そして次の瞬間、突然石が溶け始めた——"
        ],
        "4": [
            "「あっ…あああ！？   \\w[60]",
			"やばい、全部漏れちゃう！！！」"
        ],
        "5": [
            "予想外の速さで石が液体化していくのを見て、",
			"慌ててリュックから携帯していたガラス瓶を取り出し、",
			"手の上に残った赤い液体を急いで集めた。"
        ],
        "6": [
            "…………",
			"…………"
        ],
        "7": [
            "もしかして、これが父が言っていた紅髄液なのか……？",
			"でもどうして…この門の中で反応が起きたんだ？"
        ]		
    }
}