{
    "1": {
        "name": [
            "铁砧"
        ],
        "subtitle": "",
        "description": [
            "本是铁匠工坊里的沉重铁砧，不知为何被某人随身携带当作装备",
            "它的坚硬与重量的确适合打磨武器，但对缺乏经验的某人来说可能很难……"
        ],
        "ability": [
            "装备时闪步不再是冲刺，而会取出铁砧修复武器",
			"无法修复魔法武器以及金色品质的武器"
        ]
    },		
    "2": {
        "name": [
            "宝石剑"
        ],
        "subtitle": "",
        "description": [
            "自地底长眠的矿石，原本就是极佳的炼金媒介",
            "这个短剑造型的魔导器能将那些贵重矿石中积蓄已久的魔力强制引导出来",
            "并加以利用，但因过于奢侈的耗用方式而鲜少被炼金术士使用……"
        ],
        "ability": [
            "攻击时会随机消费一颗宝石以充能并强化攻击",
			"宝石越是贵重、附加的魔法伤害越高"
        ]
    },	
    "3": {
        "name": [
            "奇怪的发饰"
        ],
        "subtitle": "",
        "description": [
            "绑着奇怪装饰物的发饰",
            "这到底是兔子还是包子呢……？"
        ],
        "ability": [
            ""
        ]
    },
    "4": {
        "name": [
            "逆流者的证明"
        ],
        "subtitle": "",
        "description": [
            "不知何时得到的奇妙发饰",
            "它那可爱的模样，让人想起某位少女",
            "……但这究竟是谁的记忆呢？"
        ],
        "ability": [
            "允许前往逆流者的茶会"
        ]
    },
    "5": {
        "name": [
            "安全手套"
        ],
        "subtitle": "",
        "description": [
            "由绝缘材料制成的防护手套，原本是工人日常使用的安全装备",
            "但尝试下会发现对魔法攻击也有很好的抗性……"
        ],
        "ability": [
            "装备时几乎不受雷击影响"
        ]
    },
    "6": {
        "name": [
            "不幸的诞生"
        ],
        "subtitle": "",
        "description": [
            "也许是被天上之石寄生的后果，原本弱小的生物被强制灌输了",
            "无穷尽的生命力，周而复始地重复着再生和死亡，最终致其疯狂",
            "即便使其脱落下来，这份沉重的力量也依旧发挥着作用……"
        ],
        "ability": [
            "体力上升。体力回复效果强化25%",
            "装备时获得自动回复效果"
        ]
    },
    "7": {
        "name": [
            "受诅胎体"
        ],
        "subtitle": "",
        "description": [
            "未能成功发育的受诅胎体，即便如此也依然活着",
            "强烈的求生欲和溢出的生命力甚至足以影响到持有者"
        ],
        "ability": [
            "体力上升。体力回复效果强化20%"
        ]
    },
    "8": {
        "name": [
            "魔力晶簇"
        ],
        "subtitle": "",
        "description": [
            "受到大迷宫影响，形态发生变化的特殊矿石，晶簇内蕴藏着",
            "少量的魔力，只是携带在身上就可以加深对魔法的理解"
        ],
        "ability": [
            "加快魔法的吟唱，提升魔法威力上限",
			"魔法武器的攻击附加5%的魔法攻击力伤害"
        ]
    },
    "9": {
        "name": [
            "深邃魔力晶簇"
        ],
        "subtitle": "",
        "description": [
            "非常稀有的，内蕴了更加浓郁魔力的魔力晶簇",
            "能清晰得感受到魔力波动，是炼金术师们的追求之一"
        ],
        "ability": [
            "加快魔法的吟唱，提升魔法威力上限",
			"魔法武器的攻击附加10%的魔法攻击力伤害"			
        ]
    },
    "10": {
        "name": [
            "精神凝聚头环"
        ],
        "subtitle": "",
        "description": [
            "据说是大贤者年轻时作为冒险家所戴的头环",
            "能够帮助迅速集中精神，同时避免受到外界的干扰"
        ],
        "ability": [
            "免疫眩晕状态",
            "强化魔法输出，强化魔法规模"
        ]
    },
    "11": {
        "name": [
            "魔力汲取手套"
        ],
        "subtitle": "",
        "description": [
            "据说是大贤者年轻时作为冒险家所戴的手套",
            "能自发汇聚周围的魔力，使握持的武器染上魔力之性"
        ],
        "ability": [
            "装备时、令持有的武器变质为魔法武器",
			"魔法武器的攻击附加30%的魔法攻击力伤害"			
        ]
    },
    "12": {
        "name": [
            "借来的猫爪"
        ],
        "subtitle": [
            "「……喵呜~？」"
        ],
        "description": [
            "猫史莱姆藏在体内的猫爪，不知为何对此情有独钟…",
            "也许是寄宿了猫猫的灵魂，装备上后感觉身体更加敏捷了！"
        ],
        "ability": [
            "攻击力上升、攻速上升"
        ]
    },
    "13": {
        "name": [
            "借来的猫足"
        ],
        "subtitle": [
            "「……喵呜~？」"
        ],
        "description": [
            "猫史莱姆藏在体内的猫足，不知为何对此情有独钟…",
            "也许是寄宿了猫猫的灵魂，装备上后感觉身体更加敏捷了！"
        ],
        "ability": [
            "攻速上升、移动速度上升、闪步冷却时间缩短"
        ]
    },
    "14": {
        "name": [
            "芳草心"
        ],
        "subtitle": "",
        "description": [
            "以植物的叶与根茎编织而成的戒指，散发着淡淡的草木清香",
            "曾被旅人们视作护身符，象征着顽强的生命力与不竭的活力"
        ],
        "ability": [
            "最大体力提升\\c[29]${QJ.MPMZ.tl.ex_fragrantGrassRingEffectResolve()}\\c[0]",
            "同时穿戴多个该装备时，效果将得到强化"
        ]
    },
    "15": {
        "name": [
            "猫猫玩偶服"
        ],
        "subtitle": "",
        "description": [
            "软乎乎的可爱猫猫玩偶服，蓬松又宽大",
            "宽大的设计不仅能把整个人裹进去，还可以偷偷藏起各种宝贝～"
        ],
        "ability": [
            "额外可携带的武器数量+10",
            "额外可携带的装备数量+20"
        ]
    },
    "16": {
        "name": [
            "穿刺钉盔"
        ],
        "subtitle": "",
        "description": [
            "布满尖刺的金属护具，每一处都散发着危险的气息",
            "提供不错的防御能力的同时，还具备了自动伤害靠近过来的敌人的能力"
        ],
        "ability": [
            "自动伤害靠近的敌人"
        ]
    },
    "17": {
        "name": [
            "穿刺钉甲"
        ],
        "subtitle": "",
        "description": [
            "布满尖刺的金属护具，每一处都散发着危险的气息",
            "提供不错的防御能力的同时，还具备了自动伤害靠近过来的敌人的能力"
        ],
        "ability": [
            "自动伤害靠近的敌人"
        ]
    },
    "18": {
        "name": [
            "穿刺臂铠"
        ],
        "subtitle": "",
        "description": [
            "布满尖刺的金属护具，每一处都散发着危险的气息",
            "提供不错的防御能力的同时，还具备了自动伤害靠近过来的敌人的能力"
        ],
        "ability": [
            "攻击时自动伤害靠近的敌人"
        ]
    },
    "19": {
        "name": [
            "穿刺钉鞋"
        ],
        "subtitle": "",
        "description": [
            "布满尖刺的金属护具，每一处都散发着危险的气息",
            "提供不错的防御能力的同时，还具备了自动伤害靠近过来的敌人的能力"
        ],
        "ability": [
            "移动时自动伤害靠近的敌人"
        ]
    },
    "20": {
        "name": [
            "骑士头盔"
        ],
        "subtitle": "",
        "description": [
            "宫廷骑士的统一着装护甲",
            "华丽且坚硬的外壳象征着他们恪守的骑士之道"
        ],
        "ability": [
            "体力在\\c[10]30%\\c[0]以下时、防御力提升"
        ]
    },
    "21": {
        "name": [
            "骑士铠甲"
        ],
        "subtitle": "",
        "description": [
            "宫廷骑士的统一着装护甲",
            "华丽且坚硬的外壳象征着他们恪守的骑士之道"
        ],
        "ability": [
            "体力在\\c[10]30%\\c[0]以下时、防御力提升"
        ]
    },
    "22": {
        "name": [
            "骑士护臂"
        ],
        "subtitle": "",
        "description": [
            "宫廷骑士的统一着装护甲",
            "华丽且坚硬的外壳象征着他们恪守的骑士之道"
        ],
        "ability": [
            "体力在\\c[10]30%\\c[0]以下时、攻击力和防御力提升"
        ]
    },
    "23": {
        "name": [
            "骑士胫甲"
        ],
        "subtitle": "",
        "description": [
            "宫廷骑士的统一着装护甲",
            "华丽且坚硬的外壳象征着他们恪守的骑士之道"
        ],
        "ability": [
            "体力在\\c[10]30%\\c[0]以下时、移动速度提升"
        ]
    },
    "24": {
        "name": [
            "猎人服"
        ],
        "subtitle": "",
        "description": [
            "由厚实的兽皮与坚韧的麻布缝制而成，最初是森林猎人的日常装备",
            "虽然防御力有限，但轻便灵活，能让穿戴者在林间快速穿梭"
        ],
        "ability": [
            "站在草地环境上时缓慢恢复体力"
        ]
    },
    "25": {
        "name": [
            "猎人腰带"
        ],
        "subtitle": "",
        "description": [
            "由厚实的皮革精心制成，点缀着多处坚固的扣环与挂袋",
            "曾是森林猎人出行时的必备之物，即便长途跋涉，也依旧轻便而不觉累赘"
        ],
        "ability": [
		    "体力上限提升20、移动速度提升",
            "额外可携带的武器数量+5、额外可携带的装备数量+5"
        ]
    },	
    "26": {
        "name": [
            "火鸟的羽毛"
        ],
        "subtitle": [
            ""
        ],
        "description": [
            "象征着永恒生命的火鸟的羽毛、上面还燃烧着温暖的火焰。",
            "即使只是一片羽毛也寄宿着能让死者复苏的生命力。"
        ],
        "ability": [
            "体力归零时自动发动、复活并恢复全部体力",
            "效果发动后、该装备将被摧毁"
        ]
    },
    "27": {
        "name": [
            "厕纸"
        ],
        "subtitle": "",
        "description": [
            "从家里带出来的厕纸",
            "对于在危险的迷宫里突然想上厕所的冒险者而言，",
            "这恐怕是非常重要的道具"
        ],
        "ability": [
            "自身受到的出血伤害降低\\c[10]30%\\c[0]"
        ]
    },
    "28": {
        "name": [
            "鬼手"
        ],
        "subtitle": [
            ""
        ],
        "description": [
            "蕴藏着豪鬼一族怪力的巨腕",
			"那是连岩石都能轻易捏碎的蛮力象征",
			"对人类而言这是难以驾驭的力量"
        ],
        "ability": [
            "物理攻击力上升100%",
            "攻击速度下降、且武器更容易在攻击中损坏"
        ]
    },
    "29": {
        "name": [
            "调皮的杰克"
        ],
        "subtitle": [
            "「这家伙渴望着悲鸣…」"
        ],
        "description": [
            "某位恶名昭著的杀人犯的凶器之一，还蠢蠢欲动着"
        ],
        "ability": [
            "对当前体力越低的敌人，造成伤害越高",
            "最大额外附加\\c[10]30%\\c[0]伤害"
        ]
    },
    "30": {
        "name": [
            "猎人短刀"
        ],
        "subtitle": [
            "「枪口夺命，短刀分福」"
        ],
        "description": [
            "小巧锋利的短刀，藏在靴子里也不碍事",
			"在猎人眼中，它总能逼出猎物最后一丝馈赠"
        ],
        "ability": [
            "更容易获得肉类掉落物"
        ]
    },	
    "31": {
        "name": [
            "夜雾幻影"
        ],
        "subtitle": [
            "「这家伙渴望着消失…」"
        ],
        "description": [
            "某位恶名昭著的杀人犯的凶器之一，隐藏着自己的气息"
        ],
        "ability": [
            "每间隔一定时间进入不可视的透明状态",
			"透明状态下执行暗杀时伤害将翻倍"
        ]
    },
    "32": {
        "name": [
            "猫爪手套"
        ],
        "subtitle": [
            "「吓啊————!!放马过来喵！」"
        ],
        "description": [
            "有柔软肉垫的猫爪手套、来自某只猫娘的得意武装",
            "戴上就会变得像猫科动物般敏捷，还会变得渴望吃鱼…"
        ],
        "ability": [
            "攻速上升、攻击回数+1",
            "额外的攻击回数触发特殊效果的概率减半"
        ]
    },
    "33": {
        "name": [
            "苹果头套"
        ],
        "subtitle": "",
        "description": [
            "苹果做成的头套，因为是苹果所以无法指望有什么防御力",
            "但苹果好好吃噢…"
        ],
        "ability": [
            "受伤时有概率发动回复"
        ]
    },
    "34": {
        "name": [
            "锐刃指环"
        ],
        "subtitle": "",
        "description": [
            "据说有个冒险者太怕打架时赤手空拳，干脆在戒指上镶了把剑",
            "虽然小得没法用，但气势上大大增强了"
        ],
        "ability": [
            "物理攻击力上升15%"
        ]
    },
    "35": {
        "name": [
            "胁差"
        ],
        "subtitle": "",
        "description": [
            "工艺精美的短刀，常被异国的武士作为佩刀随身携带",
            "刀身虽短，却足以划开血肉，让敌人难以止血"
        ],
        "ability": [
            "近战武器普通攻击回数+1",
			"额外的攻击回数有概率赋予出血状态"
        ]
    },
    "36": {
        "name": [
            "招财猫"
        ],
        "subtitle": "",
        "description": [
            "贪婪的招财猫从者，总是一副不满足的表情",
            "无论有没有价值都会积极地收集掉落物"
        ],
        "ability": [
            "招财猫会自动为你收集所有类型的掉落物",
            "装备多个时只会增加收集范围"
        ]
    },
    "37": {
        "name": [
            "猪猪存钱罐"
        ],
        "subtitle": "",
        "description": [
            "可爱的储钱罐从者，会将拾到的钱存入体内",
            "身体被填满时可能会发生点什么，但当前它只是一个容易碎掉的存钱罐"
        ],
        "ability": [
            "会开心地收集钱。已存入：\\c[6]${$gameSelfVariables.value([1, 110, 'deposit'])}\\c[0]元！",
            "被攻击时容易碎裂并失去所有存款"
        ]
    },
    "38": {
        "name": [
            "贪欲存钱罐"
        ],
        "subtitle": "",
        "description": [
            "满载财富，梦想成真的猪猪存钱罐",
            "然而，即便金银满腹，它的贪欲依旧无止境"
        ],
        "ability": [
            "持续释放玛门的索取光环。已存入：\\c[6]${$gameSelfVariables.value([1, 110, 'deposit'])}\\c[0]元！",
            "继续贪婪地收集钱。但每隔10秒，根据总存款吐出利息"
        ]
    },
    "39": {
        "name": [
            "绿龟壳"
        ],
        "subtitle": "",
        "description": [
            "坚硬又沉重的龟壳",
            "在陆地上背着它只会让人抬不动脚……！"
        ],
        "ability": [
            "降低移动速度、但在水中加快游泳速度"
        ]
    },
    "40": {
        "name": [
            "女仆制服"
        ],
        "subtitle": "",
        "description": [
            "教训了热衷捉弄人的兔耳少女后得到的战利品，",
            "上面还沾染着泥土和胡萝卜的味道"
        ],
        "ability": [
            "装备时伪装成魔物，但无法进行攻击",
            "装备时和女仆兔成为好朋友"
        ]
    },
    "41": {
        "name": [
            "萌萌兔耳"
        ],
        "subtitle": "",
        "description": [
            "是可拆卸的兔耳饰品",
            "无论是谁，戴上这个后都会变得很可爱！"
        ],
        "ability": [
            "获得幸运加护！更容易得到掉落物！"
        ]
    },
    "42": {
        "name": [
            "炸弹魔之魂"
        ],
        "subtitle": [
            "「大爆——炸！！」"
        ],
        "description": [
            "为了爆炸而献上了一切的强烈意志",
            "继承了这一意志的你，也会为了更加猛烈的爆炸而努力吧~？"
        ],
        "ability": [
            "发起或受到攻击时有小概率引发爆炸",
            "降低50%爆炸中受到的伤害"
        ]
    },
    "43": {
        "name": [
            "护刃众的徽章"
        ],
        "subtitle": [
		    "「你们这些冒险者真让我恶心！",
			"挥刀时只想着杀敌，却从不在乎刀刃的痛苦！」"
		],
        "description": [
            "持有武器保护主义思想的同志们才会佩戴的徽章"
        ],
        "ability": [
            "降低20%攻击力、攻击力上限降低至200",
			"减少20%所有武器耐久度消耗"
        ]
    },
    "44": {
        "name": [
            "◉▽◉"
        ],
        "subtitle": [
		    "「然而萨卡班甲鱼早就看穿了一切——」"
		],
        "description": [
            "传说中的古代种从者、明明是鱼却不会游泳",
			"有着坚硬的外皮，必杀技是回旋加速喷气式头槌！"
        ],
        "ability": [
            "可以举起萨卡班甲鱼进行投掷攻击",
			"掉入水中后会无法回来……"
        ]
    },
    "45": {
        "name": [
            "毒蛇之拥"
        ],
        "subtitle": [
            "「我这把匕首可是涂满剧毒了的——（舔」"
        ],
        "description": [
            "碰到就容易感染毒素的魔法短剑，需要保持安全距离"
        ],
        "ability": [
            "自动环绕型从者",
            "对触碰到的敌人高概率附加中毒状态"
        ]
    },
    "46": {
        "name": [
            "愤怒的拳头"
        ],
        "subtitle": "",
        "description": [
            "强而有力的魔法拳头",
            "不知因何愤怒不已，始终紧握不放……"
        ],
        "ability": [
            "自动环绕型从者",
            "会击退接触到的敌人"
        ]
    },
    "47": {
        "name": [
            "谢里斯的诅咒之手"
        ],
        "subtitle": "",
        "description": [
            "被赋予了不死之力的断手",
            "即使失去了身体，依然活力十足，态度嚣张"
        ],
        "ability": [
            "自动环绕型从者",
            "对被中指指向的单位施加诅咒"
        ]
    },
    "48": {
        "name": [
            "逆咒缚契约"
        ],
        "subtitle": [
            "「当所爱之人死去的时候，就只能选择自杀。",
			"当所爱之人死去的时候，除此之外，再也没有其他方法。」"
        ],
        "description": [
            "为了救下自己的使魔，某位炼金术士立下了此契约…"
        ],
        "ability": [
            "与从者进行链接，从者受到的伤害将由你承受",
			"每一个被链接的从者都会为你提供体力回复效果"
        ]
    },
    "49": {
        "name": [
            "红色的角"
        ],
        "subtitle": [
            ""
        ],
        "description": [
            "蕴藏着鹿角兔魔力的赤红之角，也是其高速移动能力的来源",
			"若能持续不断地供给魔力——也许可以不断加速化作划破天际的彗星！"
        ],
        "ability": [
            "满充能状态下，闪步将能够无限制使用并得到加速",
			"充能耗尽后自动进入充能恢复"
        ]
    },
    "50": {
        "name": [
            "炸薯条"
        ],
        "subtitle": "",
        "description": [
            "还散发着热气和香味的薯条",
            "但要小心被吸引过来的海鸥！"
        ],
        "ability": [
            "召唤会偷吃薯条的海鸥"
        ]
    },
    "53": {
        "name": [
            "倒吊人的骨戒"
        ],
        "subtitle": "",
        "description": [
            "使用死去的倒吊人的骨头制成的戒指",
            "虽然已经失去大部分力量、但依旧可以赋予持有者少许摆脱重力的力量"
        ],
        "ability": [
            "减轻重力的影响。降低66%坠落伤害"
        ]
    },
    "54": {
        "name": [
            "未满的黄金圣杯"
        ],
        "subtitle": "",
        "description": [
            "还未盛满的圣人遗物，能够祝福持有者为其带来无上的幸运",
            "这份祝福从何而来尚不可知，但它正静静地等待着盈满之日"
        ],
        "ability": [
            "幸运大幅上升。获取金钱翻倍"
        ]
    },
    "55": {
        "name": [
            "纵火狂的防烫手套"
        ],
        "subtitle": [
            "「呵、尽是肮脏的烟火。」"
        ],
        "description": [
            "能够有效防火隔热的厚重手套。上面已经充满了火药的味道"
        ],
        "ability": [
            "自己激活的炸弹爆炸范围+30%",
            "炸弹有概率引发连环爆炸"
        ]
    },
    "56": {
        "name": [
            "圣少女的怜悯"
        ],
        "subtitle": [
            "「乖孩子、乖孩子…」"
        ],
        "description": [
            "修女的礼装之一，仿佛丝绸般柔顺光滑，触感令人难以忘怀",
            "圣洁的光辉融入每一根纤维，着装时仿佛被安抚在慈爱的怀抱中"
        ],
        "ability": [
            "装备时强制进入贤者模式。 对\\str[120]摸头时获得更多好感度奖励"
        ]
    },
    "57": {
        "name": [
            "把草莓夺回来!!"
        ],
        "subtitle": [
		    ""
		],
        "description": [
            "因失去草莓而觉醒悲愤的ASABA，使出的究极奥义",
            "一旦被锁定就会被不可避的怒涛连击所吞噬……",
			"然而悲伤不会消散——被宿命之情绪灼烧的你，也继承了这门禁断之技！"
        ],
        "ability": [
            "在正确输入指令时发动秘奥义，当前体力越低，造成伤害越高"
        ]
    },
    "58": {
        "name": [
            "盈满的黄金圣杯"
        ],
        "subtitle": "",
        "description": [
            "逐渐被鲜血填满的圣人遗物，能够祝福持有者为其带来无上的幸运",
            "这份祝福从何而来尚不可知，它的力量也随着牺牲而不断膨胀……"
        ],
        "ability": [
            "幸运大幅上升。获取金钱翻倍",
			"血的赐福：全属性提升10%"
        ]
    },
    "59": {
        "name": [
            "红髓玉吊坠"
        ],
        "subtitle": [
            ""
        ],
        "description": [
		    "堕落法师的珍贵遗物",
            "以少量的天上之石晶体制成的吊坠，蕴藏着微弱却恒久的炼金术能"
        ],
        "ability": [
		    "和天上之石产生共鸣，基于持有数量强化魔法攻击力",
            "使用魔法时对武器耐久度的消耗降低\\c[6]24%\\c[0]"
        ]
    },
    "60": {
        "name": [
            "堕落法师的头环"
        ],
        "subtitle": "",
        "description": [
            "染指了诅咒的头环，",
            "上面寄宿的怨念顽强地侵蚀着肉体"
        ],
        "ability": [
            "魔法攻击力提升100%",
			"体力上限降低50%"
        ]
    },
    "61": {
        "name": [
            "堕落法师的披风"
        ],
        "subtitle": "",
        "description": [
            "染指了诅咒的披风，",
            "上面寄宿的怨念渴望着恶有恶报"
        ],
        "ability": [
            "闪步制造的残像将会存在更长时间",
			"触碰到残像的单位将陷入停滞状态"
        ]
    },
    "62": {
        "name": [
            "堕落法师的手套"
        ],
        "subtitle": "",
        "description": [
            "染指了诅咒的手套，",
            "上面寄宿的怨念具有强烈的攻击欲望"
        ],
        "ability": [
            "飞行道具具有追踪附近敌人的力量"
        ]
    },
    "63": {
        "name": [
            "堕落法师的轻履"
        ],
        "subtitle": "",
        "description": [
            "染指了诅咒的鞋子，",
            "上面寄宿的怨念可以使人变得如鬼魅般轻盈"
        ],
        "ability": [
            "移动速度上升、使用闪步时进入虚无状态"
        ]
    },
    "64": {
        "name": [
            "深渊遗物：使徒之血"
        ],
        "subtitle": [
		    "「若不流血，罪就不得赦免。」"
		],
        "description": [
            "完全觉醒的圣人遗物，恩赐的圣血能令人成为不死的使徒",
            "只要圣杯中仍残留血液，持有者便能一次次从死亡中归来……！"
        ],
        "ability": [
            "血的赐福：全属性提升10%",
			"体力耗尽时将消耗圣杯之血使自身完全复活"
        ]
    },
    "65": {
        "name": [
            "毅力头巾"
        ],
        "subtitle": [
            "「你以为我是谁呀——！」"
        ],
        "description": [
            "系上就能够让人感到热血沸腾的头巾，",
            "没有实际作用、但强大的精神是无懈可击的"
        ],
        "ability": [
            "体质强化，降低异常状态生效率，小概率抵抗致命伤害"
        ]
    },
    "67": {
        "name": [
            "武术家护腕"
        ],
        "subtitle": "",
        "description": [
            "武术家进行格斗切磋时总会准备的绷带护腕",
            "保护关节的时候也能帮助提升动作的精准度"
        ],
        "ability": [
            "减少12%物理系武器耐久度消耗",
            "攻速上升、提升空手连打的伤害"
        ]
    },
    "68": {
        "name": [
            "武术家之鞋"
        ],
        "subtitle": "",
        "description": [
            "武术已登峰造极的武术家惯穿的鞋子，",
            "能从中感受到强大的气"
        ],
        "ability": [
            "移动速度提升。闪步效果得到强化"
        ]
    },
    "69": {
        "name": [
            "破颜拳套"
        ],
        "subtitle": [
            "「可恶…好想揍谁的脸一下啊…！」"
        ],
        "description": [
            "某位拳王遗留下的拳套。",
            "能感受到上面仍残留着惊人的拳威。"
        ],
        "ability": [
            "装备时无法再使用武器",
            "用拳头攻击时小概率造成暴击，造成基于目标体力值的额外伤害"
        ]
    },
    "70": {
        "name": [
            "稻草人的心"
        ],
        "subtitle": "",
        "description": [
            "稻草人空洞的身体",
            "从中感受不到任何温暖和鼓动——但它可以代替你活下去"
        ],
        "ability": [
            "装备时无法进行任何性质的体力回复",
            "体力归零时不会立即倒下，可以继续活动7秒"
        ]
    },
    "73": {
        "name": [
            "熔岩戒指"
        ],
        "subtitle": "",
        "description": [
            "流淌着灼热熔浆的岩块所锻造的戒指",
            "佩戴后能减轻寒冰与灼痛带来的苦楚"
        ],
        "ability": [
            "大幅降低冰结的状态生效率",
            "降低炎上的状态生效率"
        ]
    },
    "74": {
        "name": [
            "火蝾螈之卷"
        ],
        "subtitle": [
		    "「是的，它们喜欢辣椒。」"
		],
        "description": [
            "封面镶嵌火蝾螈鳞片的魔导书。书中记载了潜居火山的火蝾螈生态",
            "看似一本百科，却能在阅读中逐渐深化对火元素的理解"
        ],
        "ability": [
            "强化火元素魔法的伤害和形态"
        ]
    },
    "80": {
        "name": [
            "王权征令"
        ],
        "subtitle": "",
        "description": [
            "象征着至高无上之王者的荣耀戒指",
            "能够极大程度提升追随者们的士气！"
        ],
        "ability": [
            "小幅度提升全属性",
            "提升所有从者的大小并强化对应的特殊属性"
        ]
    },
    "100": {
        "name": [
            "初号机枢"
        ],
        "subtitle": "",
        "description": [
            "精密到远超当今文明水平的机械核心，表面闪烁着未知能量的电路纹络",
            "即便丢失了大部分组件，依旧能展现出惊人的演算与感知能力"
        ],
        "ability": [
            "装备时提供范围侦查能力",
            "随核心等级提升，可侦查的对象类型也会增加"
        ]
    },
    "125": {
        "name": [
            "炎天娃娃"
        ],
        "subtitle": "",
        "description": [
            "不知是谁带着祈祷的心情编织的布制娃娃，",
            "娃娃也会继承祈祷之愿，让本应是规律运作的气象发生小小的改变",
            "但这时总会发现娃娃已经悄悄离开了…"
        ],
        "ability": [
            "装备时第二天必定出现炎热的酷暑天气"
        ]
    },
    "126": {
        "name": [
            "晴天娃娃"
        ],
        "subtitle": "",
        "description": [
            "不知是谁带着祈祷的心情编织的布制娃娃，",
            "娃娃也会继承祈祷之愿，让本应是规律运作的气象发生小小的改变",
            "但这时总会发现娃娃已经悄悄离开了…"
        ],
        "ability": [
            "装备时第二天必定出现晴天天气"
        ]
    },
    "127": {
        "name": [
            "阴天娃娃"
        ],
        "subtitle": "",
        "description": [
            "不知是谁带着祈祷的心情编织的布制娃娃，",
            "娃娃也会继承祈祷之愿，让本应是规律运作的气象发生小小的改变",
            "但这时总会发现娃娃已经悄悄离开了…"
        ],
        "ability": [
            "装备时第二天必定出现阴云天气"
        ]
    },
    "128": {
        "name": [
            "雨天娃娃"
        ],
        "subtitle": "",
        "description": [
            "不知是谁带着祈祷的心情编织的布制娃娃，",
            "娃娃也会继承祈祷之愿，让本应是规律运作的气象发生小小的改变",
            "但这时总会发现娃娃已经悄悄离开了…"
        ],
        "ability": [
            "装备时第二天必定出现下雨天气"
        ]
    },
    "129": {
        "name": [
            "少女的笑容"
        ],
        "subtitle": [
            "「\\str[121]好好遵守约定了呢~」"
        ],
        "description": [
            "一直仰慕并担心着\\str[121]的\\str[120]最后展现出的完美笑容",
            "对\\str[121]而言足以成为不断努力下去的动力"
        ],
        "ability": [
            "性欲上升、全属性上升"
        ]
    },
    "130": {
        "name": [
            "\\str[120]脱下的胖次"
        ],
        "subtitle": [
            "「上面还残留着\\str[120]的体香……」"
        ],
        "description": [
            "因为误会而从\\str[120]那收到的胖次。一直没有机会还回去",
            "但事实上内心深处还是感到非常开心…"
        ],
        "ability": [
            "从\\str[120]身上得到鼓舞。体力在50%以下时、获得自动回复效果"
        ]
    },
    "131": {
        "name": [
            "兔玩偶"
        ],
        "subtitle": [
            "「呜诶诶——！不要弄坏它啦~~！」"
        ],
        "description": [
            "\\str[120]无论去哪都会抱在怀里的毛绒兔玩偶，上面满是她的气息",
			"话说回来…为什么会在我手上啊？"
        ],
        "ability": [
            ""
        ]
    },	
    "147": {
        "name": [
            "创可贴"
        ],
        "subtitle": "",
        "description": [
             ""
        ],
        "ability": []
    },
    "150": {
        "name": [
            "特典T恤"
        ],
        "subtitle": "",
        "description": [
            "骑士送的自制服装，据说是给游戏宣传用的",
            "但我并不想穿"
        ],
        "ability": []
    },
    "152": {
        "name": [
            "\\str[120]的睡衣"
        ],
        "subtitle": "",
        "description": [
            "\\str[120]习惯穿的吊带睡衣，上面有着\\str[120]喜欢的蝴蝶结设计",
            "话说回来…为什么会在我手上啊？"
        ],
        "ability": []
    },
    "153": {
        "name": [
            "\\str[120]的短裤"
        ],
        "subtitle": "",
        "description": [
            "\\str[120]习惯穿的软篷篷的短裤，上面有着\\str[120]喜欢的蝴蝶结设计",
            "话说回来…为什么会在我手上啊？"
        ],
        "ability": []
    },
    "154": {
        "name": [
            "蓝白系带胖次"
        ],
        "subtitle": "",
        "description": [
             ""
        ],
        "ability": []
    },
    "155": {
        "name": [
            "粉白系带胖次"
        ],
        "subtitle": "",
        "description": [
             ""
        ],
        "ability": []
    },
    "156": {
        "name": [
            "纯白系带胖次"
        ],
        "subtitle": "",
        "description": [
             ""
        ],
        "ability": []
    },
    "157": {
        "name": [
            "创可贴"
        ],
        "subtitle": "",
        "description": [
             ""
        ],
        "ability": []
    },
    "159": {
        "name": [
            "没穿胖次…"
        ],
        "subtitle": "",
        "description": [
             ""
        ],
        "ability": []
    },
    "296": {
        "name": [
            "Ruika的万宝槌"
        ],
        "subtitle": [
            "「女仆长Ruika总是用它敲那些不听话的兔子的头」"
        ],
        "description": [
		    "女仆兔集团的秘宝，据说是她们能迅速垄断市场的真正原因",
			"只要轻挥小槌，就能回应持有者的愿望——",
			"经常有冒险者看到它被用来维修被坏家伙打坏的机器"
        ],
        "ability": [
            "更容易得到金钱和掉落物"
        ]
    },
    "297": {
        "name": [
            "Mio的急救箱"
        ],
        "subtitle": [
            "「噢天哪！我又摔进洞里了！？」"
        ],
        "description": [
		    "原本是管理员调试回血机制的工具，但后来他忘记删掉了",
			"不过面对机制杀时这个玩意也无济于事"
        ],
        "ability": [
            "装备时每秒恢复100%体力"
        ]
    },
    "298": {
        "name": [
            "白湮的金手指"
        ],
        "subtitle": [
            "「你知道这玩意儿会毁掉游戏吧？」",
			"「知道。」",
			"「那你还要装备？」",
			"「当然。」"
        ],
        "description": [
		    "能够点石成金的神器，是护刃众做梦都想获得的终极目标"
        ],
        "ability": [
            "武器不再因攻击而损坏"
        ]
    },
    "299": {
        "name": [
            "绝对领域"
        ],
        "subtitle": [
            ""
        ],
        "description": [
            "少女裙下露出的、超短裙和过膝袜间绝对不可侵犯的领域",
            "不仅蕴含难以解释的高抗魔力，还拥有从领域内随心所欲",
			"地掏出各种物品的不讲理能力"
        ],
        "ability": [
            "额外可携带的武器数量+99",
            "额外可携带的装备数量+99"
        ]
    },
    "300": {
        "name": [
            "爱神荡漾"
        ],
        "subtitle": [
            "「给我你的爱——！不然就一起去死吧~~！」"
        ],
        "description": [
            "某位病娇的大恶魔打造的宝具",
            "能够无视对方的意志强制让接触的对象爱上自己"
        ],
        "ability": [
            "极大幅度强化爱抚\\str[120]时增加的属性"
        ]
    }
}