{
  "possibleDrops": [
		    "可能掉落"  
    ],
  "7": {
		"objectName": [
		    "篝火"
		],	  
		"sentouryoku": [
		    "???"
		],	  
        "description": [
            ""
		],
		"1": [
            "找到了一处篝火、",
			"要做什么？"
        ],
        "2": [
            "休息一下吧",
            "什么也不做"
        ]
    },
  "8": {
		"objectName": [
		    "\\c[116]A↗SA↘BA↗"
		],	  
		"subtitle": [
		    "栖息于冒險者小道"
		],
		"bossName": [
		    "莓果吞噬者"
		],	  
		"sentouryoku": [
		    "2333"
		],			
        "description": [
            "喜欢吃草莓的奇怪生物",
			"皮糙肉厚有着十分夸张的防御力",
			"但专注于草莓的它并没有什么强烈的攻击欲望",
			"因此时常被路过的冒险者投喂…"
			
		],
		"1": [
            "ASABA满怀期待地看着我——",
			"是从我身上闻到了什么吗……？"
        ],
        "2": [
            "ASABA好奇地看着我——",
			"是从我身上闻到了什么吗……？"
        ],
        "3": [
            "ASABA一脸嫌弃地看着我——",
			"果然让它感到不高兴了吗……"
        ],
        "4": [
            "要试试投喂ASABA吗？"
        ],
        "5": [
            "投喂！",
			"不想喂"
        ],
        "6": [
            "ASABA一脸平淡地吃完了东西——",
			"难道不喜欢吃这种东西吗……"
        ],
        "7": [
            "ASABA对草莓非常满意——",
			"被ASABA赋予了奇怪的祝福！"
        ],
        "8": [
            "ASABA一脸嫌弃地看着我——",
			"很难吃吗…刚刚的食物……"
        ],
        "9": [
            "……………………？！！  \\w[45]",
			"ASABA、坏掉了……！！"
        ],
        "10": [
            "ASABA已经吃饱了——"
        ],
        "11": [
		    "………………!",
            "被ASABA记恨上了……"
        ]
    },
  "9": {
		"objectName": [
		    "\\c[116]鱼影"
		],	  
		"sentouryoku": [
		    "1"
		],	  
        "description": [
            "在水下游动的鱼影，会察觉到人的接近并迅速逃开。",
			"要用什么方法才能捕获它们呢……"
		]	
    },
  "14": {
		"objectName": [
		    "\\c[116]神秘的气泡"
		],	  
		"sentouryoku": [
		    "1"
		],	  
        "description": [
            "水下似乎有什么东西……"
		]	
    },	  
  "16": {
		"objectName": [
		    "Z"
		],	  
		"sentouryoku": [
		    "9"
		],	  
        "description": [
            "那是臭名昭著到连名字都成了禁忌的存在",
			"理论上它几乎无害——",
			"但那恐怖的身貌和神出鬼没的动作",
			"足以让在场所有人陷入混乱"
		]	
    },
  "18": {
		"objectName": [
		    "终焉之碑"
		],	  
		"sentouryoku": [
		    "1"
		],	  
        "description": [
            "一块长期无人打理，已经裂纹斑驳的石碑，",
			"看得出来曾经雕刻得非常精美，经过岁月冲刷，",
			"依然保持了让人恒生敬畏的氛围"
		]	
    },	
  "24": {
		"objectName": [
		    "\\c[114]女仆兔"
		],	  
		"sentouryoku": [
		    "?77"
		],	  
        "description": [
            "总是穿着女仆装，长有兔耳的奇怪少女。",
			"持有空间移动的能力，可以从各种奇怪的洞口出现。",
			"经常会捉弄冒险者，但基本上是无害的。"

		],
		"1": [
            "…………呜撒？",
			"你怎么这么丑呜撒？"
        ],
        "2": [
            "呜撒……",
            "闻到了你有胡萝卜的味道…"
        ]	
    },
  "28": {
		"objectName": [
		    "巨大萨卡班甲鱼"
		],	  
		"subtitle": [
		    "栖息于水下"
		],
		"bossName": [
		    "應該已經滅絶的河之主！？"
		],	  
		"sentouryoku": [
		    "999"
		],			
        "description": [
			""
		]
   },		
  "32": {
		"objectName": [
		    "神秘抽奖机"
		],	  
		"sentouryoku": [
		    "9"
		],	  
        "description": [
            "因塔罗牌的召唤而现身的圆滚滚扭蛋机。",
			"会贪婪地吃下冒险者投喂的物品，但意外得非常挑食。",
			"满意时就会开心地转动起来，最后吐出装有奖励的扭蛋。",
			"但要小心不要喂太多东西，虽然是机器，",
			"但似乎也会食物中毒…"

		],
		"1": [
            "还在河里！"
        ],
        "2": [
            "发现了一台奇怪的扭蛋机…",
            "话说表情和\\str[120]好像啊…"
        ],
        "3": [
            "试试投币",
            "试试投喂"
        ],
        "4": [
            "身上没有足够的钱去投喂…"
        ],
        "5": [
		    "确定要投喂",
            "\\ii[\\v[90]]吗？"
        ],
        "6": [
		    "是的",
            "算了"
        ]	
    },	  
  "41": {
		"objectName": [
		    "\\c[114]逆流茶会配送！"
		],	  
		"sentouryoku": [
		    "?999"
		],	  
        "description": [
            "由两只小猫娘独立经营的移动型商店。",
			"总是会响应冒险者的召唤而气势汹汹地出现。",
			"上架的商品基本都是日常从深渊捡到的，",
			"稍不注意就会被天价狠狠地敲一笔。",
			"但如果因此而小瞧她们，反而会被狠狠修理一顿...",
			"PS：\\c[2]由于和女仆兔竞争客源，已经被兔集团全面拉黑。"
		],
		"1": [
		    "嗨～！欢迎光临喵♪",
			"请慢慢看看哦，有什么感兴趣的随时问我喵！"
		]		
    },	  
  "43": {
		"objectName": [
		    "走路菇"
		],	  
		"sentouryoku": [
		    "120"
		],	  
        "description": [
            "常常在丛林出现的奇妙魔物、比普通的蘑菇大多了。",
			"能够用脚自由行走，具有攻击性。",
			"但因为非常好吃，成为了冒险者和厨师中意的目标。"
		]	
    },	  
  "51": {
		"objectName": [
		    "\\c[116]初级兽人"
		],	  
		"sentouryoku": [
		    "320"
		],	  
        "description": [
            "还处于成长期的兽人、体格已经和人类相当。",
			"会对生物产生反应，贪婪地吸收掉对象的生命力。"
		]	
    },	  
  "53": {
		"objectName": [
		    "丧尸"
		],	  
		"sentouryoku": [
		    "210"
		],	  
        "description": [
            "受到了死灵术影响而具有行动能力的尸体。",
			"但依然有着凶暴性和强大的战斗能力。"
		]	
    },
  "59": {
		"objectName": [
		    "箱庭的白兔"
		],		
		"subtitle": [
		    "栖息于遺迹之森"
		],
		"bossName": [
		    "箱庭的白兔"
		],	  	  
		"sentouryoku": [
		    "???"
		],	  
        "description": [
            ""
		]
    },	  
  "65": {
		"objectName": [
		    "\\c[116]怪鸟"
		],	  
		"sentouryoku": [
		    "260"
		],	  
        "description": [
            "体型巨大的鸟类魔兽。",
			"会用它那巨大的身体来冲撞冒险者",
			"另外还需要注意音波攻击"
		]	
    },	  
  "66": {
		"objectName": [
		    "\\c[114]橘猫猫史莱姆"
		],	  
		"sentouryoku": [
		    "?10"
		],	  
        "description": [
            "因误食了可爱猫猫而发生了变异、",
			"也开始变得可爱起来的史莱姆。",
			"失去了本来的攻击欲望、",
			"但遭到威胁时还是会像猫一样炸毛…"
		],
        "1": [
            "猫猫史莱姆似乎很喜欢我…"
		]	
    },	  
  "67": {
		"objectName": [
		    "\\c[114]三花猫史莱姆"
		],	  
		"sentouryoku": [
		    "?10"
		],	  
        "description": [
            "因误食了可爱猫猫而发生了变异、",
			"也开始变得可爱起来的史莱姆。",
			"失去了本来的攻击欲望、",
			"但遭到威胁时还是会像猫一样炸毛…"
		],
        "1": [
            "猫猫史莱姆似乎很喜欢我…"
		]	
    },	  
  "68": {
		"objectName": [
		    "\\c[114]狸花猫史莱姆"
		],	  
		"sentouryoku": [
		    "?10"
		],	  
        "description": [
            "因误食了可爱猫猫而发生了变异、",
			"也开始变得可爱起来的史莱姆。",
			"失去了本来的攻击欲望、",
			"但遭到威胁时还是会像猫一样炸毛…"
		],
        "1": [
            "猫猫史莱姆似乎很喜欢我…"
		]	
    },	  
  "69": {
		"objectName": [
		    "\\c[114]暹罗猫史莱姆"
		],	  
		"sentouryoku": [
		    "?10"
		],	  
        "description": [
            "因误食了可爱猫猫而发生了变异、",
			"也开始变得可爱起来的史莱姆。",
			"失去了本来的攻击欲望、",
			"但遭到威胁时还是会像猫一样炸毛…"
		],
        "1": [
            "猫猫史莱姆似乎很喜欢我…"
		]	
    },	  
  "70": {
		"objectName": [
		    "香蕉妖精"
		],	  
		"sentouryoku": [
		    "?10"
		],	  
        "description": [
            "有着香蕉模样的……生物？",
			"受深渊气息的影响而诞生的妖精、",
			"对冒险者并没有什么危害性。",
			"但是，有传言称靠近的人会被轻易地击飞…"
		]	
    },	  
  "71": {
		"objectName": [
		    "苹果妖精"
		],	  
		"sentouryoku": [
		    "?10"
		],	  
        "description": [
            "有着苹果模样的……生物？",
			"受深渊气息的影响而诞生的妖精、",
			"对冒险者并没有什么危害性。",
			"但是，有传言称靠近的人会被轻易地击飞…"
		]	
    },	  
  "72": {
		"objectName": [
		    "\\c[115]堕落法师的断手"
		],	  
		"sentouryoku": [
		    "480"
		],	  
        "description": [
            "已死的魔法师的断肢。",
			"已经无从得知原宿主经历了什么，",
			"但被死灵术寄宿的这只断手仍表现得非常活跃，",
			"经常会有冒险者看见它用显而易见的手势发动攻击。"
		]	
    },	  
  "73": {
		"objectName": [
		    "水怪"
		],	  
		"sentouryoku": [
		    "180"
		],	  
        "description": [
            "由水构成的炼金元素生物，会使役元素魔法。",
			"对物理攻击也有很强的抗性，",
			"但无法在没有水的环境行动。"
		]	
    },	  
  "77": {
		"objectName": [
		    "\\c[115]恶魔猫"
		],	  
		"sentouryoku": [
		    "300"
		],	  
        "description": [
            "被恶魔之力附体的流浪猫。",
			"获得了飞行能力的同时，还掌握了邪恶的力量。",
			"但毕竟只是一只猫，",
			"充其量只是吐出魔法弹程度的威胁。"
		]	
    },	  
  "78": {
		"objectName": [
		    "\\c[115]怨灵"
		],	  
		"sentouryoku": [
		    "400"
		],	  
        "description": [
            "死者的执念借由死灵术而诞生的魔法生物。",
			"总是徘徊在墓穴之中,对物理攻击有着很高的抗性，",
			"还能吐出致命的鬼火。"
		]	
    },	  
  "80": {
		"bossName": [
		    "狂乱的紅獣"
		],
		"subtitle": [
		    "栖息于被遺忘的墓穴"
		],		
		"sentouryoku": [
		    "1600"
		],	  
        "description": [
            ""
		]	
    },		
  "87": {
		"objectName": [
		    "草食史莱姆"
		],	  
		"sentouryoku": [
		    "60"
		],	  
        "description": [
            "在深渊的郊外随处可见的普通魔物。",
			"因为以啃噬植物为习性而演化成了绿色。",
			"贸然接近的时候就会变得应激、",
			"并开始喷射有腐蚀性的黏液。"
		]	
    },	  
  "88": {
		"objectName": [
		    "杰克史莱姆"
		],	  
		"sentouryoku": [
		    "999"
		],	  
        "description": [
            "误食了杰克爆弹的史莱姆。",
			"尽管没有立即爆炸但依旧非常不安定，",
			"受到刺激时就会容易激动而引爆自己。"
		]	
    },	  
  "89": {
		"objectName": [
		    "\\c[116]恶灵史莱姆"
		],	  
		"sentouryoku": [
		    "340"
		],	  
        "description": [
            "生长在墓地而受到影响发生了变异的史莱姆。",
			"像丧尸一般会主动袭击冒险者，攻击变得更加凶恶的同时，",
			"身上缠绕着的死亡气息也会通过攻击传染给冒险者，",
			"稍有不慎就会立即致死…"
		]	
    },	  
  "90": {
		"objectName": [
		    "\\c[116]急冻史莱姆"
		],	  
		"sentouryoku": [
		    "400"
		],	  
        "description": [
            "不知从何处吸收了魔力而发生变异的史莱姆。",
			"只在水域中活跃，透过魔力为自己制作了厚厚的冰甲。",
			"会汲取大量水并迅速降温再喷射出去攻击冒险者。"
		]	
    },	  
  "91": {
		"objectName": [
		    "\\c[116]哔哩哔哩史莱姆"
		],	  
		"sentouryoku": [
		    "280"
		],	  
        "description": [
            "变得可以浑身放电，闪闪发光的史莱姆。",
			"即便是史莱姆也不知道是吃下了什么才发生了这种变异。",
			"但肆无忌惮释放着电流的状态使得已经无法轻易靠近它…"
		]	
    },	  
  "92": {
		"objectName": [
		    "矿石史莱姆"
		],	  
		"sentouryoku": [
		    "350"
		],	  
        "description": [
            "吃下了大量蕴含魔力的结晶而硬化的史莱姆。",
			"身上也开始长出了坚硬的矿石，还能操纵它们变成利器。",
			"虽然变得坚硬起来，但到底也只是史莱姆。",
			"另外掉落的矿石似乎也很值钱…"
		]	
    },	  
  "101": {
		"objectName": [
		    "\\c[116]小红怪"
		],	  
		"sentouryoku": [
		    "380"
		],	  
        "description": [
            "从蛋中孕育出的异形生物。",
			"畸形且错误的生长环境使得身上各种组织扭曲在一起",
			"拥有强烈的攻击欲望，渴望通过吞噬血肉获得新生。"
		]	
    },		  
  "102": {
		"objectName": [
		    "垃圾桶"
		],	  
		"sentouryoku": [
		    "???"
		],	  
        "description": [
            "即便是在深渊这样危机四伏的地方，",
			"随手乱扔东西依旧是不被提倡的。",
			"不过，不管丢进什么，到了第二天总会神秘地消失，",
			"似乎有谁在默默地回收这些掉落物……",
			"但要特别小心，别把易燃物随便丢进去。",
			"要是再粗暴地对待它，可能会引发剧烈的反应——"
		],
		"1": [
            "发现了一个垃圾桶…",
			"要做点什么吗？"
        ],
        "2": [
            "翻找一下",
            "丢掉武器",
			"丢掉装备"
        ],
        "3": [
            "里面只有我刚丢的东西……"
        ],
        "4": [
            "（唔…背包里完全塞满了……",
			"只能一口气全丢了……）"
        ],
        "5": [
            "全丢了！",
			"再想想…"
        ],
        "6": [
            "……确定要丢掉这些东西吗？",
			"\\str[8]"
        ],
        "7": [
            "\\fr${itemIcon}等${itemLength}件装备"
        ]	
    },
  "110": {
		"objectName": [
		    "稻草人"
		],	  
		"sentouryoku": [
		    "???"
		],	  
        "description": [
            "「我只是一个稻草人，因为没有心，",
			"所以不会感觉到疼痛—— 」"
		]
    },	  
  "113": {
		"objectName": [
		    "角兔"
		],	  
		"sentouryoku": [
		    "50"
		],	  
        "description": [
            "因魔力污染而变异的野兔，头上的角正是这种异变的象征。",
			"不过，它仍处于成长期，威胁性并不算太大。",
			"此外，肉质依旧鲜美可口。"
		]	
    },
  "106": {
		"objectName": [
		    "辣椒树"
		],	  
		"sentouryoku": [
		    "1"
		],	  
        "description": [
            "原来辣椒是长在树上的吗……？",
			"虽然\\str[120]不大喜欢，但是作为冒险者可不能挑食呢！"
		]	
    },
  "107": {
		"objectName": [
		    "土豆"
		],	  
		"sentouryoku": [
		    "1"
		],	  
        "description": [
            "不仔细辨认很容易当作杂草忽略了，",
			"往下面挖的话能挖到好吃的土豆。"
		]	
    },
  "108": {
		"objectName": [
		    "番茄"
		],	  
		"sentouryoku": [
		    "1"
		],	  
        "description": [
            "充满水分又散发着清香的番茄，",
			"就像被谁精心培育着一样……"
		]	
    },
  "109": {
		"objectName": [
		    "草莓树"
		],	  
		"sentouryoku": [
		    "1"
		],	  
        "description": [
            "结满草莓的果树，看起来非常好吃。",
			"时常吸引某只生物前来偷食。"
		]	
    },		  
  "115": {
		"objectName": [
		    "\\c[115]燃烧史莱姆"
		],	  
		"sentouryoku": [
		    "620"
		],	  
        "description": [
            "全身燃烧着烈焰的史莱姆，光是靠近就能感受到灼人的高温。",
			"普通攻击对它几乎毫无作用，冒险者唯有庆幸，",
			"这种怪物只会在熔岩等极端环境中现身。"
		]	
    },
  "119": {
		"objectName": [
		    "\\c[10]死之恶魔"
		],	  
		"garble": [
		],
		"sentouryoku": [
		    "???"
		],	  
        "description": [
            "这不过是死之恶魔之力的一道虚影",
			"真正的恶魔，绝非人类所能轻易召唤",
			"或者说，人类根本无力承受那召唤所带来的代价",
			"然而，即便只是这微不足道的残响",
			"亦足以令其目光所及之处众生俱灭"
		]
    },	  
  "97": {
		"objectName": [
		    "\\c[10]Aki"
		],		
		"sentouryoku": [
		    "\\c[10]打听女孩子的情报很失礼噢~♥"
		],	  
        "description": [
            "虽然看起来只是人畜无害的萝莉美少女、",
			"但真身实际上是不受任何拘束的大恶魔。",
			"对人类很友好，但又非常热衷于去观察和捉弄人类。",
			"虽然正在凭兴趣经营着小店，但不管是商品还是定价都很随意",
			"基本上，她只是想尽可能从人类手里换取她最爱的鲑鱼吃..."
		],
        "1": [
            "哎呀～这可真是稀客呢～",
			"呵呵，这里有好东西哦，慢慢看吧♥"
        ],
        "2": [
            "yaho～真是巧遇呢～能再次见到你～！",
			"是命运吗~？还是说运气很好呢～？"
        ],
        "3": [
		    "呵呵，不管怎样～！",
            "在运气好的时候，可要小心别让人夺走运气哦♥"
        ],
        "4": [
            "我的店可是特别的，",
			"卖的是普通店里买不到的东西哦～"
        ],
        "5": [
		    "嗯哼～怎么了嘛？脸都红红的咯？\\w[45]呵～\\w[45]",
            "是被我的可爱迷住了吗？真是可爱呢～"
        ],
        "6": [
		    "这些商品是…",
            "你到底是…"
        ],
        "7": [
		    "啊哈♥刺・激・的～大・人・向・的～",
            "你是在追求这种商品吗？"
        ],
        "8": [
		    "当然～是有的哦♥",
            "大哥哥…是有兴趣吗？"
        ],
        "9": [
		    "哦～想了解我吗？",
            "也是呢～确实还没做自我介绍呢～"
        ],
        "10": [
		    "那个，我啊～",
            "是从深渊深处而来的大恶魔！Aki哦～"
        ],
        "11": [
		    "哎呀！别露出那么可怕的表情嘛～",
            "今天只是来和你做个交易而已哦～！"
        ],
        "12": [
		    "嗅嗅…",
			"\\w[90]\\^"
        ],
        "13": [
		    "没错！就是这个味道！",
            "就是它！快点给我嘛♥好不好～！"
        ],
        "14": [
		    "可以吧～",
            "会给我的吧♥"
        ],
        "15": [
		    "（啊、原来是被我背包里",
			"鲑鱼的味道给吸引到了……）"
        ],
        "16": [
		    "嗯嗯～！我想要的就是这个！",
            "我会好好感谢你的♥"
        ],
        "17": [
		    "拜托，哪怕只给我一点点也好…",
			"分给我吧？求你了♥"
        ],
        "18": [
		    "（怎么办呢……这孩子，",
            "好像非常想要吃鲑鱼呢……）"
        ],
        "19": [
		    "什么也不给"
        ],
        "20": [
		    "嚯～    \\w[45]",
			"是打算反抗Aki大人吗？"
        ],
        "21": [
		    "真是没办法的孩子呢～既然是坏孩子~！",
            "那就要好好惩罚一下哦♥"
        ],
        "22": [
		    "\\>\\c[10]《恶魔契约仪式之纯情人类绝对诅咒=",
			"\\>从今天开始你的人生就是地狱模式》        \\w[90]"
        ],
        "23": [
		    "这样一来——",
			"你被诅咒了呢——"
        ],
        "24": [
		    "献上这么多鲑鱼呢♥大哥哥真是的~",
			"难道是想讨我欢心吗～"
        ],
        "25": [
		    "真可爱呢♥让人受不了呢♥",
			"呵呵～！"
        ],
        "26": [
		    "这个小可爱你就带在身边吧~",
			"如果想找我，让它传个信就好了~♥"
        ],
        "27": [
		    "你想买这个商品吗？",
			"好啊～卖给你哦～！"
        ],
        "28": [
		    "啊！不过呢，我对钱可没兴趣～",
			"作为大恶魔的我来说，那东西一点价值都没有～"
        ],
        "29": [
		    "看你肌肉还挺不错的，",
			"应该可以做到吧～！"
        ],
        "30": [
		    "…嘿嘿，要是想要这个商品的话～！",
			"就拿鲑鱼来交换吧～！"
        ],
        "31": [
		    "附近这么多水域、",
			"对你来说抓点鱼不是什么难题吧~？"
        ],
        "32": [
		    "如果你以为这就结束了，那就大错特错了哦♥～",
			"如果不好好反省，我是绝对不会原谅你的！"
        ],
        "33": [
		    "而且呢～",
			"这个诅咒会一直持续下去哦～♥"
        ],
        "34": [
		    "啊哈♥这样的话，会有各种麻烦的吧～",
			"对大哥哥来说也很讨厌吧♥"
        ],
        "35": [
		    "诶～想让我解开诅咒吗～？",
			"怎么办呢～♥"
        ],
        "36": [
		    "如果我说不呢，你会怎么办啊～？",
			"啊啊～别露出那种表情嘛～不行哦～"
        ],
        "37": [
		    "这样我会更想欺负大哥哥的呢♥",
			"不要想让我解开哦～啊哈♥"
        ],
        "38": [
		    "太拼命了吧？真是杂鱼哥哥呢♥",
			"拿出更多诚意来道歉吧～♥"
        ],
        "39": [
		    "（想要解除诅咒的话……",
			"果然还是应该向这个臭小鬼献上鱼才行吧……）"
        ],
        "40": [
		    "哇～！",
			"大哥哥～谢谢啦♥～"
        ],
        "41": [
		    "给了我这么多鲑鱼♥～啾噜噜♥",
			"啊～鲑鱼天堂♥～"
        ],
        "42": [
		    "好了～！这样诅咒就解开咯～！",
			"以后也要多多关照哦~大哥哥♥"
        ],
        "43": [
		    "哎呀～好久不见啦，大哥哥～",
			"你来得正是时候呢～♥"
        ],
        "44": [
		    "要不要来点新品试试看呀？",
			"是我亲自做的水馒头哦～"
        ],
        "45": [
		    "效果嘛，嘿嘿！",
			"会让身体变得更加敏感呢♥"
        ],
        "46": [
		    "不仅对人类有效~",
			"对魔物也一样超有用的一品哦！"
        ],		
        "47": [
		    "怎么样？只需要十条鲑鱼就可以噢~？",
			"买？不买？快点决定啦♥"
        ],
        "48": [
		    "买、买了！",
			"还是算了…"
        ],
        "49": [
		    "杂鱼哥哥真是的，已经连脑袋都变成杂鱼了吗~？",
			"明明拿不出这么多鱼、真没用♥"
        ],
        "50": [
		    "又没钱又没鲑鱼，超弱超废的哥哥～",
			"就是因为这样才会一直单身还是处男啊～"
        ],
        "51": [
		    "要是哪天改变心意了，就再来买吧~",
			"我才不期待呢♥"
        ],
        "52": [
		    "切～真无聊喵～",
			"居然连这么棒的东西都不买♥"
        ],
        "53": [
		    "感谢惠顾喵～",
			"这样我又可以吃好多好多鲑鱼啦～"
        ],
        "54": [
		    "切～真无聊喵～",
			"居然连这么棒的东西都不买♥"
        ],
        "55": [
		    "啊~我想大概不会发生啦♥",
			"但大哥哥你看起来就很弱的样子～"
        ],
        "56": [
		    "所以还是提醒一下比较好～",
			"这个呢，哥哥你自己吃也是可以的哦～"
        ],
        "57": [
		    "效果当然是让身体变得敏感啦♥",
			"所以，绝对不要对自己用哦～"
        ],
        "58": [
		    "还是说真的要用吗？",
			"大哥哥看起来就是个抖M的废柴呢♥"
        ],
        "59": [
		    "开玩笑的啦♥",
			"那么～等你下次再来光临哦♥"
        ],
        "60": [
		    "很遗憾~已经卖完了噢~？",
			"大哥哥真是的、居然这么饥渴的吗♥"
        ],
        "61": [
		    "想要的话只能等下一次了~",
			"但如果是送给我鲑鱼的话，随时都可以噢♥"
        ],
        "62": [
		    "啊啦♥还想要是吗~？真是贪心呢！",
			"买这么多是想拿来做什么奇怪的事情吗~？"
        ],
        "63": [
		    "嚯噢——♥居然有这么品质的鲑鱼——！",
			"大哥哥你真是的，有这种好东西早点拿出来嘛~"
        ],
        "64": [
		    "如果是它的话~",
			"送我一条我就可以卖给你噢~♥"
        ]	
    },	  
  "98": {
		"objectName": [
		    "糖果机"
		],		
		"sentouryoku": [
		    "???"
		],	  
        "description": [
            "装满了各色糖果的糖果机。",
			"里面都是店主亲自制作的金平糖。",
			"似乎是用了特殊的原料，闻起来有奇妙的香味…",
			"但即便好奇地去问放了什么，",
			"也只会换来少女意味深长的微笑…"
		],
        "1": [
            "发现了一台装满五颜六色",
			"糖果的糖果机——"
        ],
        "2": [
            "我看看...转一次要.. ",
			"\\w[60]\\^"
        ],
        "3": [
		    "\\>我看看...转一次要..",
            "\\c[6]\\v[86]\\c[0]元！？ \\< 好贵！！"
        ],
        "4": [
            "\\str[120]可能会喜欢这种零食啊…",
			"怎么办呢？要试一试吗？"
        ],
        "5": [
		    "我看看...转一次要.. \\w[60]\\c[6]\\v[86]\\c[0]元",
            "怎么办呢？要试一试吗？"
        ],
        "6": [
		    "用钱支付",
            "用鱼交换"
        ],
        "7": [
		    "但是、",
            "身上没有那么多钱……"
        ],
        "8": [
		    "对对～♥",
            "就这样再多献上点鲑鱼吧……"
        ]		
    }		
}