{
  "1": {
        "0": [
            "满汉全席..."			
		],
        "1": [
            "肚子饿扁了..."			
		]		
    },
  "2": {
        "0": [
            "\\nl< >「\\str[121]！有什么想吃的吗！？」"
		],
        "1": [
            "要怎么办呢……难得\\str[120]这么积极，",
			"要吃点什么好呢——"
		],
        "2": [
            "想吃掉你",
			"肉料理！",
			"菜料理！",
			"什么都行"
		],
        "3": [
            "\\nl< >「真是的～我可不是食物啊！          \\w[90]",
			"如果\\str[121]没有特别想吃的，我就自己想个菜单来做了哦！」"
        ],
        "4": [
            "\\nl< >「诶嘿嘿~\\str[121]你终于明白肉的美味了呢！」"
        ],
        "5": [
            "\\nl< >「等着吧，",
			"我会给你做一份超大的牛排！」"
        ],
        "6": [
            "\\nl< >「不过食材不够……",
			"今天可能只能做别的了。」"
        ],
        "7": [
            "\\nl< >「虽然不是很喜欢……      \\w[120]",
			"但既然\\str[121]说想吃的话，我会努力去做的！」"
        ],	
        "8": [
            "\\nl< >「那\\str[121]就乖乖地坐在桌子旁等着饭做好吧！   \\w[120]」"
        ]	
    },	
  "5": {
        "0": [
            "今天要做些什么吃好呢～"			
		]			
    },	
  "10": {
        "0": [
            "难得和\\str[120]一起吃早餐，得加把劲了！"
		],
		"1": [
            "用剩余的食材做了一份简单的早餐。"
        ],
        "2": [
            "「哦哦——！?在发着光茫——！看起来真好吃！」"
        ],
        "3": [
            "料理大成功!    \\w[30]",
			"因为非常地美味、体力完全恢复了！"
        ],
        "4": [
            "「今天状态不错、看起来很美味的样子…」"
        ],
        "5": [
            "安静地吃完了早餐、体力感觉恢复了一些。"
        ],
        "6": [
            "「糟糕！    \\w[30]",
			"有点烧焦了……"
        ],
        "7": [
            "随便吃了点味道怪怪的早餐，",
			"总觉得没什么满足感啊……"
        ],
        "8": [
            "「啊啊————    \\w[30]",
			"完全烧焦了！"
        ],
        "9": [
            "早餐完全焦成了一块炭，",
			"尝了一口，什么味道都没有……"
        ],
        "10": [
            "差不多到出门的时间了…",
			"也留下了给\\str[120]的纸条、这样就没问题了。"
        ]	
    },	
  "12": {
        "0": [
            "……好像看见什么眼熟的东西呢。"
		],
		"1": [
            "诶诶…想吃肉肉…"
        ],
        "2": [
            "要加点什么好吃的东西进去呢〜"
        ],
        "3": [
            "今天吃鱼呢！"
        ],
        "4": [
            "\\str[121]！？这是能吃的东西吗！？"
        ],
        "5": [
            "不要辣的！"
        ],
        "6": [
            "……讨厌蔬菜。"
        ],
        "7": [
            "汉堡肉~汉堡肉~"
        ],
        "8": [
            "这是可以吃的东西吗？"
        ],
        "9": [
            "酸甜口味的肉料理……好像也不错？"
        ]		
    },	
  "13": {
        "0": [
            "失败了……  \\w[60]",
			"和\\str[120]一起勉强吃下了做出来的奇怪食物…"
		],
		"1": [
            "和\\str[120]一起美味地享受了肉料理。"
        ],
        "2": [
            "和\\str[120]一起美味地享受了晚餐。"
        ],
        "3": [
            "但因为料理味道做得太辣，\\str[120]马上就被辣哭了…"
        ],
        "4": [
            "而且因为料理味道做得太辣，\\str[120]马上就被辣哭了…"
        ]		
    },
  "17": {
        "0": [
            "\\nl< >「\\str[121]……有好好把身上的味道洗干净吧？",
            "下次不要再弄得脏兮兮回来了。」"			
		]			
    },
  "18": {
        "0": [
            "\\nl< >「来、\\str[121]！    \\w[60]",
            "啊————」"			
		],
		"1": [
            "…………诶？既视感？",
			"这个情景、特别眼熟……！"
        ],
		"2": [
            "「我自己来————",
			"\\w[60]\\^"
        ],
		"3": [
            "\\nl< >「真是的、",
			"现在\\str[121]可是没法活动的伤患哦！」"
        ],
		"4": [
            "「啊、好的。」"
        ],
		"5": [
            "在\\str[120]的气势影响下、",
			"我乖乖吃下了送过来的不明物体。"
        ],
		"6": [
            "\\{  「噗！？」"
        ],
		"7": [
            "熟悉的冲击感在我嘴里爆发开来、",
			"是已经习惯了吗、这次没有当场晕过去。"
        ],
		"8": [
            "\\nl< >「怎么样、\\str[121]？味道还好吗？」"
        ],
		"9": [
            "「味道啊、有点————」"
        ],
		"10": [
            "从胃里突然涌出了一股热浪！",
			"疲劳一扫而空了！"
        ],
		"11": [
            "「……啊嘞？意外地感觉还不错？」"
        ],	
		"12": [
            "\\nl< >「太好了、修行看起来很成功呢！」"
        ],	
		"13": [
            "到底做了什么样的修行啊？",
			"虽然很好奇这点、结果还是没敢问出来…"
        ]
    },
  "21": {
        "0": [
            "现在手里没有能参考的食谱……还是自己来做吧？"		
		],
		"1": [
            "让\\str[120]做",
			"自己来做"
        ],
		"2": [
            "\\nl< >「对不起、\\str[121]…       \\w[60]",
			"现在还在修行中、下次再交给我吧！」"
        ],
		"3": [
            "……\\str[120]看起来在努力地学习料理、",
			"没办法、晚饭只能我来做了。"
        ],
		"4": [
            "\\nl< >\\{「\\str[121]、",
			"你想吃我做的料理吗！？」"
        ],
		"5": [
            "\\nl< >「哎呀、真是拿你没办法呢〜」"
        ],
		"6": [
            "\\nl< >「交给我吧！我可是很有自信做出好吃的哦！」"
        ],
		"7": [
            "真是拿\\str[121]没办法呢~"
        ],	
		"8": [
            "今天的晚饭交给我吧~！"
        ]				
    },
  "22": {
        "0": [
            "\\nl< >\\{「唔唔唔……！\\w[250]嘿咻……！  \\w[210]"	,
			"哼嗯嗯……！」    \\w[210]\\^"
		],
		"1": [
            "\\nl< >「哈啊…\\w[120]哈啊…\\w[180]\\str[121]……   \\w[60]",
			"居然这么重……！」"
        ],
		"2": [
            "\\str[120]干劲十足地把已经动弹不得的我拖到了餐桌前……"
        ],
		"3": [
            "\\nl< >「接下来\\str[121]就在这等一下，马上回来呢。」"
        ],
		"4": [
            "\\str[120]亲手做的料理吗…怎么说呢、还是好期待啊……",
			"不过话说回来、\\str[120]以前有做过饭吗……？"
        ],
		"5": [
            "\\nl< >「来、\\str[121]！    \\w[60]",
			"啊————」"
        ],
		"6": [
            "盯着眼前这个难以称之为食物的不明物体，",
			"我整个身体不由自主地颤抖起来。"
        ],
		"7": [
            "「那个、吾妹哟……    \\w[60]",
			"\\str[121]自己动手吃饭的力气还是有的哦？   \\w[150]",
			"只要把绷带拆开……」    \\w[20]\\^"
        ],
		"8": [
            "\\nl< >「不行！\\str[121]现在可是伤员、",
			"不好好修养怎么行！」"
        ],
		"9": [
            "\\nl< >「还是说我第一次做的料理果然不太行……？   \\w[120]",
			"这样的话我先来尝味道……」"
        ],
		"10": [
            "\\{  「让我来试吃！拜托了！」"
        ],
		"11": [
            "还没等\\str[120]反应过来、",
			"我主动伸出头咬住了伸过来的勺子。"
        ],
		"12": [
            "「嗯…嚼嚼嚼—\\w[60]…还不————\\w[30]\\^"
        ],
		"13": [
            "\\{  「噗！？」"
        ],
		"14": [
            "\\nl< >「\\str[121]！？怎、怎么了！？」"
        ],
		"15": [
            "就感觉像是喝下了高浓度的碳酸饮料、",
			"奇妙的口感在嘴里一瞬间就爆炸开来，",
			"感想也来不及说出来、马上我就丧失意识了……"
        ],
		"16": [
            "\\nl< >\\{  「\\str[121]——！」",
			"\\w[60]\\^"
        ],
		"17": [
            "啊啊啊……\\str[120]亲手做的料理……没吃完太遗憾了…"
        ]			
    }
}