{
  "0": [
    "✦\\str[120]喜欢的马克杯，上面有一个奇怪的兔子图案，",
    "似乎是逆流茶会的热销产品…"
  ],
  "1": [
    "✦父亲留下的提灯，似乎是一种魔术礼装。",
    "已经很旧了，但是仍然非常耐用，",
    "散发出来的光很温暖。"
  ],
  "2": [
    "✦造型很可爱的小夜灯，",
    "灯光非常柔和，适合晚上起来上厕所的时候开。"
  ],
  "3": [
    "✦一种叫做榕猪苓的观叶植物。",
    "生长非常茂盛，看起来\\str[120]有每天悉心照料。"
  ],
  "4": [
    "✦一种叫做绿萝的观叶植物。",
    "因为看起来很生长的不是很旺盛，被\\str[120]放在了窗边，",
    "是不是该提醒\\str[120]，绿萝其实不喜欢阳光呢……？"
  ],
  "5": [
    "✦\\str[120]从父亲的书房挑选出来的一些书，",
    "基本都是哲学类的书籍，完全看不懂…"
  ],
  "6": [
    "✦回家路上捡到的晒干的白桦树枝，",
    "因为觉得很帅气就带回家给\\str[120]看了，",
    "结果被\\str[120]细心的存放在了花瓶里。"
  ],
  "7": [
    "✦\\str[120]画的鸟类素描，",
    "似乎是透过窗户观察附近时发现的。"
  ],
  "8": [
    "✦型号很旧、风力也不怎么强的小电风扇，",
    "得靠近一些才能感觉到清凉的风。"
  ],
  "9": [
    "✦最新款的吹风机，风力非常强劲，要是对着脸吹的话，",
    "会感觉皮肤都要被强风掀起来了…"
  ],
  "10": [
    "✦可以调节浴缸的温度，",
    "不过最高温度99度，最低温度-10度…",
    "这种跨度真的没问题吗！？"
  ],
  "11": [
    "✦\\str[120]喜欢的，有水果香味的洗发水，",
    "洗完了头发会非常柔顺，缺点是用得太快了…",
    "当前剩余量：\\c[20]${$gameSelfVariables.value([6, 8, 'shampoo'])}%"
  ],
  "12": [
    "✦好像是\\str[120]刚脱下来的衣服…",
    "被整齐地叠放在一起。"
  ],
  "13": [
    "✦传说中的游戏主机，现在已经非常罕见，",
    "要是能入手一台会成为玩家群体中的传说人物吧。"
  ],
  "14": [
    "✦\\str[120]生日时父亲送给\\str[120]的玩偶，",
    "\\str[120]非常珍惜这个玩偶，一直放在身边。"
  ],
  "15": [
    "\\fr\\fs[20]\\c[10]遗落的魔法阵",
    "\\fs[22]\\i[16]???\\fr",
    "✦这是由从父亲手中继承的魔法卡牌生成的异空间。",
    "完全隔绝了时空的影响，任何存放于此的物品都不会消失。",
    "魔法阵还与家中的玄关相连，能够稳定地将自己安全送回家。",
    "这究竟是不是父亲为预见自己未来必然踏入深渊而特意设计的，",
    "如今已无人知晓……"
  ],
  "16": [
    "\\fr\\fs[28]\\c[114]大迷宫",
    "\\fr\\fs[22]\\i[16]400",
    "✦遗迹迷宫的入口，受到深渊气息的影响滋生了大量魔物。",
    "极度危险的同时也充满着机遇，相传底层埋藏着深渊的秘密。",
    "不过，此处也仅仅只是深入探索深渊的选择之一。"
  ],
  "17": [
    "✦用最新技术制作的85寸电视，画面质量非常好，",
    "但平时能接收到的电视频道信号并不多，",
	"要想看更多有趣的节目，还是得想办法弄到录像带才行"
  ]
}