{
  "3": {
    "0": [
      "……여동생은 아직 푹 자고 있는데, 뭘 해볼까?",
      " "
    ],
    "1": [
      "여동생을 깨운다",
      "머리를 쓰다듬는다",
      "그만둔다"
    ],
    "2": [
      "우연히 얻은 홍수액 덕분에,",
      "여동생의 상태가 좋아진 것처럼 보이지만,",
      "그래도 약효가 짧게 지속되는 건 아닐까",
      "하고 걱정하고 있다…"
    ],
    "3": [
      "나는 가만히 여동생의 얼굴을 주물러 보았다. 간지러운지,",
      "여동생은 참는 듯한 표정을 지었다.",
      " "
    ],
    "4": [
      "\\nl< >「으—— 으음……」"
    ],
    "5": [
      "「아침이야. 일어날 수 있겠어?」"
    ],
    "6": [
      "여동생은 체질 때문에 아침엔 늘 너무 졸려 하니까,",
      "억지로 깨우지 않는 편이 좋을까…?",
      " "
    ],
    "7": [
      "계속 깨운다",
      "그만둔다"
    ],
    "8": [
      "\\nl< >「음냐……」",
      "\\nl< >「——오빠……」",
      "\\nl< >「으——응……」"
    ],
    "9": [
      "여동생은 살짝 잠꼬대만 할 뿐,",
      "여전히 기분 좋게 자고 있다.",
      "이런 일은 서두르지 않는 편이 좋겠지.",
      "좀 더 자게 냅두자……"
    ],
    "10": [
      "가만히 여동생의 머리를 쓰다듬었다."
    ],
    "11": [
      "……슬슬 아침밥 준비를 해야겠네."
    ]
  },
  "4": {
    "0": [
      "「어때? 괜찮아?」",
      " "
    ],
    "1": [
      "\\nl< >「음냐…\\w[180]괜차나아아아아아아——」\\w[30]\\^"
    ],
    "2": [
      "「위험해! \\w[45]정말,\\w[45]",
      "역시 아직 잠이 덜 깬 거 아니야?」"
    ],
    "3": [
      "「야~ 아직 잠이 안 깼어?",
      "그럼, 오빠가 진심으로 깨운다?」"
    ],
    "4": [
      "\\nl< >「으으음…」"
    ],
    "5": [
      "「그럼————」"
    ],
    "6": [
      "「조금은 잠이 깼지?」"
    ],
    "7": [
      "\\nl< >「우에에… 오빠가…… 엄청 많아……」"
    ],
    "8": [
      "「그럼, 일단 세수하러 갈까.」",
      " "
    ],
    "9": [
      "\\nl< >「이대로 업어줘…오빠……」"
    ],
    "10": [
      "이런, 좀 과했나…",
      "여동생은 아직 비틀거리는 모양이네."
    ],
    "11": [
      "「돌아라 돌아라 돌아라 돌아라 돌아라 돌아라 돌아라~!」"
    ],
    "12": [
      "\\nl< >「빙글빙글빙글빙글빙글빙글빙글~！」"
    ],
    "13": [
      "\\nl< >「으에에에에에~~~~~」  \\w[120]"
    ],
    "14": [
      "여동생은 비틀거리다가, 그대로 침대에 쓰러졌다……",
      "엣? 방금은 좀 과했을지도?"
    ],
    "15": [
      "일어설 힘도 없어 보이는 여동생을 보고,",
      "어쩔 수 없이 포기하고, 무리시키지 않기로 했다.",
      " "
    ],
    "16": [
      "「……슬슬 아침밥 준비를 해야겠네.」"
    ]
  },
  "5": {
    "0": [
      "여동생의 뒤를 따라 거실에 들어서자, TV는 이미 켜져 있었고,",
      "여동생은 마치 둥지를 기다리는 병아리처럼 소파 중앙에 작게 웅크리고 앉아,",
      "무릎을 끌어안고 화면을 빤히 바라보고 있었다.",
      " "
    ],
    "1": [
      "도대체 어떤 애니메이션이 그렇게 몰입하게 만드는 걸까……",
      "낮에는 항상 집에 없는 나는, 여동생이 평소 어떤 프로그램을 보는지 모르지만,",
      "드물게 그렇게 즐거워하는 모습을 보니, 나도 조금 궁금해져서,",
      "결국 소파에 앉아 함께 화면을 바라봤다."
    ],
    "2": [
      "\\{\\c[27]《별하늘의 마법소녀 루비!》",
      "제1화! 평범한 소녀와 별의 기적! 계약 성립!",
      " ",
      " "
    ],
    "3": [
      "\\c[27]평범한 소녀 루비——성적도 운동도 그저 그렇고, 마법 재능도 0.",
      "하지만 방과 후, 마물에게 습격당해 필사적으로 골목길로 도망친다!",
      "절망 속에서, 수수께끼의 성령 노아가 나타나, 그녀의 소원에 응답해 깨어났다!",
      "『살고 싶어!』 그 외침과 함께 별의 빛이 작렬——운명의 계약이 맺어졌다!"
    ],
    "4": [
      "\\c[27]첫 변신! 본능대로 내뿜는 반격이 마물을 물리친다!",
      "별빛에 휩싸인 자신의 손을 바라보며, 루비는 멍하니 중얼거린다:『이게…… 나?』",
      " ",
      " "
    ],
    "5": [
      "\\nl< >「변신했어! 엄청 멋있어~!",
      "노아도 완전 귀여워! 별빛도 반짝반짝해!   \\w[120]",
      "오빠 봐봐! 루비쨩, 전에는 아무것도 못 했는데!",
      "하지만 마지막에는 선택받아서 마법소녀가 되었어!」"
    ],
    "6": [
      "「아, 응……」"
    ],
    "7": [
      "……………………",
      "……………………"
    ],
    "8": [
      "엣… 벌써 변신했어!? 벌써 끝이야!?",
      "마물과의 계약이 목숨을 건 게 아니었나……",
      "이런 애한테 시켜도 괜찮은 건가… 길드에 클레임 안 들어오나…?",
      " "
    ],
    "9": [
      "나는 험악한 표정으로 TV 화면을 바라보며, 머릿속은 의문투성이였다.",
      "하지만, 옆에서 눈을 동그랗게 뜨고 입을 헤 벌린 채, 동경의 눈빛으로",
      "바라보는 여동생을 보고, 결국 아무 말 없이 조용히 지켜보기로 했다."
    ],
    "10": [
      "「응, 화면이 반짝반짝하네. 좋으면 그걸로 됐어……」"
    ],
    "11": [
      "스토리는 잘 모르겠지만,",
      "여동생과 함께 조용히 시청 시간을 즐길 수 있었다!"
    ],
    "12": [
      "전에 봤던 회차는 이야기가 엉망진창이었던 것 같은데……",
      "하지만 여동생이 그렇게 좋아한다면, 분명 이상한 애니는 아니겠지?   \\w[60]",
      "안 돼! 단편적인 인상만으로 판단해서는……!",
      "그렇게 생각하며, 나도 소파에 앉아 TV로 시선을 돌렸다."
    ],
    "13": [
      "\\{\\c[27]《별하늘의 마법소녀 루비!》",
      "제2화! 특훈 시작! 폭주 마법의 대혼란!",
      " ",
      " "
    ],
    "14": [
      "\\c[27]특훈 시작!",
      "노아의 특제 성광 레슨에서 루비는 대고전!",
      "옥상에서 37번 떨어지고, 겨우 자력 변신에 성공… 하지만 마력 제어는 대붕괴!",
      "복도는 재난 현장, 상점가의 간판은 대폭발!",
      "\\c[27]시민들의 불만과 치안대의 경고를 받은 사상 최약 마법소녀의 데뷔전——",
      "노아의 혹독한 특훈으로 역전할 수 있을까!?",
      " ",
      " "
    ],
    "15": [
      "\\nl< >「아아…… 루비쨩 불쌍해……    \\w[90]",
      "분명 초조해하고 있겠지…… 이제 막 힘을 얻었으니,",
      "아직 익숙하지 않을 거야.」"
    ],
    "16": [
      "「응… 보고 있으면 조마조마해지네……」"
    ],
    "17": [
      "이거… 아동 노동 학대 아니야!?",
      "그 성령 노아도……",
      "이런 교육 방침으로 어떻게 계약에 성공한 거지……?",
      " "
    ],
    "18": [
      "여동생의 시청을 방해하지 않기 위해,",
      "나는 속으로 조용히 태클을 걸어두었다——"
    ],
    "19": [
      "\\{\\c[27]《별하늘의 마법소녀 루비!》",
      "제3화! 불꽃과 별의 첫 격돌!",
      " "
    ],
    "20": [
      "\\c[27]수수께끼의 전학생 레이나가 당당히 등장!",
      "불꽃 마법이 루비의 미숙한 별빛을 한순간에 압도!",
      "차가운 눈빛 속에는 말하지 않은 과거의 아픔——",
      "우유부단한 초보자와, 결단의 전사가 만났을 때!",
      "\\c[27]몬스터 습격 속, 두 사람의 신념이 정면 충돌!",
      "별과 불꽃의 콤비네이션… 과연 성공할까?!"
    ],
    "21": [
      "\\nl< >「레이나쨩 무섭지만…… 정말 강하네!    \\w[90]",
      "하지만, 루비에게는 이런 동료가 필요한 거겠지?    \\w[90]",
      "분명, 좋은 친구가 될 수 있겠지?」"
    ],
    "22": [
      "「레이나는 확실히 멋있네……",
      "든든한 선배가 되어줄 것 같아.」"
    ],
    "23": [
      "나는 여동생에게 고개를 끄덕이며 대답하면서,",
      "새로운 이야기의 화려한 전투 장면과, 치밀한 액션 연출을 보고 있었다——",
      "솔직히, 조금 끌리기 시작했다."
    ],
    "24": [
      "다음 화의 전개가 조금 기대되기 시작했다!",
      "여동생과 함께 조용히 시청 시간을 보냈다!"
    ],
    "25": [
      "처음에는 그냥 봤을 뿐인데, 어느새 몇 화나 보고 있었어……",
      "템포는 좀 들쑥날쑥하지만, 설정은 의외로 흥미롭고,   \\w[60]",
      "여동생이 그렇게 빠져드는 것도 왠지 알 것 같은 기분이 들었다.",
      "다음은 어떻게 될까…… 소파에 기대 앉아, 나도 모르게 화면으로 눈이 갔다.",
      " ",
      " ",
      " "
    ],
    "26": [
      "\\{\\c[27]《별하늘의 마법소녀 루비!》",
      "제4화! 축제의 미소와 어둠의 속삭임!",
      " "
    ],
    "27": [
      "\\c[27]학원제 시작! 루비와 레이나는 짝을 이루어 가게를 운영하게 된다!",
      "솜사탕 기계 폭발! 점성술 수정 구슬 대파! 최악의 콤비 결성!",
      "하지만 교사 구석에서 학생들의 불길한 속삭임에 노아가 반응——",
      "그 공허한 눈에는, 불온한 검은 안개가 떠다니고 있었다!",
      "\\c[27]축제 불꽃놀이가 터지는 그때, 숨어있던 그림자가 꿈틀거리기 시작한다!",
      "화려한 미소 뒤에… 도대체 무엇이 숨어있는가?!",
      " "
    ],
    "28": [
      "\\nl< >「학원제 정말 재미있겠다~!    \\w[90]",
      "루비쨩이랑 레이나쨩, 사이 좋아진 것 같아……!」"
    ],
    "29": [
      "「응, 즐거워… 보이네……   \\}",
      "아무리 봐도 관계 악화되는 것 같지만……」"
    ],
    "30": [
      "\\{\\c[27]《별하늘의 마법소녀 루비!》",
      "제5화! 불에 탄 기억과 잔혹한 진실!",
      " "
    ],
    "31": [
      "\\c[27]검은 안개 침식 사건 긴급 조사 중! 레이나가 피해자에게 살의를…!?",
      "폐교회 깊은 곳, 마물의 발톱 자국이 그녀의 기억을 파고든다!",
      "폭주하는 불꽃 마법! 불에 탄 인형과 부서진 사진 액자가 떠오른다!",
      "『내 마을… 이렇게 재가 됐어』 진실을 외치는 레이나의 눈에 눈물이 넘친다!",
      "\\c[27]그리고 지금—— 새로운 마물이 학원 지하에서 깨어나려 하고 있다!",
      "아물지 않은 옛 상처가… 다시 벌어지려 하고 있는가?!",
      " ",
      " "
    ],
    "32": [
      "\\nl< >「이럴 수가…… 레이나쨩에게 이런 과거가 있었다니…     \\w[90]",
      "오빠, 앞으로 어떻게 되는 걸까……?」",
      " "
    ],
    "33": [
      "「괘, 괜찮을 거야! 아직 마법이 있잖아!?",
      "분명 다음 회차에서는 루비의 대활약을 볼 수 있…겠지!?」"
    ],
    "34": [
      "나는 나도 모르게 손을 흔들며, 여동생을 필사적으로 위로했다.",
      "이거, 소녀들의 우정을 그리는 훈훈한 스토리가 아니었나!?",
      "하지만 이야기는 고조되었고, 분명 뜨거운 역전극이 있을 거야…!",
      " "
    ],
    "35": [
      "다음 회의 전개가 너무 기대돼!",
      "여동생과 함께 조마조마한 시청 시간을 만끽했다!"
    ]
  },
  "6": {
    "0": [
      "매워… 아야야…"
    ],
    "1": [
      "\\nl< >「응애애애… 매워…… 아파…… 응애애애……」",
      " "
    ],
    "2": [
      "여동생은 매운맛을 견디지 못하고 침대에 엎드려 있다.",
      "빨리 뭔가 해줘야 하는데…",
      " "
    ],
    "3": [
      "머리 쓰다듬기",
      "엉덩이 쓰다듬기",
      "음료를 준비"
    ],
    "4": [
      "여동생의 머리를 걱정스럽게 쓰다듬었다.",
      "이걸로 조금이라도 여동생의 고통이 누그러졌으면 좋겠는데…"
    ],
    "5": [
      "\\nl< >「응애애애… 머리도 아파오는 것 같아…」"
    ],
    "6": [
      "\\nl< >「응애애애…」"
    ],
    "7": [
      "별 효과는 없는 것 같네…."
    ],
    "8": [
      "여동생의 엉덩이를 걱정스럽게 쓰다듬었다.",
      "이걸로 조금이라도 여동생의 고통이 누그러졌으면 좋겠는데…"
    ],
    "9": [
      "\\nl< >「응애애애… 오빠…」"
    ],
    "10": [
      "\\nl< >「응애애애… 엉덩이도 아파……」"
    ],
    "11": [
      "서둘러 찾으니, 간신히 한 병의 \\ii[\\v[85]]을(를) 찾았다!",
      " "
    ],
    "12": [
      "「\\ii[\\v[85]] 있어, 마실래……?」",
      " "
    ],
    "13": [
      "\\nl< >\\{  「마실래!!」"
    ],
    "14": [
      "여동생은 엄청난 기세로 \\ii[\\v[85]]을(를) 들이켰다……"
    ],
    "15": [
      "서둘러 찾았지만, 집에 별다른 음료가 없는 것 같아서,",
      "어쩔 수 없이 여동생한테 물을 줬다.",
      " "
    ],
    "16": [
      "여동생은 엄청난 기세로 물을 들이켰다……"
    ],
    "17": [
      "\\nl< >「응애애애… 입이 아직 아파……」"
    ],
    "18": [
      "\\nl< >「겨우 조금 편해졌지만…",
      "혀는 아직 얼얼해.」"
    ],
    "19": [
      "\\nl< >「역시 고추는 적이야…」"
    ],
    "20": [
      "빨갛게 부어오른 여동생의 작은 입을 보고 있자니,",
      "왠지 모르게 이상한 생각을 하게 된다——"
    ],
    "21": [
      "구강 검사"
    ],
    "22": [
      "\\nl< >「에에… 그만해, 좀 부끄러워…",
      "오빠가 이상한 냄새 맡아버리잖아!」"
    ],
    "23": [
      "여동생에게 구강 검사를 거절당했다, 역시 이상한 부탁이었을까…",
      " "
    ],
    "24": [
      "어쨌든 여동생이 기운을 차려서 다행이다,",
      "다음에는 너무 매운 요리를 만들지 않도록 해야겠다……",
      " "
    ],
    "25": [
      "「괜찮아! 오빠가 걱정해서 그러는 거잖아!?",
      "평범한 검사야!」"
    ],
    "26": [
      "\\nl< >「거, 검사라고…?」"
    ],
    "27": [
      "뜨거운 시선에 여동생은 더욱 부끄러워하는 표정을 지었지만,",
      "그 눈동자는 순종적이고 호기심으로 가득 차 있었고,",
      "빨개진 뺨에는 희미한 기대감도 떠올라 있었다.",
      " "
    ],
    "28": [
      "「그래,",
      "입안에 구내염 같은 게 생겼으면 큰일이니까!」"
    ],
    "29": [
      "\\nl< >「알았어… 그럼……",
      "보기만 하는 거야, 이상한 짓 하지 마……」"
    ],
    "30": [
      "\\nl< >「아, 아아————」"
    ],
    "31": [
      "여동생은 저항하지 않고 얌전히 눈앞에서 고개를 들면서",
      "천천히 작은 입을 벌렸고, 혀끝을 조심스럽게 내밀었다.",
      " ",
      " "
    ],
    "32": [
      "매운 걸 많이 먹은 탓에 붉게 물든 혀에",
      "침이 많이 고였고, 그 때 혀가 작게 떨리며 ",
      "투명한 실이 부드러운 입술 끝에서 흘러내렸다.",
      " "
    ],
    "33": [
      "여동생은 이런 상황에 부끄러움과 당혹감을 느낀 듯,",
      "촉촉한 눈동자를 내리깔고,",
      "아직도 매운맛에 괴로워하고 있는 건지 알 수 없게 된다."
    ],
    "34": [
      "\\nl< >「오, 오빠——— 아직…?」",
      "\\w[150]"
    ],
    "35": [
      "구강 치료!"
    ],
    "36": [
      "이렇게 귀엽고 말랑해 보이는 모습을 보고 있자니,",
      "나도 모르게 군침을 삼키고,",
      "가슴 속에 억누를 수 없는 충동이 솟아올랐다."
    ],
    "37": [
      "「오빠가 편하게 해줄게",
      "금방 안 아프게 될 거야……」"
    ],
    "38": [
      "\\nl< >「————에?」"
    ],
    "39": [
      "스스로를 납득시키는 듯,",
      "얼굴을 여동생 가까이 가져가,",
      "슬며시 혀를 내밀어 부드러운 혀끝에 닿게 하고,",
      "천천히 부드럽게 핥기 시작했다."
    ],
    "40": [
      "혀끝이 맞닿은 순간, 여동생은 작게 움찔 떨었다.",
      "부끄러워하며 당황하는 듯했지만, 피하려 하지 않고,",
      "촉촉한 눈동자로 빤히 이쪽을 보고 있었다.",
      " "
    ],
    "41": [
      "여동생의 부드러운 혀와 입안의 달콤함을 맛보고 있자니,",
      "처음 목적 따위는 잊혀지고,",
      "혀의 감촉과 온도가 뒤섞여 강렬한 쾌감이 되었고,",
      "움직임은 점점 대담하고 탐욕스러워져, 더 깊이 그녀를 갈구했다.",
      " ",
      " "
    ],
    "42": [
      "여동생의 혀끝도 점차 익숙해졌는지,",
      "작게 움직이며 이쪽에 맞추기 시작했고,",
      "부끄러움 속에 어딘가 기대와 어리광이 배어 있었다.",
      " "
    ],
    "43": [
      "\\nl< >「응……하아, 오빠……」"
    ],
    "44": [
      "얼마나 지났을까, 여동생은 점차 숨이 가빠지고,",
      "손가락 끝으로 가슴을 살며시 누르며 웅얼거리는 소리를 내고,",
      "산소 부족으로 얼굴이 점점 붉어질 무렵,",
      "아쉬움을 뒤로하고 겨우 입을 떼었다.",
      " ",
      " ",
      " "
    ],
    "45": [
      "\\nl< >「하아……하아……」"
    ],
    "46": [
      "\\nl< >「응, 오빠! 검사만 한다고 했으면서……!」",
      " "
    ],
    "47": [
      "말은 토라진 듯 들렸지만,",
      "그 표정은 화났다기보다는, 어리광 부리는 듯했다.",
      " "
    ],
    "48": [
      "「미안 미안, 다음엔 조심할게……",
      "그래도, 혀는 이제 안 아프지?」"
    ],
    "49": [
      "\\nl< >「에……? 으, 응……」"
    ],
    "50": [
      "\\nl< >「아니…! 그런 문제가 아니잖아!",
      "\\w[160]\\^"
    ],
    "51": [
      "\\nl< >\\{",
      "정말… 오빠 바보!」"
    ],
    "52": [
      "여동생은 도망쳐 버렸다."
    ],
    "53": [
      "부끄러운 듯 황급히 도망치는 여동생의 뒷모습을 배웅하면서,",
      "혀에는 아직 방금 전의 달콤하고 축축한 감촉이 남아있었고,",
      "강렬한 쾌감과 어찌할 수 없는 배덕감이 가슴 속에서 소용돌이치며,",
      "한동안 사라질 것 같지 않았다……",
      " ",
      " ",
      " "
    ]
  },
  "7": {
    "0": [
      "휴우———— 좀 배고파졌네,",
      "슬슬 저녁밥을 만들 시간이다."
    ],
    "1": [
      "「야—— 벌써 저녁이야, 더 이상 자면 안 돼?」",
      "Time to wake up, sleepyhead. \""
    ],
    "2": [
      "\\nl< >「으으응——\\w[60]한 시간만 더 자게 해 줘……」"
    ],
    "3": [
      "여동생은 아직 침대에서 뒹굴거릴 모양이네.",
      "이런이런, 이렇게 되면 어쩔 수 없지…"
    ],
    "4": [
      "「아아, 그러고 보니 오늘 저녁엔 갓 튀긴 햄버그가 있는데——」",
      " "
    ],
    "5": [
      "\\nl< >「우에…… 졸려——」"
    ],
    "6": [
      "\\nl< >「그래서, 햄버그는!? 어디 있는데!?」",
      " "
    ],
    "7": [
      "「이런, 방금 건 꿈속에서만 볼 수 있는 거였어——」",
      " "
    ],
    "8": [
      "\\nl< >「에……거짓말이었어!? 오빠 너무해!」"
    ]
  },
  "8": {
    "0": [
      "내가 \\str[120]의 방에 도착했을 때,",
      "바닥에 누워 있는 여동생을 발견 했다",
      "말린 젓갈... 완전히 무미건조한 생선...?"
    ],
    "1": [
      "밖에서 부터 뜨거운 열기가 느껴진다 ",
      "집 안으로 스며든 공기가 나를 덮치면서 몸에 열이 오른다."
    ],
    "2": [
      "이대로 있다가는 둘다 쓰려지겠어.. ",
      "\\str[120]을 위해 방법을 찾아보자…!"
    ],
    "3": [
      "해가 하늘을 붉게 물들 때까지 ",
      "쓰러기지 직전인 여동생을 간호했다",
      "여동생의 상태가 서서히 좋아지는것 같다… ",
      " "
    ],
    "4": [
      "열을 내리기 위해 여동생과 함께 아이스크림을 미친듯이 햝아댔다,",
      "하지만 뜨거운 공기의 파도가 우리를 강타하면서, ",
      "여동생과 여전히 땀에 흠뻑 젖어있었다."
    ],
    "5": [
      "\\str[120]은 수줍어 할 틈도 없이 셔츠를 위로 올렸다 ",
      "셔츠를 계속 들어올려 약간의 바람을 일으키려고 노력하고 있다.."
    ],
    "6": [
      "\\nl< >\"으.. 너무 더워... 목욕하고 싶어졌어...\""
    ],
    "7": [
      "같이 가자!",
      "가자!"
    ],
    "8": [
      "\\nl< >\"이렇게 더운데, 둘이서 달라붙고 싶지 않아!\""
    ],
    "9": [
      "\\nl< >\"진짜! 이럴 때 농담하지 말라구!\""
    ],
    "10": [
      "그치, 지금은 여름이니까…",
      "하지만, 조금 서운해…"
    ],
    "11": [
      "여동생과 나는 번갈아 가며 목욕을 했다.",
      "목욕이 끝난 지 얼마 지나지 않아 우리는 다시 땀을 흘리고 있었다.
      "그리고 저녁까지 계속 반복했다……"
    ],
    "12": [
      "슬금슬금…",
      "샤샤샥…",
      "몰래 여동생 방 문 앞까지 왔다."
    ],
    "13": [
      "\"끼이이익————  \\w[60]",
      "뭐..뭐지!?\""
    ],
    "14": [
      "지금쯤 낮잠자고 있을줄 알았는데,",
      "선풍기 앞에서 편안하게 쉬고 있었네."
    ],
    "15": [
      "집에 아무도 없다고 생각해서 안심하고 있는지,",
      "여동생은 무방비한 상태로 전혀 신경쓰지 않는 것 같다."
    ],
    "16": [
      "집에 아무도 없는 줄 알고 안심하고 있는건가?",
      "내 여동생은 팬티까지 벗고 편안해 하고 있다."
    ],
    "17": [
      "눈요기는 했지만, ",
      "더이상 보는것은 역시 실례인것 같아서",
      "살그머니 문을 떠나 현관으로 돌아왔다."
    ],
    "18": [
      "선풍기를 설치한 후, 방 안의 공기가",
      "시원하고 상쾌하게 순환하기 시작했다",
    ],
    "19": [
      "\\nl< >\"하~ 시원해서 기분좋아~!\""
    ],
    "20": [
      "\"잠깐만, 그렇게 직접 바람 쐬지 마! 감기에 걸릴수도 있어! ",
      " \""
    ],
    "21": [
      "동생은 아이스크림을 먹으며 시원한 바람을 쐬고",
      "매우 신이 난 것 같다."
    ],
    "22": [
      "아이스크림을 빠르게 먹은 후, ",
      "체온이 눈에 띄게 떨어지는 것이 느껴졌다.",
      " ",
      " ",
      "밖에 있는 매미들이 계속해서 지저귀고 있었음에도 불구하고",
      "열기의 물결이 계속해서 밀려왔다.",
      "적어도 더 이상 내가 산 채로 구워질 것 같은 느낌은 들지 않았는다…"
    ],
    "23": [
      "하지만 여동생은 아직 시원함이 부족하다고 생각하고 있는지",
      "나른하게 바닥에 앉아, 기분 좋게 선풍기 바람을 쐬고 있었다."
    ],
    "24": [
      "여자로서 그 행동은 조금 너무 무방비한 것 같기에,",
      "주의해 주고 싶은 부분이지만 ",
      "그만 여동생의 무의식적인 서비스에 눈길이 빼앗기고 말았다."
    ],
    "25": [
      "\\{뭐, 여름이니까 어쩔 수 없지!!"
    ]
  },
  "9": {
    "0": [
      "좀 심심한데…",
      "수박 먹고싶다~"
    ],
    "1": [
      "\\nl< >\"더워..목욕하고싶어졌어…\""
    ],
    "2": [
      "\\nl< >\"\\str[121]… 아이스크림 먹을래?\""
    ],
    "3": [
      "수다떨기",
      "스킨십",
      "뭐라도 하자",
      "졸리니까..."
    ],
    "4": [
      "\\nl< >\"역시 아직은 덥네…",
      "이럴 때는 낮잠 자는게 제일이지~\""
    ],
    "5": [
      "그러게, 저녁이 되면 벌써 이렇게 햇빛도 강하지 않게 되네…"
    ],
    "6": [
      "동생과 나는 해질녘까지 시원한 바람을 느끼며 낮잠을 잤다."
    ],
    "7": [
      "마침 냉장고에 이상한 자판기에서 구한 커다란 콜라가 남아있다. ",
      "이렇게 더운 날씨라면 \\str[120]은 분명히 마시겠지?",
      "  ",
      " "
    ],
    "8": [
      "\\nl< >\"\\{콜라? 콜라라고!?         \\}\\w[60]",
      "마실래! 마실래!!\""
    ],
    "9": [
      "콜라를 마실 생각에 여동생은 매우 기뻐 보였다.",
      "어떻게 할까—"
    ],
    "10": [
      "흔든다!",
      "그냥 건네다"
    ],
    "11": [
      "이 콜라는 다른 음료에 비해 탄산이 많이 들어 있는 것 같다.",
      "조금만 흔들려도…"
    ],
    "12": [
      "생각을 하면 할수록... ",
      "몰래 병을 흔드는 행위는 참을 수 없었던 일이었다,",
      "그리고 나서 동생에게 건네주었다…"
    ],
    "13": [
      "여동생은 당연하다는 듯이 힘차게 뿜어져 나온 콜라를 얼굴에 맞고 ",
      "그 후, 화가 난 여동생은...",
      "병에 남아있던 콜라를 억지로 다 마셔버렸다.",
      " "
    ],
    "14": [
      "그 결과 여동생은 그 큰 콜라를 엄청난 기세로 ",
      "거의 원샷을 해버려서…",
      "배도 눈에 띄게 볼록하게 부풀어 버렸다.",
      "이거, 이렇게 마셔...정말로 괜찮아!?"
    ],
    "15": [
      "콜라로 온몸에 흠뻑 젖어버렸기 때문에 ",
      "동생이 목욕을 하고 옷을 갈아입을 무렵에는",
      "벌써 하늘은 완전히 어둠이 가득 차 있었다."
    ],
    "16": [
      "\\nl< >\"우와와ㅏㅏ우푸푸풋!!\""
    ],
    "17": [
      "몇번의 경험이 있어서 그런지 이번에는 동생이 바로 반응해서",
      "거의 본능적으로 콜라 입에 딱 대고, ",
      "뿜어져 나오는 거품을 어떻게든 막으려 하고 있었다."
    ],
    "18": [
      "근데 이 콜라 탄산이 너무 강해서",
      "여동생의 작은 입으로는 도저히 전부 막을 수 없어서,",
      "거품이 틈을 찾은 것처럼 ",
      "입술과 볼 옆에서 점점 흘러넘쳐오고…"
    ],
    "19": [
      "결국 동생은 서투른 작은 햄스터처럼 변해버렸다.",
      "그리고 콜라 분수로 완전히 여동생의 얼굴이 뒤덮였다."
    ],
    "20": [
      "\\nl< >\"\\w[121], 오빠 손이 너무 야해서 안돼! ",
      "\""
    ],
    "21": [
      "음란한 대화",
      "여름에 관한 대화"
    ],
    "22": [
      "\"벗는쪽이 더 시원하지 않을까ー?\""
    ],
    "23": [
      "결코 이상한 생각이 아니야, 라고 여동생에게 제안했다…",
      " "
    ],
    "24": [
      "\\nl< >\"에엣...그래도 왠지 좀 부끄러운데…\""
    ],
    "25": [
      "여동생은 당연하다는 듯이 거부했다.",
      "음, 여기는 역시 내가 앞장서서 벗어야 할까—"
    ],
    "26": [
      "\"…좀 가까이 다가가서 냄새 맡아도 괜찮아?\""
    ],
    "27": [
      "여동생의 목덜미를 흐르는 땀을 보고 나도 모르게 부탁해 버렸다. ",
      " ."
    ],
    "28": [
      "\\nl< >\"여동생의 목덜미를 흐르는 땀을 보고 나도 모르게 부탁해 버렸다.\""
    ],
    "29": [
      "\"장담할게, 여동생은 분명 좋은 냄새가 날꺼야!\""
    ],
    "30": [
      "\\nl< >에이, 그럴 리가 없잖아!!!\""
    ],
    "31": [
      "\"그럼, 나도 맡게 해줄게——",
      "\\w[30]\\^"
    ],
    "32": [
      "\\nl< >\"싫어, 분명 오빠는 냄새날꺼야.",
      " .\""
    ],
    "33": [
      "\\{",
      "\"크흣…!\""
    ],
    "34": [
      "여동생에게 미움을 받고 말았다."
    ],
    "35": [
      "더운 분위기를 틈타 여동생과 잠깐 야한 대화를했지만",
      "하지만 역시 아직 덥다",
      " "
    ],
    "36": [
      "\\nl< >\"매미 소리... 가끔 정말 시끄러울 때가 있다…\""
    ],
    "37": [
      "여름이니까 말이야."
    ],
    "38": [
      "\\nl< >\"이 시기에는 사람들이 수박을 먹는 것 같은데",
      "나도 좀 먹어보고 싶다~\""
    ],
    "39": [
      "음... 수박이라... 어디서 구할 수 있을까?"
    ],
    "40": [
      "\\nl< >\"이럴 때는 아이스크림이 최고지!",
      "\\w[120]\\^"
    ],
    "41": [
      "\\nl< > 으으... 머리가 아프지만…!      \\w[60]",
      "그래도 기분은 좋아!\""
    ],
    "42": [
      "헐… 도대체 몇 개나 먹은 거야…?"
    ],
    "43": [
      "\\nl< >\"바다와 욕조 사이에 차이가 뭔지알아?",
      "전혀 모르겠어…\""
    ],
    "44": [
      "앗, 생각 해보니 동생은 바다를 한번도 본 적이 없다.",
      "어떻게 해야 바다를 알려줄수 있을까? ",
      "동생에게 해변의 느낌을 줄 수 있는…"
    ],
    "45": [
      "더운 분위기를 틈타 동생과 여름의 대화를 이야기했지만",
      "하지만 역시 아직 덥다!",
      " "
    ]
  }
}