{
  "3": {
    "name": [
      "Accesorio de pelo extraño"
    ],
    "subtitle": "",
    "description": [
      "Un accesorio para el pelo adornado con un ornamento inusual",
      "¿Es un conejo… o un panecillo…?"
    ],
    "ability": [
      ""
    ]
  },
  "6": {
    "name": [
      "Nacimiento de la Desgracia"
    ],
    "subtitle": "",
    "description": [
      "Parasitado por una Piedra Filosofal, una criatura débil fue infundida a la fuerza",
      "con vitalidad sin fin, ciclando eternamente entre la vida y",
      "la muerte hasta que la locura se apoderó. Incluso removido, este poder persiste"
    ],
    "ability": [
      "Aumenta HP. Mejora efectos de recuperación de HP en 25%",
      "Otorga regeneración automática al equiparlo"
    ]
  },
  "7": {
    "name": [
      "Feto maldito"
    ],
    "subtitle": "",
    "description": [
      "Un feto maldito no desarrollado que, a pesar de todo,",
      "sigue vivo. Su intensa voluntad de sobrevivir y vitalidad",
      "desbordante pueden incluso influir en su portador"
    ],
    "ability": [
      "Aumenta HP. Mejora efectos de recuperación de HP en 20%"
    ]
  },
  "8": {
    "name": [
      "Cúmulo de Maná Cristalino"
    ],
    "subtitle": "",
    "description": [
      "Un mineral formado por el Gran Laberinto, con trazas de maná",
      "Llevarlo mejora la comprensión mágica"
    ],
    "ability": [
      "Equiparlo aumenta velocidad de lanzamiento y poder mágico"
    ]
  },
  "9": {
    "name": [
      "Cúmulo de Maná Abisal"
    ],
    "subtitle": "",
    "description": [
      "Un cúmulo raro infundido con maná denso,",
      "que irradia ondas mágicas palpables. Muy buscado por alquimistas"
    ],
    "ability": [
      "Equiparlo aumenta velocidad de lanzamiento y poder mágico"
    ]
  },
  "10": {
    "name": [
      "Diadema de Enfoque"
    ],
    "subtitle": "",
    "description": [
      "Una diadema usada por el gran sabio en su juventud como",
      "aventurero. Ayuda a concentrar la mente y bloquea distracciones externas"
    ],
    "ability": [
      "Inmune a Aturdimiento",
      "Mejora poder mágico y escala de lanzamiento"
    ]
  },
  "11": {
    "name": [
      "Guantes de Drenaje de Maná"
    ],
    "subtitle": "",
    "description": [
      "Guantes usados por el gran sabio en su juventud como",
      "aventurero. Recolectan maná naturalmente,",
      "imbuyendo armas con propiedades mágicas"
    ],
    "ability": [
      "Las armas infligirán daño mágico adicional"
    ]
  },
  "12": {
    "name": [
      "Garras Neko Prestadas"
    ],
    "subtitle": [
      " \"...¿Miau~?\""
    ],
    "description": [
      "Garras Neko ocultas dentro de un Slime Neko, aparentemente infundidas",
      "con el espíritu de un gato. ¡Equiparlas aumenta tu agilidad!"
    ],
    "ability": [
      "Aumenta poder de ataque y velocidad de ataque"
    ]
  },
  "13": {
    "name": [
      "Patas Neko Prestadas"
    ],
    "subtitle": [
      " \"...¿Miau~?\""
    ],
    "description": [
      "Patas Neko ocultas dentro de un Slime Neko, aparentemente infundidas",
      "con el espíritu de un gato. ¡Equiparlas aumenta tu agilidad!"
    ],
    "ability": [
      "Aumenta velocidad de ataque y movimiento, reduce tiempo de reutilización de Senpo"
    ]
  },
  "14": {
    "name": [
      "Anillo de Hierba Fragante"
    ],
    "subtitle": "",
    "description": [
      "Un anillo tejido de hojas y rizomas, emitiendo un aroma herbal",
      "Antes un amuleto para viajeros, simboliza vitalidad y energía"
    ],
    "ability": [
      "HP Máx +\\c[29]${$gameActors.actor(1).skillMasteryLevel(35)>0?(($gameActors.actor(1).skillMasteryLevel(35)*($gameActors.actor(1).skillMasteryLevel(35) + 1)/2)*15)/$gameActors.actor(1).skillMasteryLevel(35):15}\\c[0]",
      "Equipar múltiples de este objeto mejora su efecto"
    ]
  },
  "15": {
    "name": [
      "Traje de Peluche Neko"
    ],
    "subtitle": "",
    "description": [
      "Un suave y tierno disfraz de gato de peluche — esponjoso y grande",
      "Su diseño amplio te envuelve y hasta esconde cosas adicionales~"
    ],
    "ability": [
      "Capacidad extra para llevar armas +10",
      "Capacidad extra para llevar equipo +20"
    ]
  },
  "16": {
    "name": [
      "Casco de Púas Penetrantes"
    ],
    "subtitle": "",
    "description": [
      "Una armadura de metal con púas que emana peligro por todos lados,",
      "ofrece defensa sólida y daña automáticamente a enemigos cercanos"
    ],
    "ability": [
      "Daña automáticamente a enemigos cercanos"
    ]
  },
  "17": {
    "name": [
      "Armadura de Púas Penetrantes"
    ],
    "subtitle": "",
    "description": [
      "Una armadura de metal con púas que emana peligro por todos lados,",
      "ofrece defensa sólida y daña automáticamente a enemigos cercanos"
    ],
    "ability": [
      "Daña automáticamente a enemigos cercanos"
    ]
  },
  "18": {
    "name": [
      "Guanteletes de Púas Penetrantes"
    ],
    "subtitle": "",
    "description": [
      "Una armadura de metal con púas que emana peligro por todos lados,",
      "ofrece defensa sólida y daña automáticamente a enemigos cercanos"
    ],
    "ability": [
      "Daña automáticamente a enemigos cercanos al atacar"
    ]
  },
  "19": {
    "name": [
      "Botas de Púas Penetrantes"
    ],
    "subtitle": "",
    "description": [
      "Una armadura de metal con púas que emana peligro por todos lados,",
      "ofrece defensa sólida y daña automáticamente a enemigos cercanos"
    ],
    "ability": [
      "Daña automáticamente a enemigos cercanos al moverte"
    ]
  },
  "20": {
    "name": [
      "Casco de Caballero"
    ],
    "subtitle": "",
    "description": [
      "La armadura estándar de los caballeros de la corte. Su diseño ornamental",
      "y resistente simboliza su adhesión al código de caballería"
    ],
    "ability": [
      "Aumenta la defensa cuando el HP está por debajo de \\c[10]30%\\c[0]"
    ]
  },
  "21": {
    "name": [
      "Armadura de Caballero"
    ],
    "subtitle": "",
    "description": [
      "La armadura estándar de los caballeros de la corte. Su diseño ornamental",
      "y resistente simboliza su adhesión al código de caballería"
    ],
    "ability": [
      "Aumenta la defensa cuando el HP está por debajo de \\c[10]30%\\c[0]"
    ]
  },
  "22": {
    "name": [
      "Guanteletes de Caballero"
    ],
    "subtitle": "",
    "description": [
      "La armadura estándar de los caballeros de la corte. Su diseño ornamental",
      "y resistente simboliza su adhesión al código de caballería"
    ],
    "ability": [
      "Aumenta ataque y defensa cuando el HP está por debajo de \\c[10]30%\\c[0]"
    ]
  },
  "23": {
    "name": [
      "Grebas de Caballero"
    ],
    "subtitle": "",
    "description": [
      "La armadura estándar de los caballeros de la corte. Su diseño ornamental",
      "y resistente simboliza su adhesión al código de caballería"
    ],
    "ability": [
      "Aumenta velocidad de movimiento cuando el HP está por debajo de \\c[10]30%\\c[0]"
    ]
  },
  "26": {
    "name": [
      "Pluma de Ave Fénix"
    ],
    "subtitle": [
      ""
    ],
    "description": [
      "Una pluma de Ave Fénix,",
      "simbolizando vida eterna, aún arde con una llama cálida.",
      "Incluso una sola pluma tiene el poder de revivir a los muertos."
    ],
    "ability": [
      "Se activa cuando el HP llega a cero, restaura todo el HP",
      "El objeto se destruye tras activarse"
    ]
  },
  "27": {
    "name": [
      "Papel Higiénico"
    ],
    "subtitle": "",
    "description": [
      "Papel Higiénico tomado de Casa",
      "Un artículo útil para aventureros que necesitan",
      "un descanso en un baño en una mazmorra peligrosa"
    ],
    "ability": [
      "Reduce el daño por Sangrado recibido en \\c[10]30%\\c[0]"
    ]
  },
  "29": {
    "name": [
      "Saucy Jacky"
    ],
    "subtitle": [
      "\"Este ansía gritos...\""
    ],
    "description": [
      "Una de las armas mortales de un asesino notorio,",
      "aún temblando de anticipación"
    ],
    "ability": [
      "Inflige más daño a enemigos con menos HP, hasta \\c[10]30%\\c[0]"
    ]
  },
  "32": {
    "name": [
      "Golpe Neko"
    ],
    "subtitle": "",
    "description": [
      "\"¡¡Hyaa—!! ¡No te metas conmigo, miauu!\"",
      "Guantes de patas de gato acolchadas, arma preciada de cierta chica gato",
      "Usarlas otorga agilidad felina—y antojo de pescado…"
    ],
    "ability": [
      "Velocidad de ataque aumentada. Golpes adicionales +1",
      "La probabilidad de efectos especiales en golpes adicionales se reduce a la mitad"
    ]
  },
  "33": {
    "name": [
      "Tocado de Manzana"
    ],
    "subtitle": "",
    "description": [
      "Un tocado hecho de manzanas, así que no puedes",
      "esperar mucha defensa. Pero las manzanas son deliciosas"
    ],
    "ability": [
      "Hay una probabilidad de activar curación al ser herido"
    ]
  },
  "36": {
    "name": [
      "Maneki Neko"
    ],
    "subtitle": "",
    "description": [
      "Un Sirviente codicioso con mirada perpetuamente insatisfecha",
      "Colecciona ansiosamente todos los objetos caídos, sin importar su valor"
    ],
    "ability": [
      "Maneki Neko recolecta automáticamente todo tipo de ítems",
      "Equipar múltiples solo aumenta el rango de colección"
    ]
  },
  "37": {
    "name": [
      " Alcancía"
    ],
    "subtitle": "",
    "description": [
      "Un Sirviente lindo que guarda dinero recolectado",
      "Algo podría pasar cuando se llene, pero por ahora, es frágil"
    ],
    "ability": [
      "Felizmente colecciona dinero. Ahorros actuales: \\c[6]${$gameSelfVariables.value([1, 110, 'deposit'])}\\c[0]¥!",
      "Se rompe fácilmente al ser atacado, perdiendo todo el dinero guardado"
    ]
  },
  "38": {
    "name": [
      " Alcancía Codiciosa"
    ],
    "subtitle": "",
    "description": [
      "Una alcancía desbordante de riqueza, un sueño hecho realidad",
      "Aún con el vientre lleno de oro, su codicia no tiene límites"
    ],
    "ability": [
      "Emite aura de Demanda Mamon. Ahorros actuales: \\c[6]${$gameSelfVariables.value([1, 110, 'deposit'])}\\c[0]¥!",
      "Colecciona dinero sin fin, escupiendo interés cada 10 segundos"
    ]
  },
  "40": {
    "name": [
      "Uniforme de Sirvienta"
    ],
    "subtitle": "",
    "description": [
      "Un trofeo obtenido tras dar una lección a la traviesa",
      "chica orejas de conejo. Aún lleva aroma a tierra y zanahorias"
    ],
    "ability": [
      "Equiparlo te disfraza de monstruo pero no puedes atacar",
      "Equiparlo te hace mejor amigo de Bunny Sirvienta"
    ]
  },
  "41": {
    "name": [
      "Orejas de Conejita Moe"
    ],
    "subtitle": "",
    "description": [
      "Un accesorio de orejas de conejo desmontables",
      "¡No importa quién lo use, se verá absolutamente adorable!"
    ],
    "ability": [
      "¡Bendecido con suerte! ¡Los ítems tienen más probabilidad de caer!"
    ]
  },
  "42": {
    "name": [
      "Alma de Fanático Explosivo"
    ],
    "subtitle": [
      "\"¡¡Explo————sión!!\""
    ],
    "description": [
      "Una voluntad que sacrificó todo por explosiones",
      "Ahora que la llevas, ¿no lucharás por explosiones aún mayores?"
    ],
    "ability": [
      "Pequeña probabilidad de activar explosión al atacar o ser golpeado",
      "Reduce el daño por explosión autoinfligido en 50%"
    ]
  },
  "45": {
    "name": [
      "Abrazo Venenoso"
    ],
    "subtitle": [
      "\"Esta daga está cargada de veneno mortal, ¿sabes? (lamido\""
    ],
    "description": [
      "Una espada corta mágica venenosa—mantén distancia"
    ],
    "ability": [
      "Un Sirviente que orbita automáticamente",
      "Alta probabilidad de infligir Veneno al contacto"
    ]
  },
  "46": {
    "name": [
      "Puño de Furia"
    ],
    "subtitle": "",
    "description": [
      "Un puño mágico poderoso",
      "Hirviendo de ira desconocida, permanece fuertemente cerrado…"
    ],
    "ability": [
      "Un Sirviente que orbita automáticamente",
      "Empuja a cualquier enemigo que toque"
    ]
  },
  "47": {
    "name": [
      "Mano Maldita de Xerise"
    ],
    "subtitle": "",
    "description": [
      "Una mano cortada imbuida con poder no muerto",
      "Incluso sin cuerpo, sigue siendo vivaz y agresiva"
    ],
    "ability": [
      "Un Sirviente que orbita automáticamente",
      "Maldice a cualquier objetivo al que apunte con su dedo medio"
    ]
  },
  "48": {
    "name": [
      "Contrato de Encadenamiento de Hechizos"
    ],
    "subtitle": [
      "\"Cuando quien amas muera, debes quitarte la vida.",
      "Cuando quien amas muera, no hay otra opción.\""
    ],
    "description": [
      "Para salvar a su familiar, cierto alquimista forjó este contrato…"
    ],
    "ability": [
      "Vincula con tu sirviente—cualquier daño que reciban será tuyo",
      "Cada sirviente vinculado otorga un efecto de curación"
    ]
  },
  "50": {
    "name": [
      "Papas Fritas"
    ],
    "subtitle": "",
    "description": [
      "Recién fritas con un aroma cálido",
      "y sabroso. ¡Cuidado con las gaviotas!"
    ],
    "ability": [
      "Atrae gaviotas que roban tus papas"
    ]
  },
  "53": {
    "name": [
      "Anillo de Hueso del Ahorcado"
    ],
    "subtitle": "",
    "description": [
      "Un anillo hecho de los huesos del difunto Ahorcado",
      "Aunque la mayoría de su poder se perdió,",
      "aún otorga al portador un poco de libertad de la gravedad"
    ],
    "ability": [
      "Reduce el daño por caída en 50%"
    ]
  },
  "54": {
    "name": [
      "Cáliz Dorado Incompleto"
    ],
    "subtitle": "",
    "description": [
      "Una reliquia de santo aún por llenar, bendice al portador con",
      "suerte inmensa. La fuente de esta bendición es desconocida,",
      "mientras espera en silencio el día de completarse"
    ],
    "ability": [
      "Aumenta mucho la suerte. Duplica el dinero obtenido"
    ]
  },
  "55": {
    "name": [
      "Guantes de Incendiario"
    ],
    "subtitle": [
      "\"Ja, qué fuegos artificiales más sucios.\""
    ],
    "description": [
      "Guantes ignífugos gruesos con olor a pólvora"
    ],
    "ability": [
      "+30% de radio de explosión para bombas autoactivadas",
      "Las bombas tienen probabilidad de activar explosiones en cadena"
    ]
  },
  "56": {
    "name": [
      "Misericordia de la Doncella Santa"
    ],
    "subtitle": [
      "\"Buen chico, buen chico...\""
    ],
    "description": [
      "Uno de los atuendos de la monja, suave al tacto, inolvidable",
      "La radiación sagrada fluye por sus fibras, ofreciendo consuelo"
    ],
    "ability": [
      "Entra forzosamente en Modo Sabio",
      "Gana más afinidad al acariciar la cabeza de \\str[120]"
    ]
  },
  "57": {
    "name": [
      "¡¡Ichigo Wo Torimodose!!"
    ],
    "subtitle": [
      ""
    ],
    "description": [
      "ASABA, consumido por el duelo por la fresa perdida,",
      "libera su arte definitivo. Una vez marcado, eres engullido",
      "por una tormenta inevitable de combos… Pero el dolor persiste—",
      "¡quemado por emociones del destino, también heredas esta técnica prohibida!"
    ],
    "ability": [
      "Desata un movimiento especial con el comando correcto",
      "Cuanto menor sea tu HP, más fuerte el movimiento especial"
    ]
  },
  "59": {
    "name": [
      "Colgante Rubrum"
    ],
    "subtitle": [
      ""
    ],
    "description": [
      "Reliquia Preciosa del Mago Caído. ",
      "Un colgante hecho de un pequeño Fragmento Filosofal",
      "imbuido con un poder alquímico tenue pero eterno"
    ],
    "ability": [
      "Potencia el ataque mágico según la cantidad de Fragmentos Filosofales tenidos",
      "Reduce el uso de durabilidad de armas al lanzar magia en \\c[6]24%\\c[0]"
    ]
  },
  "62": {
    "name": [
      "Guantes de Mago Caído"
    ],
    "subtitle": "",
    "description": [
      "Guantes malditos contaminados por magia oscura,",
      "imbuidos con un espíritu vengativo ansioso por atacar"
    ],
    "ability": [
      "Los proyectiles rastrean enemigos cercanos"
    ]
  },
  "63": {
    "name": [
      "Zapatos de Mago Caído"
    ],
    "subtitle": "",
    "description": [
      "Zapatos malditos contaminados por magia oscura,",
      "imbuidos con un espíritu vengativo que otorga agilidad fantasmal"
    ],
    "ability": [
      "Aumenta velocidad de movimiento, otorga estado vacío al usar Senpo"
    ]
  },
  "65": {
    "name": [
      "Cinta de Determinación"
    ],
    "subtitle": [
      "\"¡¿Quién diablos crees que soy?¡?\""
    ],
    "description": [
      "Una cinta para la cabeza que despierta pasión al usarla",
      "Sin efecto real, pero su espíritu inquebrantable no tiene igual"
    ],
    "ability": [
      "Reduce probabilidad de estados anormales",
      "Tiene pequeña probabilidad de resistir daño fatal"
    ]
  },
  "67": {
    "name": [
      "Brazaletes de Artista Marcial"
    ],
    "subtitle": "",
    "description": [
      "Brazaletes vendados usados por artistas marciales en combate",
      "Protegen articulaciones mientras mejoran precisión de movimiento"
    ],
    "ability": [
      "-12% de consumo de durabilidad de arma",
      "Aumenta velocidad de ataque y potencia daño de combos sin armas"
    ]
  },
  "68": {
    "name": [
      "Zapatos de Artista Marcial"
    ],
    "subtitle": "",
    "description": [
      "Zapatos comúnmente usados por artistas marciales que han",
      "dominado su arte, irradiando un aura poderosa"
    ],
    "ability": [
      "Velocidad de movimiento aumentada. Senpo mejorado"
    ]
  },
  "69": {
    "name": [
      "Rompecaras"
    ],
    "subtitle": [
      "\"Maldita sea... ¡Solo quiero golpear a alguien en la cara...!\""
    ],
    "description": [
      "Guantes de boxeo dejados por un boxeador legendario.",
      "Aún puedes sentir la fuerza abrumadora que permanece en ellos."
    ],
    "ability": [
      "No puedes usar armas mientras está equipado",
      "Los ataques de puño pueden infligir daño extra según el HP del objetivo"
    ]
  },
  "70": {
    "name": [
      "Corazón de Espantapájaros"
    ],
    "subtitle": "",
    "description": [
      "Un cuerpo hueco de espantapájaros",
      "Sin calor, sin latidos—aún puede vivir en tu lugar"
    ],
    "ability": [
      "Previene toda forma de recuperación de HP mientras está equipado",
      "Al llegar a 0 HP, permaneces activo un poco más antes de caer"
    ]
  },
  "73": {
    "name": [
      "Anillo de Lava"
    ],
    "subtitle": "",
    "description": [
      "Un anillo forjado de roca con magma abrasador",
      "Usarlo alivia el dolor tanto del frío como de la llama"
    ],
    "ability": [
      "Reduce mucho la probabilidad de congelarse",
      "Reduce la probabilidad de quemarse"
    ]
  },
  "74": {
    "name": [
      "Volumen Salamandrae"
    ],
    "subtitle": [
      "\"Sí, les gustan los pimientos picantes...\""
    ],
    "description": [
      "Un grimorio encuadernado con escamas de salamandra. Aunque parece",
      "una enciclopedia, sus registros de salamandras de volcán",
      "otorgan mayor comprensión del fuego al estudiarlo."
    ],
    "ability": [
      "Fortalece el daño y forma de magia de fuego"
    ]
  },
  "80": {
    "name": [
      "Decreto Real"
    ],
    "subtitle": "",
    "description": [
      "Un anillo que simboliza la gloria suprema de un verdadero rey",
      "¡Aumenta mucho la moral de los seguidores!"
    ],
    "ability": [
      "Aumenta ligeramente todas las estadísticas",
      "Agranda a todos los sirvientes y mejora sus atributos especiales"
    ]
  },
  "125": {
    "name": [
      "Atsu Atsu Bouzu"
    ],
    "subtitle": "",
    "description": [
      "Un muñeco de trapo hecho con las oraciones sinceras de alguien. Lleva",
      "deseos, causando cambios leves en los patrones climáticos regulares.",
      "Sin embargo, el muñeco desaparece silenciosamente después"
    ],
    "ability": [
      "Asegura clima abrasador al día siguiente cuando está equipado"
    ]
  },
  "126": {
    "name": [
      "Teru Teru Bouzu"
    ],
    "subtitle": "",
    "description": [
      "Un muñeco de trapo hecho con las oraciones sinceras de alguien. Lleva",
      "deseos, causando cambios leves en los patrones climáticos regulares.",
      "Sin embargo, el muñeco desaparece silenciosamente después"
    ],
    "ability": [
      "Asegura clima soleado al día siguiente cuando está equipado"
    ]
  },
  "127": {
    "name": [
      "Kumo Kumo Bouzu"
    ],
    "subtitle": "",
    "description": [
      "Un muñeco de trapo hecho con las oraciones sinceras de alguien. Lleva",
      "deseos, causando cambios leves en los patrones climáticos regulares.",
      "Sin embargo, el muñeco desaparece silenciosamente después"
    ],
    "ability": [
      "Asegura clima nublado al día siguiente cuando está equipado"
    ]
  },
  "128": {
    "name": [
      "Ame Ame Bouzu"
    ],
    "subtitle": "",
    "description": [
      "Un muñeco de trapo hecho con las oraciones sinceras de alguien. Lleva",
      "deseos, causando cambios leves en los patrones climáticos regulares.",
      "Sin embargo, el muñeco desaparece silenciosamente después"
    ],
    "ability": [
      "Asegura clima lluvioso al día siguiente cuando está equipado"
    ]
  },
  "129": {
    "name": [
      "Sonrisa de una chica"
    ],
    "subtitle": [
      "\"¡\\str[121], cumpliste bien tu promesa!\""
    ],
    "description": [
      "La hermanita que siempre admiró y se preocupó por",
      "su \\str[121] finalmente muestra una sonrisa satisfecha",
      "Para \\str[121], es suficiente como motivación para seguir adelante"
    ],
    "ability": [
      "Aumenta el deseo, todas las estadísticas aumentan"
    ]
  },
  "130": {
    "name": [
      "Bragas quitadas de \\str[120]"
    ],
    "subtitle": [
      "\"Todavía lleva el aroma de \\str[120]...\""
    ],
    "description": [
      "Bragas recibidas de \\str[120] por un malentendido",
      "Nunca devueltas, pero en el fondo, hay felicidad"
    ],
    "ability": [
      "Inspirado por \\str[120]. Cuando HP < 50%, gana curación automática"
    ]
  },
  "147": {
    "name": [
      "Curaplast"
    ],
    "subtitle": "",
    "description": [
      ""
    ],
    "ability": []
  },
  "150": {
    "name": [
      "Camiseta de Bonificación"
    ],
    "subtitle": "",
    "description": [
      "Un atuendo personalizado del caballero,",
      "supuestamente para promocionar el juego",
      "Pero realmente no quiero usarlo"
    ],
    "ability": []
  },
  "152": {
    "name": [
      "Pijama de \\str[120]"
    ],
    "subtitle": "",
    "description": [
      "Una camisón que \\str[120] suele usar,",
      "decorado con los lazos que ama.",
      "Ahora que lo pienso… ¿por qué está en mis manos?"
    ],
    "ability": []
  },
  "153": {
    "name": [
      "Shorts de \\str[120]"
    ],
    "subtitle": "",
    "description": [
      "Shorts suaves y esponjosos que \\str[120] suele usar,",
      "decorado con los lazos que ama.",
      "Ahora que lo pienso… ¿por qué está en mis manos?"
    ],
    "ability": []
  },
  "154": {
    "name": [
      "Bragas azul-blanco"
    ],
    "subtitle": "",
    "description": [
      ""
    ],
    "ability": []
  },
  "155": {
    "name": [
      "Bragas rosa-blanco"
    ],
    "subtitle": "",
    "description": [
      ""
    ],
    "ability": []
  },
  "156": {
    "name": [
      "Bragas blancas"
    ],
    "subtitle": "",
    "description": [
      ""
    ],
    "ability": []
  },
  "157": {
    "name": [
      "Curaplast"
    ],
    "subtitle": "",
    "description": [
      ""
    ],
    "ability": []
  },
  "159": {
    "name": [
      "Sin bragas..."
    ],
    "subtitle": "",
    "description": [
      ""
    ],
    "ability": []
  },
  "299": {
    "name": [
      "Territorio Absoluto"
    ],
    "subtitle": [
      ""
    ],
    "description": [
      "El espacio sagrado entre la minifalda y medias altas de una chica",
      "No solo otorga alta resistencia mágica, sino también la absurda",
      "habilidad de sacar todo tipo de objetos bajo la falda a voluntad"
    ],
    "ability": [
      "Capacidad extra para llevar armas +99",
      "Capacidad extra para llevar equipo +99"
    ]
  },
  "300": {
    "name": [
      "Catalizador Amatoria"
    ],
    "subtitle": [
      "\"¡Dame tu amor—! Si no, ¡simplemente muramos juntos~~~!\""
    ],
    "description": [
      "Un artefacto prohibido forjado por cierto archidemonio yandere",
      "Hace que cualquiera que toque se enamore del portador",
      "ignorando su voluntad"
    ],
    "ability": [
      "Aumenta mucho las estadísticas al acariciar a \\str[120]"
    ]
  }
}