{
    "1": {
        "name": [
            "お菓子引換券"
        ],
        "subtitle": "",
        "description": [
            "逆流茶会発行の引換券。美味しい茶菓子と交換できる",
            "というか……お店はどこにあるの？"
        ],
        "ability": [
		    "ガチャ機に使うとダメージを与えずに11連1回分を回せる",
			"この11連では必ず金色のガチャが1つ出現する"
		]
    },
    "3": {
        "name": [
            "ゴミ"
        ],
        "subtitle": "",
        "description": [
            "様々な種類の廃材、使い道がない...",
            "なぜこんなものを拾ってきたの？"
        ],
        "ability": ""
    },	
    "4": {
        "name": [
            "１０円"
        ],
        "subtitle": "",
        "description": [
            ""
        ],
        "ability": ""
    },
    "5": {
        "name": [
            "５０円"
        ],
        "subtitle": "",
        "description": [
            ""
        ],
        "ability": ""
    },
    "6": {
        "name": [
            "１００円"
        ],
        "subtitle": "",
        "description": [
            ""
        ],
        "ability": ""
    },
    "7": {
        "name": [
            "５００円"
        ],
        "subtitle": "",
        "description": [
            ""
        ],
        "ability": ""
    },
    "8": {
        "name": [
            "１０００円"
        ],
        "subtitle": "",
        "description": [
            ""
        ],
        "ability": ""
    },
    "9": {
        "name": [
            "５０００円"
        ],
        "subtitle": "",
        "description": [
            ""
        ],
        "ability": ""
    },
    "10": {
        "name": [
            "１００００円"
        ],
        "subtitle": "",
        "description": [
            ""
        ],
        "ability": ""
    },	
    "11": {
        "name": [
            "５００００円"
        ],
        "subtitle": "",
        "description": [
            ""
        ],
        "ability": ""
    },	
    "12": {
        "name": [
            "１０００００円"
        ],
        "subtitle": "",
        "description": [
            ""
        ],
        "ability": ""
    },
    "14": {
        "name": [
            "魔導映写器"
        ],
        "subtitle": "",
        "description": [
            "東方から伝わった精巧な魔導具。しかし、なぜかアビスに",
            "流れ着いてしまった……目にした景色を定着できるが",
            "魔力の干渉を受けやすく、時々奇妙なものが映ることがあるという……"
        ],
        "ability": [
            "F7キーを押せば写真を撮影できる"
        ]
    },
    "17": {
        "name": [
            "\\str[120]のアホ毛"
        ],
        "subtitle": "",
        "description": [
            "\\str[120]の頭から抜いたアホ毛だが、本人は気づいていないようだ…",
            "このアホ毛は依然として頑固に立っており、不思議なほど弾力がある"
        ],
        "ability": ""
    },
    "18": {
        "name": [
            "ゴム製アヒル"
        ],
        "subtitle": "",
        "description": [],
        "ability": ""
    },
    "19": {
        "name": [
            "扇風機"
        ],
        "subtitle": "",
        "description": [
            ""

        ],
        "ability": [
            ""
        ]
    },	
    "20": {
        "name": [
            "天上の石の欠片"
        ],
        "subtitle": [
            "「これこそが全なる堅固の中の大いなる堅固なり",
            "すべての堅きものに浸透し",
            "最も微細なものを凌駕する。」"			
        ],
        "description": [
            "たとえ欠片でも、強大な力が宿る——"
        ],
        "ability": ""
    },
    "23": {
        "name": [
            "オイシイミルク"
        ],
        "subtitle": [
            "「広告スポンサー：逆流茶会」"
        ],
        "description": [
            "奇妙な自動販売機から手に入れた飲み物",
            "味はともかく、なぜアビスに自動販売機があるのだろうか…"
        ],
        "ability": [
            "120の体力を回復し、美味い！！を得る"
        ]
    },
    "24": {
        "name": [
            "キャロットミルク"
        ],
        "subtitle": [
            "「広告スポンサー：逆流茶会」"
        ],
        "description": [
            "奇妙な自動販売機から手に入れた飲み物",
            "味はともかく、なぜアビスに自動販売機があるのだろうか…"
        ],
        "ability": [
            "75の体力を回復し、ランダムで一つの異常状態を解除する"
        ]
    },
    "25": {
        "name": [
            "イチゴミルク"
        ],
        "subtitle": [
            "「広告スポンサー：逆流茶会」"
        ],
        "description": [
            "奇妙な自動販売機から手に入れた飲み物",
            "味はともかく、なぜアビスに自動販売機があるのだろうか…"
        ],
        "ability": [
            "78の体力を回復し、一定時間内に攻撃力が50%アップ"
        ]
    },
    "26": {
        "name": [
            "メロンミルク"
        ],
        "subtitle": [
            "「広告スポンサー：逆流茶会」"
        ],
        "description": [
            "奇妙な自動販売機から手に入れた飲み物",
            "味はともかく、なぜアビスに自動販売機があるのだろうか…"
        ],
        "ability": [
            "78の体力を回復し、一定時間内に魔攻力が50%アップ"
        ]
    },
    "27": {
        "name": [
            "バナナミルク"
        ],
        "subtitle": [
            "「広告スポンサー：逆流茶会」"
        ],
        "description": [
            "奇妙な自動販売機から手に入れた飲み物",
            "味はともかく、なぜアビスに自動販売機があるのだろうか…"
        ],
        "ability": [
            "78の体力を回復し、一定時間内に移動速度がアップ"
        ]
    },
    "30": {
        "name": [
            "ピンクの金平糖"
        ],
        "subtitle": [
            "「ふふふ…原料は知らない方がいいわよ♥」"
        ],
        "description": [
            "大悪魔が自ら手掛けた、見た目も美しい金平糖",
            "桃の甘い香りを漂わせ、嗅ぐだけでふわふわ気分に……"
        ],
        "ability": [
            "食べると性欲が大幅に高まる"
        ]
    },
    "31": {
        "name": [
            "ブルーの金平糖"
        ],
        "subtitle": [
            "「ふふふ…原料は知らない方がいいわよ♥」"
        ],
        "description": [
            "大悪魔が自ら手掛けた、見た目も美しい金平糖",
            "ブルーベリーのような香りを漂わせ、嗅ぐだけで心が落ち着く…"
        ],
        "ability": [
            "食べると心が穏やかになる"
        ]
    },
    "32": {
        "name": [
            "グリーンの金平糖"
        ],
        "subtitle": [
            "「ふふふ…原料は知らない方がいいわよ♥」"
        ],
        "description": [
            "大悪魔が自ら手掛けた、見た目も美しい金平糖",
            "メロンのような香りを漂わせ、嗅ぐだけで心がウキウキしてくる…"
        ],
        "ability": [
            "効果未実装"
        ]
    },
    "33": {
        "name": [
            "ビンカンぷにゅ饅"
        ],
        "subtitle": [
            "「ふふふ…原料は知らない方がいいわよ♥」"
        ],
        "description": [
            "大悪魔が自ら手掛けた、ぷるぷる食感の水饅頭",
            "ひとくち食べれば、全身がビリビリッとしびれる快感！"
        ],
        "ability": [
            "効果未実装"
        ]
    },
    "35": {
        "name": [
            "逆流コーラ(大)  "
        ],
        "subtitle": [
            "「広告スポンサー：逆流茶会」"
        ],
        "description": [
            "奇妙な自動販売機から手に入れた飲み物",
            "味はともかく、なぜアビスに自動販売機があるのだろうか…"
        ],
        "ability": [
            "激しく振ると強力な爆発を引き起こすことがある"
        ]
    },
    "42": {
        "name": [
            "ケナズ"
        ],
        "subtitle": [
            "「爆破の力」"
        ],
        "description": [
            "魔法ルーンが刻まれた石で，魔法の初心者でも簡単に",
            "その効果を発動できるように設計されています"
        ],
        "ability": [
            "投げると、触れた対象を爆弾に変える",
			"爆弾は3秒後に爆発し、対象が大きいほど爆発範囲も広がる"
        ]
    },
    "43": {
        "name": [
            "アンスズ"
        ],
        "subtitle": [
            "「啓示之力」"
        ],
        "description": [
            "魔法ルーンが刻まれた石で，魔法の初心者でも簡単に",
            "その効果を発動できるように設計されています"
        ],
        "ability": [
            "使用すると、その場に文字記録付きのマーカーを設置できる",
            "更新後、このマーカーは他のプレイヤーにも表示される"
        ]
    },
    "44": {
        "name": [
            "ライドー"
        ],
        "subtitle": [
            "「騎乗の力」"
        ],
        "description": [
            "魔法ルーンが刻まれた石で，魔法の初心者でも簡単に",
            "その効果を発動できるように設計されています"
        ],
        "ability": [
            "投げると、クリックで位置を交換できるマークを生成"
        ]
    },
    "45": {
        "name": [
            "エワズ"
        ],
        "subtitle": [
            "「変化の力」"
        ],
        "description": [
            "魔法ルーンが刻まれた石で，魔法の初心者でも簡単に",
            "その効果を発動できるように設計されています"
        ],
        "ability": [
            "投げると、触れた対象と位置を交換する"
        ]
    },
    "46": {
        "name": [
            "ザ・フール"
        ],
        "subtitle": [
            "「愚かな冒険者の果てしなき探求心」"
        ],
        "description": [
            "術式が施された魔法カード。魔法の初心者でも簡単に",
            "その効果を発動できるように設計されています"
        ],
        "ability": [
            "使用すると、強制的にランダムな場所へ転移される"
        ]
    },
    "47": {
        "name": [
            "ザ・マジシャン"
        ],
        "subtitle": [
            "「錬金術師たちの傑作」"
        ],
        "description": [
            "術式が施された魔法カード。魔法の初心者でも簡単に",
            "その効果を発動できるように設計されています"
        ],
        "ability": [
            "使用すると、複数の元素従者を召喚する"
        ]
    },
    "48": {
        "name": [
            "ザ・ハイプリエステス"
        ],
        "subtitle": [
            "「彼女の寵愛を得られますように…」"
        ],
        "description": [
            "術式が施された魔法カード。魔法の初心者でも簡単に",
            "その効果を発動できるように設計されています"
        ],
        "ability": [
            "使用すると、堕落の聖堂へと続く門を召喚する"
        ]
    },
    "49": {
        "name": [
            "ザ・エンプレス"
        ],
        "subtitle": [
            "「一顧すれば人の城を傾け、再顧すれば人の国を傾く」"
        ],
        "description": [
            "術式が施された魔法カード。魔法の初心者でも簡単に",
            "その効果を発動できるように設計されています"
        ],
        "ability": [
            "使用すると、プレイヤーに7秒間の傾国傾城を与える"
        ]
    },
    "50": {
        "name": [
            "ザ・エンペラー"
        ],
        "subtitle": [
            "「龍の威厳、侵すべからず」"
        ],
        "description": [
            "術式が施された魔法カード。魔法の初心者でも簡単に",
            "その効果を発動できるように設計されています"
        ],
        "ability": [
            "使用すると、画面内のすべての敵に龍の咆哮で目眩がする"
        ]
    },
    "51": {
        "name": [
            "ザ・ハイエロファント"
        ],
        "subtitle": [
            "「今こそ、覚醒の時」"
        ],
        "description": [
            "術式が施された魔法カード。魔法の初心者でも簡単に",
            "その効果を発動できるように設計されています"
        ],
        "ability": [
            "使用すると、プレイヤーに心眼と賢者モードを与える"
        ]
    },
    "52": {
        "name": [
            "ザ・ラヴァーズ"
        ],
        "subtitle": [
            "「魔女の残り香」"
        ],
        "description": [
            "術式が施された魔法カード。魔法の初心者でも簡単に",
            "その効果を発動できるように設計されています"
        ],
        "ability": [
            "使用すると、一定時間内にモンスターの発生確率が上昇する"
        ]
    },
    "53": {
        "name": [
            "ザ・チャリオット"
        ],
        "subtitle": [
            "「呼べばすぐ来る地獄の特急便！」"
        ],
        "description": [
            "術式が施された魔法カード。魔法の初心者でも簡単に",
            "その効果を発動できるように設計されています"
        ],
        "ability": [
            "使用すると、茶会の宅配車がプレイヤーに向かって突進する"
        ]
    },
    "54": {
        "name": [
            "ザ・ストレングス"
        ],
        "subtitle": [
            "「巨神兵の力を解放せよ」"
        ],
        "description": [
            "術式が施された魔法カード。魔法の初心者でも簡単に",
            "その効果を発動できるように設計されています"
        ],
        "ability": [
            "使用すると、武器が巨大化し、ダメージが上昇する"
        ]
    },
    "55": {
        "name": [
            "ザ・ハーミット"
        ],
        "subtitle": [
            "「この世界の秘密を解き明かせ」"
        ],
        "description": [
            "術式が施された魔法カード。魔法の初心者でも簡単に",
            "その効果を発動できるように設計されています"
        ],
        "ability": [
            "使用すると、一定時間内に特別なユニットをマークする"
        ]
    },
    "56": {
        "name": [
            "ホイール・オブ・フォーチュン"
        ],
        "subtitle": [
            "「魂を賭けた運命のルーレット」"
        ],
        "description": [
            "術式が施された魔法カード。魔法の初心者でも簡単に",
            "その効果を発動できるように設計されています"
        ],
        "ability": [
            "使用すると、ランダムで良い効果か悪い効果が得られる"
        ]
    },
    "57": {
        "name": [
            "ジャスティス"
        ],
        "subtitle": [
            "「灰は灰に､塵は塵に､土は土に」"
        ],
        "description": [
            "術式が施された魔法カード。魔法の初心者でも簡単に",
            "その効果を発動できるように設計されています"
        ],
        "ability": [
            "使用すると、プレイヤーの全てのステータス効果を解除する"
        ]
    },
    "58": {
        "name": [
            "ザ・ハングドマン"
        ],
        "subtitle": [
            "「天空が堕ちる…」"
        ],
        "description": [
            "術式が施された魔法カード。魔法の初心者でも簡単に",
            "その効果を発動できるように設計されています"
        ],
        "ability": [
            "使用すると、重力が逆転し他のマップへと落下する"
        ]
    },
    "59": {
        "name": [
            "デス"
        ],
        "subtitle": [
            "「死の子守唄を捧げよう」"
        ],
        "description": [
            "術式が施された魔法カード。魔法の初心者でも簡単に",
            "その効果を発動できるように設計されています"
        ],
        "ability": [
            "使用すると、画面内で亡者の嘆きを発動する"
        ]
    },
    "60": {
        "name": [
            "テンパランス"
        ],
        "subtitle": [
            "「アビスのパンドラの箱」"
        ],
        "description": [
            "術式が施された魔法カード。魔法の初心者でも簡単に",
            "その効果を発動できるように設計されています"
        ],
        "ability": [
            "使用すると、ランダムで一台のガチャマシンを召喚する"
        ]
    },
    "61": {
        "name": [
            "ザ・デビル"
        ],
        "subtitle": [
            "「絶えず燃ゆる呪詛の炎」"
        ],
        "description": [
            "術式が施された魔法カード。魔法の初心者でも簡単に",
            "その効果を発動できるように設計されています"
        ],
        "ability": [
            "使用すると、指定されたエリアに地獄の火を発動する"
        ]
    },
    "62": {
        "name": [
            "ザ・タワー"
        ],
        "subtitle": [
            "「深淵の狂宴への招待状」"
        ],
        "description": [
            "術式が施された魔法カード。魔法の初心者でも簡単に",
            "その効果を発動できるように設計されています"
        ],
        "ability": [
            "使用すると、アビスのオベリスクを召喚する"
        ]
    },
    "63": {
        "name": [
            "ザ・スター"
        ],
        "subtitle": [
            "「星は帰郷への道標となる」"
        ],
        "description": [
            "術式が施された魔法カード。魔法の初心者でも簡単に",
            "その効果を発動できるように設計されています"
        ],
        "ability": [
            "プレイヤーの近くにスタート地点へ戻れる星の門を召喚します"
        ]
    },
    "64": {
        "name": [
            "ザ・ムーン"
        ],
        "subtitle": [
            "「おちみずの呪いを背負う」"
        ],
        "description": [
            "術式が施された魔法カード。魔法の初心者でも簡単に",
            "その効果を発動できるように設計されています"
        ],
        "ability": [
            "使用すると、プレイヤーは「変若の力」のステータスを得る"
        ]
    },
    "65": {
        "name": [
            "ザ・サン"
        ],
        "subtitle": [
            "「炎の中の再誕」"
        ],
        "description": [
            "術式が施された魔法カード。魔法の初心者でも簡単に",
            "その効果を発動できるように設計されています"
        ],
        "ability": [
            "使用時、火の鳥の加護を得る"
        ]
    },
    "66": {
        "name": [
            "ジャッジメント"
        ],
        "subtitle": [
            "「てめえの罪を数えよう」"
        ],
        "description": [
            "術式が施された魔法カード。魔法の初心者でも簡単に",
            "その効果を発動できるように設計されています"
        ],
        "ability": [
            "使用すると、ターゲットを別の生物に変える魔法の矢を放つ"
        ]
    },
    "67": {
        "name": [
            "ザ・ワールド"
        ],
        "subtitle": [
            "「あなたをその不思議な箱庭へお招きします…」"
        ],
        "description": [
            "術式が施された魔法カード。魔法の初心者でも簡単に",
            "その効果を発動できるように設計されています"
        ],
        "ability": [
            "使用すると、ドロップイベントのカウントダウンをリセットする"
        ]
    },
    "70": {
        "name": [
            "ジャックボム"
        ],
        "subtitle": [
            "「こっちを見ろ…！」"
        ],
        "description": [
            "狂熱の炎素を宿した錬金爆弾。あまりにも不安定な性質のため",
            "手に持っただけでもすぐに爆発してしまう",
            "灼熱の環境では瞬時に起爆する！"
        ],
        "ability": ""
    },
    "71": {
        "name": [
            "アイスジャックボム"
        ],
        "subtitle": [
            "「こっちを見ろ…！」"
        ],
        "description": [
            "極寒の氷素を宿した錬金爆弾。極めて不安定な性質を持つため",
            "手に持っただけでも即座に爆発してしまう"
        ],
        "ability": ""
    },
    "72": {
        "name": [
            "ヴェノムジャックボム"
        ],
        "subtitle": [
            "「こっちを見ろ…！」"
        ],
        "description": [
            "猛毒を宿した錬金爆弾。極めて不安定な性質を持つため",
            "手に持っただけでも即座に爆発してしまう"
        ],
        "ability": ""
    },
    "75": {
        "name": [
            "封印された時計"
        ],
        "subtitle": "",
        "description": [
            "特殊な魔法道具であり、内部に封印の術式が刻まれている",
            "しかし、これを打ち砕けば効果が発動し、一定範囲内で",
            "時間を含むすべての事象を停止させることができる"
        ],
        "ability": ""
    },
    "77": {
        "name": [
            "寿司プリン"
        ],
        "subtitle": "",
        "description": [
            "ある大悪魔の使い魔で、放てば大悪魔の行方を追える",
            "しかし、これは猫なのか、寿司なのか、それともプリンなのか……？",
            "何にせよ、とても美味しそうに見える……"
        ],
        "ability": ""
    },
    "86": {
        "name": [
            "ステーキ肉"
        ],
        "subtitle": "",
        "description": [
            "野生獣から狩り取った肉のスライスで",
            "たんぱく質が豊富。焼くだけで美味しくいただけます！"
        ],
        "ability": ""
    },
    "88": {
        "name": [
            "鳥足肉"
        ],
        "subtitle": "",
        "description": [
            "様々な鳥から狩り取ったもも肉",
            "肉質はふっくらとしており、肉料理に最適です"
        ],
        "ability": ""
    },
    "89": {
        "name": [
            "大きい獣肉"
        ],
        "subtitle": "",
        "description": [
            "魔物から切り取った新鮮な肉。美味しい肉料理が作れる",
            "魔物は人を食べ、人は魔物を食べる。これが当然の理だ"
        ],
        "ability": ""
    },
    "90": {
        "name": [
            "小さい獣肉"
        ],
        "subtitle": "",
        "description": [
            "魔物から切り取った新鮮な肉。美味しい肉料理が作れる",
            "魔物は人を食べ、人は魔物を食べる。これが当然の理だ"
        ],
        "ability": ""
    },
    "97": {
        "name": [
            "水怪の粘液"
        ],
        "subtitle": "",
        "description": [
            "水怪が分泌する粘液、錬金術でよく使われる一般的な材料",
            "時には滑り剤としても用いられる"
        ],
        "ability": ""
    },
    "98": {
        "name": [
            "歩きキノコ"
        ],
        "subtitle": "",
        "description": [
            "歩くキノコモンスターから摘み取ったキノコ。もう動くことはない",
            "切ってみると普通のキノコと見た目はほとんど変わらない"
        ],
        "ability": ""
    },
    "100": {
        "name": [
            "スライムの粘液"
        ],
        "subtitle": "",
        "description": [
            "スライムが分泌する粘液、錬金術でよく使われる一般的な材料",
            "時には滑り剤としても用いられる"
        ],
        "ability": ""
    },
    "101": {
        "name": [
            "リンゴ"
        ],
        "subtitle": "",
        "description": [
            "摘み取られたばかりの新鮮な果物、清涼感に満ちている",
            "食べると体力をわずかに回復させる効果がある"
        ],
        "ability": ""
    },
    "102": {
        "name": [
            "カレールー"
        ],
        "subtitle": "",
        "description": [
            "異国の香辛料が凝縮された辛味カレールー",
            "米飯との相性が抜群で、様々な具材を引き立てる万能さを持つ"
        ],
        "ability": ""
    },
    "103": {
        "name": [
            "白ご飯"
        ],
        "subtitle": "",
        "description": [
            "シンプルだけど、なんだかホッとする白ごはん",
            "そのまま食べてもイケるし、いろんな料理にも使える"
        ],
        "ability": ""
    },
    "104": {
        "name": [
            "キャロット"
        ],
        "subtitle": "",
        "description": [
            "よく見る野菜の作物、アビスにも生えてるっておかしくない",
            "食べるならちゃんと料理しなきゃダメだアビス"
        ],
        "ability": ""
    },
    "105": {
        "name": [
            "ジャガイモ"
        ],
        "subtitle": "",
        "description": [
            "よく見る野菜の作物、アビスにも生えてるっておかしくない",
            "食べるならちゃんと料理しなきゃダメだアビス"
        ],
        "ability": ""
    },
    "106": {
        "name": [
            "トウガラシ"
        ],
        "subtitle": "",
        "description": [
            "よく見る野菜の作物、アビスにも生えてるっておかしくない",
            "食べるならちゃんと料理しなきゃダメだアビス"
        ],
        "ability": ""
    },
    "107": {
        "name": [
            "トマト"
        ],
        "subtitle": "",
        "description": [
            "よく見る野菜の作物、アビスにも生えてるっておかしくない",
            "食べるならちゃんと料理しなきゃダメだアビス"
        ],
        "ability": ""
    },
    "108": {
        "name": [
            "バナナ"
        ],
        "subtitle": "",
        "description": [
            "摘み取られたばかりの新鮮な果物、清涼感に満ちている",
            "食べると体力をわずかに回復させる効果がある"
        ],
        "ability": ""
    },
    "109": {
        "name": [
            "イチゴ"
        ],
        "subtitle": "",
        "description": [
            "摘み取られたばかりの新鮮な果物、清涼感に満ちている",
            "食べると体力をわずかに回復させる効果がある"
        ],
        "ability": ""
    },
    "110": {
        "name": [
            "ブドウ"
        ],
        "subtitle": "",
        "description": [
            "摘み取られたばかりの新鮮な果物、清涼感に満ちている",
            "食べると体力をわずかに回復させる効果がある"
        ],
        "ability": ""
    },
    "111": {
        "name": [
            "パイナップル"
        ],
        "subtitle": "",
        "description": [
            "摘み取られたばかりの新鮮な果物、清涼感に満ちている",
            "食べると体力をわずかに回復させる効果がある"
        ],
        "ability": ""
    },
    "112": {
        "name": [
            "スイカ"
        ],
        "subtitle": "",
        "description": [
            "摘み取られたばかりの新鮮な果物、清涼感に満ちている",
            "食べると体力をわずかに回復させる効果がある"
        ],
        "ability": ""
    },
    "113": {
        "name": [
            "パスタ用麺"
        ],
        "subtitle": "",
        "description": [
            "しなやかでコシのある麺、どんな料理にも合う",
            "ソースをかけるだけでとても美味しい"
        ],
        "ability": ""
    },
    "114": {
        "name": [
            "ケチャップ"
        ],
        "subtitle": "",
        "description": [
            "トマトを使ったソース、酸っぱくて甘い、とても美味しいので",
            "なぜモンスターがこれを落とすのかはもう考えないことにしました"
        ],
        "ability": ""
    },
    "115": {
        "name": [
            "こむぎこ"
        ],
        "subtitle": "",
        "description": [
            "小麦を挽いて作られた粉で、様々な料理に使うことができます"
        ],
        "ability": ""
    },
    "116": {
        "name": [
            "ひらたけ"
        ],
        "subtitle": "",
        "description": [
            "外でよく見かける普通のきのこ",
            "しかし、アビスで見つかるとそれは異常なことだ…"
        ],
        "ability": ""
    },
    "117": {
        "name": [
            "シイタケ"
        ],
        "subtitle": "",
        "description": [
            "外でよく見かける普通のきのこ",
            "しかし、アビスで見つかるとそれは異常なことだ…"
        ],
        "ability": ""
    },
    "118": {
        "name": [
            "しめじ"
        ],
        "subtitle": "",
        "description": [
            "外でよく見かける普通のきのこ",
            "しかし、アビスで見つかるとそれは異常なことだ…"
        ],
        "ability": ""
    },
    "119": {
        "name": [
            "ムラサキシメジ"
        ],
        "subtitle": "",
        "description": [
            "外でよく見かける普通のきのこ",
            "しかし、アビスで見つかるとそれは異常なことだ…"
        ],
        "ability": ""
    },
    "120": {
        "name": [
            "ツキヨタケ"
        ],
        "subtitle": "",
        "description": [
            "外でよく見かける普通のきのこ",
            "しかし、アビスで見つかるとそれは異常なことだ…"
        ],
        "ability": ""
    },
    "121": {
        "name": [
            "キヌガサタケ"
        ],
        "subtitle": "",
        "description": [
            "外でもあまり見かけない高級なきのこ",
            "しかし、アビスで見つかるとそれは異常なことだ…"
        ],
        "ability": ""
    },
    "122": {
        "name": [
            "ASABAのイチゴ"
        ],
        "subtitle": [
		    "「うぅ…イチゴ……俺のイチゴ……」"
		],
        "description": [
            "ASABAが大切にしすぎてもったいなくて口にできなかった高級イチゴ",
            "必死に守り抜こうとしたが、結局は戦利品となってしまった——"
        ],
        "ability": ""
    },
    "127": {
        "name": [
            "タコの触手"
        ],
        "subtitle": "",
        "description": [
            "海から引き上げた切れたタコの触手、焼くとすごくいい香りがします",
            "他の食材と合わせて調理することもできる"
        ],
        "ability": ""
    },
    "128": {
        "name": [
            "支配者の触手"
        ],
        "subtitle": [
            "「\\str[121]、これ何？きもいな…」"
        ],
        "description": [
            "支配者の切れた触手だ、まだ動いてて、生きてるみたい",
            "通常のものよりも遥かに強靭である"
        ],
        "ability": ""
    },
    "130": {
        "name": [
            "タイ"
        ],
        "subtitle": "",
        "description": [
            "海から獲れた新鮮な魚類、刺身にすることもできるし",
            "他の食材と合わせて調理することもできる"
        ],
        "ability": ""
    },
    "131": {
        "name": [
            "マグロ"
        ],
        "subtitle": "",
        "description": [
            "海から獲れた新鮮な魚類、刺身にすることもできるし",
            "他の食材と合わせて調理することもできる"
        ],
        "ability": ""
    },
    "132": {
        "name": [
            "イサキ"
        ],
        "subtitle": "",
        "description": [
            "海から獲れた新鮮な魚類、刺身にすることもできるし",
            "他の食材と合わせて調理することもできる"
        ],
        "ability": ""
    },
    "133": {
        "name": [
            "クエ"
        ],
        "subtitle": "",
        "description": [
            "海から獲れた新鮮な魚類、刺身にすることもできるし",
            "他の食材と合わせて調理することもできる"
        ],
        "ability": ""
    },
    "134": {
        "name": [
            "サンマ"
        ],
        "subtitle": "",
        "description": [
            "海から獲れた新鮮な魚類、刺身にすることもできるし",
            "他の食材と合わせて調理することもできる"
        ],
        "ability": ""
    },
    "135": {
        "name": [
            "甘エビ"
        ],
        "subtitle": "",
        "description": [
            "海から獲れてまだ元気に跳ねているエビ、刺身にすることもできるし",
            "他の食材と合わせて調理することもできる"
        ],
        "ability": ""
    },
    "136": {
        "name": [
            "伊勢エビ"
        ],
        "subtitle": "",
        "description": [
            "海から捕れた新鮮なロブスター、手を挟まれないように注意してね",
            "他の食材と一緒に調理することもできます"
        ],
        "ability": ""
    },
    "137": {
        "name": [
            "毛ガニ"
        ],
        "subtitle": "",
        "description": [
            "海から捕れた新鮮なカニ、手を挟まれないように注意してね",
            "他の食材と一緒に調理することもできます"
        ],
        "ability": ""
    },
    "142": {
        "name": [
            "サケ"
        ],
        "subtitle": "",
        "description": [
            "海から獲れた新鮮な魚類、刺身にすることもできるし",
            "他の食材と合わせて調理することもできる"
        ],
        "ability": ""
    },
    "143": {
        "name": [
            "キングサーモン"
        ],
        "subtitle": "",
        "description": [
            "海から獲れた新鮮な魚類、刺身にすることもできるし",
            "他の食材と合わせて調理することもできる"
        ],
        "ability": ""
    },
    "152": {
        "name": [
            "香ばしいステーキ"
        ],
        "subtitle": "",
        "description": [
            "芳香な脂がたっぷりの極上ステーキ",
            "魔物でさえもこの香りには抗えない"
        ],
        "ability": ""
    },
    "153": {
        "name": [
            "大きな卵"
        ],
        "subtitle": "",
        "description": [
            "アビスから持ち帰った巨大な卵。一体何の生物の卵なのか",
            "その点はあまり深く考えなかった。まあ、まだ卵だからね"
        ],
        "ability": ""
    },
    "173": {
        "name": [
            "バナナ妖精"
        ],
        "subtitle": "",
        "description": [
            "……これは一体何だろう？"
        ],
        "ability": ""
    },
    "175": {
        "name": [
            "アップル妖精"
        ],
        "subtitle": "",
        "description": [
            "……これは一体何だろう？"
        ],
        "ability": ""
    },
    "190": {
        "name": [
            "百合同人誌"
		],
		"subtitle": [
		    "「お姉ちゃん…私、もうあなたなしじゃ生きられない…」"
		],
        "description": [
            "作画が美麗な同人誌。",
			"しかし内容は二人の美少女の禁断の恋を描いたもの…",
			"あまりの情熱で、ページからさえ淡いピンクの香りが漂うらしい。"
		],
        "ability": [
            "読むと性欲が上がる！"
		]	
    },
    "191": {
        "name": [
            "萌え萌え同人誌"
		],
		"subtitle": [
		    "「萌え萌えキュン〜♡」"
		],
        "description": [
            "ピンクの泡とハートのエフェクトが溢れる同人誌。",
			"登場人物たちはすぐに顔を赤らめ、心臓がドキドキ…甘すぎる！",
			"読後、無意識に「萌え死ぬ〜」とつぶやいてしまうらしい。"
		],
        "ability": [
            "読むと性欲が上がる！"
		]	
    },
    "192": {
        "name": [
            "猫娘同人誌"
		],
		"subtitle": [
		    "「ご主人さま…にゃ〜、なでなでしてもいいですか？」"
		],
        "description": [
            "キャットニップの香りがほのかに漂う同人誌。",
			"甘えてゴロゴロしたり、しっぽをふりふりする猫耳少女の日常を描いている…",
			"読んだ人は、喋るにゃん嫁を飼うべきか本気で悩み始めるらしい。"
		],
        "ability": [
            "読むと性欲が上がる！"
		]	
    },	
    "199": {
        "name": [
            "\\str[120]のフリーパス"
        ],
        "subtitle": [
            "「上にはたくさんの書き直しの跡がある…」"
        ],
        "description": [
            "とても頑張った\\str[121]を褒めるために、\\str[120]が特製したご褒美券",
            "どんな無茶なお願いでも、好きなだけ\\str[120]に甘えて言うことができる",
            "でも、これがなくても、\\str[120]は\\str[121]の重荷を背負いたいと思っている"
        ],
        "ability": ""
    },
    "200": {
        "name": [
            "茶会のポラロイド#1"
        ],
        "subtitle": [
            "「何してるの、そんなにじっとこっちを見て…！」"
        ],
        "description": [
            "茶会の少女たちの日常を記録した写真。でも…",
            "一体、誰がこれらの写真を撮ったのだろう？"
        ],
        "ability": ""
    },
    "201": {
        "name": [
            "茶会のポラロイド#2"
        ],
        "subtitle": [
            "「これがウサギの愛の示し方だよ〜」"
        ],
        "description": [
            "茶会の少女たちの日常を記録した写真。でも…",
            "一体、誰がこれらの写真を撮ったのだろう？"
        ],
        "ability": ""
    },
    "202": {
        "name": [
            "茶会のポラロイド#3"
        ],
        "subtitle": [
            "「……もうちゃんと拭いたよね？」"
        ],
        "description": [
            "茶会の少女たちの日常を記録した写真。でも…",
            "一体、誰がこれらの写真を撮ったのだろう？"
        ],
        "ability": ""
    },
    "203": {
        "name": [
            "茶会のポラロイド#4"
        ],
        "subtitle": [
            "「だ、ダメだ…薬の効果が強すぎる…！」"
        ],
        "description": [
            "茶会の少女たちの日常を記録した写真。でも…",
            "一体、誰がこれらの写真を撮ったのだろう？"
        ],
        "ability": ""
    },
    "204": {
        "name": [
            "茶会のポラロイド#5"
        ],
        "subtitle": [
            "「ああ、神よ、お金に誘惑された私をお許しください…」"
        ],
        "description": [
            "茶会の少女たちの日常を記録した写真。でも…",
            "一体、誰がこれらの写真を撮ったのだろう？"
        ],
        "ability": ""
    },
    "205": {
        "name": [
            "茶会のポラロイド#6"
        ],
        "subtitle": [
            "「ワンワン…もう十分だよね、ワン……」"
        ],
        "description": [
            "茶会の少女たちの日常を記録した写真。でも…",
            "一体、誰がこれらの写真を撮ったのだろう？"
        ],
        "ability": ""
    },
    "206": {
        "name": [
            "茶会のポラロイド#7"
        ],
        "subtitle": [
            "「えへへ♥ 何も見てないよね？」"
        ],
        "description": [
            "茶会の少女たちの日常を記録した写真。でも…",
            "一体、誰がこれらの写真を撮ったのだろう？"
        ],
        "ability": ""
    },
    "207": {
        "name": [
            "茶会のポラロイド#8"
        ],
        "subtitle": [
            "「もう、本当にこのポーズでいいの？」"
        ],
        "description": [
            "茶会の少女たちの日常を記録した写真。でも…",
            "一体、誰がこれらの写真を撮ったのだろう？"
        ],
        "ability": ""
    },
    "208": {
        "name": [
            "茶会のポラロイド#9"
        ],
        "subtitle": [
            "「なんだよ？笑って見てるみたいな顔して…」"
        ],
        "description": [
            "茶会の少女たちの日常を記録した写真。でも…",
            "一体、誰がこれらの写真を撮ったのだろう？"
        ],
        "ability": ""
    },
    "209": {
        "name": [
            "茶会のポラロイド#10"
        ],
        "subtitle": [
            "「もう…これ以上歌う力がないよ…！」"
        ],
        "description": [
            "茶会の少女たちの日常を記録した写真。でも…",
            "一体、誰がこれらの写真を撮ったのだろう？"
        ],
        "ability": ""
    },
    "210": {
        "name": [
            "茶会のポラロイド#11"
        ],
        "subtitle": [
            "「それがあなたの新年の願い事なの？」"
        ],
        "description": [
            "茶会の少女たちの日常を記録した写真。でも…",
            "一体、誰がこれらの写真を撮ったのだろう？"
        ],
        "ability": ""
    },
    "211": {
        "name": [
            "茶会のポラロイド#12"
        ],
        "subtitle": [
            "「ああ、紅茶も甘くなってきたわね！」"
        ],
        "description": [
            "茶会の少女たちの日常を記録した写真。でも…",
            "一体、誰がこれらの写真を撮ったのだろう？"
        ],
        "ability": ""
    },
    "212": {
        "name": [
            "茶会のポラロイド#13"
        ],
        "subtitle": [
            "「バイトだから仕方ないね…」"
        ],
        "description": [
            "茶会の少女たちの日常を記録した写真。でも…",
            "一体、誰がこれらの写真を撮ったのだろう？"
        ],
        "ability": ""
    },
    "213": {
        "name": [
            "茶会のポラロイド#14"
        ],
        "subtitle": [
            "「あら、ノックもしないで入ってくるなんて〜」"
        ],
        "description": [
            "茶会の少女たちの日常を記録した写真。でも…",
            "一体、誰がこれらの写真を撮ったのだろう？"
        ],
        "ability": ""
    },
    "214": {
        "name": [
            "茶会のポラロイド#15"
        ],
        "subtitle": [
            "「…そんな懺悔の仕方、聞いたことないよね…」"
        ],
        "description": [
            "茶会の少女たちの日常を記録した写真。でも…",
            "一体、誰がこれらの写真を撮ったのだろう？"
        ],
        "ability": ""
    },
    "215": {
        "name": [
            "茶会のポラロイド#16"
        ],
        "subtitle": [
            "「はぁ…はぁ…体がもう…！」"
        ],
        "description": [
            "茶会の少女たちの日常を記録した写真。でも…",
            "一体、誰がこれらの写真を撮ったのだろう？"
        ],
        "ability": ""
    },
    "216": {
        "name": [
            "茶会のポラロイド#17"
        ],
        "subtitle": [
            "「ああ、神よ…どうか私をお許しください…」"
        ],
        "description": [
            "茶会の少女たちの日常を記録した写真。でも…",
            "一体、誰がこれらの写真を撮ったのだろう？"
        ],
        "ability": ""
    },
    "217": {
        "name": [
            "茶会のポラロイド#18"
        ],
        "subtitle": [
            "「ワンワン…もう十分だよねワンワン…」"
        ],
        "description": [
            "茶会の少女たちの日常を記録した写真。でも…",
            "一体、誰がこれらの写真を撮ったのだろう？"
        ],
        "ability": ""
    },
    "218": {
        "name": [
            "茶会のポラロイド#19"
        ],
        "subtitle": [
            "「……にゃ？」"
        ],
        "description": [
            "茶会の少女たちの日常を記録した写真。でも…",
            "一体、誰がこれらの写真を撮ったのだろう？"
        ],
        "ability": ""
    },
    "219": {
        "name": [
            "茶会のポラロイド#20"
        ],
        "subtitle": [
            "「…はぁ？まだ拭き取れてないの？」"
        ],
        "description": [
            "茶会の少女たちの日常を記録した写真。でも…",
            "一体、誰がこれらの写真を撮ったのだろう？"
        ],
        "ability": ""
    },
    "220": {
        "name": [
            "茶会のポラロイド#21"
        ],
        "subtitle": [
            "「はぁ…11曲目か……もう十分でしょ？」"
        ],
        "description": [
            "茶会の少女たちの日常を記録した写真。でも…",
            "一体、誰がこれらの写真を撮ったのだろう？"
        ],
        "ability": ""
    },
    "221": {
        "name": [
            "茶会のポラロイド#22"
        ],
        "subtitle": [
            "「なんだか視線がどんどん熱くなってる気がする…」"
        ],
        "description": [
            "茶会の少女たちの日常を記録した写真。でも…",
            "一体、誰がこれらの写真を撮ったのだろう？"
        ],
        "ability": ""
    },
    "222": {
        "name": [
            "茶会のポラロイド#23"
        ],
        "subtitle": [
            "「新年の願いが初日で叶ったね、嬉しいでしょ！？」"
        ],
        "description": [
            "茶会の少女たちの日常を記録した写真。でも…",
            "一体、誰がこれらの写真を撮ったのだろう？"
        ],
        "ability": ""
    },
    "223": {
        "name": [
            "茶会のポラロイド#24"
        ],
        "subtitle": [
            "「ウサギの愛を感じたかな〜♥」"
        ],
        "description": [
            "茶会の少女たちの日常を記録した写真。でも…",
            "一体、誰がこれらの写真を撮ったのだろう？"
        ],
        "ability": ""
    },
    "224": {
        "name": [
            "茶会のポラロイド#25"
        ],
        "subtitle": [
            "「変なウサギが捨てられてる…」"
        ],
        "description": [
            "茶会の少女たちの日常を記録した写真。でも…",
            "一体、誰がこれらの写真を撮ったのだろう？"
        ],
        "ability": ""
    },
    "225": {
        "name": [
            "茶会のポラロイド#26"
        ],
        "subtitle": [
            "「危うくバレるところだった…」"
        ],
        "description": [
            "茶会の少女たちの日常を記録した写真。でも…",
            "一体、誰がこれらの写真を撮ったのだろう？"
        ],
        "ability": ""
    },
    "226": {
        "name": [
            "茶会のポラロイド#27"
        ],
        "subtitle": [
            "「ノックもせずに入ってきて…何がしたいのかな〜♥」"
        ],
        "description": [
            "茶会の少女たちの日常を記録した写真。でも…",
            "一体、誰がこれらの写真を撮ったのだろう？"
        ],
        "ability": ""
    },
    "227": {
        "name": [
            "茶会のポラロイド#28"
        ],
        "subtitle": [
            "「おかしいな…締まらない…」"
        ],
        "description": [
            "茶会の少女たちの日常を記録した写真。でも…",
            "一体、誰がこれらの写真を撮ったのだろう？"
        ],
        "ability": ""
    },
    "228": {
        "name": [
            "茶会のポラロイド#29"
        ],
        "subtitle": [
            "「……こっちを見てる人はいないよね？」"
        ],
        "description": [
            "茶会の少女たちの日常を記録した写真。でも…",
            "一体、誰がこれらの写真を撮ったのだろう？"
        ],
        "ability": ""
    },
    "229": {
        "name": [
            "茶会のポラロイド#30"
        ],
        "subtitle": [
            "「えへへ♥ 何も起きてないよ？」"
        ],
        "description": [
            "茶会の少女たちの日常を記録した写真。でも…",
            "一体、誰がこれらの写真を撮ったのだろう？"
        ],
        "ability": ""
    },
    "230": {
        "name": [
            "茶会のポラロイド#31"
        ],
        "subtitle": [
            "「んん…紅茶がもっと甘くなってきた……！」"
        ],
        "description": [
            "茶会の少女たちの日常を記録した写真。でも…",
            "一体、誰がこれらの写真を撮ったのだろう？"
        ],
        "ability": ""
    },
    "231": {
        "name": [
            "茶会のポラロイド#32"
        ],
        "subtitle": [
            "「バイトだから仕方ないけど、今回だけだからね？」"
        ],
        "description": [
            "茶会の少女たちの日常を記録した写真。でも…",
            "一体、誰がこれらの写真を撮ったのだろう？"
        ],
        "ability": ""
    },
    "232": {
        "name": [
            "茶会のポラロイド#33"
        ],
        "subtitle": [
            "「お、お客様、商品には触らないでくださいね！」"
        ],
        "description": [
            "茶会の少女たちの日常を記録した写真。でも…",
            "一体、誰がこれらの写真を撮ったのだろう？"
        ],
        "ability": ""
    },
    "233": {
        "name": [
            "茶会のポラロイド#34"
        ],
        "subtitle": [
            "「もぐもぐ…まあまあかな…」"
        ],
        "description": [
            "茶会の少女たちの日常を記録した写真。でも…",
            "一体、誰がこれらの写真を撮ったのだろう？"
        ],
        "ability": ""
    },
    "234": {
        "name": [
            "茶会のポラロイド#35"
        ],
        "subtitle": [
            "「ご主人様？こんな時にからかわないでくださいよ…」"
        ],
        "description": [
            "茶会の少女たちの日常を記録した写真。でも…",
            "一体、誰がこれらの写真を撮ったのだろう？"
        ],
        "ability": ""
    },
    "235": {
        "name": [
            "ポラロイドコレクション"
        ],
        "subtitle": [
            "「ぷにぷに可愛い女の子たち♥ ぜんぶ抱きしめたくなっちゃう〜！」"
        ],
        "description": [
            "キュートな少女たちの写真を集めるために作られた特製アルバム。",
            "開くとふわっと紅茶の香りがただようよ…"
        ],
        "ability": [
		    "ポラロイド収集数：\\c[6]${QJ.MPMZ.tl.checkPolaroidCount()}\\c[0]/35"
		]
    },
    "236": {
        "name": [
            "ポラロイドコレクション"
        ],
        "subtitle": [
            "「ぷにぷに可愛い女の子たち♥ ぜんぶ抱きしめたくなっちゃう〜！」"
        ],
        "description": [
            "キュートな少女たちの写真を集めるために作られた特製アルバム。",
            "開くとふわっと紅茶の香りがただようよ…"
        ],
        "ability": [
		    "コンプリート達成！ラッキー永久アップ！"
		]
    },
    "311": {
        "name": [
            "青輝石"
        ],
        "subtitle": "",
        "description": [
            "魅惑的な輝きを放つ青い宝石。実用的な価値はほとんどないが",
            "どこかの誰かが高額で買い取ってくれるかもしれない……",
            "あるいは、別の目的があるのだろうか？"
        ],
        "ability": ""
    },
    "312": {
        "name": [
            "魔力の小凝縮ジェル"
        ],
        "subtitle": "",
        "description": [
            "純粋な魔力が凝縮してできたゼリー状の物質",
            "食用可能だが、魔法の素養によって感じる味が大きく異なるらしい",
            "最も一般的な用途は、魔法構築の消耗品として使用されること"
        ],
        "ability": ""
    }
}