{
  "autoUpdateReminder": {
        "0": [
            "アップデートは翌朝起床時に自動で開始されます。",
			"その間はネットワーク接続が安定していることをご確認ください！",
			"\\w[120]"
		],
		"1": [
            "更新履歴を確認できません！",
			"ネットワーク接続に失敗した可能性があります！",
			"\\w[120]"
        ]		
    },
  "maidBunnyBoss": {
        "0": [
            "前には本当に何もないんだウサ！",
			"だからわざわざ見に行かなくていいウサ！"
		],
		"1": [
            "ここには何もないウサ、絶対近づいちゃダメ！",
			"どうせここには絶対に何も隠してないウサ！"
        ]		
    },		
  "imoutoAhoge": {
        "0": [
            "うっかり\\str[120]のアホ毛を折ってしまった。"
		],
		"1": [
            "\\str[120]は気づいてないみたいだし、すぐにまた生えてきた。",
			"……まさか再生可能資源なのか？"
        ],
        "2": [
            "\\nl< >「……どうしたの\\str[121]？",
			"すごく真剣な顔してるけど。」"
        ],
        "3": [
            "ややこしそうだから、",
			"もうあんまり深く考えない方がいいな。"
        ],
        "4": [
            "もう触らない方がいいな……"
        ],	
        "5": [
            "\\nl< >「……頭がちょっとかゆいんだけど、   \\w[30]",
			"\\str[121]、何かしたの？」"
        ],
        "6": [
            "「な、何もしてないよ？」"
        ]		
    },
  "cookingSystem": {
        "0": [
            "\\ii[\\v[\\v[85]]]の準備はできた、さて何を作ろう？"
		],
		"1": [
            "他のにする",
			"これを外す"
        ],
        "2": [
            "まだ食材を選んでる！！"
        ]	
    },	
  "inventoryExpansion": {
        "0": [
            "\\ii[312] を使って",
			"バッグの容量を拡張できるみたいだけど…"
		],	  
        "1": [
            "武器スロットを拡張",
			"装備スロットを拡張",
			"やめよう…"
		],
        "2": [
            "\\ii[312]の数が",
			"足りないみたい…"
		]	
    },
  "loadingEasterEgg": {
        "0": [
            "\\nl< >「ハンバーグは最高の食べ物。」  \\w[180] \\^"
		],	  
        "1": [
            "\\nl< >「\\str[121]は\\str[120]に山のようなお肉を絶対持ってきて",
			"くれるんだから……」   \\w[360] \\^"
		],
        "2": [
            "\\str[120]が何か話しているみたいだ……"
		],
        "3": [
            "\\nl< >「でもピーマンは敵だ。       \\w[120]",
			"全部\\str[121]が食べてくれる…       \\w[120]",
			"緑の敵をやっつけてね〜！」          \\w[120]\\^"
		],	  
        "4": [
            "\\nl< >「あ、起きた…   \\w[60]",
			"\\str[121]、よく眠れた？」"
		],
        "5": [
            "「いや…っていうか、さっきから",
			"なんか変なことばっかり聞こえてるような……」"
		],	
        "6": [
            "\\nl< >「えへへ、   \\w[60]",
			"さっきのは\\str[121]への安眠サービスだよ！」"
		],	
        "7": [
            "\\nl< >「\\str[120]とってもかわいいよ……        \\w[120]",
			"\\str[120]は俺が世界一大好きな女の子だよ……    \\w[210]",
			"\\str[120]は俺の――                        \\w[150]\\^"
		],	
        "8": [
            "\\str[120]が何か話しているみたいだ……"
		],	
        "9": [
            "\\nl< >「あっ、\\str[121]！おはよう————！」"
		],
        "10": [
            "\\nl< >「あの……さっき言ったこと全部聞こえた？」"
		],
        "11": [
            "\\nl< >「\\str[121]さっきの寝相が面白かったよ〜」"
		],
        "12": [
            "\\nl< >「珍しくうとうとしてるね~」"
		]		
    },
  "rubberDuck": {
        "0": [
            "ぽつんとしたゴムのアヒルが",
			"水面に浮かんでいる……"
		],	  
        "1": [
            "拾い上げる",
			"放っておく"
		],
        "2": [
            "誰かに捨てられたのかな…",
			"ちょっと可哀想だな…"
		],	
        "3": [
            "そういえば、俺もさっき上から",
			"流されてきたばかりだし…"
		],	
        "4": [
            "こんなものを持って帰ったら…",
			"\\str[120]は喜ぶかな？"
		],
        "5": [
            "ちょっと汚れてるみたいだし、",
			"やっぱり放っておこう……"
		]
    },
  "drowning": {
        "0": [
            "うわぁぁ…危なかった……",
			"川辺からうっかり落ちて、もう少しで溺れるところだった——"
		]
    },
  "erohon": {
        "0": [
            "（周りにはまだ人やモンスターがいるし…",
			"こんな本は出さない方がいいかな…）"
		]
    },
  "ninja": {
        "0": [
            "こんな場所に人工の隠し部屋…",
			"誰が作ったの…？"
		],
        "1": [
            "えっ……！？",
			"女の子が倒れてる……"
		],
        "2": [
            "そういえば、さっきから変な音が…",
			"お腹の音だったのか…"
		],	
        "3": [
            "うぅ……",
			"お腹すいた……"
		],	
        "4": [
            "…………",
			"意識もうろうとしてる…？"
		],	
        "5": [
            "ちょうど焚き火もあるし、",
			"何か作ってあげよう！"		
		],
        "6": [
            "\\ii[\\v[90]] を使って、  ",
			"簡単な料理を作る？"
		],	
        "7": [
            "やろう！",
			"やめろ"
		],	
        "8": [
            "うーん…食材を",
			"変えた方がいいかも…"
		],	
        "9": [
            "ほら、あったかいご飯だよ？",
			"食べられそう？"
		],	
        "10": [
            "くんくん……",
			"いい匂い……"
		],		
        "11": [
            "ご飯の匂い！！"
		],		
        "12": [
            "\\{いただきまーす！！"
		],		
        "13": [
            "お、おい……",
			"それ俺が作ったんだけど…"
		],		
        "14": [
            "（一瞬で完食か……",
			"本当にお腹すいてたんだな…）"
		],		
        "15": [
            "もぐもぐ……助かったよ〜！",
			"何日も食べてなくて……もぐもぐ……"
		],			
        "16": [
            "このまま地縛霊になるかと思った…",
			"ぐるるる…"
		],		
        "17": [
            "まぁ落ち着いて食べて……で、",
			"なんでこんなとこに一人で？"
		],		
        "18": [
            "あっ、そうそう！",
			"ちゃんと任務中だったの！"
		],		
        "19": [
            "この辺に宝があるって聞いて、",
			"隠し部屋を掘ったんだよ！"
		],		
        "20": [
            "でもね…もぐもぐ、",
			"出入口が墓石で塞がれちゃって！"
		],		
        "21": [
            "うぅ、予想外だったし、",
			"非常食もすぐ尽きて……"
		],	
        "22": [
            "忍者なのにこんなミスするなんて……",
			"組織に顔向けできないよ…"
		],	
        "23": [
            "は、はあ？なんでわざわざ",
			"隠し部屋を掘ったんだよ……"
		],	
        "24": [
            "だって宝物は常にあるわけじゃないし、",
			"長期戦になるかもって思って…もぐもぐ。"
		],	
        "25": [
            "しかもこの情報は極秘なんだよ、",
			"あのお方から託された極秘任務なんだから！"
		],	
        "26": [
            "他の人に、知られたら……",
			"どうなるか……"
		],	
        "27": [
            "もちろん、静かに始末するしか……",
			"じゃないと忍者失格だし…もぐもぐ。"
		],	
        "28": [
            "……はっ！",
			"情報漏らしちゃった！"
		],	
        "29": [
            "あの…俺、絶対口外しません……",
			"だから……"
		],		
        "30": [
            "……え！？"
		],		
        "31": [
            "またこんな初歩的なミスを……",
			"うぅぅ……たとえ命の恩人でも……"
		],		
        "32": [
            "ま、待って！",
			"そんな理由で……！"
		],		
        "33": [
            "忍者ってのはそういうもの……",
			"戦わなきゃ生き残れない……"
		],		
        "34": [
            "できるなら手を出したくないよ、",
			"まだご飯のお礼もしてないのに…"
		],	
        "35": [
            "そ、そうだ————",
			"\\^"
		],	
        "36": [
            "答えは一つ——！",
			"あなたも忍者になって！"
		],	
        "37": [
            "あなたも組織に入れば、",
			"もう戦う必要はないよ！"
		],	
        "38": [
            "ま、待って！",
			"それって断れないじゃん！？"
		],	
        "39": [
            "大丈夫、",
			"優しくするから……"
		],
        "40": [
            "……ひぃ！？",
			"こっち来ないで！！"
		],
        "41": [
            "ほんとに忍者の才能あるよ……！",
			"こんな短時間で体が覚えちゃってる！"
		],
        "42": [
            "これであなたも、",
			"私たちの仲間だね！"
		],
        "43": [
            "でもあのお方に会わせるのは、",
			"私の任務が終わってからね！"
		],
        "44": [
            "もう……",
			"なんでもいい……"
		]		
    }	
}
