{
  "possibleDrops": [
		    "ドロップアイテム"  
    ],	
  "7": {
		"objectName": [
		    "篝火"
		],	  
		"sentouryoku": [
		    "???"
		],	  
        "description": [
            ""
		],
		"1": [
            "篝火を見つけたけど、",
			"どうする？"
        ],
        "2": [
            "ちょっと休もう",
            "何もしない"
        ]
    },
  "8": {
		"objectName": [
		    "A↗SA↘BA↗"
		],	  
		"sentouryoku": [
		    "2333"
		],	  
        "description": [
            "いちごが大好きな不思議な生き物",
			"硬い皮膚と分厚い肉体を持ち、非常に高い防御力を誇るが",
			"いちごに夢中で攻撃欲はあまり強くない。そのため、",
			"通りかかる冒険者たちにしばしば餌を与えられている…"
			
		],
		"1": [
            "ASABAが期待に満ちた目でこちらを見ている——",
			"俺の体から何か匂ったのか……？"
        ],
        "2": [
            "ASABAが興味深そうにこちらを見ている——",
			"俺の体から何か匂ったのか……？"
        ],
        "3": [
            "ASABAが明らかに嫌そうな顔をしている——",
			"やっぱり気に入らなかったのか……"
        ],
        "4": [
            "ASABAに餌をあげてみる？"
        ],
        "5": [
            "あげる！",
			"やめとく"
        ],
        "6": [
            "ASABAは無表情で食べ終えた——",
			"あまり好みじゃなかったのか……"
        ],
        "7": [
            "ASABAはいちごに大満足——",
			"ASABAから謎の加護を受けた！"
        ],
        "8": [
            "ASABAが明らかに嫌そうな顔をしている——",
			"まずかったのか…さっきのやつ……"
        ],
        "9": [
            "……………………？！！  \\w[45]",
			"ASABA、壊れた……！！"
        ],
        "10": [
            "ASABAはもうお腹いっぱいだ—"
        ],
        "11": [
		    "………………!",
            "ASABAに恨まれちゃった……"
        ]
    },	  
  "24": {
		"objectName": [
		    "\\c[114]メイドバニー"
		],	  
		"sentouryoku": [
		    "?77"
		],	  
        "description": [
            "いつもメイド服を着ており、ウサギ耳の未知の少女。",
			"空間移動ができ、様々な奇妙な穴口から現れることができる。",
			"時々冒険者を困らせるが、基本的に無害。"

		],
		"1": [
            "…………ウサ？",
			"なんでそんなにブサイクなんだぴょん？"
        ],
        "2": [
            "ウサ……",
            "にんじんの匂いがするぴょん…"
        ]	
    },	  
  "32": {
		"objectName": [
		    "謎のガチャガチャ"
		],	  
		"sentouryoku": [
		    "9"
		],	  
        "description": [
            "タロットの召喚に応じて現れた、まんまるのガチャマシン。",
			"冒険者が与えたものを貪るように飲み込んでいく。",
			"満足するとご機嫌に回転し、",
			"最後にご褒美入りのカプセルを吐き出す。",
			"しかし、与えすぎには要注意。機械とはいえ、",
			"どうやら食べ過ぎると調子を崩すこともあるらしい…"

		],
		"1": [
            "まだ川の中だ！"
        ],
        "2": [
            "変なガチャマシンを見つけた…",
            "てゆーか、顔が\\str[120]に似てるかも…"
        ],
        "3": [
            "お金を入れてみる",
            "お菓子をあげてみる"
        ],
        "4": [
            "お金が足りない…"
        ],
        "5": [
            "\\ii[\\v[90]]",
			"をあげる？"
        ],
        "6": [
		    "はい",
            "いいえ"
        ]	
    },	  
  "41": {
		"objectName": [
		    "\\c[114]逆流茶会デリバリー！"
		],	  
		"sentouryoku": [
		    "?999"
		],	  
        "description": [
            "二匹の猫娘が独立運営している移動式ショップ。",
			"冒険者の呼びかけに応じて、いつも勢いよく現れる。",
			"商品は基本的にアビスで拾った日用品ばかりで、",
			"油断すると法外な値段でぼったくられることも……。",
			"だが、だからといって甘く見ると、逆に痛い目を見ることに。",
			"P.S.：\\c[2]メイドバニーと客を奪い合った結果、",
			"\\c[2]うさぎグループからは完全に出禁を食らっている。"
		],
		"1": [
		    "やっほ～！いらっしゃいニャ♪",
			"ごゆっくりどうぞ、気になるものがあればいつでも聞いてニャ！"
		]		
    },	  
  "43": {
		"objectName": [
		    "歩き茸"
		],	  
		"sentouryoku": [
		    "120"
		],	  
        "description": [
            "常にジャングルに現れる特異な魔物で、",
			"通常のキノコより大きく、足で自由に動きます。",
			"攻撃的ですが、非常に美味しく、",
			"冒険者や料理人に狙われています。"
		]	
    },	  
  "51": {
		"objectName": [
		    "\\c[116]初級オーク"
		],	  
		"sentouryoku": [
		    "320"
		],	  
        "description": [
            "まだ成長段階にあるオークで、体格は人間とほぼ同じだが",
			"依然として凶暴で強力な戦闘能力を持っている。"
		]	
    },	 	  
  "53": {
		"objectName": [
		    "ゾンビ"
		],	  
		"sentouryoku": [
		    "210"
		],	  
        "description": [
            "動くことができる死体。",
			"ネクロマンサーの影響で行動力を得ており",
			"生き物に敏感に反応し、貪欲に生命力を吸い取る。"
		]	
    },	  
  "65": {
		"objectName": [
		    "\\c[116]怪鳥"
		],	  
		"sentouryoku": [
		    "260"
		],	  
        "description": [
            "体型が巨大な鳥。",
			"その大きな体で冒険者に突進してくる。",
			"また、音波攻撃にも注意が必要だ。"
		]	
    },	  
  "66": {
		"objectName": [
		    "\\c[114]茶トラネコスライム"
		],	  
		"sentouryoku": [
		    "?10"
		],	  
        "description": [
            "可愛らしい子猫を誤って飲み込んでしまったため、",
			"変異して可愛くなってしまったネコスライム。",
			"本来の攻撃性を失っているが、",
			"脅かされると猫のように毛を逆立てる…"
		],
        "1": [
            "猫スライムは",
			"俺が好きみたい…"
		]		
    },	  
  "67": {
		"objectName": [
		    "\\c[114]縞三毛ネコスライム"
		],	  
		"sentouryoku": [
		    "?10"
		],	  
        "description": [
            "可愛らしい子猫を誤って飲み込んでしまったため、",
			"変異して可愛くなってしまったネコスライム。",
			"本来の攻撃性を失っているが、",
			"脅かされると猫のように毛を逆立てる…"
		],
        "1": [
            "猫スライムは",
			"俺が好きみたい…"
		]	
    },	  
  "68": {
		"objectName": [
		    "\\c[114]白キジネコスライム"
		],	  
		"sentouryoku": [
		    "?10"
		],	  
        "description": [
            "可愛らしい子猫を誤って飲み込んでしまったため、",
			"変異して可愛くなってしまったネコスライム。",
			"本来の攻撃性を失っているが、",
			"脅かされると猫のように毛を逆立てる…"
		],
        "1": [
            "猫スライムは",
			"俺が好きみたい…"
		]	
    },	  
  "69": {
		"objectName": [
		    "\\c[114]シャムネコスライム"
		],	  
		"sentouryoku": [
		    "?10"
		],	  
        "description": [
            "可愛らしい子猫を誤って飲み込んでしまったため、",
			"変異して可愛くなってしまったネコスライム。",
			"本来の攻撃性を失っているが、",
			"脅かされると猫のように毛を逆立てる…"
		],
        "1": [
            "猫スライムは",
			"俺が好きみたい…"
		]	
    },	  
  "70": {
		"objectName": [
		    "バナナ妖精"
		],	  
		"sentouryoku": [
		    "?10"
		],	  
        "description": [
            "バナナのような姿をした……生物？",
			"アビスの気配に影響されて誕生した妖精のようだが、",
			"冒険者に対しては特に危害を加えない。",
			"ただ、攻撃を試みた者が反撃されて",
			"吹き飛ばされたという噂もある…"
		]	
    },	  
  "71": {
		"objectName": [
		    "アップル妖精"
		],	  
		"sentouryoku": [
		    "?10"
		],	  
        "description": [
            "アップルのような姿をした……生物？",
			"アビスの気配に影響されて誕生した妖精のようだが、",
			"冒険者に対しては特に危害を加えない。",
			"ただ、攻撃を試みた者が反撃されて",
			"吹き飛ばされたという噂もある…"
		]	
    },		  
  "72": {
		"objectName": [
		    "\\c[115]堕落魔術師の断手"
		],	  
		"sentouryoku": [
		    "480"
		],	  
        "description": [
            "死んだ魔術師の切断された腕。",
			"元の持ち主がどんな末路を辿ったのかはもはや知る術もないが、",
			"死霊術に憑かれたこの腕は今もなお活発に動き回り、",
			"冒険者たちはしばしば、それがとても下品な手振りで攻撃を",
			"仕掛けるのを目撃するという。"
		]	
    },	  
  "73": {
		"objectName": [
		    "水怪"
		],	  
		"sentouryoku": [
		    "180"
		],	  
        "description": [
            "水で構成された錬金術の元素生命体で、元素魔法を操る。",
			"物理攻撃にも高い耐性を持つが、",
			"水のない環境では行動できない。"
		]	
    },	  
  "77": {
		"objectName": [
		    "\\c[115]デビルネコ"
		],	  
		"sentouryoku": [
		    "300"
		],	  
        "description": [
            "悪魔の力に取り憑かれた野良猫。",
			"飛行能力を得たと同時に、邪悪な力も手に入れた。",
			"しかし所詮はただの猫であり、",
			"脅威と言ってもせいぜい魔法弾を吐き出す程度である。"
		]	
    },	  
  "78": {
		"objectName": [
		    "\\c[115]怨念の霊"
		],	  
		"sentouryoku": [
		    "400"
		],	  
        "description": [
            "死者の執念が死霊術によって生まれた魔法生物。",
			"常に墓穴をさまよっている、物理攻撃に対して非常に",
			"高い耐性を持ち。",
			"致命的な鬼火を吐き出すことができる。"
		]	
    },	  
  "87": {
		"objectName": [
		    "草食スライム"
		],	  
		"sentouryoku": [
		    "60"
		],	  
        "description": [
            "アビスの郊外でよく見かける、ごく普通のモンスター。",
			"植物を飲み込む習性から、その体は緑色に変化した。",
			"無闇に近づくとストレスを感じ、腐食性の粘液を",
			"勢いよく噴射してくるため、注意が必要。"
		]	
    },	  
  "88": {
		"objectName": [
		    "ジャック・スライム"
		],	  
		"sentouryoku": [
		    "999"
		],	  
        "description": [
            "ジャックボムを誤って飲み込んでしまったスライム。",
			"すぐには爆発しないものの、その状態は非常に不安定である。",
			"刺激を受けると興奮しやすくなり、自爆してしまう。"
		]	
    },	  
  "89": {
		"objectName": [
		    "\\c[116]悪霊スライム"
		],	  
		"sentouryoku": [
		    "340"
		],	  
        "description": [
            "墓地の影響を受けて変異したスライム。",
			"ゾンビのように冒険者を積極的に襲い、その攻撃は凶暴さを増している。",
			"さらに、まとわりつく死の瘴気が攻撃を通じて冒険者に感染し、",
			"油断すると即死を招く危険がある。"
		]	
    },	  
  "90": {
		"objectName": [
		    "\\c[116]急凍スライム"
		],	  
		"sentouryoku": [
		    "400"
		],	  
        "description": [
            "どこからか魔力を吸収し、変異を遂げたスライム。",
			"水域でのみ活動し、魔力を利用して自らに厚い氷の甲殻を纏っている。",
			"大量の水を取り込み、急速に冷却して噴射することで、",
			"冒険者を翻弄する厄介な存在。"
		]	
    },	  
  "91": {
		"objectName": [
		    "\\c[116]ビリビリスライム"
		],	  
		"sentouryoku": [
		    "280"
		],	  
        "description": [
            "全身から電流を放ち、キラキラと輝くように変異したスライム。",
			"スライム自身も何を食べたことでこの変異が起きたのかは不明。",
			"しかし、電流を無差別に放出しているため、",
			"通常の手段では近づくことが困難な危険な存在。"
		]	
    },	  
  "92": {
		"objectName": [
		    "鉱石スライム"
		],	  
		"sentouryoku": [
		    "350"
		],	  
        "description": [
            "魔力を含む大量の結晶を取り込んだことで硬化したスライム。",
			"体には硬い鉱石が生え、",
			"その鉱石を操り鋭い武器に変えることができる。",
			"硬くなったとはいえ、所詮はスライムである。",
			"さらに、倒すと手に入る鉱石は高価で取引されるらしい…。"
		]	
    },	  
  "101": {
		"objectName": [
		    "\\c[116]赤い幼獣"
		],	  
		"sentouryoku": [
		    "380"
		],	  
        "description": [
            "卵から生まれた異形の生物。歪んだ成長環境により、",
			"身体の組織が複雑にねじれ合っている。",
			"拥激しい攻撃欲を持ち、血肉を喰らうことで",
			"新たな姿を得ることを渇望している。"
		]	
    },		  
  "102": {
		"objectName": [
		    "ゴミ箱"
		],	  
		"sentouryoku": [
		    "???"
		],	  
        "description": [
            "アビスみたいな危険な場所でも、",
			"勝手に物を捨てるのはよくないね。",
			"でも、捨てた物は翌日には不思議と消えちゃうみたいで、",
			"誰かがこっそり回収してるのかも……。",
			"ただし、可燃性のものは絶対に入れないで。",
			"乱暴に扱うと、大変な反応を起こすかもしれないよ——"
		],
		"1": [
            "ゴミ箱を見つけた…",
			"何をする？"
        ],
        "2": [
            "漁ってみる",
            "武器を捨てる",
			"装備を捨てる"
        ],
        "3": [
            "中にはさっき捨てた物しかない……"
        ],
        "4": [
            "（うぅ…バッグが完全にいっぱいだ……",
			"全部まとめて捨てるしかない……）"
        ],
        "5": [
            "全部捨てる！",
			"やめる…"
        ],
        "6": [
            "……本当にこれらを捨ててもいいですか？",
			"\\str[8]"
        ],
        "7": [
            "\\fr${itemIcon}\\frなど合計${itemLength}個の装備"
        ]	
    },
  "110": {
		"objectName": [
		    "かかし"
		],	  
		"sentouryoku": [
		    "???"
		],	  
        "description": [
            "「私はただのかかし。心がないから、",
			"痛みを感じることもないのです—— 」"
		]
    },	  
  "113": {
		"objectName": [
		    "ホーンラビット"
		],	  
		"sentouryoku": [
		    "50"
		],	  
        "description": [
            "魔力の汚染によって変異した野ウサギで、頭の角がその証。",
			"ただし、まだ成長途中のため、脅威度はそれほど高くない。",
			"ちなみに、肉質は今でもとても美味しい。"
		]	
    },	  
  "115": {
		"objectName": [
		    "\\c[115]バーニングスライム"
		],	  
		"sentouryoku": [
		    "620"
		],	  
        "description": [
            "全身が烈火に包まれたスライム。",
			"近づくだけで灼熱の熱気を感じる。",
			"通常攻撃はほとんど通用せず、冒険者たちは",
			"ただ一つの救いとして、この種のモンスターが",
			"溶岩などの極限環境にしか現れないことを挙げる。"
		]	
    },
  "110": {
		"objectName": [
		    "かかし"
		],	  
		"sentouryoku": [
		    "???"
		],	  
        "description": [
            "「私はただの案山子さ。",
			"心がないから、",
			"痛みも感じないんだ。」"
		]
    },
  "119": {
		"objectName": [
		    "\\c[10]死の悪魔"
		],	  
		"garble": [
		    "true"
		],
		"sentouryoku": [
		    "???"
		],	  
        "description": [
            "これは死の悪魔の力の残影に過ぎない",
			"本物の悪魔など人間には",
			"召喚も耐えることもできない",
			"だが、こんな微かな残響だけでも",
			"その目に映るものすべてを滅ぼすには十分だ"
		]
    },	  
  "97": {
		"objectName": [
		    "\\c[10]アキ"
		],		
		"sentouryoku": [
		    "\\c[10]うふふ、アキのことを知りたいの？雑魚お兄さん♥"
		],	  
        "description": [
            "見た目はただの無害なロリ美少女にしか見えないが、",
			"その正体は何にも縛られない大悪魔。",
			"人間にはとても友好的だけど、観察したり、からかったりして、",
			"顔を赤らめたりドキドキする反応を楽しんでいる。",
			"趣味でお店をやっているものの、商品も値段もすべて気まぐれ。",
			"要するに、大好きなサーモンを人間からできるだけ",
			"手に入れたいだけなのだ。"
		],
        "1": [
            "おや～これはこれは珍しいお客さんだね～",
			"ふふ、ここいいものがあるから、ゆっくり見ててね♥"
        ],
        "2": [
            "やほ～奇遇ですね～また君に会えるなんて～！",
			"運命なのかな？それとも運がいいかなあ？"
        ],
        "3": [
		    "うふふ、まあ～！なにしろ、",
            "運がいいうちは運を奪われないよに気をつけてよね♥"
        ],
        "4": [
            "わたしの店は特別なの、",
			"普通な店じゃ買えないものを売っているよ～"
        ],
        "5": [
		    "うん、大丈夫？顔が赤いよ？\\w[45]ほう～\\w[45]",
            "わたしのかわいいさに見惚れてた？かわいいね～"
        ],
        "6": [
		    "この商品は…",
            "あなたは…"
        ],
        "7": [
		    "あは♥刺・激・的～大・人・向・け～",
            "な商品をお求めですか？"
        ],
        "8": [
		    "もちろん～ありますよ♥",
            "お兄さん…興味はありますか？"
        ],
        "9": [
		    "へえ～わたしのことが知りたい？",
            "そうね～まだ自己紹介してないもんね～"
        ],
        "10": [
		    "えっと、私ね～ 深淵の奥底から",
            "やってきた大悪魔！アキなの～"
        ],
        "11": [
		    "ああ！そんな怖い顔しないでよ～",
            "あは♥今日は君と取引するために来ただけよ～！"
        ],
        "12": [
		    "すんすん…",
			"\\w[90]\\^"
        ],
        "13": [
		    "この匂いで間違いないですの！",
            "それなの！早くちょうだい♥ねえ～！"
        ],
        "14": [
		    "いいでしょう～",
            "私にくれるよね♥"
        ],
        "15": [
		    "(あっ、リュックの中の鮭の匂い",
			"に釣られたのか……)"
        ],
        "16": [
		    "うんうん～！私が欲しいのは！",
            "これなの！お礼をするから♥"
        ],
        "17": [
		    "ねえ、私にちょっとだけでもいいから…",
			"分けてくれない？お願い♥"
        ],
        "18": [
		    "(どうしよう…この子、",
            "サーモンをすごく欲しがってるみたい……)"
        ],
        "19": [
		    "何もあげない"
        ],
        "20": [
		    "へえ～    \\w[45]",
			"アキ様に逆らうつもりなのかなあ？"
        ],
        "21": [
		    "全く仕方ない子ね～悪い子なので~！",
            "お仕置きしますね♥"
        ],
        "22": [
		    "\\>\\c[10]《純情人間を呪い尽くす悪魔の契約式",
			"\\>今日から君の人生ハードモード！》        \\w[90]"
        ],
        "23": [
		    "お前はもう",
			"呪われている——"
        ],
        "24": [
		    "サーモンをいっぱい献上するなんてね♥、お兄さんってば～",
			"もしかして私に気にられたいのかあ～"
        ],
        "25": [
		    "かわいいね♥たまらないね♥",
			"うふふ～！"
        ],
        "26": [
		    "この可愛い子をあなたのそばに置いておいてね～",
			"もし私を探したくなったら、それに伝言を頼めばいいよ～♥"
        ],
        "27": [
		    "この商品を買いたいの？",
			"いいよ～売ってあげる～！"
        ],
        "28": [
		    "あ！でもわたし、お金に興味がないの～",
			"大悪魔であるわたしにとってはなんの価値もないの～"
        ],
        "29": [
		    "君、なかなか筋肉ありそうなので",
			"きっとできるはずね～！"
        ],
        "30": [
		    "…えへへ、この商品が欲しいなら～！",
			"サーモンと交換だよ～！"
        ],
        "31": [
		    "この辺り、水場も多いし、",
			"君ならお魚くらい簡単に捕まえられるでしょ〜？"
        ],
        "32": [
		    "それで終わりだと思ったら、大間違いなんだからね♥～",
			"もっと反省してくれないと絶対に許さないなんだから！"
        ],
        "33": [
		    "それに～この呪も",
			"いつまでも続くよ♥～"
        ],
        "34": [
		    "あは♥そんなの色々と困るし～",
			"お兄さんにとってもいやでしょう♥"
        ],
        "35": [
		    "え～呪を解いてほしいかにゃ？",
			"どうしようかなあ～♥"
        ],
        "36": [
		    "いやと言ったら、どうするのかにゃ～",
			"ああ~そんな顔をしちゃう～だめだよ～"
        ],
        "37": [
		    "もっとお兄さんをいじめてくなるよ♥",
			"解けたくなるなよん♥～あは♥"
        ],
        "38": [
		    "必死すぎなんじゃない？ざこざこのお兄さん♥",
			"もっと謝る誠意を見せなさいよね♥"
        ],
        "39": [
		    "(呪いを解くためには…やっぱり",
			"この悪魔に魚を捧げるべきかもしれない…)"
        ],
        "40": [
		    "うわ～！",
			"お兄さん～ありがとう～♥"
        ],
        "41": [
		    "たくさんのサーモンをくれて♥～ちゅるり♥",
			"ああ～サーモンパラダイス♥"
        ],
        "42": [
		    "はい～！これでもう呪は解けだよん～！",
			"次からも♥よろしくね♥"
        ],
        "43": [
		    "おやおや～お兄さん、ご無沙汰ですね～",
			"ちょうどいいところにきたね～"
        ],
        "44": [
		    "新商品をお一ついかが？",
			"わたしが手作りした水饅頭だよ～"
        ],
        "45": [
		    "効果はなんと！",
			"体が敏感しやすくなちゃうとこなの！"
        ],
        "46": [
		    "人間はもちろんのこと、",
			"魔物にも効く絶好の一品だよ～"
        ],		
        "47": [
		    "どう？サーモン10本でいいんだよ〜？",
			"買う？買わない？はやく～決めてよ♥"
        ],
        "48": [
		    "買う、買った！",
			"やっぱやめとく…"
        ],
        "49": [
		    "ザコお兄さんったら、もう脳みそまでザコ化してるんじゃない〜？",
			"そんなに魚も持ってないなんて、ホント使えない♥"
        ],
        "50": [
		    "金もサーモンない、超よわよわでざこざこのお兄さん～",
			"これだからいつまでも独身で童貞なんだよ～ざこ～"
        ],
        "51": [
		    "気が向いたら、買いに来てね～",
			"期待しないでおくね♥"
        ],
        "52": [
		    "ちえ～つまんないにゃん～",
			"こんな素敵なものを買わないなんて♥"
        ],
        "53": [
		    "まいどありにゃ～これでいっぱい",
			"サーモンが食べられるにゃん～"
        ],
        "54": [
		    "ちえ～つまんないにゃん～",
			"こんな素敵なものを買わないなんて♥"
        ],
        "55": [
		    "最後に注意事項をお伝えするね～",
			"まさかとはないと思うけど♥"
        ],
        "56": [
		    "お兄さんってざこそうだし～念の為にね～",
			"お兄さん、自身で食べるのも可能だよ～"
        ],
        "57": [
		    "効果はもちろん体が敏感になること♥",
			"決して自分に使わないでね～"
        ],
        "58": [
		    "それとも使うのかにゃ～？お兄さんいかにも",
			"ドМのざこだし…まさかのまかさかも？"
        ],
        "59": [
		    "なんてね♥",
			"まだ今度のご来店を待ってね♥"
        ],
        "60": [
		    "残念〜もう売り切れちゃったよ〜？",
			"お兄さんってば、そんなに飢えてたのぉ♥"
        ],
        "61": [
		    "欲しいなら次まで待ってね〜",
			"でもサーモンくれるなら、いつでもいいよ♥"
        ],
        "62": [
		    "あらあら♥まだ欲しいの〜？欲張りだねぇ〜！",
			"こんなに買って、何か変なことに使うつもりじゃないよね〜？"
        ],
        "63": [
		    "ほおお〜っ♥こんな高級なサーモンがあるなんて！",
			"お兄さんったら、こんないいモノあるならもっと早く出してよ〜"
        ],
        "64": [
		    "それくらいなら〜",
			"一本くれたら売ってあげてもいいよ〜♥"
        ]
    },	  
  "98": {
		"objectName": [
		    "キャンディマシン"
		],		
		"sentouryoku": [
		    "???"
		],	  
        "description": [
            "色とりどりの金平糖がぎっしり詰まったキャンディマシン。",
			"中身はすべて店主の手作り金平糖らしい。",
			"特別な素材を使っているのか、不思議な香りがする…",
			"気になって何が入っているのか聞いても、",
			"少女は意味深な笑みを浮かべるだけだった…"
		],
        "1": [
            "カラフルな金平糖がいっぱい入った",
			"キャンディマシンを見つけた——"
        ],
        "2": [
            "ええっと…1回まわすのに…  ",
			"\\w[60]\\^"
        ],
        "3": [
		    "\\>ええっと…1回まわすのに… ",
            "\\c[6]\\v[86]\\c[0]円！？ \\< 高すぎ！！"
        ],
        "4": [
            "\\str[120]ならこういうお菓子、喜ぶかもな…",
			"どうしよう？試してみるか？"
        ],
        "5": [
		    "ええっと…1回まわすのに…\\w[60]\\c[6]\\v[86]\\c[0]円",
            "どうしよう？試してみるか？"
        ],
        "6": [
		    "お金で支払う",
            "鮭で交換する"
        ],
        "7": [
		    "でも…そんなに",
            "お金持ってない……"
        ],
        "8": [
		    "そうそう~♥",
            "その調子でもっとサーモンを捧げてね…"
        ]		
    }	
}