{
  "1": {
        "0": [
            "満漢全席..."
		],
        "1": [
            "お腹ぺこぺこだ..."		
		]		
    },	
  "2": {
        "0": [
            "\\nl< >「\\str[121]！何か食べたいものある！？」"
		],
        "1": [
            "じゃあ、どうしようかな……",
			"せっかく\\str[120]がそんなに張り切ってるんだし、",
			"何を食べようか——"
		],
        "2": [
            "お前が食べたい",
			"お肉料理！",
			"お野菜！",
			"何でもいい"
		],
        "3": [
            "\\nl< >「もう〜、あたしは食べ物じゃないんだからねっ！      \\w[90]",
			"\\str[121]が特に希望ないなら、自分で考えて作っちゃうよ！」"
        ],
        "4": [
            "\\nl< >「えへへ~\\str[121]もついにお肉のおいしさが",
			"わかったんだね！」"
        ],
        "5": [
            "\\nl< >「待ってて、",
			"ドーンと大きなステーキを作ってあげるから！」"
        ],
        "6": [
            "\\nl< >「でも食材が足りないから……",
			"今日は別のものを作るしかないかな。」"
        ],
        "7": [
            "\\nl< >「あまり好きじゃないけど……       \\w[120]",
			"\\str[121]が食べたいって言うなら、がんばって作るね！」"
        ],	
        "8": [
            "\\nl< >「じゃあ\\str[121]はいい子にして、   \\w[120]",
			"テーブルに座ってご飯ができるのを待っててね！」"
        ]	
    },		
  "5": {
        "0": [
            "今日は何を作ろうかな～"			
		]			
    },	
  "10": {
        "0": [
            "せっかく\\str[120]と一緒に朝ごはんだし、頑張らないと！"
		],
		"1": [
            "余った食材で簡単な朝ごはんを作った。"
        ],
        "2": [
            "「おおーっ！？光ってるーっ！すごく美味しそう！」"
        ],
        "3": [
            "料理大成功！    \\w[30]",
			"とっても美味しくて、体力が完全に回復した！"
        ],
        "4": [
            "「今日は調子いいし、美味しそう…」"
        ],
        "5": [
            "静かに朝ごはんを食べ終えて、少し元気が出た気がする。"
        ],
        "6": [
            "「やばっ！    \\w[30]",
			"ちょっと焦げちゃった……"
        ],
        "7": [
            "適当に味が微妙な朝ごはんを食べたけど、",
			"あんまり満足感がないな……"
        ],
        "8": [
            "「ああーーーー    \\w[30]",
			"完全に焦げちゃった！」"
        ],
        "9": [
            "朝ごはんが真っ黒焦げになっちゃって、",
			"一口食べても全然味がしなかった……"
        ],
        "10": [
            "そろそろ出かける時間か…",
			"\\str[120]へのメモも置いたし、これで大丈夫だ。"
        ]
    },	
  "12": {
        "0": [
            "……なんか見覚えがあるものだね。"
		],
		"1": [
            "ええ…肉食べたいなぁ…"
        ],
        "2": [
            "何か美味しいものを入れようかなぁ〜"
        ],
        "3": [
            "魚料理だね！"
        ],
        "4": [
            "お…\\str[121]！？これ、食べられる食材なの？"
        ],
        "5": [
            "辛すぎはダメ！"
        ],
        "6": [
            "野菜……きらい。"
        ],
        "7": [
            "ハンバーグ〜ハンバーグ〜"
        ],
        "8": [
            "これなに？たべられるの？"
        ],
        "9": [
            "甘酸っぱい肉料理を作るの……いいと思わない？"
        ]		
    },	
  "13": {
        "0": [
            "失敗した……  \\w[60]",
			"\\str[120]と一緒に変な料理を無理して食べた…"
		],
		"1": [
            "\\str[120]と一緒に美味しくお肉料理を食べた。"
        ],
        "2": [
            "\\str[120]と一緒に美味しく晩ごはんを食べた。"
        ],
        "3": [
            "でも料理が辛すぎて、\\str[120]はすぐ泣いちゃった…"
        ],
        "4": [
            "しかも料理が辛すぎて、\\str[120]はすぐ泣いちゃった…"
        ]	
    },
  "17": {
        "0": [
            "\\nl< >「\\str[121]……ちゃんと匂いを全部洗い流したよね？",
            "次はもう汚さないでね。」"			
		]			
    },
  "18": {
        "0": [
            "\\nl< >「はい、\\str[121]！    \\w[60]",
            "あ〜ん————」"			
		],
		"1": [
            "…………え？既視感？",
			"このシチュエーション、すごく見覚えが……！"
        ],
		"2": [
            "「自分でや————",
			"\\w[60]\\^"
        ],
		"3": [
            "\\nl< >「まったく、",
			"今の\\str[121]は自由に動けない傷病者なんだよ！」"
        ],
		"4": [
            "「あ、はい。」"
        ],
		"5": [
            "\\str[120]の勢いに押されて、",
			"俺はおとなしく差し出された謎の物体を食べた。"
        ],
		"6": [
            "\\{  「ぶっ！？」"
        ],
		"7": [
            "口の中で馴染みのある衝撃が炸裂して、",
			"もう慣れたのか、今回は気絶せずに済んだ。"
        ],
		"8": [
            "\\nl< >「どう、\\str[121]？味は大丈夫？」"
        ],
		"9": [
            "「味は、ちょっと————」"
        ],
		"10": [
            "胃の奥から突然熱さが込み上げてきた！",
			"疲れが一気に吹き飛んだ！"
        ],
		"11": [
            "「……あれ？意外と悪くない？」"
        ],	
		"12": [
            "\\nl< >「よかった、修行がうまくいったみたいね！」"
        ],	
		"13": [
            "どんな修行したんだよ…",
			"気になったけど結局聞けなかった…"
        ]
    },
  "21": {
        "0": [
            "今は参考にできるレシピがない……",
			"自分で作るしかないか？"		
		],
		"1": [
            "\\str[120]に作らせよう",
			"自分で料理する"
        ],
		"2": [
            "\\nl< >「ごめんね、\\str[121]…      \\w[60]",
			"今はまだ修行中だから、また今度任せてね！」"
        ],
		"3": [
            "……\\str[120]が一生懸命勉強しているみたいだし、",
			"仕方ない、俺がやるしかないな。"
        ],
		"4": [
            "\\nl< >\\{「\\str[121]、",
			"あたしの料理が食べたいの！？」"
        ],
		"5": [
            "\\nl< >「もう、ほんとにしょうがないなぁ〜」"
        ],
		"6": [
            "\\nl< >「でも任せて！やる気満々で作るからね！」"
        ]		
    },
  "22": {
        "0": [
            "\\nl< >\\{「ぬぬぬっ……！\\w[250]よいしょ……！  \\w[210]"	,
			"ふんっ……！」    \\w[210]\\^"
		],
		"1": [
            "\\nl< >「はぁ…\\w[120]はぁ…\\w[180]\\str[121]……   \\w[60]",
			"こんなに重いなんて……！」"
        ],
		"2": [
            "\\str[120]が張り切って全く動けない俺を",
			"食卓まで連れて行ったんだが……"
        ],
		"3": [
            "\\nl< >「次は\\str[121]ここで待っててね、すぐ戻るから。」"
        ],
		"4": [
            "\\str[120]の手料理か…なんか楽しみだな……",
			"でもそういえば、\\str[120]って料理したことあったっけ……？"
        ],
		"5": [
            "\\nl< >「はい、\\str[121]！    \\w[60]",
			"あ〜ん————」"
        ],
		"6": [
            "目の前の食べ物とは呼べない謎の物体を見つめて、",
			"体が思わず震えた。"
        ],
		"7": [
            "「あのな、\\str[120]よ……   \\w[60]",
			"兄ちゃんは一応自分でご飯を食べるくらいの力はあるんだぞ？   \\w[150]",
			"包帯を取ってくれさえすれば……」    \\w[20]\\^"
        ],
		"8": [
            "\\nl< >「ダメ！\\str[121]は今怪我してるんだから、",
			"ちゃんと休まなきゃダメだよ！」"
        ],
		"9": [
            "\\nl< >「やっぱり初めて作った料理は無理だったかな……？   \\w[120]",
			"じゃあ、まずあたしが味見してみるね……」"
        ],
		"10": [
            "\\{  「\\str[121]に試食させて！お願いします！」"
        ],
		"11": [
            "\\str[120]が反応する前に、",
			"俺は自分から差し出されたスプーンを咥えた。"
        ],
		"12": [
            "「うん…もぐもぐ—\\w[60]…悪くな————\\w[30]\\^"
        ],
		"13": [
            "\\{  「ぷっ！？」"
        ],
		"14": [
            "\\nl< >「\\str[121]！？ど、どうしたの！？」"
        ],
		"15": [
            "高濃度炭酸飲料を飲んだみたいに、",
			"口の中で不思議な食感が一瞬で弾けて、",
			"感想を言う間もなく、すぐに意識が遠のいた……"
        ],
		"16": [
            "\\nl< >\\{  「\\str[121]————！」",
			"\\w[60]\\^"
        ],
		"17": [
            "あぁあぁ……\\str[120]の手料理……食べきれなくて残念だ…"
        ]			
    }
}