{
  "1": {
        "0": [
            "うーん、なんか寝れないな……"
		],
		"1": [
            "胃が痛い……消化不良かな……",
			"やっぱり夕飯、無理したかな……"
        ],
        "2": [
            "はぁ、突然目が覚めちゃった……！"
        ],
		"3": [
            "まだ真夜中だし、もう少し寝られる\\w[30].\\w[30].\\w[30].",
			"\\str[120]の様子見に行こうかな？"
        ],
		"4": [
            "\\str[120]の部屋へ",
			"寝るか"
        ],
		"5": [
            "そのまま朝まで寝ちゃうのか？"
        ],	
		"6": [
            "はい",
			"いいえ"
        ],
		"7": [
            "「うわあああああああああーーー！！？」"
        ],
		"8": [
            "な、なんだ…ただの悪夢か…"
        ],
		"9": [
            "心臓止まるかと思った…すごく怖い\\str[120]を見た気がする。"
        ],		
		"10": [
            "……\\str[120]の様子を見に行かなきゃ。",
			"さっきの夢が——"
        ],	
		"11": [
            "うん、あんなに怖い夢見ちゃったし…",
			"早めに休んだ方がいいかも……"
        ]			
    },
  "2": {
        "0": [
            "\\c[10]――\\str[1]バージョンからのデータ更新リクエスト",
			"を検出しました。  \\w[60]",
			"今すぐ自動アップデートを行いますか？"
		],
		"1": [
            "更新開始",
			"やめておく"
        ],
        "2": [
            "……もう朝か、なんだか\\str[120]に関する夢を見た気がするけど、",
            "もう思い出せない……"
        ],
        "3": [
            "……もう朝か、あんまり寝れなかったな……"
        ],
        "4": [
            "ああ——もう朝か、よく寝たな。"
        ],
        "5": [
            "今日はいい天気だ…なえ？ \\w[45]",
			"なんだか日差しがちょっと強すぎる気がするけど？"
        ],
        "6": [
            "今日はいい天気だな。"
        ],
        "7": [
            "天気があんまり良くないな。"
        ],
        "8": [
            "雨かな？冒険に影響ないといいけどな…"
        ],
        "9": [
            "ここ何日か朝に\\str[120]を見に行ってないな…",
			"今日はちょっと覗いてみるか。"
        ],
        "10": [
            "もう起きたし、これからどうする？"
        ],
        "11": [
            "\\str[120]の部屋へ",
			"すぐ出発"
        ],
        "12": [
            "よし、\\str[120]の様子を見に行こう！"
        ],
        "13": [
            "よし、一気に準備を整えて冒険に出るぞ！"
        ]		
    },
  "4": {
        "0": [
            "「……はあ！？\\w[60]……えっ\\w[60]、もう朝か……？」"
		],
		"1": [
            "頭がぼんやりしてるな、昨夜はそのまま寝ちゃったのか……"
        ],
		"2": [
            "「昨夜何があったか思い出せない……   \\w[90]",
			"まあ、いいか、多分疲れてただけだろう。」"
        ]
    }		
}