{
  "2": {
        "0": [
            "\\nl< >「\\str[121]……頑張ってね…   \\w[90]",
			"きっと治るから。」"
		],
        "1": [
            "俺の威厳は結局どうなるんだろうな……"
		],
        "2": [
            "\\nl< >「\\str[121]……悲しくならないでね。」"
		],
        "3": [
            "\\nl< >「\\{痔\\}はきっと生活習慣が悪いからだよ…」"
		],
        "4": [
            "だめだ。誤解がどんどん深まっていく——"
		],
        "5": [
            "「あ、だから俺はそんなの————」   \\w[45]\\^"
		],
        "6": [
            "\\nl< >\\{  「もっと重い病気なの！？」   "
		],
        "7": [
            "「すまん、痔だ。」"
		],
        "8": [
            "結局、トイレにいた理由がこんなことになると……"
		],
        "9": [
            "\\nl< >「……やっぱり便秘なの？」"
		],
        "10": [
            "これはまずいな、\\str[120]が変な誤解を持ち始めてる。 "
		],
        "11": [
            "「\\str[120]よ。兄ちゃんはただ、",
			"もっと深刻な問題を考えていただけだよ？」"
		],
        "12": [
            "\\nl< >「そうなの…！\\str[121]、大変だね。」"
		],
        "13": [
            "そうだよ、兄ちゃんはただ一時的に賢者になっただけだよ？"
		],
        "14": [
            "「とにかく、夕飯を作り始めよう。」"
		],
        "15": [
            "\\nl< >「また\\str[121]トイレに長い時間いるね。」"
		],
        "16": [
            "反論できない…トイレで時間を無駄にしすぎたようだ…"
		],
        "17": [
            "「ケホ…！そんなことはどうでもいいさ、",
			"行こう行こう、夕飯の準備を始めるよ！」"
		],
        "18": [
            "\\nl< >「怪しいわね…」"
		],
        "19": [
            "\\nl< >「遅い！\\str[121]便秘なの？！」"
		],
        "20": [
            "「あはは……まさか…」"
		],
        "21": [
            "「もうお腹空いたよね？さあ、夕食の準備を始めよう——！」"
		]
    },
  "4": {
        "0": [
            "\\str[120]を喜ばせるまで頑張りたかったけど、",
			"もう部屋から追い出されちゃった。」"
		],
        "1": [
            "仕方ない、今日は寝て、明日また何とかしよう…"
		]
    },		
  "6": {
        "0": [
            "ふぅ……\\str[120]の前で恥をかかずに済んだ……",
			"でも——"
		],
		"1": [
            "\\{「う——っ」  \\w[60]"
        ],
        "2": [
            "今の状況は思ってたよりひどい、",
            "もう30分以上続いてる気がする……？"
        ],
        "3": [
            "体が空っぽになる感じ……",
            "やっぱり今日の晩ご飯が原因か？"
        ],
        "4": [
            "\\nl< >「\\str[121]……体、大丈夫……？",
			"声が……すごく怖かったよ……」"
        ],
        "5": [
            "「あはは…たぶんお腹を壊しただけだよ……",
			"あんまり近づかないで……危ないから……」"
        ],	
        "6": [
            "ドアの外から\\str[120]の心配そうな声が聞こえてきた。",
			"早くここから出たいけど、",
			"立ち上がる力すらもう残ってない……"
        ],	
        "7": [
            "\\{「うおおおっ——」  \\w[60]"
        ],
        "8": [
            "ダメだ……",
			"まったく止まりそうにない……"
        ],
        "9": [
            "\\nl< >「\\str[121]…まだ中にいるの？」"
        ],
        "10": [
            "\\nl< >「あ、あの……実は……",
			"あたしも、ちょっとトイレ行きたくて……」"
        ],
        "11": [
            "\\{「ぐおおおおお——！」 \\w[60]"
        ],	
        "12": [
            "\\{「ま、まだ無理だよ——",
			"今は出られないんだ——！」"
        ],
        "13": [
            "\\nl< >「え……もう10分も経ったよ…… \\w[120]",
			"トイレ入りたいよぉ……」"
        ],	
        "14": [
            "「うおおおおおお——！",
			"「と、止まらない——！」"
        ],
        "15": [
            "\\nl< >「\\str[121]……もう……」"
        ],	
        "16": [
            "「ウオオオooooaqswdectfrvtghunijopioijoh——！」"
        ],
        "17": [
            "\\nl< >「うええええっ——！",
			"もう漏れちゃいそうだよぉ……！」"
        ],
        "18": [
            "「うえええええええええ——！」",
			"「うおおおおおおおおお——！」"
        ],
        "19": [
            "その夜、人知れず建つ小さな小屋から",
			"まるで獣の苦しげな咆哮のような声が漏れ、",
			"顔が真っ赤になるような悲鳴と",
			"名状しがたいうめき声が混じっていた。"
        ],	
        "20": [
            "その声は時に低く獣のようにうなり、",
			"時に少女の恥じらうような叫びのように鋭く、",
			"混沌とした、どこか艶めいた交響曲を奏でていた。"
        ],	
        "21": [
            "その頃、遠く離れた夜のアビスの縁で",
			"戦う冒険者たちも背筋を凍らせ、",
			"思わず剣を止め、顔を見合わせた。",
			" ",
			"どこか暗い場所に、",
			"また見たこともないアビスの魔物が生まれたのでは……",
			"そんな疑念が頭をよぎったのだった。"
        ]
    }
		
}
