{
  "2": {
    "0": [
      "Un aire pesado y sofocante llenaba la habitación tenuemente iluminada."
    ],
    "1": [
      "\"Tos\\w[30]... tos, tos...\\w[30]\""
    ],
    "2": [
      "El hombre yacía débilmente en la cama,",
      "la delgada tela que lo cubría temblaba con su ",
      "respiración superficial, como si pudiera detenerse ",
      "en cualquier momento."
    ],
    "3": [
      "Incluso siendo un niño ingenuo,",
      "instintivamente percibía en ese cuerpo frágil ",
      "y rostro pálido que así se veía ",
      "cuando una vida estaba a punto de apagarse."
    ],
    "4": [
      "\"Probablemente pasarás momentos difíciles después de esto...\""
    ],
    "5": [
      "Su voz era ronca y débil, cada palabra sonaba ",
      "como si drenara la poca vida que le quedaba, ",
      "forzada dolorosamente desde su garganta."
    ],
    "6": [
      "\"Sé que esto no es algo que un padre deba decir...  \\w[30]",
      "pero aún espero que puedas prometerme—\""
    ],
    "7": [
      "\"…………？\""
    ],
    "8": [
      "Me quedé allí aturdido, ",
      "incapaz de procesar este mensaje final repentino, ",
      "mi mente completamente en blanco."
    ],
    "9": [
      "Ah... estas eran palabras importantes, ",
      "y aún así no podía concentrarme en absoluto. ",
      "Solo podía mirar fijamente el rostro de mi padre ",
      "mientras la luz lo abandonaba lentamente."
    ],
    "10": [
      "\"…Por favor cuida de ella,  \\w[30]",
      "de ahora en adelante, trátala como tu ○○—"
    ],
    "11": [
      "Su voz se desvaneció como humo en el viento, ",
      "demasiado débil para terminar sus últimas palabras. ",
      "Lentamente volvió su cabeza hacia ",
      "una esquina oscura de la habitación."
    ],
    "12": [
      "Esa esquina estaba envuelta en sombras densas,",
      "como si ocultara algo de gran importancia."
    ],
    "13": [
      "Este hombre, que era mi padre y mi maestro,",
      "exhaló su último aliento así.",
      "Sus ojos permanecieron abiertos, ",
      "pero la luz de la vida ya los había abandonado."
    ],
    "14": [
      "Inconscientemente, mis ojos siguieron su mirada,",
      "dirigiéndome hacia esa esquina misteriosa—————"
    ]
  },
  "father": [
    "Hombre"
  ]
}