{
  "beginnersGuide": {
        "0": [
            "Наведите курсор на \\str[120], чтобы посмотреть состояние \\str[120]",		
            "Щёлкните левой кнопкой по \\str[120], чтобы взаимодействовать с \\str[120]"
		],
		"1": [
            "Зажмите кнопку мыши на фоне, чтобы позвать \\str[120] к себе"
        ],
		"2": [
            "Коснитесь и проводите по \\str[120], чтобы начать близкое взаимодействие"
        ],
		"3": [
            "Кликните правой кнопкой или зажмите правую кнопку",
			"мыши, чтобы выйти из режима (близость)"
        ]		
    },		
  "AndroidBeginnersGuide": {
        "0": [
            "Нажмите на \\str[120], чтобы проверить её состояние",
            "Удерживайте \\str[120], чтобы взаимодействовать с ней"
		],
		"1": [
            "Зажмите палец на фоне, чтобы позвать \\str[120] к себе"
        ],
		"2": [
            "Коснитесь и проводите по \\str[120], чтобы начать близкое взаимодействие"
        ],
		"3": [
            "Нажмите кнопку «Назад» или",
            "двойным тапом выйдите"
        ],
		"4": [
            "Файлы сохранений игры будут храниться в \\TC[#fff94e]Documents/sister_save\\TC[#ffffff] ",
            "на вашем устройстве. Можете смело делать резервные копии или заменять их ",
            "новыми сохранениями! Также поддерживаются сохранения с других устройств ",
            "Сейвы ПК и Android полностью совместимы!"
        ],
		"5": [
            "Важно: можно перезаписывать только существующие файлы сохранений!",
            "Если вы перенесёте новый файл сохранения без соответствующей записи,",
            "игра его не распознает!"
        ]
    },
  "exitGame": {  
        "0": [
            "Хотите ли вы вернуться на титульный экран игры?",
            "Все несохраненные данные будут потеряны"
        ],
        "1": [
            "Да",
            "Нет"
        ]
    },
  "2": {
        "0": [
            "Немного скучно... Во что бы поиграть?"
        ],
        "1": [
            "\\{\\nl< >\"Давай поиграем!\"    \\w[30]"
        ],
        "2": [
            "В стартовой деревне встретили Повелителя демонов,",
            "он сказал: 'Я не могу позволить тебе жить!',",
            "И героя снесли с одного удара.",
            "Игра окончена."
        ],
        "3": [
            "…Что это за сюжет такой?  \\w[60]\\{",
            "Какая отстойная игра!"
        ],
        "4": [
            "\\nl< >\"Мы проиграли…\""
        ],
        "5": [
            "Мой персонаж мгновенно умер, наступив на ловушку…",
            "Мы также проиграли финальному боссу.",
            "Игра окончена."
        ],
        "6": [
            "\\nl< >\"\\str[121]… ты такой слабый…\""
        ],
        "7": [
            "Моей \\str[120] безумно повезло в казино и ",
            "она выиграла ультимативное оружие, а потом помчалась в ",
            "замок Повелителя демонов слишком рано.",
            "Игра окончена."
        ],
        "8": [
            "…Так нечестно."
        ],
        "9": [
            "\\nl< >\"Это было весело!\""
        ],
        "10": [
            "\"Ааааааааа——!!",
            "Смотри, моё непобедимое комбо без каста!!\""
        ],
        "11": [
            "Я эффектно блеснул перед \\str[120], в одиночку завалив босса"
        ],
        "12": [
            "\\nl< >\"\\str[121], ты такой крутой!\""
        ],
        "13": [
            "Поиграли вместе с \\str[120] в напряжённую RPG."
        ],
        "14": [
            "Повеселился, играя в RPG с \\str[120]."
        ],
        "15": [
            "…\\str[120] кажется очень сосредоточенной на игре.",
            "Поговорить с ней?"
        ],
        "16": [
            "Подойти поближе",
            "Забыть"
        ],
        "17": [
            "Да, немного одиноко,",
            "но, пожалуй, не стоит её лишний раз отвлекать—"
        ]
    },
  "4": {
        "0": [
            "\\nl< >\"Ррррр...! \\w[45]",
            "Ты же специально это сделал, да!?\"  \\w[150]\\^"
        ],
        "1": [
            "\\nl< >\"—Увэээээх!?\"  \\w[20]\\^"
        ],
        "2": [
            "\\nl< >\"\\str[121]~~!!\"  \\w[120]\\^"
        ],
        "3": [
            "…\\str[121]?"
        ],
        "4": [
            "Ммм… сейчас не надо… не трогай…"
        ],
        "5": [
            "\\nl< >\"Боже, не трогай меня, пока у меня мокрые волосы…\"",
            "\\w[180]\\^"
        ],
        "6": [
            "Мои волосы снова все растрепались...",
            "Хмм... какое странное ощущение..",
            "Эхехе...",
            "У тебя такая тёплая рука, \\str[121]…",
            null,
            "\\str[121]…",
            null,
            "Мяу..."
        ],
        "7": [
            "\\nl< >\\{\"Боже— \\str[121],",
            "ты слишком увлёкся трогать!\"",
            "\\w[150]\\^"
        ]
    },
  "5": {
        "0": [
            "\\nl< >\"Увааах, \\str[121]... ",
			"это не та кнопка, которую нужно нажимать!\"  \\w[240]\\^"
		],
		"1": [
            "\\nl< >\"Ррррр...! \\w[45]",
			"Ты же специально это сделал, да!?\"  \\w[150]\\^"
        ],
		"2": [
            "\\nl< >\"Не сейчас...!  \\w[60]",
			"Когда \\str[121] меня вот так трогает, ",
			"мне становится странно...\"  \\w[400]\\^"
        ],
		"3": [
            "\\nl< >\"А!? Полотенце...!\"   \\w[60]\\^"
        ],
		"4": [
            "\\nl< >\"Мм... \\str[121], ты снова меня дразнишь...\"    \\w[120]\\^"
        ],
		"5": [
            "\\nl< >\"Ах!?\\w[30]\\str[121], куда ты трогаешь!\"   \\w[120]\\^"
        ],
		"6": [
            "\\nl< >\"Муу~ ты же нарочно это сделал,",
			"\\str[121]?!\"    \\w[120]\\^"
        ],
		"7": [
            "\\nl< >\"Ах...   \\w[45]\\^"
        ],
		"8": [
            "\\nl< >\"а-а, \\str[121]! Не подходи ближе!\"   \\w[300]\\^"
        ],
		"9": [
            "\\nl< >\"Ууу... Верни мне моё полотенце...\"   \\w[90]\\^"
        ],	
		"10": [
            "\\nl< >\"\\str[121] опять меня дразнит...\"    \\w[120]\\^"
        ],
		"11": [
            "\\nl< >\"\\str[121]...\\w[90]Так странно ощущается...\"    \\w[60]\\^"
        ],
		"12": [
            "\\nl< >\"Ха...\\w[60]\\str[121]...  \\w[60]",
			"доволен этим?\"   \\w[60]\\^"
        ],
		"13": [
            "\\nl< >\"Щекотно~\"  \\w[90]\\^"
        ],
		"14": [
            "\\nl< >\"Ахаха, \\str[121],\\w[60]очень щекотно~\"   \\w[120]\\^"
        ],
		"15": [
            "\\nl< >\"Хммнгх…!\"   \\w[45]\\^"
        ],
		"16": [
            "\\nl< >\"\\str[121]……   \\w[150]",
			"Это случайно…? Л-ладно, я поняла…\"    \\w[210]\\^"
        ],	
		"17": [
            "\\nl< >\"Н-не балуйся так со мной…  \\w[150]",
			"Мне странно…!\"    \\w[150]\\^"
        ],	
		"18": [
            "\\nl< >\"Эх… Я что, поправилась…?\"    \\w[180]\\^"
        ],
		"19": [
            "\\nl< >\"Нннгх…! Щекотно, когда ты трогаешь мои уши. \\w[180]",
			"\\str[121], хватит уже!\"    \\w[210]\\^"
        ],	
		"20": [
            "\\nl< >\"Эмм… \\str[121], ",
			"там правда щекотно, когда ты трогаешь,   \\w[180]",
			"может, тебе стоит остановиться…\"    \\w[210]\\^"
        ],
		"21": [
            "\\nl< >\"Эй, не тыкай меня повсюду!\"  \\w[240]",
			"\\nl< >\"Я тебе не игрушка, между прочим!\"    \\w[120]\\^"
        ],
		"22": [
            "\\nl< >\"Увэ-э-эх… \\str[121], \\w[150]",
			"ты уж слишком увлёкся этим…!?\"    \\w[180]\\^"
        ]		
    },
  "7": {
        "0": [
            "\\str[120], похоже, спит так спокойно..."
		],
		"1": [
            "Подкрасться ближе",
			"Тренировка!",
			"Вернуться"
        ],
		"2": [
            "Наконец-то время продемонстрировать ",
			"технику бесшумного движения, ",
			"которую я отрабатывал днями —"
        ],	
		"3": [
            "Тихо-тихо..."
        ],	
		"4": [
            "Да, уже поздно,  ",
			"лучше вернуться и отдохнуть —"
        ],
		"5": [
            "Идти спать",
			"Погодить"
        ],
		"6": [
            "Может, задержусь ещё немного..."
        ],
		"7": [
            "Всё равно не особо спится...   \\w[30]",
			"\\{Время для небольшой тренировки!"
        ],
		"8": [
            "\\{Чтобы не разбудить \\str[120], ",
			"мне нужно контролировать каждое движение",
			"с идеальной точностью!",
			"Идеальные условия для тренировки!"
        ],
		"9": [
            "Хуф—! Хуф—! Хуф—!",
			"Хуф—! Хуф—! Хуф—!"
        ],
		"10": [
            "Сосредоточившись по полной, я отжал несколько подходов ",
			"прямо рядом со спящей \\str[120]."
        ],
		"11": [
            "Сосредоточившись по полной, я сделал несколько подходов ",
			"приседаний прямо рядом со спящей \\str[120]."
        ],	
		"12": [
            "После напряжённой, но приятной тренировки ",
			"я чувствую, как мышцы становятся сильнее…"
        ],
		"13": [
            "\\nl< >\"М-м… хмм хмм…\""
        ],
		"14": [
            "Ой-ой, похоже, она вот-вот проснётся",
			"Лучше не задерживаться...",
			"Пора возвращаться."
        ],
		"15": [
            "А? ",
			"Почему \\str[120] выглядит немного иначе, чем обычно?"
        ],
		"16": [
            "\"...\\str[120]?\""
        ],
		"17": [
            "Это обычная \\str[120].",
			"Похоже, это и правда был сон..."
        ]			
    },
  "8": {
        "0": [
            "\"—Ааа, на этот раз знакомый потолок.\""
		],
		"1": [
            "Похоже, я пробыл без сознания какое-то время,",
            "но сейчас я и правда чувствую себя бодро...",
            "Похоже, и раны тоже заживают..."
        ],
		"2": [
            "\"Но в том недавнем сне—     \\w[60]\\^"
        ],
		"3": [
            "\\nl< >\"\\str[121]!!!\""
        ],
		"4": [
            "\\nl< >\"Уууу… слава богу...",
            "Я думала, ты больше не откроешь глаза…\""
        ],
		"5": [
        	"\\str[120] вдруг бросилась на меня, разрыдавшись в слёзы,",
        	"кажется, она винит себя во всём произошедшем..."
        ],
		"6": [
            "\"Прости, что заставил тебя волноваться… но со мной правда всё в порядке.\""
        ],
		"7": [
            "\\nl< >\"\\str[121], наверное, всё из-за того, что ты съел то, что я приготовила раньше—\""
        ],
		"8": [
            "\"Смотри, я совершенно здоров сейчас!\""
        ],
		"9": [
            "Чтобы она не переживала, я тут же вскочил с кровати,",
            "и сделал пару сальто назад прямо на месте."
        ],
		"10": [
            "\\nl< >\"Блин…! Ты только проснулся,",
            "не делай таких опасных вещей!\""
        ],
		"11": [
            "\"Правда, это впечатляет! Мои раны зажили,",
            "должно быть, потому что твои чувства дошли до меня!\""
        ],
		"12": [
            "\\nl< >\"…Если это правда, я очень рада.",
            "Может быть, теперь я и правда смогу тебе помогать.\""
        ],
		"13": [
            "\\nl< >\"На самом деле я долго тренировалась втайне.",
            "Но… я всё время боялась, что тебе не понравится на вкус…\""
        ],
		"14": [
            "\\nl< >\"Тогда теперь всё хорошо.",
            "Если \\str[121] нравится, я буду продолжать стараться!\""
        ],
		"15": [
            "Э-э…!? Она снова собирается готовить...? ",
            "Это немного пугает..."
        ]	
    },	
  "10": {
        "0": [
            "Итадакимас——"
		],
		"1": [
            "Пуах—"
        ],
		"2": [
            "Эхехе..."
        ],
		"3": [
            "Моя \\str[120], только что из ванны, ",
			"осушила целую бутылку молока залпом..."
        ]		
    },		
  "13": {
        "0": [
            "…\\str[121]?",
            "Хм? Что такое?"
		],
		"1": [
            "\\nl< >\"Какой же ты неосторожный, \\str[121]!",
            "Снова подглядываешь!\""
        ],
        "2": [
            "\\nl< >\"...\\str[121], извращенец.\""
        ],
        "3": [
            "\\nl< >\"\\str[121], куда ты уставился?\""
        ],
        "4": [
            "\\nl< >\"Сушить волосы так утомительно... ",
            "\\str[121], помоги мне~\""
        ],
        "5": [
            "\\nl< >\"Что случилось, \\str[121]?\""
        ],	
        "6": [
            "Смотря, как моя \\str[120] вяло сушит волосы, я задумался... \\w[60]",
            "Ладно! Помогу ей высушить!"
        ],
        "7": [
            "\\nl< >\"...\\str[121]?\""
        ],
        "8": [
            "\"Давай я высушу тебе. ",
            "Одной же утомительно, верно?\""
        ],
        "9": [
            "Я наклонился вперёд, держа фен в одной руке, ",
            "а другой мягко приподнял прядь её волос.",
            "Хотя она уже вытерла их полотенцем, ",
            "в пальцах всё ещё отчётливо ощущалась влажность."
        ],
        "10": [
            "\"Ну же, наклони голову. Сушим!\""
        ],
        "11": [
            "\\nl< >\"Мм〜\""
        ],
        "12": [
            "Я включил фен и аккуратно направил тёплый воздух ",
            "в ладонь."
        ],
        "13": [
            "Опустив голову, она тихонько перебирала пальцами,",
            "с этого ракурса я не видел её лица, ",
            "но казалось, она хочет что-то сказать—"
        ],
        "14": [
            "Как же давно мы вот так спокойно ",
            "проводили время вместе...",
            "Почему-то воспоминания начали размываться."
        ],
        "15": [
            "\"У тебя волосы так отросли.",
            "Помню, в детстве они были короче...\""
        ],
        "16": [
            "\\nl< >\"Хмм... Тебе больше нравятся короткие волосы, \\str[121]?\""
        ],		
        "17": [
            "\"Длина, да... Мне всё же очень нравятся длинные волосы.",
            "Такую красоту грех не беречь.\""
        ],
        "18": [
            "В конце концов, это доказательство того, как бережно ты за ними ухаживала, ",
            "и как здорово выросла с тех пор, как была маленькой."
        ],
        "19": [
            "\\nl< >\"Хехе... \\str[121] меня похвалил...\""
        ],
        "20": [
            "Пока мы беседовали, её волосы постепенно стали сухими и мягкими."
        ],
        "21": [
            "\\nl< >\"\\str[121]... ",
            "завтра снова пойдёшь исследовать?\""
        ],
        "22": [
            "\"—Что случилось?\""
        ],
        "23": [
            "Она выглядела чуть смущённой,",
            "но с этого ракурса я не мог разглядеть её лица.",
            "Перед глазами были лишь округлые формы, туго обёрнутые полотенцем,",
            "и я не знал, куда девать взгляд."
        ],
        "24": [
            "Её внезапный вопрос на миг выбил меня из колеи,",
            "правая рука с феном чуть сместилась ",
            "в сторону, и—"
        ],
        "25": [
            "\"………!?\""
        ],
        "26": [
            "Сильная струя воздуха с фена подхватила бретельку её пижамы,",
            "и та стремительно соскользнула с плеча."
        ],
        "27": [
            "\\nl< >\"В игре вышло обновление, там есть новый контент для нас двоих   \\w[90]",
            "Так что завтра... я хочу поиграть с тобой, \\str[121]...\""
        ],
        "28": [
            "\\nl< >\"Тебе это не помешает...?\""
        ],
        "29": [
            "Её застенчивое, ласковое выражение было невыносимо милым,",
            "и я невольно улыбнулся."
        ],
        "30": [
            "\"Конечно, я вернусь пораньше завтра. Поиграем вместе.\""
        ],
        "31": [
            "Казалось, она говорила что-то очень важное,",
            "но моё внимание полностью украл тот розоватый отблеск,",
            "и я не уловил ни слова."
        ],
        "32": [
            "\"Помеха... да, можно и так сказать...\""
        ],
        "33": [
            "Я не сводил глаз с неосторожно показавшегося кусочка кожи,",
            "и да, \\str[121] сейчас и правда в смятении."
        ],
        "34": [
            "\\nl< >\"Понятно...\""
        ],	
        "35": [
            "\"—!!!\""
        ],	
        "36": [
            "Услышав грусть в её голосе, я резко вернулся к реальности.",
            "Запаниковав, я быстро сделал вид, что ничего не произошло, ",
            "осторожно поправил её одежду и мягко заговорил, чтобы успокоить её."
        ],	
        "37": [
            "\"Хочешь поиграть вместе...? Отличная мысль!",
            "Давай завтра! Я вернусь пораньше!\""
        ],
        "38": [
            "\\nl< >\"Правда? Тогда это обещание!\""
        ],	
        "39": [
            "\"...Обещаю!\""
        ],
        "40": [
            "Пока она счастливо улыбалась нашему новому обещанию,",
            "её волосы как раз досохли."
        ],	
        "41": [
            "Казалось, она не заметила только что случившуюся мелкую неприятность,",
            "а просто радовалась нашему новому обещанию.",
            "В этот момент её волосы окончательно высохли."
        ],
        "42": [
            "\\nl< >\"Они такие пушистые теперь...!     \\w[45]",
            "Спасибо, \\str[121]~!\""
        ],	
        "43": [
            "\"Здорово!\""
        ],	
        "44": [
            "\"Здорово!     \\w[60]\\}",
            "Ах~ я устал...\""
        ],
        "45": [
            "Пока я аккуратно менял угол фена и ",
            "нежно прочёсывал её волосы,",
            "моя \\str[120] спокойно помогала, и хотя мы ничего не говорили, ",
            "мы оба наслаждались этим мирным моментом."
        ],	
        "46": [
            "Но из-за ракурса,",
            "стоит лишь опустить взгляд — и виден весь контур её пышной груди,",
            "и глубокое декольте, будто готовое проглотить мою руку."
        ],
        "47": [
            "Ч-что же делать... Я так хочу заглянуть внутрь!     \\w[45]",
            "Я не мог остановить разыгравшееся воображение, пытаясь ",
            "подавить желание протянуть руку, как вдруг, ",
            "меня озарило — идея, казавшаяся достаточно хитрой, чтобы сработать!"
        ],
        "48": [
            "Постой, ведь у меня в руках фен!",
            "Может, получится с помощью ветра сотворить чудо!?"
        ],	
        "49": [
            "Попробовать!",
            "Лучше не надо..."
        ],	
        "50": [
            "Ладно, поехали!",
            "Сделав вид, что ничего особенного, я едва заметно поменял направление фена,",
            "и направил горячий воздух прямо ей на грудь—"
        ],
        "51": [
            "Давай же, ветер, сотвори чудо!"
        ],	
        "52": [
            "Но чуда не случилось..."
        ],	
        "53": [
            "Её плотно затянутое полотенце стойко выдержало сильные порывы,",
            "не давая ни малейшего шанса соскользнуть!"
        ],
        "54": [
            "\\nl< >\"А? \\str[121]... фен под неправильным углом.\""
        ],	
        "55": [
            "\"А, извини.\""
        ],
        "56": [
            "К счастью, она ничего необычного не заметила,",
            "так что я смирился и продолжил сушить её волосы с лёгким сожалением."
        ],	
        "57": [
            "\\{Случилось чудо!"
        ],
        "58": [
            "Порыв воздуха смог приподнять её ворот, ",
            "приоткрыв маленькую розовую вишенку внутри."
        ],	
        "59": [
            "Похоже, она не заметила, что произошло,",
            "я небрежно поправил бретельку и продолжил сушить, абсолютно доволен."
        ],
        "60": [
            "Я сушу ей волосы — никаких больше странных мыслей!"
        ],
        "61": [
            "И одного этого вида уже более чем достаточно.",
            "Я убедил себя и молча сосредоточился на деле."
        ],
        "62": [
            "\"Готово, всё сухо!\""
        ],	
        "63": [
            "Под сильным порывом ветра,",
            "полотенце, обёрнутое вокруг её тела, неожиданно сорвало—"
        ],
        "64": [
            "\\nl< >\"Э...?!\""
        ],
        "65": [
            "Но внезапная потеря полотенца сразу привлекла её внимание."
        ],
        "66": [
            "\\nl< >\\{\"Увааах, моё полотенце упало...!\""
        ],
        "67": [
            "\\nl< >\"...Это твоих рук дело, не так ли, \\str[121]?\""
        ],
        "68": [
            "\"А, как бы это сказать...   \\w[45]",
            "Сегодня ветер... уж больно буйный.\""
        ],
        "69": [
            "Чёрт, даже мне самому неловко после таких слов..."
        ],
        "70": [
            "Хотя не обошлось без заминок, ",
            "в итоге я всё равно помог ей высушить волосы!"
        ]
    },	
  "14": {
        "0": [
            "\\nl< >\"С возвращением, \\str[121]! ",
            "Полегче стало?\""
		],
		"1": [
            "\\nl< >\"Ну а теперь мне пора в ванну~\""
        ],
        "2": [
            "Э… что это… фраза из телевизора?"
        ],
        "3": [
            "\\nl< >\"Пожалуй, мне уже пора идти в ванну.\""
        ],
        "4": [
            "\\nl< >\"Тогда и я пойду умоюсь.\""
        ],
        "5": [
            "Хмм, найду чем заняться, чтобы скоротать время—"
        ],	
        "6": [
            "\\str[120] ушла купаться, а мне одному немного скучно,",
            "так что я начал мечтательно витатать, чтобы убить время.   \\w[40]",
            "Кстати, раньше мы довольно часто ходили в ванну вместе—",
            "какая же она тогда была милая~"
        ],
        "7": [
            "Прошло столько лет, она наверняка сильно изменилась,",
            "во многом…"
        ],
        "8": [
            "Вдруг стало любопытно — какой девушкой она стала сейчас?",
            "Может, незаметно подглядеть…?"
        ],
        "9": [
            "Идти!",
            "Не идти"
        ],
        "10": [
            "\\{Вперёд-вперёд-вперёд      \\}",
            "Ну само собой, надо идти!"
        ],
        "11": [
            "Но подсматривать за \\str[120] в ванне… ",
            "для взрослого это как‑то не подобает…?"
        ],
        "12": [
		    "\\{ ",
            "Самое время твёрдо сказать «нет» ",
            "таким нехорошим мыслям…!"
        ],
        "13": [
	    	"Нехорошо это… она уже взрослая,",
	    	"ей нужно достаточно личного пространства…"
        ],
        "14": [
	    	"Она снова пошла купаться, ",
			"и почему‑то внутри стало немного пусто.",
			"Я всё думаю, как она изменилась, и от этого не по себе."
        ],
        "15": [
            "………………Может, всё‑таки краешком глаза взглянуть?"
        ],		
        "16": [
            "\\nl< >\"\\str[121]… \\str[121]!\""
        ],
        "17": [
            "Я лежал на кровати, витающий в облаках,",
            "как вдруг послышался её тихий голос.   \\w[40]",
            "Показалось…?"
        ],
        "18": [
            "\\nl< >\"…\\str[121], подойдёшь на минутку?\""
        ],
        "19": [
            "Ага, значит, не показалось!"
        ],
        "20": [
            "\\{ \"Сейчас буду!\""
        ],
        "21": [
            "Она уже ушла в ванную, ",
			"что же мне делать дальше————"
        ],
        "22": [
            "Прокрасться в ванную",
            "Подглядеть в дневник",
            "Ничего не делать"
        ],
        "23": [
            "Хмм… а не подглядеть ли за \\str[120], пока она моется?"
        ],
        "24": [
            "Идти сейчас!",
			"Подождать немного…",
			"Забыть об этом"
        ],
        "25": [
	    	"Она только что зашла, значит, сейчас, наверное, переодевается…",
	    	"Это немного будоражит любопытство, может, сходить взглянуть прямо сейчас…"
        ],
        "26": [
	    	"Она только что зашла, значит, сейчас, наверное, переодевается…",
	    	"Но так легко попасться, может, подождать…"
        ],
        "27": [
            "Хмм, найду чем заняться, чтобы скоротать время—"
        ]
    },		
  "15": {
        "0": [
            "Мне немного скучно... Во что будем играть?"
		],
		"1": [
            "\\{\\nl< >\"Давай во что-нибудь поиграем!\"\\w[30]"
        ],
        "2": [
            "...Разве я не принимал ванну совсем недавно?"
        ],
        "3": [
            "Ммм... кажется, самое время искупаться."
        ],
        "4": [
            "Позвать \\str[120]",
			"Идти одному"
        ],
        "5": [
            "Такая редкая возможность, ",
            "может, стоит попробовать пригласить ",
            "\\str[120] помыться вместе..."
        ],	
        "6": [
            "\\nl< >\"Собираешься сейчас в ванну, ",
			"\\str[121]? Тогда увидимся позже~\""
        ],
        "7": [
            "\\nl< >\"Хаа... хаа——— \\w[180]\\^\""
        ],
        "8": [
            "\\nl< >ах, \\str[121]...\""
        ],
        "9": [
            "\\nl< >\"Так сонно.\\w[45].\\w[45].\\w[45]\\str[121], что случилось?\""
        ],
        "10": [
            "\\nl< >\\{\"\\str[121]!!!\"\\}"
        ],
        "11": [
            "\\nl< >\"Что случилось, \\str[121]?\""
        ],
        "12": [
            "\\nl< >\"...\\str[121]?\""
        ],
        "13": [
            "\\nl< >\\{\"Ты такой дурак, \\str[121]! \\w[60]",
			"Я больше с тобой не разговариваю!\""
        ],
        "14": [
            "\\nl< >\"Э-э, \\str[121]?\\w[60]",
			"Не мог бы ты сейчас не говорить со мной?\""
        ],
        "15": [
            "Небрежно погладил \\str[120] по голове."
        ],		
        "16": [
            "Энергично погладил \\str[120] по голове."
        ],
        "17": [
            "Волосы \\str[120] были такие мягкие и пушистые,",
			"что я невольно протянул руку и мягко, ",
			"нежно погладил её по голове."
        ],
        "18": [
            "Это особая привилегия \\str[121]!",
			"С любовью погладил \\str[120] по голове."
        ],
        "19": [
            "\\str[120] — лучшая — так и хочется гладить её дальше!",
			"Тепло и с энтузиазмом погладил её по голове."
        ],
        "20": [
            "\\nl< >\"……А?  \\w[30]",
			"\\str[121], у тебя на голове написано 'ZAKO'~!\""
        ]		
    },	
  "18": {
        "0": [
            "Поболтать",
			"Телесный контакт",
			"Сделать что-нибудь",
			"Принять ванну",
			"Хочется спать..."
		],
        "1": [
            "\\nl< >\"Похоже, пора сушить волосы~\""
        ],
        "2": [
            "Выпить чего-нибудь",
			"Поиграть во что-нибудь"
		],
        "3": [
            "\\nl< >\"Мои волосы ещё не высохли. Давай выпьем позже.\""
		],
        "4": [
            "\\nl< >\"Мои волосы ещё не высохли. Давай поиграем позже.\""
		],	
        "5": [
            "\\nl< >\"Руки \\str[121] слишком шаловливые, так что нет!\""
		],
        "6": [
            "\\nl< >\"Ах—!      \\w[40]",
			"Уже так поздно—!   \\w[60]",
			"Я пропустила выпуск—!\""
		],	
        "7": [
            "\\nl< >\"Но к счастью, я записала заранее — всё предусмотрела!\""
		],
        "8": [
            "\\nl< >\"Ах—!      \\w[40]",
			"Уже так поздно—!   \\w[60]",
			"Я не успела к программе!\""
		],	
        "9": [
            ""
		],	
        "10": [
            "\\nl< >\"Ах—!    \\w[40]",
			"Сейчас начнётся новое аниме—!\""
		],	
        "11": [
            "\\nl< >\"Я сейчас буду смотреть аниме~! ",
			"\\str[121], пойдёшь со мной?\""
		],	
        "12": [
            "Хм? Аниме…?",
			"Это тот сериал, который любит \\str[120]?"
		],	
        "13": [
            "А, конечно. Давай посмотрим вместе."
		],	
        "14": [
            "\\nl< >\\{\"Тогда я побегу первой—!\""
		],	
        "15": [
            "…Редко увидишь её такой воодушевлённой. ",
			"Пожалуй, тоже загляну!"
		]		
    },			
  "19": {
        "0": [
            "\\nl< >\"Ах... \\str[121]...\""
		],
		"1": [
            "О нет, совсем недавно случилось что-то ужасно неловкое. ",
			"Нужно немедленно извиниться."
        ],
        "2": [
            "\\nl< >\"\\str[121], прости!\"  \\w[60]\\^"
        ],
        "3": [
            "\"Я пр...  \\w[45]",
			"Э-э, а?\""
        ],		
        "4": [
            "Почему моя сестра извиняется первой?"
        ],
        "5": [
            "\\nl< >\"Я слишком разволновалась,  \\w[180]",
			"и наговорила тебе кучу гадостей.  \\w[90]"
        ],
        "6": [
			"\\nl< >...Ты в порядке?\"   \\w[60]"
        ],
        "7": [
            "Какая же она добрая... ",
			"Даже после того, что я сделал, ",
			"она всё равно обо мне думает."
        ],
        "8": [
            "\\nl< >\"Если спокойно подумать, возможно    \\w[120]",
			"\\str[121] в последнее время очень перенапрягается.   \\w[160]",
			"Ты там каждый день сражаешься, ",
			"тебе, должно быть, очень тяжело.\""
        ],
        "9": [
            "\\nl< >\"Итак, итак, всё обдумав...  \\w[360]\\^"
        ],	
        "10": [
            "\\str[120] кажется отчаянно пытается ",
			"что-то мне сказать — какая же она милая...",
			"\\str[121] вот-вот расплачется, правда?"
        ],
        "11": [
            "\\nl< >\\{\"Это единственный способ, которым я могу ",
			"тебя отблагодарить!\"   \\w[240]\\^"
        ],
        "12": [
            "\\nl< >\"Вот! Держи—!  \\w[60]",
			"Я и не знала, что тебе такое нравится,     \\w[60]",
			"\\str[121]!\""  
        ],
        "13": [
            "\\{Я получил\\ia[\\v[84]]!  \\w[60]"
        ],
        "14": [
            "Это трусики——        \\w[60]",
			"ещё тёплые от тепла тела.  \\w[60]",
			"Не может быть—!"
        ],	
        "15": [
            "\\nl< >\"\\str[121] всё-таки мальчик,     \\w[150]",
			"угу, угу… думаю, всё нормально… всё хорошо…\""
        ],
        "16": [
            "Холодный пот ручьём стекал по лбу...",
			"Нет, если так пойдёт дальше—"
        ],
        "17": [
            "\\nl< >\"Точно.",
			"\\str[121], ты всегда был рядом со мной.  \\w[300]",
			"\\{Спасибо! И спокойной ночи—!     \\}\"\\w[120]\\^"
        ],
        "18": [
            "…………",
			"…………"
        ],	
        "19": [
            "\"Нет—! Это не так!\""
        ],	
        "20": [
            "\"Это не то, чего я хочу—подожди, нет!\""
        ],	
        "21": [
            "\"В смысле, я вообще ничего странного не думал—!\""
        ],
        "22": [
            "\\nl< >\"Не-е-ет—! У тебя страшное лицо,",
			"\\str[121]! Не подходи ко мне!!\""
        ],	
        "23": [
            "\"Позволь объяснить—!",
			"Это не то, что ты подумала—\""
        ],
        "24": [
            "\\nl< >\"Лицо \\str[121] стало ещё страшнее—\""
        ],
        "25": [
            "\"Пожалуйста, не ненавидь меня——\""
        ],
        "26": [
            "\\nl< >\"\\str[121] — худший… Я тебя ненавижу…!\" "
        ],
        "27": [
            "\\{\"Guh...!\""
        ],
        "28": [
            "Когда \\str[120] закричала так, словно увидела таракана, ",
			"я перестал пытаться думать."
        ]		
    },
  "20": {
        "0": [
            "\"————\"    \\w[60]\\^"
		],
		"1": [
            "\"————\\str[121]\"    \\w[60]\\^"
        ],
        "2": [
            "Кажется, меня кто-то зовёт."
		],
		"3": [
            "\\nl< >\"\\str[121], ты в порядке? ",
			"Ты очень бледный.\" "
        ],
		"4": [
            "\"—Это был голос \\str[120]?\" "
        ],
		"5": [
            "Я что, дремал здесь? ",
			"Голова как в тумане… ничего не помню…"
        ],	
		"6": [
            "\\nl< >\"Всё ещё полусонный? Эйー\"  \\w[90]\\^"
        ],
		"7": [
            "Обнять \\str[120]",
			"Проснуться"
        ],	
		"8": [
            "Её милое личико было прямо передо мной",
			"и не успел я опомниться, ",
			"как протянул руки и обнял её."
        ],	
		"9": [
            "Ммм... такая мягкая, и приятно пахнет—",
			"сладкий цитрусовый аромат наполнил нос.",
			"Ааа… снова клонит в сон..."
        ],
		"10": [
            "\\nl< >\"Эх, \\str[121] снова заснул!\""
        ],	
		"11": [
            "Показалось? Я бы поклялся...",
			"\\str[120] выглядит куда взрослее, чем я её помнил."
        ],	
		"12": [
            "Не успел опомниться, как моя рука блуждала по её телу—",
			"и я коснулся чего‑то мягкого."
        ],
		"13": [
            "\\nl< >\"Кьяаа! \\str[121]!?\""
        ],
		"14": [
            "\"Ммм—ага, определённо стало больше—\""
        ],	
		"15": [
            "\\nl< >\"Ничего вовсе не стало больше...  \\w[60]",
			"И вообще, \\str[121], ты где именно трогаешь!?\""
        ],	
		"16": [
            "\\{\"Гх...!\""
        ],	
		"17": [
            "Будто что‑то тяжёлое врезалось мне в голову,",
			"и на мгновение всё закружилось."
        ],	
		"18": [
            "\\nl< >\"Теперь полностью проснулся?\""
        ],	
		"19": [
            "\"Благодаря твоему удару я теперь бодр как огурчик.\""
        ],
		"20": [
            "\\nl< >\"Тогда ты понимаешь, что сейчас происходит?\""
        ],
		"21": [
            "\"Я знаю — только что тронул твою попу、",
            "и это было очень приятно———\"  \\w[60]\\^"
        ],
		"22": [
            "\\nl< >\\{\"Я не об этом спрашивала!",
			"Тупица ты, \\str[121]!\""
        ],
		"23": [
            "Ой, кажется, я переборщил с подколами.",
			"Зато тем ударом она меня действительно разбудила."
        ],	
		"24": [
            "И... кажется, мне только что снился очень важный сон,",
			"но я не могу вспомнить, о чём он был—"
        ],	
		"25": [
            "Ладно, когда‑нибудь вспомню.",
			"Сейчас сначала нужно успокоить \\str[120]."
        ],
		"26": [
            "\\nl< >\"Фух, слава богу. Тебе плохой сон приснился? ",
			"Ты выглядел очень растерянным.\""
        ],
		"27": [
            "Кошмар, да... Похоже, мне действительно приснилось что‑то тяжёлое.",
			"Тупая боль в голове сейчас как после похмелья,",
			"а в уголке глаза ещё осталась слеза..."
        ],
		"28": [
            "Есть какое‑то странное ощущение дискомфорта в теле, ",
			"будто я и правда что‑то пережил,",
			"и постепенно это подтверждает следы того сна..."
        ],
		"29": [
            "\\nl< >\"О~? Что тебе приснилось?\""
        ],
		"30": [
            "Да... и что же мне приснилось?"
        ],	
		"31": [
	    "Случай с папой в прошлый раз",
            "Воспоминание детства",
			"Приснилась \\str[120]",
			"Приснился стейк",
			"Не помню"
        ],
		"32": [
            "\\nl< >\"\\str[121] в детстве?",
			"Жаль, что я не видела маленького \\str[121]~\""
        ],	
		"33": [
            "\\nl< >\"Бегаешь с деревянным мечом,  \\w[60]",
			"кричишь: ‘Однажды я стану героем!’  \\w[90]",
			"Должно быть, это было очень мило!\""
        ],	
		"34": [
            "Нет-нет-нет, чей это неловкий прошлый позор мы вспоминаем?",
			"Если бы мне сейчас это показать,",
			"я бы, наверное, заплакал и провалился под землю."
        ],	
		"35": [
            "\"А, кстати,",
			"кажется, в подвале лежит снаряжение отца.",
			"Помню, он какое‑то время был искателем приключений...\""
        ],	
		"36": [
            "\"Папа занимался такими вещами?\""
        ],			
		"37": [
            "\"В молодости он вытворял всякую глупость—   \\w[60]",
			"Ладно, хороший повод — пойдём искать!\""
        ],	
		"38": [
            "Это была комната, где папа занимался всякими алхимическими исследованиями,",
			"но сейчас она фактически заброшена..."
        ],	
		"39": [
            "\"Оп-ля!\""
        ],	
		"40": [
            "В старом подвале, который уже сто лет как не использовали,",
			"я поискал что‑нибудь полезное."
        ],	
		"41": [
            "\"Хмм...\\w[30] О?\\w[30] Ооо!? \\w[30]",
			"Ооооо!\\w[30]",
			"Это——————!\""
        ],
		"42": [
            "\"Это старое снаряжение папы!",
			"Да! Выглядит круто!\""
        ],	
		"43": [
            "\\nl< >\"А, эм... \\w[60]",
			"Главное, чтобы ты был доволен, \\str[121]...\""
        ],	
		"44": [
            "\"Смотри, дорогая сестра! С этим снаряжением,",
			"\\str[121] сможет без проблем идти куда угодно в Бездну!\""
        ],
		"45": [
            "\\nl< >(\\str[121]... ",
			"он выглядит взволнованным, как маленький ребёнок...)"
        ],
		"46": [
            "Я возбуждённо размахивал пыльным старым снаряжением,",
			"но \\str[120] не проявляла особого интереса."
        ],
		"47": [
            "Вау, не думал, что действительно найду клад...",
			"Но постой, разве я не забывал что‑то важное?"
        ],
		"48": [
            "Ладно, если не вспоминается — и бог с ним.",
			"Хочу как можно скорее опробовать это снаряжение!"
        ],
		"49": [
            "Раз я не смог вспомнить, что было во сне,",
			"я просто что‑нибудь придумал."
        ],
		"50": [
            "\\nl< >\"Ааа— так нечестно! Стеки без ограничений!",
			"Я тоже хочу!\""
        ],
		"51": [
            "А, точно — \\str[120] обожает мясо.",
			"Для неё «стейки сколько хочешь» звучит как мечта."
        ],
		"52": [
            "\"Тогда в следующий раз я принесу ещё мяса,",
			"и устроим большой барбекю-вечеринку вместе, договорились?\""
        ],
		"53": [
            "\\nl< >\"Ура! \\str[121], ты самый лучший!\""
        ],
		"54": [
            "\\nl< >\"Филе~♪ Сырлойн~♪    \\w[90]",
			"Шатобриан~♪ Ти-бон и Рибай~♪\"   \\w[90]"
        ],
		"55": [
            "\\str[120] была так рада, ",
			"что запела какую‑то странную и фальшивую песню.",
			"Ну, раз она счастлива...",
			"Остаётся надеяться, что мы и правда скоро сдержим это обещание..."
        ],
		"56": [
            "\\nl< >\"\\str[121]... ты точно в порядке?  \\w[60]",
			"Ты начинаешь всё забывать как старик, знаешь?\""
        ],
		"57": [
            "Да... почему так?",
			"Будто что‑то невидимое мешает мне вспоминать."
        ],
		"58": [
            "Хмм... ладно.",
			"Когда‑нибудь вспомню.",
			"Не стоит сейчас из‑за этого напрягаться."
        ]		
    },			
  "23": {
        "0": [
            "\\nl< >\"Нет! Ни за что не буду купаться с тобой!\""
		],
		"1": [
            "Меня полностью отвергла \\str[120].",
			"Но всё равно больно это слышать…"
        ],
        "2": [
            "\\nl< >\"Эээ… купаться с \\str[121]?\\w[120]",
            "Я ведь уже не маленькая, знаешь…\""
        ],
        "3": [
            "Получил отказ от \\str[120].",
            "Ну, пожалуй, это вполне естественно…"
        ],
        "4": [
            "\\nl< >\"Ура, в ванную~!\""
        ],
        "5": [
            "\\nl< >\"Ура, время купаться~\""
        ],	
        "6": [
            "\\nl< >\"...Ладно ♥\""
        ],	
        "7": [
            "\\nl< >\"Хмм…\\w[80]Если \\str[121] так сильно этого хочет…\\w[90]",
			"тогда пойдём купаться вместе…\""
        ],	
        "8": [
            "\\nl< >\"Нет! Ни за что не буду купаться с тобой!\""
        ],
        "9": [
            "Меня полностью отвергла \\str[120].",
			"Но всё равно больно это слышать…"
        ],	
        "10": [
            "\\nl< >\"Уф… \\str[121], ",
			"ты правда ведёшь себя как маленький…\"\\w[150]"
        ],	
        "11": [
            "\\nl< >\"Боже… \\str[121], с тобой столько хлопот…",
			"Ладно, я пойду…\""
        ],		
        "12": [
            "Упорными просьбами наконец уговорил \\str[120]…!"
        ],
        "13": [
            "\\nl< >\\{\"Ни——за——что!!\\w[90]",
			"Если это \\str[121], то ты ",
			"точно думаешь о пошлостях!\"\\}"
        ],
        "14": [
            "Уххх… Меня крепко отчитала \\str[120]…"
        ],
        "15": [
            "Умолять изо всех сил",
			"Забыть"
        ],
        "16": [
            "...Разве я не принимал ванну совсем недавно?"
        ],
        "17": [
            "Ммм... похоже, пора в ванну."
        ],
        "18": [
            "Позвать \\str[120]",
			"Идти одному"
        ],
        "19": [
            "Такая редкая возможность, ",
            "может, стоит попробовать пригласить ",
            "\\str[120] помыться вместе..."
        ],	
        "20": [
            "\\nl< >\"Собираешься сейчас в ванну, ",
			"\\str[121]? Тогда увидимся позже~\""
        ]			
    },
  "24": {
        "0": [
            "\\nl< >\"Пора спать.",
            "Тебе тоже стоит отдохнуть, \\str[121]...\""
		],
        "1": [
            "\\nl< >\"Всё нормально, всё нормально! ",
            "Я как раз тоже собиралась спать!\""
		],
        "2": [
            "Лечь спать",
            "Немного подождать"
		],
        "3": [
            "Хмм, ещё есть пара дел, которые хочу сделать."
		],
        "4": [
            "\\nl< >\"Да, уже пора отдыхать.   \\w[120]",
            "Спокойной ночи, \\str[121].\""
		],
        "5": [
            "\\nl< >\"Сегодня ты тоже старался, \\str[121].         \\w[120]",
            "Спокойной ночи...\""
		],
        "6": [
            "\\nl< >\"В последнее время ты стал ложиться так рано, \\str[121]...     \\w[150]",
            "Мне немного одиноко...\""
		],
        "7": [
            "\\nl< >\"Ложишься так рано... Ты в порядке, \\str[121]?    \\w[120]",
            "Сегодня устал?\""
		],
        "8": [
            "\\nl< >\"Понятно... тогда хорошенько отдохни.       \\w[120]",
            "Спокойной ночи, \\str[121].\""
		]
    },
  "25": {
        "0": [
		    "Пикантные темы",
            "Побаловать \\str[120]",
			"Разговор о приключениях",
			"Болтовня"
		],
        "1": [
            "Непринуждённо поболтал с \\str[120] о разном."
		],
        "2": [
            "\"Сегодня у меня новая идея рецепта!\"",
			"\"У тебя волосы отросли.\"",
			"\"Интересно, какая завтра будет погода…\"",
			"\"Эта игра, хм…\"",
			"\"Я уже слышал об этом…\""
		],
        "3": [
            "Предоставь это мне!            \\w[30]",
	        "Шур-шур—\\w[30]шур-шур—\\w[30]шур-шур—\\w[30]",
	        "Я аккуратно расчесал волосы \\str[120]."
		],
        "4": [
            "\"Ты ещё милее, чем вчера!\"",
	        "Я осыпал \\str[120] самыми горячими похвалами."
		],
        "5": [
            "\"Хорошая девочка, хорошая, хорошая—!\"",
	        "Я снова и снова гладил \\str[120] по голове."
		],
        "6": [
            "\"В глубинах подземелья—\"",
	        "Я беседовал с \\str[120] о приключениях в Бездне."
		],
        "7": [
            "\"На самом деле есть куча предметов с магическими эффектами—\"",
	        "Я поговорил с \\str[120] о магических предметах."
		],
        "8": [
            "\"Вчера я нашёл—\"",
	        "Я поделился недавней историей из одного из своих приключений."
		],
        "9": [
            "\"Знаешь, авантюристы всегда собираются в таверне ",
			"чтобы отпраздновать свои победы…\"",
	        "Я поговорил с \\str[120] о повседневной жизни авантюристов."
		],
        "10": [
            "\"Знал? Есть грибы, которые реально умеют бегать!\"",
	        "Я рассказал \\str[120] о странных монстрах, которых встретил в Бездне."
		],
        "11": [
            "\"Вообще-то, мне нра…\""
		],
        "12": [
            "\"Говорить, что пошлости — это плохо, — совершенно неверно!\""
		],
        "13": [
            "\"Девичье тело…\""
		],
        "14": [
            "\"Вот здесь…\""
		],
        "15": [
            "Поболтал с \\str[120] на взрослые темы."
		],
        "16": [
            "Сегодня какие трусики?",
			"Половое воспитание"
		]
    },
  "29": {
        "0": [
		    "\\nl< >\"\\str[121]… не поднимай сейчас странные темы…\""
		],
        "1": [
            "\\str[120] смущённо пробормотала,",
			"но её затуманенный взгляд, казалось, намекал на другое…"
		],
        "2": [
            "\\nl< >\"Это интересно~\""
		],
		"3": [
            "\\str[120] слушала с интересом — отлично!"
		],
        "4": [
            "\\nl< >\"Хм~ понятно.\""
		],
        "5": [
            "\\nl< >\"Ах, да… наверное, так.\""
		],
        "6": [
            "\\str[120] выглядела немного скучающей… ",
			"наверное, тема была не слишком интересной?"
		],
        "7": [
            "\\nl< >\"Довольно глубокая тема.\""
		],
        "8": [
            "\\nl< >\"Эм… \\str[121], давай больше об этом не будем…\""
		],
        "9": [
            "\\str[120], похоже, эта тема не нравится — лучше ",
			"в следующий раз быть осторожнее..."
		],
        "10": [
            "\\nl< >\"\\str[121]… извини, но пожалуйста, хватит...\""
		],
        "11": [
            "Похоже, \\str[120] начинает немного сердиться…"
		],
        "12": [
            "\\nl< >\"Хмм… понимаю…\""
		],
        "13": [
            "\\str[120] слушала рассеянно, словно что‑то терпя."
		],
        "14": [
            "\\nl< >\"—Браааатик~!\""
		],
        "15": [
            "Поднял настроение \\str[120]!"
		],
        "16": [
            "\\nl< >\"Спасибо за сегодня, \\str[121].\""
		],
        "17": [
            "Похоже, настроение \\str[120] улучшилось."
		],
        "18": [
            "\\nl< >\"Мм…\""
		],
        "19": [
            "Реакция \\str[120] какая‑то не совсем обычная…"
		],
        "20": [
            "\\nl< >\"\\str[121]… уже хватит…\""
		],
        "21": [
            "Реакция \\str[120] была не очень."
		],
        "22": [
            "\\nl< >\"Ты надоедаешь, \\str[121]!\""
		],
        "23": [
            "Насолил \\str[120]…"
		],
        "24": [
            "\\nl< >\"\\str[121], большой дурак! Прекрати уже!\""
		],
        "25": [
            "Меня решительно отшила \\str[120]…"
		],
        "26": [
            "\\nl< >\"...Мне немного неловко.\""
		],
        "27": [
            "\\nl< >\"Боже, \\str[121]... снова дразнишь меня.\""
		],
        "28": [
            "\\str[120] выглядела немного растерянной."
		]
    },	
  "30": {
        "0": [
            "Ммм… сейчас не надо… не трогай…"
		],
        "1": [
            "\\nl< >\"Боже, не трогай меня, пока у меня мокрые волосы…\"",
			"\\w[180]\\^"
		],
        "2": [
            "Мои волосы снова все растрепались...",
            "Хмм... какое странное ощущение..",
            "Эхехе...",
            "У тебя такая тёплая рука, \\str[121]…",
			null,
            "\\str[121]…",
			null,
            "Мяу..."
		],
        "3": [
            "\\nl< >\\{\"Боже— \\str[121],",
            "ты слишком увлёкся трогать!\"",
			"\\w[150]\\^"
		]
    },	
  "34": {
        "0": [
            "\\{\"Смотри!                       \\w[40]\\}",
            "Это самая новая модель——          \\^"
		],
        "1": [
            "\\nl< >\\{\"Ооооо——! Это JoyStation V!\"",
            "\\w[120]\\^"
		],
        "2": [
            "\"Точно! Это JoyStation V——     \\w[30]",
            "…А?        \\w[30]",
            "Ты уже знала?\""
		],
        "3": [
            "\\nl< >\"О чём ты, \\str[121]! ",
            "Как человек из индустрии, я обязана знать такие вещи!\""
		],
        "4": [
            "\"Эх… человек из индустрии?\""
		],
        "5": [
            "Чёрт… я так старался эффектно",
            "вытащить подарок с крутой подачей,",
            "но сюрприз совсем не удался…"
		],
        "6": [
            "\\nl< >\"И тут уже установлена полная версия Shadow Soul,",
            "это здорово!\""
		],
        "7": [
            "\\nl< >\"Я так счастлива! ",
            "Ты лучший, \\str[121]! Я люблю тебя!\""
		],
        "8": [
            "Ладно, кажется, в итоге всё же вышел сюрприз—",
            "раз \\str[120] так рада."
		],
        "9": [
            "\\nl< >\"\\str[121], не стой столбом!",
            "Поиграй со мной!\""
		],
        "10": [
            "\"О, давай играть вместе!\""
		],
        "11": [
            "И вот мы вдвоём заигрались до самого утра,",
            "совсем забыв про ужин."
		],
        "12": [
            "\\c[2]\\{",
            "Теперь я смогу играть с \\str[120] и дальше!",
            "\\w[120]"
		],
        "13": [
            "Хм...? Приставка всё ещё включена?",
            "Я забыл её выключить?"
		],
        "14": [
            "\"Ах——\""
		],
        "15": [
            "В тусклом свете я вижу, как \\str[120] играет."
		],
        "16": [
            "\\nl< >\"Ах——\""
		],
        "17": [
            "Похоже, она тоже заметила, что я подхожу."
		],
        "18": [
            "\\nl< >\"Awaaahhhwahhhwahhhh—!\""
		],
        "19": [
            "\\str[120] быстро запрыгнула обратно на кровать ",
            "и уткнулась лицом в подушку, затаившись.",
            "Похоже, она полностью притворяется спящей…"
		],
        "20": [
            "Если присмотреться, видно, что её тело всё ещё слегка дрожит.",
            "Что же сделать… так и тянет немного поддразнить—"
		],
        "21": [
            "Похлопать по попке"
		],
        "22": [
            "Глядя на её аппетитную, круглую попку в пушистых шортиках,",
            "я не удержался и лёгонько хлопнул её."
		],
        "23": [
            "\\nl< >\"Сплю... сплю...\""
		],
        "24": [
            "\\nl< >\"Гыыыыхххмммм...\""
		],
        "25": [
            "\\nl< >\"Не видит меня— \\str[121] меня не видит…\""
		],
        "26": [
            "...Ладно, неважно. Как бы забавно ни было её поведение,",
            "она начинает выглядеть немного жалко. ",
            "Пора перестать её дразнить."
		],
        "27": [
            "\"Спи крепко, ладно?\""
		],
        "28": [
            "Я в последний раз погладил её по голове и вернулся спать."
		]
    },	
  "39": {
        "0": [
            "\\{\"Угх...!? \"\\w[60]"
		],
        "1": [
            "\"У-у меня вдруг сильно разболелся живот...\""
		],
        "2": [
            "\\nl< >\"\\str[121]? Что случилось?\\w[40]",
            "Кажется, я услышала странный звук из твоего живота——\""
		],
        "3": [
            "\\{\"Уооооо——!? \"\\w[60]"
		],	
        "4": [
            "Я чувствовал, как сильно сводит желудок.",
            "А? Неужели я сейчас съел что‑то не то?"
		],
        "5": [
            "Я инстинктивно забеспокоился о \\str[120],",
            "но, посмотрев на неё, ",
            "увидел, что она совершенно спокойна.",
            "Хотя мы ели одно и то же..."
		],
        "6": [
            "Ну, хорошо, что с ней такого не происходит",
            "— всё‑таки в доме только один туалет, ",
            "и если бы ей тоже стало плохо,",
            "  ",
            "ситуация превратилась бы в ",
            "невообразимую катастрофу..."
		],	
        "7": [
            "\"П-прости, ",
            "\\str[121] очень нужно в туалет...\""
		],
        "8": [
            "\\nl< >\"...Э, геморрой опять разыгрался?\""
		],	
        "9": [
            "\\nl< >\"Живот болит?",
            "Бедный \\str[121]...\""
		],
        "10": [
            "\\nl< >\"…Я схожу в туалет.\""
		],
        "11": [
            "\\str[120] пошла в туалет…",
            "Я найду, чем заняться, чтобы убить время."
		],
        "12": [
    		"——Кстати,",
    		"я так и не разобрался с C тогда, да?"
		],
        "13": [
    		"У меня плохое предчувствие, будто чувствую присутствие C.",
    		"Чтобы защитить \\str[120], не сходить ли проверить, как она…?"
		],
        "14": [
            "Пойти проверить",
            "Забыть"
		],
        "15": [
    		"Да… это ради защиты \\str[120], ",
            "и чтобы призвать C к ответу…",
    		"Это же не то, что я пытаюсь подсмотреть или ещё что…"
		],
        "16": [
            "…Забыть.",
            "Идти подглядывать под таким слабым предлогом всё же неправильно."
		],
        "17": [
            "\\nl< >\"М-м… нгх…\""
		],
        "18": [
    		"А? \\str[120] выглядит немного странно,",
    		"щёки пылают, похоже, она что‑то терпит…"
		],
        "19": [
            "\"Что случилось? Плохо себя чувствуешь?\""
		],
        "20": [
            "Я протянул руку к её лбу. Он был теплее обычного,",
            "но это не похоже на жар—            \\w[30]\\^"
		],
        "21": [
            "\\nl< >\"Ах…!\\w[30] Ничего такого!\""
		],
        "22": [
            "\\nl< >\"Я…\\w[30] я…\\w[30] я просто схожу в туалет…!\"",
            "\\w[120]\\^"
		],
        "23": [
            "Она быстро выбежала из комнаты,",
            "А? Она и правда просто спешила в туалет?"
		],
        "24": [
            "Что делать… Пойти посмотреть, как она там?"
		],
        "25": [
            "Пойти проверить",
            "Забыть"
		],
        "26": [
            "Да, на всякий случай…"
		],
        "27": [
            "…Забыть.",
            "Идти подглядывать под таким слабым предлогом всё же неправильно."
		]	
    },		
  "40": {
        "0": [
            "Вернувшись в комнату,",
            "я увидел, как \\str[120] дрожит под одеялом."
		],
        "1": [
            "Что же она такое увидела, что так испугалась…"
		],
        "2": [
            "\\nl< >\"Ууээ… \\str[121]…\""
		],
        "3": [
            "\"Не бойся… \\str[121] рядом, ",
            "теперь нечего бояться.\""
		],
        "4": [
            "Я обнял её и немного успокаивал, ",
            "пока она не пришла в себя."
		],
        "5": [
            "В конце я спросил, что случилось, ",
            "оказывается, она увидела жука в туалете.",
            "Наверное, из‑за потепления… ",
            "пора подумать о средствах от насекомых."
		],
        "6": [
        	"Когда мы вместе вернулись в комнату,",
        	"она снова грустно спряталась под одеяло."
		],	
        "7": [
            "\\nl< >\"Жуки… так страшно… ненавижу жуков…\""
		],	
        "8": [
            "Слышно было, как она бормочет себе под нос,",
            "похоже, испугалась не на шутку…"
		],
        "9": [
            "Так нельзя…",
            "Нужно придумать, как избавиться от насекомых в доме."
		]	
    },		
  "41": {
        "0": [
            "\\str[120] расстроилась после проигрыша в игре,",
            "и теперь свернулась клубочком под одеялом и не шевелится."
		],
        "1": [
            "Ой‑ой… ",
			"похоже, я переборщил с подколами."
		],
        "2": [
			"Нужно как‑то её подбодрить…"
		],
        "3": [
            "Поднять настроение",
			"Похлопать по попке",
			"Утешить"
		],	
        "4": [
	    	"Я нежно похлопал её по спине, тихо говоря,",
	    	"стараясь осторожно вызвать улыбку."
		],
        "5": [
	    	"Я принёс её любимое клубничное молоко,",
	    	"сел рядом и тихо наблюдал, ",
			"не станет ли ей получше."
		],
        "6": [
            "Я осторожно протянул руку и чуть коснулся попки моей \\str[120] —",
			"которая торчала из‑под одеяла в знак протеста — ",
			"в надежде привлечь её внимание."
		],	
        "7": [
	    	"Я положил рядом её плюшевого кролика,",
	    	"притворившись, будто он разговаривает, чтобы рассмешить её."
		],
        "8": [
            "\\nl< >\"Enough already… I forgive you, \\str[121]…\""
		],	
        "9": [
            "\\nl< >\"Не забудь обещание, которое дал мне.\""
		],
        "10": [
            "Она всё ещё дулась,",
            "но хотя бы выглянула из‑под одеяла."
		],	
        "11": [
            "\\nl< >\"\\str[121], ты злюка…\""
		],	
        "12": [
            "\\nl< >\"Я больше не хочу с тобой разговаривать…\""
		],	
        "13": [
            "Похоже, ей стало немного лучше."
		],	
        "14": [
            "\\nl< >\"\\str[121] такой вредный…\""
		],	
        "15": [
            "\\nl< >\"\\str[121]... ты такой вредный...\""
		],	
        "16": [
            "Она всё ещё выглядела чуть подавленной."
		],	
        "17": [
            "\\nl< >\"Я тебя ненавижу… \\str[121]…\""
		],	
        "18": [
            "Она всё ещё казалась очень расстроенной."
		],	
        "19": [
            "\\nl< >\"Тогда… \\str[121]…     \\w[60]",
            "Можно мне кое‑что попросить?\""
		],	
        "20": [
            "\"Да, \\str[121] согласится на всё!\""
		],	
        "21": [
            "\\nl< >\"Только не возвращайся завтра весь в синяках…\""
		],	
        "22": [
            "\\nl< >\"Хочу завтра на ужин мяса…\""
		],	
        "23": [
            "\"А, да — обещаю.\""
		],	
        "24": [
           "Скорее, это была не просьба,",
           "а милая попытка приласкаться.",
           "\\str[120] и правда такая милая, любящая девочка…"
		]	
    },		
  "42": {
        "0": [
            "\\nl< >\"Спааать—\\w[90]",
            "\\str[121], уже очень поздно... пора в кровать, ладно?\""
		],
        "1": [
            "Да, уже так поздно. ",
            "Может, просто лечь спать? "
		],
        "2": [
            "Спать",
            "Подождать"
		],
        "3": [
            "Поздно, пора спать———"
		],
        "4": [
            "...Всё ещё хочется немного чем‑то заняться.",
            "Потерплю ещё чуть‑чуть."
		],
        "5": [
            "\\nl< >\\}\"Mmyaa—zzZ\"\\{"
		],
        "6": [
            "……",
			"……"
		],	
        "7": [
            "Нет, \\str[120] уже вот‑вот уснёт.",
            "На сегодня хватит — пойдём спать."
		],	
        "8": [
            "Аккуратно поднял уже заснувшую \\str[120] ",
            "и отнёс её в кровать."
		],
        "9": [
            "Ладно, и я тоже пойду спать."
		],	
        "10": [
            "\\nl< >\"Спать хочу! Я пошла в кровать—",
            "\\str[121], ты мешаешь, ",
            "так что давай быстренько уходи!\""
		],
        "11": [
            "\"Но я ещё не—!\"\\w[60]\\^"
		],	
        "12": [
            "\\nl< >\"Уходиии— уходиии—\"\\w[60]\\^"
		]		
    },
  "44": {
        "0": [
            "Хмм... хочется чего‑нибудь выпить..."
		],
        "1": [
            "Но дома совсем ничего нет..."
		],
        "2": [
            "Хмм... хочется чего‑нибудь выпить..."
		],
        "3": [
            "Пожалуй, уже и не так хочется ",
            "пить..."
		],			
        "4": [
            "\"Хочешь \\ii[\\v[90]]?\""
		],
        "5": [
            "\\nl< >\"Да какая разница! \\str[121] может пить всё, что захочет!\""
		],
        "6": [
            "\\nl< >\"Оо! Да-да, буду!\""
		],
        "7": [
            "\\nl< >\"Мм, спасибо за старания, \\str[121].\""
		],
        "8": [
            "\\nl< >\"Звучит не очень вкусно, но, думаю, сойдёт.\""
		],
        "9": [
            "\\nl< >\"Я не люблю горькое...",
			"ты правда будешь это пить?\""
		],
        "10": [
            "Кстати, ",
			"я ещё купил немного снэков у того странного лавочника...",
			"дать ли и \\str[120] попробовать?"
		],
        "11": [
            "Попробовать",
			"Забыть"
		],
        "12": [
            "Может, в следующий раз."
		],
        "13": [
            "\"Сегодня ещё остались снеки!",
			"Это\\ii[\\v[90]], хочешь попробовать?\""
		],
        "14": [
            "\\nl< >\"Да, буду... снеки ни в чём не виноваты.\""
		],
        "15": [
            "\\nl< >\"Э? ",
			"С такой парой даже снеки становятся невкусными...\""
		],
        "16": [
            "\\nl< >\"Ура! Мы можем поесть снэков вместе!\""
		],
        "17": [
            "Немного вместе перекусили."
		],
        "18": [
            "\\nl< >\"\\str[121], мне немного хочется пить. ",
			"Хочу воды.\""
		],
        "19": [
            "Жаждешь? Хорошо, что я сегодня купил\\ii[\\v[90]]."
		],
        "20": [
            "\"Хочешь \\ii[\\v[90]]?\""
		],
        "21": [
            "\\nl< >\"А? Откуда это?\""
		],
        "22": [
            "\"Раньше днём купил в торговом автомате ",
			"в лесу\""
		],
        "23": [
            "\\nl< >\"Что? Почему торговый автомат ",
			"в лесу...?\""
		],
        "24": [
            "\"Странно, да? Но я бросил монетку — ",
			"он как обычно выдал напиток, ",
			"и срок годности вполне свежий.\""
		],
        "25": [
            "\"Странно, да? ",
			"но он действительно выдал напиток, ",
			"и срок годности совсем свежий.\""
		],
        "26": [
            "Но я случайно сломал автомат,",
			"интересно, не придётся ли потом расплачиваться ",
			"за ущерб...",
			"Если подумать, как‑то неловко..."
		],
        "27": [
            "\\nl< >\"Ну, тогда налей мне стакан.\""
		],
        "28": [
            "Я налил по стакану\\ii[\\v[90]] ",
			"и для \\str[120], и для себя."
		],
        "29": [
            "Холодный и освежающий, очень вкусно."
		],
        "30": [
            "Мы немного устроили чаепитие вместе."
		],
        "31": [
            "В следующий раз, когда купишь напиток,",
			"можно будет поделиться им с \\str[120]!    \\w[60]"
		],
        "32": [
            "Я достал маленький флакон ",
			"с Эликсиром Рубрум,",
			"но стоило протянуть его ей, ",
			"как меня охватил страх—"
		],
        "33": [
            "А что если...",
			"он на неё не подействует? Или хуже, ",
			"станет только хуже...?  \\w[60]",
			"Исследования отца должны быть верны, но всё же…!"
		],
        "34": [
            "\\nl< >\"\\str[121]? Что такое?  \\w[45] ",
			"Ты дрожишь...\""
		],
        "35": [
            "\"…А, ничего.\""
		],
        "36": [
            "Я только заставил её волноваться.   \\w[45]",
			"Но я всё ещё не мог решиться ",
			"— дать ей выпить или нет —"
		],
        "37": [
            "\\nl< >\"Это то самое лекарство, которое ты ",
			"всё это время искал, верно?   \\w[90]\"",
			"Ты переживаешь за меня, \\str[121]?"
		],
        "38": [
            "Она вдруг взяла мою руку, ",
			"в которой я держал Эликсир Рубрум."
		],
        "39": [
            "\\nl< >\"\\str[121], ты так стараешься ради меня.  \\w[90]",
			"Поэтому я тоже хочу постараться ради тебя...\""
		],
        "40": [
            "\\nl< >\"Так что дай мне попробовать это лекарство.\""
		],
        "41": [
            "В её словах чувствовалась решимость."
		],
        "42": [
            "\"…Если вдруг почувствуешь что‑то не так, ",
			"пообещай, что сразу выплюнешь, ладно?\""
		],
        "43": [
            "Отступать было бессмысленно.",
			"Я налил красный эликсир в стакан молока ",
			"и протянул ей."
		],
        "44": [
            "Она почти сразу выпила молоко, ",
			"смешанное с Эликсиром Рубрум, ",
			"а я с тревогой наблюдал за любыми признаками реакции."
		],
        "45": [
            "\\nl< >\"Угх...\""
		],
        "46": [
            "Она внезапно скривилась, будто от боли."
		],
        "47": [
            "\"На вкус… странно!?\""
		],
        "48": [
            "\\nl< >\"Вкусно! Сладко и с кислинкой, ",
			"я бы выпила ещё стакан~!\""
		],
        "49": [
            "К моему удивлению, ей даже понравился вкус. ",
			"Все мои переживания вдруг оказались лишними..."
		],
        "50": [
            "В итоге после Эликсира Рубрум ",
			"ничего будто бы не изменилось.",
			"Неужели он и правда не имеет эффекта?"
		]
    },		
  "51": {
        "0": [
            "\\nl< >\"Я вернулась…\""
		],
        "1": [
            "Щёки \\str[120] румяные, от тела исходит лёгкий, ",
            "сладкий аромат — это…"
		],
        "2": [
            "\"Что случилось? Ты же так спешила только что—\""
		],
        "3": [
            "\\nl< >\"Н-нет, ничего…!     \\w[90]",
            "Просто молоко было какое‑то странное на вкус, ",
            "и мне срочно захотелось в туалет…!\""
		],
        "4": [
            "\\nl< >\\}\"Ууээ……      \\w[60]",
            "Тело всё ещё будто в жару…\"         ",
            " \\w[180]\\^"
		]	
    },		
  "53": {
        "0": [
            "\\nl< >\"\\str[121], ",
            "давай не будем сейчас о странном...\""
		],
        "1": [
            "С весёлой улыбкой ",
            "я спросил у \\str[120], какие на ней сейчас трусики."
		],
        "2": [
            "\\nl< >\"Мм... \\str[121],",
            "тебе так уж хочется это знать?\""
		],
        "3": [
            "\\str[120] не особенно сопротивлялась,",
            "может, это шанс?"
		],
        "4": [
            "\\nl< >\"Что такое, \\str[121]? ",
            "Какие странные вопросы задаёшь...\""
		],
        "5": [
            "\"Ах... эм... ничего...\""
		],
        "6": [
            "Увидев невинное выражение \\str[120], ",
            "я сгорал от стыда и отвернулся."
		],
        "7": [
            "Не сдаваясь, я снова расспросил \\str[120] ",
            "о том, какие на ней сейчас трусики."
		],
        "8": [
            "\\nl< >\"Боже, тебе я и правда отказать не могу...\""
		],
        "9": [
            "\\nl< >\\}\"Вообще ничего не надето...\""
		],
        "10": [
            "\\nl< >\\}\"Голубые в белую полоску...\""
		],
        "11": [
            "\\nl< >\\}\"Розовые в белую полоску...\""
		],
        "12": [
            "\\nl< >\\}\"Просто белые...\""
		],
        "13": [
            "Она вприпрыжку подошла и наклонилась ближе, прошептав мне на ухо.",
            "Лёгкий цитрусовый аромат на её тёплом дыхании скользнул по мне —",
            "и по спине пробежала дрожь."
		],
        "14": [
            "\\nl< >\"\\str[121] теперь доволен~?\""
		],
        "15": [
            "\\nl< >\"Э‑э... \\str[121],",
            "что ты хотел этим вопросом...?\""
		],
        "16": [
            "\\str[120] лишь растерянно посмотрела на меня."
		],
        "17": [
            "Набравшись смелости, ",
            "я в последний раз спросил у \\str[120], ",
            "какие на ней сейчас трусики."
		],
        "18": [
            "\\nl< >\"\\str[121] и так уже знает, разве нет? ",
            "Больше не скажу!\""
		],
        "19": [
            "\\nl< >\"Боже, \\str[121], какой же ты назойливый!\""
		],
        "20": [
            "В итоге я её только разозлил..."
		]		
    }			
}