{
    "2": {
        "0": [
            "\\nl< >\"\\str[121]... cố lên nhé...    \\w[90]",
			"Chắc chắn anh sẽ khỏe lại thôi.\""
		],
        "1": [
            "Liệu phẩm giá của tôi với tư cách là \\str[121] của em ấy sẽ ra sao..."
		],
        "2": [
            "\\nl< >\"\\str[121]... đừng buồn.\""
		],
        "3": [
            "\\nl< >\"\\{Trĩ\\}? Chắc là do thói quen xấu thôi...\""
		],
        "4": [
            "Tệ thật. Hiểu lầm càng lúc càng nghiêm trọng—"
		],
        "5": [
            "\"Đó là nguyên nhân anh không——\"",
			"\\w[45]\\^"
		],
        "6": [
            "\\nl< >\\{  \"Chẳng lẽ là chuyện nghiêm trọng hơn sao!?\"   "
		],
        "7": [
            "\"Xin lỗi, chỉ là trĩ thôi.\""
		],
        "8": [
            "Và vậy là lý do tôi ngồi lâu trong nhà vệ sinh ",
			"chính thức được xác định..."
		],
        "9": [
            "\\nl< >\"...Thì ra là táo bón thật sao?\""
		],
        "10": [
            "Không ổn—",
			"\\str[120] bắt đầu hiểu nhầm rồi."
		],
        "11": [
            "\"Ôi \\str[120] ơi, \\str[121] của em ",
			"chỉ đang suy nghĩ về những chuyện sâu xa thôi, biết chưa?\""
		],
        "12": [
            "\\nl< >\"Hiểu rồi...! Thật tuyệt vời, \\str[121].\""
		],
        "13": [
            "Tuyệt vời phải không? ",
			"\\str[121] của em vừa tạm thời đạt tới cảnh giới hiền triết."
		],
        "14": [
            "\"Dù sao đi nữa, bắt đầu nấu bữa tối thôi!\""
		],
        "15": [
            "\\nl< >\"\\str[121], anh lại ngồi trong nhà vệ sinh lâu quá.\""
		],
        "16": [
            "Không thể chối được... Tôi thật sự ở trong đó lâu thật..."
		],
        "17": [
            "\"Ahem...! Hiện giờ chuyện đó không quan trọng,",
			"nào, bắt đầu làm bữa tối thôi!\""
		],
        "18": [
            "\\nl< >\"Thật đáng ngờ...\""
		],
        "19": [
            "\\nl< >\"Anh chậm quá, \\str[121]! Anh bị táo bón à?!\""
		],
        "20": [
            "\"Ahaha... không thể nào...\""
		],
        "21": [
            "\"Em đói rồi đúng không? ",
			"Được rồi, bắt đầu nấu bữa tối nào—!!\""
		]
    },
    "3": {
        "0": [
            "\\nl< >\"\\str[121]... Anh vẫn còn ở đó, phải không?\""
		],
        "1": [
            "\\nl< >\"Côn trùng thật đáng sợ, ",
			"nhưng \\str[121] đã đến giúp em ngay lập tức.\""
		],
        "2": [
            "\\nl< >\"Anh đến nhanh thật đấy,",
			"giống như thể anh đang đợi sẵn ngay bên ngoài nhà vệ sinh vậy.\""
		],
        "3": [
            "\\>\\{\"—Áck!\"",
			"\\w[90]"
		],
        "4": [
            "Bị cảm giác tội lỗi chiếm lấy,",
			"Tôi mất tập trung một lúc, trượt chân và suýt ngã."
		],
        "5": [
            "\\nl< >\"\\str[121]... anh có sao không!?\""
		],
        "6": [
            "\"K-không sao, anh ổn mà! Anh chỉ chạy quá nhanh,",
			"nên bị trẹo chân một chút thôi, ahaha...\""
		],
        "7": [
            "Sau đó, tôi bằng cách nào đó cũng xoay sở để che giấu chuyện đó trước mặt \\str[120]."
		],
        "8": [
            "\\nl< >\"\\str[121], thật là— lúc nãy anh trông ngầu lắm cơ...",
			"vậy mà giờ lại trêu em nữa!\""
		],
        "9": [
            "\\nl< >\"Nghĩ lại thì, lần này \\str[121] xuất hiện khá nhanh.",
			"Đừng nói là anh đã đợi sẵn ở ngoài nhà vệ sinh nhé...?\""
		],
        "10": [
            "\\nl< >\"Ugh, côn trùng thật sự đáng sợ...",
			"Em mừng vì \\str[121] đã đến đúng lúc.\""
		],
        "11": [
            "\"Đừng lo, ",
			"anh sẽ luôn chạy đến bất cứ khi nào em gặp nguy hiểm!\""
		],
        "12": [
            "\\nl< >\"Nhưng mà này, \\str[121]...",
			"núp sẵn ở ngoài nhà vệ sinh ngay từ đầu,",
			"như thế thì hơi bất cẩn đấy〜\""
		],
        "13": [
            "\\nl< >\"Không được đâu nhé? ",
			"Nhìn lén một cô gái khi cô ấy đang trong nhà vệ sinh~!\""
		],
        "14": [
            "\\nl< >\"Vậy sao nào? ",
			"Nhìn thấy một cô gái đang đi vệ sinh bằng ánh mắt dâm đãng của anh—",
			"cảm giác thế nào hả?\""
		],
        "15": [
            "\"Ahaha... vậy là anh bị phát hiện rồi sao...?\""
		],
        "16": [
            "Mồ hôi lạnh chảy dọc sống lưng khi tôi nhìn nụ cười tinh nghịch của \\str[120].",
			"Trong một khoảnh khắc, tôi tự hỏi liệu em ấy có thực sự tức giận không—",
			"hay là... chính tôi mới là người đang bị em ấy trêu đùa..."
		]
    },
    "4": {
        "0": [
            "Tôi muốn làm \\str[120] vui hơn một chút,",
			"nhưng lại bị đuổi ra khỏi phòng.\""
		],
        "1": [
            "Thôi được, chắc tôi sẽ đi ngủ trước—",
			"mai sẽ nghĩ cách khác..."
		]
    },		
    "6": {
        "0": [
            "Haa... may mà tôi không phải đội cái quần ",
			"trước mặt \\str[120]...",
			"Nhưng———"
		],
		"1": [
            "\\{\"Ugh———\"  \\w[60]"
        ],
        "2": [
            "Tệ hơn tôi nghĩ...",
            "Đã hơn nửa tiếng rồi sao...?"
        ],
        "3": [
            "Cảm giác như toàn thân bị rút hết sức lực...",
            "Chắc chắn có gì đó không ổn ",
			"với bữa tối rồi?"
        ],
        "4": [
            "\\nl< >\"\\str[121]... anh có ổn không...?",
			"Em nghe thấy... những âm thanh đáng sợ lắm...\""
        ],
        "5": [
            "\"Ahaha... có lẽ anh bị ngộ độc thực phẩm rồi...",
			"Đừng lại gần... ở đây nguy hiểm lắm...\""
        ],	
        "6": [
            "Tôi nghe giọng lo lắng của \\str[120] từ ",
			"bên ngoài cửa. Dù rất muốn ",
			"ra khỏi đây nhanh, ngay cả sức để ",
			"đứng cũng dần trượt khỏi tôi..."
        ],	
        "7": [
            "\\{\"Uooohhhh—\"  \\w[60]"
        ],
        "8": [
            "Mình không thể...",
			"Nó cứ không dừng lại được..."
        ],
        "9": [
            "\\nl< >\"\\str[121]... anh vẫn còn ở đó à?\""
        ],
        "10": [
            "\\nl< >\"U-um... thực ra...",
			"Em cũng cần phải vào nhà vệ sinh...\""
        ],
        "11": [
            "\\{\"Gwoooaaahhh—\" \\w[60]"
        ],	
        "12": [
            "\\{\"Ch-chưa xong—",
			"Anh vẫn... chưa thể ra—!\""
        ],
        "13": [
            "\\nl< >\"Eh... đã đứng ở đây được thêm mười phút nữa rồi đó...\\w[120]",
			"Em... Em thật sự cũng cần phải đi...\""
        ],	
        "14": [
            "\"Uwooaaahhhh—!",
			"N-nó không ngừng—!\""
        ],
        "15": [
            "\\nl< >\"\\str[121]... nó sắp tới rồi...\""
        ],	
        "16": [
            "\"Uwooaaaaooooqaswdectfrvtghunijopioijoh——!\""
        ],
        "17": [
            "\\nl< >\"Uwaaaahhh——!",
			"Em không thể kiềm nén được nữa...!\""
        ],
        "18": [
            "\"Uwaaaaahhhhhhh——!\"",
			"\"Uwooooohhhhhhh——!\""
        ],
        "19": [
            "Đêm đó, từ một căn nhà hẻo lánh,",
			"phát ra tiếng gầm của một con quái thú,",
			"trộn lẫn với tiếng rên rỉ ",
			"và tiếng thở khó tả."
        ],	
        "20": [
            "Đôi khi trầm như con quái thú sắp chết,",
			"đôi khi chói tai như tiếng thét của một cô gái nhút nhát,",
			"chúng hòa vào một bản giao hưởng hỗn loạn",
			"và mơ hồ."
        ],	
        "21": [
            "Trong khi đó, sâu vào màn đêm khuya xa xôi,",
			"ngay cả những mạo hiểm giả vẫn chiến đấu ở ",
			"tận rìa vực thẳm cũng cảm thấy rùng mình.",
			"Bản năng khiến họ tạm dừng tay cầm kiếm,",
			"giao nhau ánh mắt, thoáng chốc tự hỏi liệu đâu đó",
			"trong bóng tối, một sinh vật vực thẳm mới ",
			"chưa ai từng biết vừa được sinh ra."
        ]
    }
		
}
