{
  "autoUpdateReminder": {
    "0": [
      "El proceso de actualización comenzará automáticamente cuando despiertes al día siguiente.",
      "¡Por favor, asegúrate de que tu conexión a Internet esté estable durante el proceso!",
      "\\w[120]"
    ],
    "1": [
      "¡No se puede ver el registro de actualización!",
      "¡Puede que haya fallado la conexión de red!",
      "\\w[120]"
    ]
  },
  "maidBunnyBoss": {
    "0": [
      "¡Realmente no hay nada especial más adelante!",
      "¡Así que no hay necesidad de que vayas a revisar, usa!"
    ],
    "1": [
      "¡N-no hay nada aquí, en serio! ¡N-no te acerques más!",
      "¡J-juro que no hay absolutamente nada escondido aquí, usa!"
    ]
  },
  "imoutoAhoge": {
    "0": [
      "Arranqué accidentalmente el ahoge de Imouto."
    ],
    "1": [
      "Parece que no notó nada inusual, ",
      "y le volvió a crecer rápidamente.",
      "...¿Podría ser esto algún tipo de recurso renovable?"
    ],
    "2": [
      "\\nl< >\"...¿Qué pasa, Onii-chan?",
      "Te ves muy serio.\""
    ],
    "3": [
      "Como parece complicado, ",
      "mejor no pienso demasiado en ello."
    ],
    "4": [
      "Mejor no tocarlo de nuevo..."
    ],
    "5": [
      "\\nl< >\"...Me pica un poco la cabeza.   \\w[30]",
      "¿Hiciste algo, Onii-chan?\""
    ],
    "6": [
      "\"¡N-no hice nada… En serio!\""
    ]
  },
  "cookingSystem": {
    "0": [
      "\\ii[\\v[\\v[85]]]está listo. ¿Qué debo hacer?"
    ],
    "1": [
      "Intercambiar",
      "Eliminar"
    ],
    "2": [
      "¡¡Todavía seleccionando ingredientes!!"
    ]
  },
  "inventoryExpansion": {
    "0": [
      "Parece que usar \\ii[312]",
      "puede expandir la capacidad de la mochila..."
    ],
    "1": [
      "Expandir espacios de armas",
      "Expandir espacios de equipo",
      "Cancelar"
    ],
    "2": [
      "La cantidad de \\ii[312]",
      "parece insuficiente..."
    ]
  },
  "loadingEasterEgg": {
    "0": [
      "\\nl< >\"El filete de hamburguesa es la comida más deliciosa.\"  \\w[180] \\^"
    ],
    "1": [
      "\\nl< >\"Onii-chan seguro traerá ",
      "una montaña de carne para su Imouto...\"   \\w[360] \\^"
    ],
    "2": [
      "Mi hermana parece estar diciendo algo..."
    ],
    "3": [
      "\\nl< >\"Pero los pimientos verdes son el enemigo.   \\w[120]",
      "Onii-chan, tienes que comértelos todos…       \\w[120]",
      "¡Ve a derrotar al enemigo verde~!\"               \\w[120]\\^"
    ],
    "4": [
      "\\nl< >\"Ah, estás despierto…     \\w[60]",
      "Onii-chan, ¿dormiste bien?\""
    ],
    "5": [
      "\"No mucho… Por cierto, ",
      "he estado escuchando sonidos extraños ",
      "desde hace un rato…\""
    ],
    "6": [
      "\\nl< >\"Ehehe, ¡eso fue mi    \\w[60]",
      "servicio especial de sueño para ti, Onii-chan!\""
    ],
    "7": [
      "\\nl< >\"Mi hermana es tan linda...               \\w[120]",
      "Es mi chica favorita en todo el mundo...  \\w[210]",
      "Mi hermana es————                              \\w[150]\\^"
    ],
    "8": [
      "Mi hermana parece estar diciendo algo..."
    ],
    "9": [
      "\\nl< >\"¡Ah, onii-chan! ¡Buenas tardes—!\""
    ],
    "10": [
      "\\nl< >\"Um... ¿Escuchaste todo lo que acabo de decir?\""
    ],
    "11": [
      "\\nl< >\"Onii-chan, tu cara durmiendo ",
      "estuvo tan graciosa hace un rato~\""
    ],
    "12": [
      "\\nl< >\"Es raro verte dormitando~\""
    ]
  },
  "rubberDuck": {
    "0": [
      "Un pato de goma solitario ",
      "flota en el agua..."
    ],
    "1": [
      "Recogerlo",
      "Dejarlo estar"
    ],
    "2": [
      "¿Alguien lo tiró?",
      "Se ve un poco triste, ¿no…?"
    ],
    "3": [
      "Ahora que lo pienso…",
      "Yo también bajé arrastrado desde aguas arriba..."
    ],
    "4": [
      "Si me llevo esto a casa...",
      "¿Mi hermana estaría feliz?"
    ],
    "5": [
      "Pero parece un poco sucio,",
      "así que quizás mejor dejarlo..."
    ]
  },
  "drowning": {
    "0": [
      "Ahhh... eso estuvo cerca... ",
      "¡Resbalé desde la orilla del río y casi me ahogo!"
    ]
  },
  "erohon": {
    "0": [
      "(Aún hay gente o monstruos cerca...",
      "mejor no sacar este libro.)"
    ]
  },
  "ninja": {
    "0": [
      "No puedo creer que haya una sala secreta artificial en un lugar como este.",
      "¿Quién podría haberla construido…?"
    ],
    "1": [
      "¡¿Whoa…!?",
      "¡Incluso hay una chica desmayada aquí…!"
    ],
    "2": [
      "Ahora que lo pienso, he estado escuchando ruidos extraños…",
      "¿Eran los sonidos de su estómago…?"
    ],
    "3": [
      "Ugh…",
      "Qué hambre…"
    ],
    "4": [
      "…………",
      "¿Está tan hambrienta que apenas está consciente…?"
    ],
    "5": [
      "Hay una fogata aquí, perfecto.",
      "¡Le prepararé algo de comer!"
    ],
    "6": [
      "¿Debería usar \\ii[\\v[90]]     ",
      "y hacer algo sencillo?"
    ],
    "7": [
      "¡Hagámoslo!",
      "…Mejor no."
    ],
    "8": [
      "Hmm… Quizás debería intercambiar ",
      "ingredientes mejores…"
    ],
    "9": [
      "¡Oye~, te preparé comida caliente!",
      "¿Crees que puedas comer?"
    ],
    "10": [
      "Sniff sniff… sniff sniff…",
      "Ese olor… ¿es comida?"
    ],
    "11": [
      "¡¡El olor de la comida!!"
    ],
    "12": [
      "\\{¡Bien, voy a comer!!"
    ],
    "13": [
      "Tú… pequeña…",
      "Yo hice eso, ¿sabes…?"
    ],
    "14": [
      "(Se lo terminó en unos pocos bocados…",
      "Realmente debía estar hambrienta…)"
    ],
    "15": [
      "Ñam ñam… ¡Me salvaste!",
      "No he comido en días… ñam ñam…"
    ],
    "16": [
      "Pensé que me convertiría en un fantasma hambriento",
      "que acecha esta mazmorra… Grrrr…"
    ],
    "17": [
      "Oye… come un poco más despacio… Por cierto,",
      "¿por qué estás aquí sola en un lugar como este?"
    ],
    "18": [
      "¡Ah! ¡Pues—!",
      "¡Estaba trabajando en mi misión en serio!"
    ],
    "19": [
      "¡Quería buscar el tesoro escondido en esta área,",
      "así que cavé una sala secreta en un lugar apartado!"
    ],
    "20": [
      "Pero entonces… ñam ñam.",
      "¡Después de entrar, la entrada quedó bloqueada por una lápida!"
    ],
    "21": [
      "Ugh, no esperaba eso para nada,",
      "así que mis provisiones se agotaron super rápido… y luego…"
    ],
    "22": [
      "Una ninja metida en un lío así…",
      "No puedo enfrentarme a la organización ahora…"
    ],
    "23": [
      "¿Eh… eh? Pero ¿por qué",
      "cavaste una sala secreta en primer lugar…?"
    ],
    "24": [
      "Porque ese tesoro no siempre aparece,",
      "así que debía estar preparada para una larga estadía… ñam ñam."
    ],
    "25": [
      "Además, no puedo dejar que nadie más sepa esto,",
      "¡es una misión ultra secreta directa de la jefa!"
    ],
    "26": [
      "Si alguien más se entera…",
      "¿qué crees que pasará…?"
    ],
    "27": [
      "Claro, tendría que eliminarlos en silencio…",
      "de lo contrario, sería una ninja fracasada… ñam ñam."
    ],
    "28": [
      "…¿Espera, qué?",
      "¡Acabo de filtrar información!"
    ],
    "29": [
      "Em… Prometo no decir nada…",
      "así que, eh…"
    ],
    "30": [
      "…¡¿Eh?!"
    ],
    "31": [
      "No puedo creer que me equivoqué tan feo otra vez…",
      "Ugh… incluso si me salvaste…"
    ],
    "32": [
      "¡E-espera un segundo!",
      "¡¿Vas a matarme solo por eso?!"
    ],
    "33": [
      "De eso se trata ser ninja…",
      "Debes luchar para sobrevivir…"
    ],
    "34": [
      "O sea, tampoco quiero lastimarte",
      "pero aún te debo una comida…"
    ],
    "35": [
      "S-si es así—",
      "\\^"
    ],
    "36": [
      "Entonces solo hay una respuesta—",
      "¡Tú también debes convertirte en ninja!"
    ],
    "37": [
      "Si te unes a nuestro grupo,",
      "¡no hay razón para que peleemos!"
    ],
    "38": [
      "¡E-espera un momento!",
      "¡¿Realmente no tengo opción aquí?!"
    ],
    "39": [
      "Está bien,",
      "seré suave…"
    ],
    "40": [
      "…¡¿Wah!?",
      "¡¡Aléjate de mí!!"
    ],
    "41": [
      "¡Realmente tienes talento para esto del ninja…!",
      "¡Aprendiste todo con un poco de práctica!"
    ],
    "42": [
      "¡Ahora,",
      "tú también eres uno de nosotros!"
    ],
    "43": [
      "¡Pero tendré que esperar a que mi misión termine",
      "antes de presentarte con la jefa!"
    ],
    "44": [
      "En este punto,",
      "ya nada importa realmente…"
    ]
  }
}