{
  "2": {
    "0": [
      "Tras cruzar el Portal Estelar, ",
      "el fragmento de piedra en mi mochila de repente ",
      "emitió una intensa ola de calor.",
      " ",
      "Me apresuré a sacar el fragmento, solo para descubrir ",
      "que lo que había estado tranquilo y estable todo este ",
      "tiempo había comenzado a transformarse—"
    ],
    "1": [
      "\"¿Q-Qué es esto...\""
    ],
    "2": [
      "No tengo idea de lo que acaba de pasar.",
      "La piedra de repente comenzó a brillar ",
      "intensamente bajo esos pulsos extraños..."
    ],
    "3": [
      "En el siguiente momento, ",
      "la piedra de repente comenzó a derretirse—"
    ],
    "4": [
      "\"Ah… aaah!?   \\w[60]",
      "¡No, no—se va a derramar!!\""
    ],
    "5": [
      "Mientras la piedra inesperadamente y rápidamente se convertía ",
      "en líquido, revolví frenéticamente mi ",
      "mochila y saqué una botella de vidrio, apresuradamente ",
      "recogiendo el líquido rojo que aún se aferraba a mis manos."
    ],
    "6": [
      "…………",
      "…………"
    ],
    "7": [
      "¿Podría ser este el Elixir Rubrum que mi ",
      "padre mencionó...?",
      "¿Pero por qué reaccionaría dentro de este portal...?"
    ]
  }
}