{
  "1": {
    "0": [
      "Es una era muchos años después de que ",
      "el Héroe derrotara al Señor Demonio."
    ],
    "1": [
      "El Héroe y el Sabio, una vez famosos,",
      "sus leyendas ahora no son nada más",
      "que cuentos de hadas que los adultos usan para regañar a los niños."
    ],
    "2": [
      "Este es el nombre dado al misterioso laberinto gigante",
      "que apareció repentinamente en la superficie hace diez años."
    ],
    "3": [
      "Su profundidad aparentemente infinita,",
      "áreas llenas de varias ruinas,",
      "y monstruos que se reproducen rápidamente bajo su poder mágico."
    ],
    "4": [
      "Con el Señor Demonio ya no amenazando a la humanidad,",
      "el nacimiento repentino de este laberinto desconocido,",
      "destrozó al instante la breve paz del mundo humano."
    ],
    "5": [
      "El Gremio de Aventureros organizó muchos equipos de exploración",
      "para adentrarse en él, pero nunca lograron avances decisivos.",
      "Sin embargo, el laberinto nunca ha mostrado intención de invadir",
      "o atacar el mundo exterior."
    ],
    "6": [
      "Señores locales y varios poderes,",
      "intentaron nombrar y administrar el laberinto."
    ],
    "7": [
      "Aun así, todos esos nombres fueron olvidados con el tiempo,",
      "y al final, solo quedó 'Abismo',",
      "grabado profundamente en la memoria de la gente."
    ],
    "8": [
      "Como el laberinto no mostraba señales de",
      "expandirse para consumir el mundo,",
      "el Gremio de Aventureros finalmente decidió——",
      "abrir sus derechos de exploración al público."
    ],
    "9": [
      "Así, la una vez olvidada profesión,",
      "'aventurero',",
      "recibió una nueva era de gloria y fervor."
    ],
    "10": [
      "Y en este último gran laberinto,",
      "solo tengo un objetivo——",
      "encontrar una manera de curar completamente la condición de mi \\str[120]———"
    ]
  },
  "4": {
    "0": [
      "Mi padre era un alquimista brillante."
    ],
    "1": [
      "Incluso en esta era pacífica donde no hay que luchar contra demonios,",
      "aún resolvió activamente varios misterios alquímicos."
    ],
    "2": [
      "\"Lo siento mucho… por tu madre…\""
    ],
    "3": [
      "\"He intentado todo…",
      "¡pero…!\""
    ],
    "4": [
      "Sin embargo, este hombre, admirado por todos,",
      "ahora estaba arrodillado débilmente en el suelo,",
      "disculpándose repetidamente",
      "ante mi yo infantil."
    ],
    "5": [
      "Su agarre en mis hombros se endureció,",
      "y no pude evitar empezar a llorar.",
      "Quizás al darse cuenta de que perdió el control,",
      "lentamente aflojó sus manos y en su lugar me acarició la cabeza."
    ],
    "6": [
      "\"Todo está bien… es culpa de papá,",
      "no debería rendirme tan fácilmente…\""
    ],
    "7": [
      "\"Eres un buen niño, ",
      "no deberías cargar con todo esto…",
      "deja el resto a papá.\""
    ],
    "8": [
      "\"Así es… incluso si me cuesta todo… debo…\""
    ],
    "9": [
      "Su voz comenzó a temblar,",
      "¿tenía miedo de algo?"
    ],
    "10": [
      "No entendía nada en ese entonces, ",
      "pero recuerdo que después de ese día,",
      "nunca volvió a ser el padre amable y gentil que una vez conocí."
    ]
  }
}