{
  "3": {
    "0": [
      "\"Estoy de vuelta.\""
    ],
    "1": [
      "\\nl< >\"¿\\str[121]? Regresaste temprano hoy.\""
    ],
    "2": [
      "\"Sí, me sentí un poco cansado hoy,",
      "así que no me esforcé por salir a explorar…\""
    ],
    "3": [
      "\\nl< >\"Esto es eso… la llamada Enfermedad de mayo, ¿verdad?\""
    ],
    "4": [
      "¿Mayo? Pero estamos en pleno verano ahora."
    ],
    "5": [
      "\\nl< >\"A menudo me siento igual…",
      "pensé que aún era mediodía, pero cuando desperté, ",
      "\\str[121] ya había preparado la cena…\""
    ],
    "6": [
      "…¿Eso no es simplemente dormir demasiado?"
    ],
    "7": [
      "\\nl< >\"Es bueno relajarse a veces, \\str[121].",
      "¡Ven a jugar conmigo!\""
    ],
    "8": [
      "\\nl< >\"Descansar adecuadamente también es importante, ",
      "así que ten cuidado la próxima vez.\""
    ],
    "9": [
      "\\nl< >\"Entiendo,",
      "entonces déjame darte un masaje, \\str[121]!\""
    ],
    "10": [
      "Sí, hay mucho tiempo—relajémonos y descansemos hoy."
    ],
    "11": [
      "Tienes razón, hay mucho tiempo—relajémonos y descansemos hoy."
    ],
    "12": [
      "\\nl< >\"Entonces, ¿por qué no intentas dormir una siesta también, \\str[121]…",
      "se siente muy bien, ¿sabes?\""
    ],
    "13": [
      "Al final, dormí la siesta con \\str[120] hasta que el sol se puso."
    ],
    "14": [
      "Pasé todo el día jugando con \\str[120]."
    ],
    "15": [
      "Pasé un día relajante con \\str[120]."
    ],
    "16": [
      "\\str[120] me dio un masaje con entusiasmo durante mucho tiempo,",
      "y como se sentía tan bien, me quedé dormido…"
    ]
  },
  "9": {
    "0": [
      "La cálida sensación en mi pecho me recuerda constantemente que la medicina que tanto ansiaba ya está en mis manos.",
      "Pero esta experiencia tan irreal aún me resulta difícil de aceptar."
    ],
    "1": [
      "Conecté el tarot de la estrella que hay en la entrada de casa.",
      "Es uno de los objetos que dejó mi padre.",
      "Aunque en vida él siempre investigó métodos para devolver a \\str[120] a la normalidad,",
      "¿por qué… reaccionó tan fácilmente…?"
    ],
    "2": [
      "Por más que lo pienso, no llego a ninguna conclusión. No tiene sentido darle vueltas.",
      "El caso es que ya tengo el líquido medular rojo. Buscaré una oportunidad para que \\str[120] lo pruebe."
    ],
    "3": [
      "El color se parece al jugo de fresa,",
      "quizás el sabor sea como el de la leche de fresa que tanto le gusta…"
    ],
    "4": [
      "\\nl< >\"Bienvenido a casa, \\str[121].\""
    ],
    "5": [
      "\\nl< >\"Ya tengo hambre…\""
    ],
    "6": [
      "\"Ya, ya, voy a preparar la cena ahora mismo.\""
    ],
    "7": [
      "Acaricié suavemente la cabeza de \\str[120] y la consolé con algunas palabras.",
      "Bueno—¿qué hacemos ahora?"
    ],
    "8": [
      "Preparar la cena",
      "Ir al baño"
    ],
    "9": [
      "Sí, ya es tarde, debo preparar la cena."
    ],
    "10": [
      "\"¿Qué quieres cenar esta noche?\""
    ],
    "11": [
      "\\nl< >\\{\"¡Algo con carne!\""
    ],
    "12": [
      "Mmm… respuesta predecible…",
      "Parece que debo encontrar un momento para explicarle a \\str[120] la importancia de una dieta balanceada."
    ],
    "13": [
      "Ugh, tengo ganas de ir al baño…"
    ],
    "14": [
      "\"Perdona, espera un poco más, prepararé la cena después.\""
    ],
    "15": [
      "\\nl< >\"Entiendo.\""
    ]
  },
  "13": {
    "0": [
      "\\nl< >\"¡\\str[121] cumplió el pacto de no destrozarse hoy, qué bien!",
      "¡Hay que elogiar a \\str[121] por esforzarse!\""
    ],
    "1": [
      "\\nl< >\"Hoy \\str[121] también cumplió el pacto, ¡este es el reconocimiento de hoy!\""
    ],
    "2": [
      "\\nl< >\"Últimamente \\str[121] se ha esforzado mucho, ¡este es el reconocimiento de hoy—\""
    ],
    "3": [
      "\\nl< >\"Ya casi es un mes,",
      "\\str[121] ha trabajado duro, toma, este es el reconocimiento de hoy—\""
    ],
    "4": [
      "\\nl< >\"¡\\str[121]! ¡Qué bien, ya pasó un mes!",
      "¡\\str[121] es realmente increíble!\""
    ],
    "5": [
      "\\nl< >\"¡En fin, este es el último reconocimiento!\""
    ],
    "6": [
      "\\nl< >\"¡Listo! ¡Terminé de dibujar!",
      "¡Esto es la prueba de que \\str[121] es un buen chico!",
      "¡No te lo laves hoy!\""
    ],
    "7": [
      "Miré mi mano derecha: \\str[120] dibujó un lindo diseño en el dorso con un pincel."
    ],
    "8": [
      "Vaya reconocimiento… pero…"
    ],
    "9": [
      "\\nl< >\"¿Eh? ¿『Si sigo coleccionando habrá una recompensa especial』?",
      "…¿\\str[121] quieres más elogios?\""
    ],
    "10": [
      "\\nl< >\"Bueno… si \\str[121] sigue así un mes más,",
      "te daré una recompensa más especial…\""
    ],
    "11": [
      "\\nl< >\"Es demasiado vergonzoso, no puedo decirte aún cuál es…\""
    ],
    "12": [
      "Era una broma,",
      "pero \\str[120] parece estar considerando en serio una recompensa especial,",
      "¡me siento motivado!"
    ],
    "13": [
      "\\nl< >\"La recompensa especial es secreta, ¡no puedo decirte aún, \\str[121]…!\""
    ],
    "14": [
      "\\nl< >\"¡Toma, \\str[121]! ¡Esta es la recompensa especial que te prometí!\""
    ],
    "15": [
      "\\nl< >\"Jeje… esto es un vale de 『lo que quieras』 que hice.\""
    ],
    "16": [
      "\\nl< >\"\\str[121] siempre piensa en mí, pero como \\str[120],",
      "yo también quiero que \\str[121] deje esas cargas y descanse bien…\""
    ],
    "17": [
      "\\nl< >\"¡Así que, \\str[121] puede usar esto para mimarse!\"",
      "¡Cualquier petición, solo relájate!\""
    ],
    "18": [
      "\\nl< >\"¡¿Eh?!     \\w[30]",
      "『¿Cosas subidas de tono también…?』",
      "Ehm, eso…\""
    ],
    "19": [
      "\\nl< >\"Vale… si \\str[121] quiere eso,",
      "no me negaré…\""
    ],
    "20": [
      "\\nl< >\"De hecho, \\str[121] siempre me está molestando…\""
    ],
    "21": [
      "\\>¡Recibiste \\ii[199] de \\str[120]!        \\w[60]",
      "\\>¡Puedes pedirle un mimo a \\str[120]!     \\w[60]"
    ]
  },
  "15": {
    "0": [
      "\"…Estoy de vuelta.\""
    ],
    "1": [
      "Saludé débilmente,",
      "y al entrar,",
      "el calor abrasador en mi cuerpo desapareció al instante.",
      "Maldito clima… pensar que podría hacer tanto calor…"
    ],
    "2": [
      "\"—Hm? Qué extraño.\""
    ],
    "3": [
      "Noté que \\str[120] no vino a recibirme como siempre. ¿Aún está durmiendo?"
    ],
    "4": [
      "\\nl< >\"\\str[121], bienvenido a casa…\""
    ],
    "5": [
      "Vistiendo solo una camiseta,",
      "\\str[120] salió arrastrando los pies para recibirme,",
      "era obvio que el calor también la había agotado…"
    ],
    "6": [
      "\\nl< >\\{\"¡Qué calor…!\"",
      "\\w[40]\\^"
    ],
    "7": [
      "\\nl< >\"¡\\str[121], tu cuerpo está ardiendo…!\""
    ],
    "8": [
      "Miré mi cuerpo aún humeante,",
      "por un momento pensé que podría explotar…"
    ],
    "9": [
      "\\nl< >\"\\str[121], bienvenido a casa…    \\w[60]",
      "Debe haber hecho mucho calor afuera, ¿no?\""
    ],
    "10": [
      "\"Sí, como estar en un horno…   \\w[60]",
      "¿Qué diablos pasa con este clima…?\""
    ],
    "11": [
      "\"¡Pero todo está bien ahora!!    \\w[40]",
      "¡Ta-chán! ¡Conseguimos un ventilador!\""
    ],
    "12": [
      "\\nl< >\"¡Genial! ¡Rápido, rápido!   \\w[60]",
      "¡Instálalo ahora!\""
    ],
    "13": [
      "\\nl< >\"Tengo listos el ventilador y las paletas, ¡vamos!\""
    ],
    "14": [
      "\"¡Ohhh—!\""
    ],
    "15": [
      "Llegar a casa a un lugar fresco con paletas,",
      "esta sensación no está nada mal…"
    ],
    "16": [
      "Tras esperar un rato, \\str[120] aún no salía.",
      "Extraño… ¿seguirá durmiendo?"
    ],
    "17": [
      "¿Qué debo hacer…"
    ],
    "18": [
      "Acercarme sigiloso",
      "Llamar a \\str[120]"
    ],
    "19": [
      "¡Bien! Iré callado a su cuarto,",
      "sería una pena despertarla."
    ],
    "20": [
      "\\{\"¡Llegué—!\""
    ],
    "21": [
      "Llamé casualmente,",
      "y pronto escuché",
      "pasos apresurados bajando las escaleras."
    ],
    "22": [
      "…¿Tan rápido?"
    ],
    "23": [
      "\\nl< >\"¡¿\\str[121]?!",
      "¡Hoy regresaste muy temprano—!\""
    ],
    "24": [
      "Quizás por venir corriendo,",
      "las mejillas de \\str[120] estaban sonrojadas y",
      "su respiración era entrecortada."
    ],
    "25": [
      "\"………¿Eh?    \\w[45]",
      "\\str[120], ¿acaso estabas—?\""
    ],
    "26": [
      "\\nl< >\"¡¿Eek!?\""
    ],
    "27": [
      "\"¡¿Estabas comiendo papas a escondidas?!",
      "¡Mira, tienes migajas en la boca!\""
    ],
    "28": [
      "\\nl< >\"Eh… ah… \\w[45] este… sí, exacto,    \\w[45]",
      "ejeje… estaba picando algo…\"                 \\w[45]"
    ],
    "29": [
      "\\str[120] balbuceó torpemente,",
      "luciendo aún más sospechosa…"
    ],
    "30": [
      "\\nl< >\"Bueno, bueno, también tengo tu porción,",
      "¡Comamos juntos…!\""
    ],
    "31": [
      "Sin dejarme cuestionar más,",
      "\\str[120] se escapó."
    ],
    "32": [
      "En la entrada, mi mente repetía",
      "la imagen de \\str[120] despreocupada y reveladora.     \\w[60]",
      "…Bueno, es verano."
    ],
    "33": [
      "\"Ejem, ejem…         \\w[60]\\{",
      "¡Llegué—!\""
    ],
    "34": [
      "Fingí no haber notado nada",
      "mientras llamaba a \\str[120] adentro."
    ]
  }
}