{
  "1": {
    "0": [
      "Festín Imperial Manchú Han..."
    ],
    "1": [
      "Tengo hambre..."
    ]
  },
  "2": {
    "0": [
      "\\nl< >\"\\str[121]! ¿Hay algo que te gustaría comer!?\""
    ],
    "1": [
      "Por una vez está siendo tan insistente—",
      "¿qué debería pedir incluso?"
    ],
    "2": [
      "¡Comerte a ti!",
      "¡Platos de carne!",
      "¡Platos de verduras!",
      "Cualquier cosa está bien"
    ],
    "3": [
      "\\nl< >\"¡Vamos~ No soy comida, sabes!          \\w[90]",
      "Si \\str[121] no tiene nada especial en mente,",
      "¡yo mismo prepararé el menú!\""
    ],
    "4": [
      "\\nl< >\"¡Ejeje~ \\str[121]!",
      "¡finalmente has entendido lo deliciosa que es la carne!\""
    ],
    "5": [
      "\\nl< >\"Solo espera,",
      "¡te prepararé un filete enorme!\""
    ],
    "6": [
      "\\nl< >\"Pero… no tenemos suficientes ingredientes…",
      "Quizá solo pueda hacer algo diferente hoy.\""
    ],
    "7": [
      "\\nl< >\"No es realmente mi favorito…     \\w[120]",
      "Pero como \\str[121] dice que lo quiere, ¡haré mi mejor esfuerzo!\""
    ],
    "8": [
      "\\nl< >\"Así que \\str[121], solo siéntate bien en la mesa ",
      "¡y espera a que la comida esté lista!\"        \\w[120]"
    ]
  },
  "5": {
    "0": [
      "¿Qué deberíamos preparar para comer hoy~"
    ]
  },
  "10": {
    "0": [
      "Es raro desayunar con \\str[120], ",
      "¡será mejor que me esfuerce!"
    ],
    "1": [
      "Hice un desayuno simple con los ingredientes sobrantes."
    ],
    "2": [
      "\"¡Oooh—!? ¡Está brillando—! ¡Se ve increíble!\""
    ],
    "3": [
      "¡Cocina exitosa!    \\w[30]",
      "¡Es tan delicioso que recuperé toda mi energía!"
    ],
    "4": [
      "\"Hoy me siento genial, se ve realmente sabroso…\""
    ],
    "5": [
      "Terminé el desayuno en silencio y me sentí un poco más lleno de energía."
    ],
    "6": [
      "¡Oh no!    \\w[30]",
      "Está un poco quemado…"
    ],
    "7": [
      "Comí un desayuno con sabor extraño,",
      "y de alguna manera no me siento satisfecho en absoluto…"
    ],
    "8": [
      "Aaaah————    \\w[30]",
      "¡Está totalmente quemado!"
    ],
    "9": [
      "El desayuno se convirtió en un trozo de carbón,",
      "lo probé y no tenía sabor alguno…"
    ],
    "10": [
      "Es casi hora de salir…",
      "Dejé una nota para \\str[120], así que debe estar bien."
    ]
  },
  "12": {
    "0": [
      "…Siento que vi algo familiar."
    ],
    "1": [
      "Ugh… quiero un poco de carne…"
    ],
    "2": [
      "¿Qué cosa sabrosa deberíamos agregar~"
    ],
    "3": [
      "¡Hoy comamos pescado!"
    ],
    "4": [
      "¡¿\\str[121]!? ¿Esto es incluso comestible?!"
    ],
    "5": [
      "¡Nada picante!"
    ],
    "6": [
      "…Odio las verduras."
    ],
    "7": [
      "Hamburguesa~ Hamburguesa~"
    ],
    "8": [
      "¿Esto es algo que se puede comer?"
    ],
    "9": [
      "Plato de carne agridulce… ¿suena bastante bien también?"
    ]
  },
  "13": {
    "0": [
      "Fallo…  \\w[60]",
      "\\str[120] y yo de alguna manera nos obligamos a ",
      "comer la comida extraña que preparé…"
    ],
    "1": [
      "Disfruté un delicioso plato de carne con \\str[120]."
    ],
    "2": [
      "Disfruté la cena con \\str[120]."
    ],
    "3": [
      "Pero era tan picante que \\str[120] empezó a llorar al instante…"
    ],
    "4": [
      "Además, era tan picante que \\str[120] empezó a llorar al instante…"
    ]
  },
  "17": {
    "0": [
      "\\nl< >\"\\str[121]… ",
      "¿te lavaste todo ese olor de tu cuerpo?",
      "No vuelvas tan sucio la próxima vez.\""
    ]
  },
  "18": {
    "0": [
      "\\nl< >\"¡Aquí, \\str[121]!    \\w[60]",
      "Aaah————\""
    ],
    "1": [
      "………¿Eh? ¿Déjà vu?",
      "¡Esta escena se siente tan familiar…!"
    ],
    "2": [
      "\"¡Me alimentaré yo mismo————",
      "\\w[60]\\^"
    ],
    "3": [
      "\\nl< >\"¡Vamos, \\str[121]!",
      "¡eres un paciente herido en este momento, recuerda!\""
    ],
    "4": [
      "\"Ah, está bien.\""
    ],
    "5": [
      "Abrumado por la determinación de \\str[120],",
      "obedientemente comí lo desconocido que me dio."
    ],
    "6": [
      "\\{  \"¡¿Pff!?\""
    ],
    "7": [
      "Ese shock familiar explotó en mi boca,",
      "quizá me acostumbré, esta vez no me desmayé."
    ],
    "8": [
      "\\nl< >\"¿Cómo está, \\str[121]? ¿Sabe bien?\""
    ],
    "9": [
      "\"El siento, umm, es como————\""
    ],
    "10": [
      "¡Una ola de calor surgió de mi estómago!",
      "¡Toda mi fatiga desapareció!"
    ],
    "11": [
      "\"…¿Huh? ¿En realidad se siente algo bien?\""
    ],
    "12": [
      "\\nl< >\"¡Síí, parece que mi entrenamiento dio frutos!\""
    ],
    "13": [
      "¿Qué clase de entrenamiento hizo?",
      "Tenía curiosidad, pero no me atreví a preguntar…"
    ]
  },
  "21": {
    "0": [
      "No tengo una receta ahora… ",
      "¿debería improvisar algo?"
    ],
    "1": [
      "Dejar que \\str[120] cocine",
      "Hacerlo yo mismo"
    ],
    "2": [
      "\\nl< >\"Lo siento, \\str[121]...       \\w[60]",
      "¡Todavía estoy entrenando, déjame encargarme la próxima vez!\""
    ],
    "3": [
      "…Parece que \\str[120] se está esforzando ",
      "por aprender a cocinar.",
      "Bueno, supongo que tendré que preparar la cena."
    ],
    "4": [
      "\\nl< >\\{\"¡\\str[121]!",
      "¿quieres comer lo que preparen!\""
    ],
    "5": [
      "\\nl< >\"Oh cielos, realmente no puedo decirte que no~\""
    ],
    "6": [
      "\\nl< >\"¡Déjalo en mis manos!",
      "¡Estoy segura de que puedo hacer algo realmente sabroso!\""
    ]
  },
  "22": {
    "0": [
      "\\nl< >\\{\"Nnnnn……!\\w[250] ¡Uff……!  \\w[210]",
      "Mm mm……!\"    \\w[210]\\^"
    ],
    "1": [
      "\\nl< >\"Aaah…\\w[120] aaah…\\w[180] \\str[121]……   \\w[60]",
      "¡Eres tan pesado……!\""
    ],
    "2": [
      "Con total determinación,",
      "\\str[120] arrastró mi cuerpo completamente agotado a la mesa…"
    ],
    "3": [
      "\\nl< >\"Ahora solo espera aquí un momento, \\str[121].",
      "Ya vuelvo.\""
    ],
    "4": [
      "Comida hecha por \\str[120] misma… cómo decirlo,",
      "Tengo algo de expectativa……",
      "Pero pensándolo bien, ¿alguna vez ha cocinado antes…?"
    ],
    "5": [
      "\\nl< >\"¡Aquí, \\str[121]!    \\w[60]",
      "Aaah————\""
    ],
    "6": [
      "Mirando este objeto no identificable frente a mí,",
      "todo mi cuerpo comenzó a temblar incontrolablemente."
    ],
    "7": [
      "\"Um, querida \\str[120]……    \\w[60]",
      "\\str[121] todavía tiene fuerza para alimentarse solo, ¿sabes?   \\w[150]",
      "Si solo quitas estas vendas……\"    \\w[20]\\^"
    ],
    "8": [
      "\\nl< >\"¡De ninguna manera!",
      "¡Estás herido ahora, \\str[121],",
      "necesitas descansar bien!\""
    ],
    "9": [
      "\\nl< >\"O quizá… ¿mi primer intento de cocinar realmente no es tan bueno……?   \\w[120]",
      "En ese caso, déjame probarlo primero…\""
    ],
    "10": [
      "\\{  \"¡Déjame probarlo! ¡Por favor!\""
    ],
    "11": [
      "Antes de que \\str[120] reaccionara,",
      "me incliné rápidamente y",
      "mordí la cuchara que estaba sosteniendo."
    ],
    "12": [
      "\"Mm… ñam ñam ñam—    \\w[60] ",
      "es como————     \\w[30]\\^"
    ],
    "13": [
      "\\{  \"¡¿Pff!?\""
    ],
    "14": [
      "\\nl< >\"¡¿\\str[121]!? ¿Q-qué pasa!?\""
    ],
    "15": [
      "Se sintió como beber soda altamente carbonatada,",
      "la textura extraña explotó en mi boca al instante,",
      "antes de que pudiera reaccionar, perdí el conocimiento…"
    ],
    "16": [
      "\\nl< >\\{  \"¡Onii-chaaan—!\"",
      "\\w[60]\\^"
    ],
    "17": [
      "Ahh… comida hecha por las propias manos de \\str[120]…",
      "qué lástima que no pude terminarla…"
    ]
  }
}