{
  "3": {
    "name": [],
    "subtitle": [
      ""
    ],
    "description": [
      ""
    ],
    "variants": {
      "0": {
        "subtitle": [
          "\"Sintiendo inquietud...\""
        ],
        "description": [
          "Nivel de emoción:\\c[2]\\v[25]%\\c[0]"
        ]
      },
      "1": {
        "subtitle": [
          "\"El cuerpo anhela emoción...\""
        ],
        "description": [
          "Nivel de emoción:\\c[10]\\v[25]%\\c[0]"
        ]
      },
      "2": {
        "subtitle": [
          "\"¡Perdiendo el control...!\""
        ],
        "description": [
          "Nivel de emoción:\\c[18]\\v[25]%\\c[0]"
        ]
      }
    }
  },
  "4": {
    "name": [],
    "subtitle": [
      "\"¡Uwoooo...!\""
    ],
    "description": [
      "¡Transformado en una bestia enloquecida por el deseo! Nivel de emoción:\\c[18]???%\\c[0]"
    ]
  },
  "5": {
    "name": [],
    "subtitle": [
      "\"El veneno ha infectado tu cuerpo\""
    ],
    "description": [
      "¡Recibe más daño con el tiempo!"
    ]
  },
  "6": {
    "name": [],
    "subtitle": [
      "\"El sangrado no se detiene\""
    ],
    "description": [
      "¡Recibe daño equivalente a la vida máxima!"
    ]
  },
  "7": {
    "name": [],
    "subtitle": [
      "\"¡Mira, lo alcanzó un rayo!\""
    ],
    "description": [
      "¡Totalmente paralizado, no puede moverse!"
    ]
  },
  "8": {
    "name": [],
    "subtitle": [
      "\"¡Caliente, caliente, caliente, caliente...!\""
    ],
    "description": [
      "¡Inflige quemaduras continuas a todas las unidades en el área!"
    ]
  },
  "9": {
    "name": [],
    "subtitle": [
      "\"¡Convertido en una paleta de hielo!\""
    ],
    "description": [
      "¡Congelado completamente!"
    ]
  },
  "11": {
    "name": [],
    "subtitle": [
      "\"¡Mareado y desorientado!\""
    ],
    "description": [
      "¡Incapaz de actuar!"
    ]
  },
  "13": {
    "name": [],
    "subtitle": [
      "\"Fufu, esto es lo que pasa por desafiarme~♥\""
    ],
    "description": [
      "Maldecido por esa pequeña demonio..."
    ]
  },
  "14": {
    "name": [],
    "subtitle": [
      "\"Hace tanto calor...\""
    ],
    "description": [
      "Sintiéndose débil por el calor..."
    ]
  },
  "15": {
    "name": [],
    "subtitle": [
      "\"A los ojos de los monstruos, eres solo un prematuro feo y patético…\""
    ],
    "description": [
      "Disfrazado de monstruo: los monstruos no te atacarán activamente."
    ]
  },
  "16": {
    "name": [],
    "subtitle": [
      "\"¿Ni siquiera puedes jugar un juego tan simple? ¡Qué ZAKO~\""
    ],
    "description": [
      "¡Certificado como ZAKO por hacer trampa!"
    ]
  },
  "28": {
    "name": [],
    "subtitle": [
      "Jugando "
    ],
    "description": [
      ""
    ],
    "variants": {
      "0": {
        "description": [
          "Está muy concentrada en el juego...",
          "Mejor no molestarla demasiado..."
        ]
      },
      "1": {
        "description": [
          "Sigue jugando...",
          "¿Debería molestarla un poco?"
        ]
      }
    }
  },
  "29": {
    "name": [],
    "subtitle": [
      "Bañándose "
    ],
    "description": [
      ""
    ],
    "variants": {
      "0": {
        "description": [
          "\\str[120] está en el baño—su silueta",
          "se distingue vagamente"
        ]
      },
      "1": {
        "description": [
          "\\str[120] se está secando el pelo ",
          "con una toalla"
        ]
      }
    }
  },
  "30": {
    "name": [],
    "subtitle": [
      "Descansando "
    ],
    "description": [
      ""
    ],
    "variants": {
      "0": {
        "description": [
          "\\str[120] luce muy feliz,",
          "¿Pasó algo interesante?"
        ]
      },
      "1": {
        "description": [
          "\\str[120] se ve más linda,",
          "¡Quizás unas caricias!"
        ]
      },
      "2": {
        "description": [
          "\\str[120] está ahí sentada.",
          "Intenta hablar con ella…"
        ]
      },
      "3": {
        "description": [
          "\\str[120] luce un poco triste,",
          "¿Quizás consolarla?"
        ]
      },
      "4": {
        "description": [
          "\\str[120] actúa algo raro,",
          "¿Qué se podría hacer…?"
        ]
      },
      "5": {
        "description": [
          "\\str[120] parece soñolienta,",
          "¿Hora de dormir?"
        ]
      }
    }
  },
  "31": {
    "name": [],
    "subtitle": [
      "Durmiendo "
    ],
    "description": [
      ""
    ],
    "variants": {
      "0": {
        "description": [
          "Dormida como una planta…",
          "Incapaz de despertar..."
        ]
      },
      "1": {
        "description": [
          "Profundamente dormida…",
          "Parece difícil despertarla"
        ]
      },
      "2": {
        "description": [
          "Durmiendo plácidamente,",
          "Totalmente inmersa en sus sueños..."
        ]
      },
      "3": {
        "description": [
          "Sus pestañas tiemblan,",
          "como murmurando en un sueño"
        ]
      },
      "4": {
        "description": [
          "Parcialmente despierta,",
          "murmurando sin sentido"
        ]
      },
      "5": {
        "description": [
          "\\str[120] casi despierta,",
          "pero sus sentidos aún vagos"
        ]
      }
    }
  },
  "32": {
    "name": [],
    "subtitle": [
      "Hambrienta "
    ],
    "description": [
      ""
    ],
    "variants": {
      "0": {
        "description": [
          "\\str[120] espera en silencio ",
          "la cena"
        ]
      },
      "1": {
        "description": [
          "\\str[120] parece preocupada",
          "por el sabor de la cena…"
        ]
      },
      "2": {
        "description": [
          "\\str[120] parece querer ",
          "ayudar"
        ]
      }
    }
  },
  "33": {
    "name": [],
    "subtitle": [
      "Relajándose "
    ],
    "description": [
      ""
    ],
    "variants": {
      "0": {
        "description": [
          "\\str[120] lame su paleta…",
          "luce demasiado vulnerable..."
        ]
      }
    }
  },
  "34": {
    "name": [],
    "subtitle": [
      "Cepillando "
    ],
    "description": [
      ""
    ],
    "variants": {
      "0": {
        "description": [
          "\\str[120] se cepilla los dientes",
          "con pereza, aún medio dormida..."
        ]
      }
    }
  },
  "35": {
    "name": [],
    "subtitle": [],
    "description": [
      "✦\\c[27](Siento que mi cuerpo ",
      "se vuelve tan ligero...)"
    ]
  },
  "36": {
    "name": [],
    "subtitle": [],
    "description": [
      "✦\\c[22]la mente empieza a relajarse—"
    ]
  },
  "40": {
    "name": [],
    "subtitle": [
      "Llorando "
    ],
    "description": [
      ""
    ],
    "variants": {
      "0": {
        "description": [
          "\\c[10]Comió demasiado picante..."
        ]
      }
    }
  },
  "41": {
    "name": [],
    "subtitle": [],
    "description": [
      "✦\\c[29]Satisfecha después de comer,",
      "\\str[120] ¡se siente feliz!"
    ]
  },
  "45": {
    "name": [],
    "subtitle": [
      "\"Prometí a mi querida hermana, debo cumplirlo\""
    ],
    "description": [
      "No regresar a casa gravemente herido…"
    ]
  },
  "46": {
    "name": [],
    "subtitle": [
      "\"Prometí a mi querida hermana, debo cumplirlo\""
    ],
    "description": [
      "Cocinar un plato de carne"
    ]
  },
  "55": {
    "name": [],
    "subtitle": [
      "\"Este es mi dominio, no se permiten travesuras~♥\""
    ],
    "description": [
      "¡Ataque prohibido! ¡Monstruos cercanos están aterrorizados!"
    ]
  },
  "57": {
    "name": [],
    "subtitle": [
      "\"Siento que puedo hacer cualquier cosa ahora\""
    ],
    "description": [
      "Modo Sabio activado, todas las estadísticas aumentadas"
    ]
  },
  "58": {
    "name": [],
    "subtitle": [
      "\"Comí algo malo...\""
    ],
    "description": [
      "¡Dolor de estómago sin parar!"
    ]
  },
  "59": {
    "name": [],
    "subtitle": [],
    "description": [
      "...¿Olvidaste algo importante? Quizás lo recuerdes después."
    ]
  },
  "60": {
    "name": [],
    "subtitle": [],
    "description": [
      "Despidiendo un hedor constante..."
    ]
  },
  "61": {
    "name": [],
    "subtitle": [
      "\"Mi trasero arde...\""
    ],
    "description": [
      "¡No puede correr debido al dolor!"
    ]
  },
  "62": {
    "name": [],
    "subtitle": [],
    "description": [
      "Concentrado para el próximo ataque, velocidad reducida"
    ]
  },
  "63": {
    "name": [],
    "subtitle": [
      "\"Velocidad triple del Rojo Verdadero\""
    ],
    "description": [
      ""
    ]
  },
  "64": {
    "name": [],
    "subtitle": [],
    "description": [
      "¡Senpo en enfriamiento!"
    ]
  },
  "65": {
    "name": [],
    "subtitle": [],
    "description": [
      "Mareado..."
    ]
  },
  "67": {
    "name": [],
    "subtitle": [],
    "description": [
      "Flotando en el agua. Velocidad reducida, ¡no puede atacar!"
    ]
  },
  "68": {
    "name": [],
    "subtitle": [],
    "description": [
      "¡Invocando un hechizo!"
    ]
  },
  "71": {
    "name": [],
    "subtitle": [
      "\"Comí algo delicioso—calidez dentro de mí~\""
    ],
    "description": [
      "Recupera salud gradualmente"
    ]
  },
  "72": {
    "name": [],
    "subtitle": [
      "\"¡El poder... fluye en mí!\""
    ],
    "description": [
      "Ataque\\c[10]+50%\\c[0]"
    ]
  },
  "73": {
    "name": [],
    "subtitle": [
      "\"Empiezo a entender todo\""
    ],
    "description": [
      "Ataque mágico\\c[10]+50%\\c[0]"
    ]
  },
  "74": {
    "name": [],
    "subtitle": [
      "\"¿Puedes seguir... mi VELOCIDAD?!\""
    ],
    "description": [
      "Velocidad de movimiento aumentada"
    ]
  },
  "75": {
    "name": [],
    "subtitle": [
      "\"Descenso del Arma Divina\""
    ],
    "description": [
      "¡Arma gigante, aumenta daño!"
    ]
  },
  "77": {
    "name": [],
    "subtitle": [
      "\"Llama del Renacimiento\""
    ],
    "description": [
      "Permite revivir una vez mientras está activa"
    ]
  },
  "78": {
    "name": [],
    "subtitle": [
      "\"Giro del Destino...\""
    ],
    "description": [
      "Bendecido por el destino: ¡eventos positivos más probables!"
    ]
  },
  "79": {
    "name": [],
    "subtitle": [
      "\"Giro del Destino...\""
    ],
    "description": [
      "Bendecido por el destino: ¡eventos negativos más probables!"
    ]
  },
  "80": {
    "name": [],
    "subtitle": [
      "\"Velocidad triple del Rojo Verdadero\""
    ],
    "description": [
      ""
    ]
  },
  "85": {
    "name": [],
    "subtitle": [
      "\"Pero sabe horrible...\""
    ],
    "description": [
      "Vitalidad desbordante: ¡vida máxima aumentada!"
    ]
  },
  "86": {
    "name": [],
    "subtitle": [
      "\"¡HABILIDAD DEFICIENTE!\""
    ],
    "description": [
      "¡Has sido humillado! ¡Defensa y suerte reducidas!"
    ]
  },
  "98": {
    "name": [],
    "subtitle": [
      "\"Siento a mi hermana a mi lado...\""
    ],
    "description": [
      "¡Regenerando vida!"
    ]
  },
  "99": {
    "name": [],
    "subtitle": [
      "\"¡Somos los guardianes!\""
    ],
    "description": [
      "Ataque +30"
    ]
  },
  "104": {
    "name": [],
    "subtitle": [
      "\"¡Irradias gloria!\""
    ],
    "description": [
      "Todos los atributos aumentan, invencibilidad temporal"
    ]
  },
  "105": {
    "name": [],
    "subtitle": [
      "\"Comparto esta bendición contigo\""
    ],
    "description": [
      "dinero ganado duplicado"
    ]
  },
  "106": {
    "name": [],
    "subtitle": [
      "\"No... no puedo levantarlo...\""
    ],
    "description": [
      "¡Falta fuerza para usar el arma completamente!"
    ]
  },
  "107": {
    "name": [],
    "subtitle": [
      "\"¡Somos los guardianes!\""
    ],
    "description": [
      "¡Velocidad de movimiento aumentada!"
    ]
  },
  "108": {
    "name": [],
    "subtitle": [
      "\"¡Somos los guardianes!\""
    ],
    "description": [
      "¡Ataque y defensa aumentados!"
    ]
  },
  "109": {
    "name": [],
    "subtitle": [
      "\"¡Somos los guardianes!\""
    ],
    "description": [
      "¡Defensa aumentada!"
    ]
  },
  "110": {
    "name": [],
    "subtitle": [
      "\"¡Somos los guardianes!\""
    ],
    "description": [
      "¡Vida máxima y defensa aumentadas!"
    ]
  },
  "115": {
    "name": [],
    "subtitle": [
      "\"El corazón del espantapájaros inmortal, mas la decadencia es su destino\""
    ],
    "description": [
      "¡Sin recuperación de vida!"
    ]
  },
  "116": {
    "name": [],
    "subtitle": [
      "\"La codicia infinita te ha encontrado—\""
    ],
    "description": [
      "¡Pierdes dinero al recibir daño!"
    ]
  },
  "117": {
    "name": [],
    "subtitle": [
      "\"Así obtendrás la gloria del mundo, y toda oscuridad huirá\""
    ],
    "description": [
      ""
    ]
  }
}