{
  "1": {
    "name": [
      " Espada de madera dura"
    ],
    "subtitle": "",
    "description": [
      "Se dice que el héroe también comenzó su",
      "travesía desde el pueblo inicial con una espada de madera",
      "Esto se ha convertido en un objetivo para muchos aventureros a emular"
    ],
    "ability": [
      "Inflige daño adicional cuando el arma está cerca de romperse"
    ]
  },
  "2": {
    "name": [
      " Palo de madera dura"
    ],
    "subtitle": "",
    "description": [
      "Un palo de madera resistente en una forma excelente ",
      "perfecto para niños, también funciona decentemente como arma"
    ],
    "ability": [
      "Inflige daño adicional cuando el arma está cerca de romperse"
    ]
  },
  "3": {
    "name": [
      "Hacha de leñador"
    ],
    "subtitle": "",
    "description": [
      "Un compañero confiable para aventureros o pioneros explorando",
      "bosques. Sin embargo, al no estar diseñada para combate,",
      "no confíes demasiado en ella durante la batalla"
    ],
    "ability": [
      "Inflige más daño contra árboles"
    ]
  },
  "4": {
    "name": [
      " Puño cerrado"
    ],
    "subtitle": "",
    "description": [
      "¿Sin arma equipada? ¡Entonces lanza una ráfaga de puñetazos!",
      "Puede ser una solución rápida, pero un puño lleno de espíritu es potente",
      "¿Por qué usar un arma cuando tus puños pueden hacer el trabajo?"
    ],
    "ability": [
      "¡El daño del puñetazo escala con el HP máximo!"
    ]
  },
  "5": {
    "name": [
      "Espada de caballero"
    ],
    "subtitle": "",
    "description": [
      "Un arma usada por el padre en su juventud,",
      "bien mantenida y aparentemente asignada a caballeros de la corte"
    ],
    "ability": [
      "Cuando HP < \\c[10]30%\\c[0], el ataque de este arma se duplica"
    ]
  },
  "6": {
    "name": [
      "Báculo de lava"
    ],
    "subtitle": "",
    "description": [
      "Una varita hecha de minerales volcánicos, concentra fácilmente",
      "elementos de fuego. Sin embargo, un pequeño error",
      "puede causar que explote, envolviendo al usuario"
    ],
    "ability": [
      "Mantén el botón derecho para lanzar \\c[27]Meteoro de Loto Carmesí\\c[0]"
    ]
  },
  "7": {
    "name": [
      "Báculo de hielo"
    ],
    "subtitle": "",
    "description": [
      "Una varita hecha de cristales mágicos, libera escarcha en",
      "un amplio rango. Muy difícil de controlar. Parece que congela mi mano"
    ],
    "ability": [
      "Mantén el botón derecho para lanzar \\c[27]Hechizo Helado\\c[0]"
    ]
  },
  "8": {
    "name": [
      "Pluma extraña"
    ],
    "subtitle": "",
    "description": [
      "Una pluma de un pájaro extraño. Extremadamente ligera y puede",
      "generar fácilmente fuerza suficiente para lanzar a alguien"
    ],
    "ability": [
      "Velocidad de movimiento aumenta al usar Tajo de Torbellino",
      "Entra en estado de flotación inmune a caídas tras aumentar la velocidad del giro"
    ]
  },
  "9": {
    "name": [
      "Espada de caballero"
    ],
    "subtitle": "",
    "description": [
      "Armas asignadas a los caballeros del palacio",
      "Simbolizan el camino de protección de los caballeros"
    ],
    "ability": [
      "Cuando HP < \\c[10]30%\\c[0], el ataque de este arma se duplica"
    ]
  },
  "10": {
    "name": [
      "Espadón de plata"
    ],
    "subtitle": "",
    "description": [
      "Un espadón aparentemente forjado en plata,",
      "que irradia un brillo deslumbrante. Su superficie fría y dura,",
      "aunque su material real sigue siendo desconocido"
    ],
    "ability": [
      "Cuando HP cae por debajo de \\c[29]400\\c[0], ¡el potencial total del arma está limitado!"
    ]
  },
  "11": {
    "name": [
      " Mazota pesada"
    ],
    "subtitle": "",
    "description": [
      "Un martillo de madera voluminoso",
      "¡Un golpe en la cabeza seguro te dejará mareado!"
    ],
    "ability": [
      "33% de probabilidad de infligir estado de Aturdimiento al atacar",
      "Cuando HP cae por debajo de \\c[29]400\\c[0], ¡el potencial total del arma está limitado!"
    ]
  },
  "12": {
    "name": [
      "Bate de béisbol"
    ],
    "subtitle": "",
    "description": [
      "Un bate de metal. Se dice que es para deportes, ",
      "pero también sirve para golpear personas."
    ],
    "ability": [
      "¡Aumento de durabilidad!",
      "Daño multiplicado para proyectiles repelidos"
    ]
  },
  "13": {
    "name": [
      "Espina de pescado podrida"
    ],
    "subtitle": [
      "«¡Huele muy mal, tíralo!»"
    ],
    "description": [
      "Huesos sobrantes de un pez grande, con carne en descomposición",
      "aún adherida, emitiendo un hedor insoportable"
    ],
    "ability": [
      "Continuará emitiendo un hedor fétido"
    ]
  },
  "14": {
    "name": [
      "Pinza de cangrejo gigante"
    ],
    "subtitle": "",
    "description": [
      "Una pinza masiva que se aferra fuerte y no suelta",
      "Una vez que se agarra a algo, buena suerte quitándola"
    ],
    "ability": [
      "Al lanzarla, se aferra al objetivo causando daño constante",
      "No puede recuperarse a menos que el objetivo muera"
    ]
  },
  "15": {
    "name": [
      "Lunahelada"
    ],
    "subtitle": [
      "«¡Lami la hoja y se me pegó la lengua… Tan fría, qué dolor!»",
      "«\\str[121], ¡no lamas cosas al azar!»"
    ],
    "description": [
      "Una espada mágica hecha de hielo, solo acercarse transmite un frío gélido"
    ],
    "ability": [
      "50% de probabilidad de infligir estado de Congelación al atacar"
    ]
  },
  "16": {
    "name": [
      "Espada eléctrica defectuosa"
    ],
    "subtitle": [
      "«¡Zas... zas...!»"
    ],
    "description": [
      "Una espada maldita llena de energía salvaje, pero todavía defectuosa",
      "Cuidado: podría electrocutar al usuario también"
    ],
    "ability": [
      "50% de probabilidad de infligir estado de Rayo al atacar"
    ]
  },
  "17": {
    "name": [
      "Flamasol"
    ],
    "subtitle": [
      "«\\str[121], se ve aterradora, por favor no la sostengas.»"
    ],
    "description": [
      "Una espada mágica que ha absorbido energía solar con el tiempo",
      "Parece especialmente efectiva contra ciertos monstruos"
    ],
    "ability": [
      "40% de probabilidad de infligir estado de Quemadura al atacar"
    ]
  },
  "18": {
    "name": [
      "Hacha hueso de orco"
    ],
    "subtitle": "",
    "description": [
      "Un hacha grande hecha de huesos de enemigos. No es",
      "muy afilada, y los orcos prefieren lanzarla en lugar de",
      "usarla en combate cercano"
    ],
    "ability": [
      "Inflige daño adicional cuando el arma es lanzada"
    ]
  },
  "19": {
    "name": [
      "Nichirin"
    ],
    "subtitle": "",
    "description": [
      "Una réplica forjada imitando la espada demoníaca flamígera",
      "prohibida de los mitos. Naturalmente, no puede invocar el",
      "infierno incendiario como el original verdadero."
    ],
    "ability": [
      "Puede invocar un meteorito que golpea un lugar aleatorio al atacar"
    ]
  },
  "21": {
    "name": [
      "Desde el Infierno"
    ],
    "subtitle": [
      "«Esta cosa ansía sangre...»"
    ],
    "description": [
      "Un arma usada por un asesino en serie notorio,",
      "cubierta de sangre"
    ],
    "ability": [
      "45% de probabilidad de infligir estado de Sangrado al atacar"
    ]
  },
  "24": {
    "name": [
      "Hacha de orco tempestuoso"
    ],
    "subtitle": "",
    "description": [
      "Una gran hacha usada por un orco en sintonía con el poder de la naturaleza.",
      "Cada golpe desgarra la tierra y envía vendavales aullando con la hoja"
    ],
    "ability": [
      "Tiene probabilidad de liberar una ráfaga de viento al atacar",
      "Cuando HP cae por debajo de \\c[29]400\\c[0], ¡el potencial total del arma está limitado!"
    ]
  },
  "26": {
    "name": [
      "Noche estrellada"
    ],
    "subtitle": "",
    "description": [
      "Un báculo adornado con gemas que brillan como la Vía",
      "Láctea. Tiene el poder de crear un fuerte campo gravitacional,",
      "atrayendo intrusos a las profundidades de la oscuridad"
    ],
    "ability": [
      "Mantén clic derecho para lanzar Agujero Negro"
    ]
  },
  "27": {
    "name": [
      "Espora tóxica"
    ],
    "subtitle": "",
    "description": [
      "Una espada delgada soltada por Hongos Caminantes. Su hoja desafilada",
      "está cubierta de esporas tóxicas, garantizando veneno en cada golpe.",
      "Aunque tiene baja durabilidad, sus toxinas la hacen muy efectiva"
    ],
    "ability": [
      "Los ataques tienen 50% de probabilidad de infligir estado de Veneno"
    ]
  },
  "30": {
    "name": [
      "Kanesada"
    ],
    "subtitle": "",
    "description": [
      "Una katana amada que acompañó a una chica en su búsqueda de",
      "la cima de la esgrima —nunca soltándola, incluso al dormir—",
      "Sea afilada o no, sigue siendo testigo de su viaje"
    ],
    "ability": [
      "Mejora enormemente los efectos de todas las habilidades aprendidas"
    ]
  },
  "35": {
    "name": [
      "Claíomh Solais"
    ],
    "subtitle": [
      "«¿Eh? ¡No veo nada! ¡¿Esto no es una empuñadura?!»"
    ],
    "description": [
      "Bendecida por la luz, la hoja dobla la luz volviéndose una espada invisible.",
      "Esto la hace afilada como navaja, y cuando es necesaria, despliega su fulgor"
    ],
    "ability": [
      "Los ataques ignoran completamente la defensa del objetivo"
    ]
  },
  "36": {
    "name": [
      "Tyrfing"
    ],
    "subtitle": "",
    "description": [
      "Espada mágica artificial con hoja forjada de cristales de maná.",
      "Cada tajo libera una onda de espada tangible. Para espadachines hábiles,",
      "es un arma que amplifica enormemente su poder"
    ],
    "ability": [
      "Los ataques generan ondas de espada que infligen daño"
    ]
  },
  "40": {
    "name": [
      "Martillo anti-bullying"
    ],
    "subtitle": [
      "¡¡NO AL BULLYING!!"
    ],
    "description": [
      "Un arma creada para castigar a aventureros malvados.",
      "Aunque solo es un martillo de juguete, que te golpee aún duele."
    ],
    "ability": [
      "Inflige daño por retroceso cuando se usa para maldad",
      "Cuanto menor sea tu valor de Pecado, mayor es su daño"
    ]
  },
  "42": {
    "name": [
      "Guadaña de Den"
    ],
    "subtitle": [
      "«Recuerda esto, ¡el Tajo de Torbellino se usa así!»"
    ],
    "description": [
      "Una guadaña de mango corto llevada por un forastero con un diseño",
      "temible y una voluntad interior. Usarla demasiado",
      "puede causar voces extrañas en tu mente"
    ],
    "ability": [
      "Vuelve automáticamente a la mano tras ser lanzada y golpear",
      "Al atrapar el arma al regresar, puede lanzarse de nuevo"
    ]
  },
  "51": {
    "name": [
      "Paleta de sabores mixtos"
    ],
    "subtitle": "",
    "description": [
      "Un arma comestible elaborada con cuidado por Kanban Musume de NLCH",
      "Una paleta de tres sabores combinando chocolate, crema y fresa",
      "¡Refrescante y deliciosa! Pero asegúrate de comerla antes de que se derrita..."
    ],
    "ability": [
      "Podría ser comida al atacar...",
      "Se derrite y desaparece con el tiempo cuando está equipada..."
    ]
  },
  "52": {
    "name": [
      "Unidad 2"
    ],
    "subtitle": "",
    "description": [
      "Un dispositivo de comunicación comprado en una tienda sospechosa",
      "Solo grita '¡Fuego!' y recibirás apoyo de francotiradores desde",
      "algún lugar. Pero, debes pagar la factura telefónica tú mismo"
    ],
    "ability": [
      "Clic derecho que cuesta 400 yenes para invocar apoyo de francotirador"
    ]
  },
  "53": {
    "name": [
      "Espadón de cono"
    ],
    "subtitle": "",
    "description": [
      "Un arma comestible elaborada con cuidado por Kanban Musume de NLCH",
      "¡Manteniendo su rendimiento como arma, también es deliciosa!"
    ],
    "ability": [
      "Podría ser comida al atacar..."
    ]
  },
  "54": {
    "name": [
      "Espadón de zanahoria"
    ],
    "subtitle": "",
    "description": [
      "Una zanahoria de máxima calidad cultivada en secreto por Maid Bunny",
      "Infundida con el poder de la piedra, creció en exceso convirtiéndose en un manjar ",
      "tan tentador que podría hacer llorar a una Maid Bunny de deseo"
    ],
    "ability": [
      "Al lanzarla, fuerza a alimentar al objetivo"
    ]
  },
  "55": {
    "name": [
      "Espadón de zanahoria"
    ],
    "subtitle": "",
    "description": [
      "Una zanahoria de máxima calidad cultivada en secreto por Maid Bunny",
      "Infundida con el poder de la piedra, creció en exceso convirtiéndose en un manjar ",
      "tan tentador que podría hacer llorar a una Maid Bunny de deseo"
    ],
    "ability": [
      "Al lanzarla, fuerza a alimentar al objetivo"
    ]
  },
  "56": {
    "name": [
      "Espadón de zanahoria"
    ],
    "subtitle": "",
    "description": [
      "Una zanahoria de máxima calidad cultivada en secreto por Maid Bunny",
      "Infundida con el poder de la piedra, creció en exceso convirtiéndose en un manjar ",
      "tan tentador que podría hacer llorar a una Maid Bunny de deseo"
    ],
    "ability": [
      "Al lanzarla, fuerza a alimentar al objetivo"
    ]
  },
  "57": {
    "name": [
      "Espadón de zanahoria"
    ],
    "subtitle": "",
    "description": [
      "Una zanahoria de máxima calidad cultivada en secreto por Maid Bunny",
      "Infundida con el poder de la piedra, creció en exceso convirtiéndose en un manjar ",
      "tan tentador que podría hacer llorar a una Maid Bunny de deseo"
    ],
    "ability": [
      "Al lanzarla, fuerza a alimentar al objetivo"
    ]
  },
  "58": {
    "name": [
      "Espadón de zanahoria"
    ],
    "subtitle": "",
    "description": [
      "Una zanahoria de máxima calidad cultivada en secreto por Maid Bunny",
      "Infundida con el poder de la piedra, creció en exceso convirtiéndose en un manjar ",
      "tan tentador que podría hacer llorar a una Maid Bunny de deseo"
    ],
    "ability": [
      "Al lanzarla, fuerza a alimentar al objetivo"
    ]
  },
  "60": {
    "name": [
      "¿Plátano?"
    ],
    "subtitle": [
      "«¿Esto es realmente un plátano...?»"
    ],
    "description": [
      "Un plátano pelado que debe sostenerse con cuidado"
    ],
    "ability": [
      "A altas velocidades, es fácil lanzar el plátano... ¡¿Eek?!"
    ]
  },
  "61": {
    "name": [
      "Aspiradora de caracol gigante"
    ],
    "subtitle": "",
    "description": [
      "Una aspiradora hecha de un caparazón de caracol gigante",
      "Flujo de aire modificado para succión potente"
    ],
    "ability": [
      "Mantén el clic para atraer objetos"
    ]
  },
  "62": {
    "name": [
      "Restos de árbol antiguo"
    ],
    "subtitle": "",
    "description": [
      "Un arma rama extraña, obtenida de un tronco antiguo,",
      "dura pero llena de vitalidad y todavía creciendo"
    ],
    "ability": [
      "Derrotar enemigos repara automáticamente la durabilidad del arma",
      "Durabilidad excedente otorga +1 ATK por 1% sobre el máximo"
    ]
  },
  "63": {
    "name": [
      "Espada parásita"
    ],
    "subtitle": "",
    "description": [
      "Espada consumida por un árbol durante siglos, donde metal y",
      "vida se fusionaron en armonía misteriosa. Su hoja palpita como",
      "si respirara, irradiando un calor extraño al portador"
    ],
    "ability": [
      "Restaura \\c[29]${Math.floor(1.2*$gameParty.leader().paramPlus(2))}\\c[0] HP al portador al derrotar a un enemigo"
    ]
  },
  "70": {
    "name": [
      "Gloria antigua"
    ],
    "subtitle": [
      "«Desata el Poder Dorado ⬆⬆⬇⬇⬅⮕⬅⮕»"
    ],
    "description": [
      "Una deslumbrante espada demoníaca dorada, uno de los tesoros del",
      "Administrador del Mundo. Ese hombre alguna vez la blandió,",
      "luchando en el Abismo tres días y noches sin descanso"
    ],
    "ability": [
      "Libera su poder al ingresar un comando secreto"
    ]
  },
  "80": {
    "name": [
      "Espadón hoja de sauce"
    ],
    "subtitle": "",
    "description": [
      "«Arranca hojas, esparce flores, hiere a tus enemigos»",
      "Un espadón muy afilado con forma de hojas de sauce"
    ],
    "ability": [
      "Tiene probabilidad de lanzar shurikens de hoja de sauce al atacar"
    ]
  },
  "81": {
    "name": [
      "Espada infestada"
    ],
    "subtitle": [
      "«Ugh, la masa viscosa sigue moviéndose... ¡Qué asco!»"
    ],
    "description": [
      "Un espadón infestado de masa viscosa resistente y sedienta de vida",
      "Su ansia de vitalidad la hace extremadamente agresiva"
    ],
    "ability": [
      "Inflige daño extra a enemigos Sangrantes",
      "Drena sangre si el objetivo muere mientras Sangra"
    ]
  },
  "101": {
    "name": [
      "Arco de madera dura"
    ],
    "subtitle": "",
    "description": [
      "Un arco largo hecho de madera dura",
      "Puede disparar flechas, pero su rendimiento es muy promedio"
    ],
    "ability": [
      "Mantén clic derecho para cargar y lanzar una \\c[27]Flecha Perforante\\c[0]",
      "Piercing Arrow pierde daño por objetivo traspasado"
    ]
  },
  "102": {
    "name": [
      "Arco de cazador"
    ],
    "subtitle": "",
    "description": [
      "Un arco largo compuesto que reduce la fuerza necesaria",
      "Menos daño, pero permite disparos rápidos"
    ],
    "ability": [
      "+Velocidad de ataque, -20% Daño, -20% Pérdida de durabilidad",
      "Mantén clic derecho para cargar y lanzar una \\c[27]Flecha Perforante\\c[0]"
    ]
  },
  "103": {
    "name": [
      "Nube del ocaso"
    ],
    "subtitle": "",
    "description": [
      "Un arco mágico lleno de energía ígnea",
      "No solo quema enemigos, también dispara flechas explosivas"
    ],
    "ability": [
      "Mantén clic derecho para cargar y lanzar una \\c[27]Flecha Explosiva\\c[0]",
      "Las Flechas Explosivas detonan al impactar"
    ]
  },
  "104": {
    "name": [
      "Vigía de nieve"
    ],
    "subtitle": "",
    "description": [
      "Un arco mágico cubierto de hielo. Dispara flechas heladas",
      "y puede congelar un área amplia con un disparo cargado"
    ],
    "ability": [
      "Mantén clic derecho para cargar y lanzar una \\c[27]Flecha Helada\\c[0]",
      "Las Flechas Heladas congelan objetivos al impactar"
    ]
  },
  "105": {
    "name": [
      "Chidori"
    ],
    "subtitle": "",
    "description": [
      "Un arco dorado capaz de invocar truenos,",
      "nombrado por su zumbido reminiscente de un relámpago",
      "Sin embargo, ten cuidado: es altamente conductivo"
    ],
    "ability": [
      "Mantén clic derecho para cargar y lanzar una \\c[27]Flecha de Trueno\\c[0]"
    ]
  },
  "106": {
    "name": [
      "Arco maldito de Sabueso Infernal"
    ],
    "subtitle": "",
    "description": [
      "Un producto del Abismo, este arco de forma extraña puede",
      "disparar múltiples flechas simultáneamente. Sin embargo,",
      "este arcano arco mágico permanece sellado, con su verdadero poder no liberado"
    ],
    "ability": [
      "Mantén clic derecho para cargar y lanzar una \\c[27]Flecha Perforante\\c[0]"
    ]
  },
  "107": {
    "name": [
      "Cacería Sangrienta"
    ],
    "subtitle": "",
    "description": [
      "Un arco largo manchado de sangre.",
      "Cada tensado deja la cuerda mojada con la sangre del portador,",
      "hasta que la flecha regrese con una ofrenda más dulce"
    ],
    "ability": [
      "Mantén clic derecho para cargar y lanzar una \\c[27]Flecha Perforante Sangrienta\\c[0]",
      "Consume HP para potenciar los disparos. Flechas asesinas drenan sangre"
    ]
  }
}