{
	"alpha": {
		"start": 0.74,
		"end": 0.26
	},
	"scale": {
		"start": 0.2,
		"end": 0.1,
		"minimumScaleMultiplier": 0.5
	},
	"color": {
		"start": "#ffdfa0",
		"end": "#b84c28"
	},
	"speed": {
		"start": 1000,
		"end": 1,
		"minimumSpeedMultiplier": 0.02
	},
	"acceleration": {
		"x": 0,
		"y": 0
	},
	"maxSpeed": 400,
	"startRotation": {
		"min": 0,
		"max": 360
	},
	"noRotation": false,
	"rotationSpeed": {
		"min": 0,
		"max": 200
	},
	"lifetime": {
		"min": 0.2,
		"max": 0.8
	},
	"blendMode": "add",
	"ease": [
		{
			"s": 0,
			"cp": 0.329,
			"e": 0.548
		},
		{
			"s": 0.548,
			"cp": 0.767,
			"e": 0.876
		},
		{
			"s": 0.876,
			"cp": 0.985,
			"e": 1
		}
	],
	"frequency": 0.001,
	"emitterLifetime": 0.1,
	"maxParticles": 60,
	"pos": {
		"x": 0,
		"y": 0
	},
	"addAtBack": true,
	"spawnType": "point"
}