{
	"alpha": {
		"start": 1,
		"end": 0
	},
	"scale": {
		"start": 0.2,
		"end": 0.01,
		"minimumScaleMultiplier": 8
	},
	"color": {
		"start": "#e4f9ff",
		"end": "#3fcbff"
	},
	"speed": {
		"start": 400,
		"end": 0,
		"minimumSpeedMultiplier": 0.5
	},
	"acceleration": {
		"x": 0,
		"y": 1600
	},
	"maxSpeed": 400,
	"startRotation": {
		"min": 180,
		"max": 360
	},
	"noRotation": false,
	"rotationSpeed": {
		"min": 0,
		"max": 0
	},
	"lifetime": {
		"min": 0.2,
		"max": 0.8
	},
	"blendMode": "add",
	"frequency": 0.002,
	"emitterLifetime": 0.15,
	"maxParticles": 50,
	"pos": {
		"x": 0,
		"y": 0
	},
	"addAtBack": false,
	"spawnType": "point"
}