[
null,
{"id":1,"expanded":true,"name":"事件房间(M)","order":1,"parentId":0,"scrollX":809,"scrollY":672.5},
{"id":2,"expanded":true,"name":"宅(M)","order":2,"parentId":0,"scrollX":817,"scrollY":497.5},
{"id":3,"expanded":true,"name":"洗面所","order":12,"parentId":2,"scrollX":817,"scrollY":497.5},
{"id":4,"expanded":true,"name":"卧室","order":3,"parentId":2,"scrollX":817,"scrollY":497.5},
{"id":5,"expanded":true,"name":"遗忘的墓穴2","order":22,"parentId":28,"scrollX":1591,"scrollY":680.5},
{"id":6,"expanded":false,"name":"浴室","order":13,"parentId":3,"scrollX":817,"scrollY":497.5},
{"id":7,"expanded":false,"name":"一起玩游戏","order":7,"parentId":11,"scrollX":817,"scrollY":497.5},
{"id":8,"expanded":false,"name":"MAP008","order":24,"parentId":28,"scrollX":809,"scrollY":942.5},
{"id":9,"expanded":false,"name":"尼伯龙根","order":30,"parentId":18,"scrollX":809,"scrollY":894.5},
{"id":10,"expanded":true,"name":"遗迹门前","order":26,"parentId":36,"scrollX":1063,"scrollY":680.5},
{"id":11,"expanded":false,"name":"餐厅(M)","order":6,"parentId":2,"scrollX":817,"scrollY":497.5},
{"id":12,"expanded":false,"name":"炼金术师的工房（废弃）","order":14,"parentId":2,"scrollX":817,"scrollY":497.5},
{"id":13,"expanded":true,"name":"遺跡の森","order":31,"parentId":10,"scrollX":809,"scrollY":1182.5},
{"id":14,"expanded":false,"name":"山の洞窟 B1","order":36,"parentId":10,"scrollX":817,"scrollY":497.5},
{"id":15,"expanded":false,"name":"迷いの森 2","order":38,"parentId":17,"scrollX":809,"scrollY":702.5},
{"id":16,"expanded":true,"name":"遺跡の森2","order":32,"parentId":13,"scrollX":809,"scrollY":702.5},
{"id":17,"expanded":true,"name":"迷いの森","order":37,"parentId":36,"scrollX":809,"scrollY":606.5},
{"id":18,"expanded":true,"name":"冒険の遊歩道","order":27,"parentId":10,"scrollX":951,"scrollY":672.5},
{"id":19,"expanded":false,"name":"夜袭-靠近后","order":4,"parentId":4,"scrollX":817,"scrollY":497.5},
{"id":20,"expanded":false,"name":"厕所","order":10,"parentId":2,"scrollX":817,"scrollY":497.5},
{"id":21,"expanded":false,"name":"哥哥卧室(M)","order":8,"parentId":2,"scrollX":817,"scrollY":497.5},
{"id":22,"expanded":false,"name":"落下の隙間","order":17,"parentId":33,"scrollX":809,"scrollY":766.5},
{"id":23,"expanded":false,"name":"室外场景（未采用）","order":9,"parentId":2,"scrollX":817,"scrollY":497.5},
{"id":24,"expanded":false,"name":"玄关","order":15,"parentId":2,"scrollX":817,"scrollY":497.5},
{"id":25,"expanded":false,"name":"走廊","order":11,"parentId":2,"scrollX":817,"scrollY":497.5},
{"id":26,"expanded":false,"name":"遺跡の森3","order":33,"parentId":13,"scrollX":809,"scrollY":654.5},
{"id":27,"expanded":false,"name":"遺跡の森4","order":34,"parentId":13,"scrollX":809,"scrollY":662.5},
{"id":28,"expanded":true,"name":"遗忘的墓穴","order":21,"parentId":36,"scrollX":809,"scrollY":1200.5},
{"id":29,"expanded":false,"name":"迷いの森 4","order":39,"parentId":17,"scrollX":809,"scrollY":510.5},
{"id":30,"expanded":false,"name":"迷いの森 5","order":40,"parentId":17,"scrollX":809,"scrollY":624.5},
{"id":31,"expanded":false,"name":"迷いの森 6","order":41,"parentId":17,"scrollX":809,"scrollY":654.5},
{"id":32,"expanded":false,"name":"迷いの森 8","order":43,"parentId":17,"scrollX":1139,"scrollY":624.5},
{"id":33,"expanded":true,"name":"ウサギの穴","order":16,"parentId":0,"scrollX":817,"scrollY":497.5},
{"id":34,"expanded":false,"name":"不思議な隙間","order":18,"parentId":33,"scrollX":817,"scrollY":497.5},
{"id":35,"expanded":false,"name":"迷いの森 7","order":42,"parentId":17,"scrollX":809,"scrollY":624.5},
{"id":36,"expanded":true,"name":"深渊(M)","order":19,"parentId":0,"scrollX":817,"scrollY":497.5},
{"id":37,"expanded":true,"name":"浅层遗迹迷宫","order":20,"parentId":36,"scrollX":1280,"scrollY":680.5},
{"id":38,"expanded":false,"name":"存档临时地图","order":52,"parentId":36,"scrollX":817,"scrollY":497.5},
{"id":39,"expanded":false,"name":"迷いの森 9","order":44,"parentId":17,"scrollX":1131,"scrollY":1055.5},
{"id":40,"expanded":true,"name":"開発中エリア","order":50,"parentId":36,"scrollX":809,"scrollY":843.5},
{"id":41,"expanded":false,"name":"迷いの森 10","order":45,"parentId":17,"scrollX":809,"scrollY":702.5},
{"id":42,"expanded":false,"name":"迷いの森 11","order":46,"parentId":17,"scrollX":809,"scrollY":702.5},
{"id":43,"expanded":false,"name":"迷いの森 12","order":47,"parentId":17,"scrollX":809,"scrollY":755.5},
{"id":44,"expanded":false,"name":"迷いの森 13","order":48,"parentId":17,"scrollX":809,"scrollY":1182.5},
{"id":45,"expanded":false,"name":"迷いの森 14","order":49,"parentId":17,"scrollX":809,"scrollY":894.5},
{"id":46,"expanded":false,"name":"開発中エリア 1","order":51,"parentId":40,"scrollX":1797,"scrollY":843.5},
{"id":47,"expanded":true,"name":"遺跡の森5","order":35,"parentId":13,"scrollX":809,"scrollY":1190.5},
{"id":48,"expanded":true,"name":"冒険の遊歩道3","order":29,"parentId":18,"scrollX":809,"scrollY":2818.5},
{"id":49,"expanded":true,"name":"冒険の遊歩道2","order":28,"parentId":18,"scrollX":1495,"scrollY":680.5},
{"id":50,"expanded":false,"name":"遗忘的墓穴3","order":23,"parentId":28,"scrollX":809,"scrollY":680.5},
{"id":51,"expanded":false,"name":"星之门","order":53,"parentId":36,"scrollX":809,"scrollY":613.5},
{"id":52,"expanded":false,"name":"遗忘的墓穴 藏身处","order":25,"parentId":28,"scrollX":817,"scrollY":497.5},
{"id":53,"expanded":true,"name":"堕落の聖堂","order":54,"parentId":36,"scrollX":1110,"scrollY":489.5},
{"id":54,"expanded":false,"name":"卧室-白天流程(M)","order":5,"parentId":4,"scrollX":817,"scrollY":497.5},
{"id":55,"expanded":false,"name":"大焦熱溶岩帯1","order":55,"parentId":36,"scrollX":809,"scrollY":1086.5}
]