{
    "autoUpdateReminder": {
        "0": [
            "O processo de atualização começará automaticamente quando você acordar no dia seguinte.",
            "Certifique-se de que sua conexão com a internet esteja estável durante todo o processo!",
            "\\w[120]"
        ],
        "1": [
            "Falha ao abrir o log de atualização!",
            "Pode ter ocorrido uma falha na conexão com a internet!",
            "\\w[120]"
        ]
    },
    "maidBunnyBoss": {
        "0": [
            "Não há realmente nada de especial à frente!",
            "Então não precisa conferir, pyon!"
        ],
        "1": [
            "N-não tem nada aqui, de verdade! N-não chegue mais perto!",
            "J-juro que não tem absolutamente nada escondido aqui, pyon!"
        ],
        "2": [
            "...Usa?",
            "O que é esse barulho estranho?"
        ],
        "3": [
            "...Usa!?",
            "Como você encontrou esse lugar—!"
        ],
        "4": [
            "...Usa!?",
            "Um Humano...!!"
        ],
        "5": [
            "Usaaaa, seu desgraçado—                        \\w[45]",
            "\\{Você está aqui para roubar minhas cenouras!!       \\w[60]\\^"
        ],
        "6": [
            "Usa!? Minhas cenouras!!         \\w[45]",
            "\\{Um ladrão de cenouras!!         \\w[60]\\^"
        ]
    },
    "noBombFishing": {
        "0": [
            "Pesca com bombas é estritamente proibido!",
            "Faça por sua conta e risco!"
        ]
    },
    "sela": {
        "1": [
            "(Parece que vai demorar bastante para ela acordar…",
            "Melhor voltar depois…)"
        ],
        "2": [
            "…Hmm?",
            "Nós já… estamos na estação?"
        ],
        "3": [
            "Huh? Espera, isso não é o vagão do trem?",
            "Estava tão quentinho agorinha a pouco…"
        ],
        "4": [
            "Uma fogueira… ah…",
            "Então é por isso que está tão quentinho."
        ],
        "5": [
            "Mas… isso é estranho… Alguns momentos atrás, ",
            "Eu ainda estava vendo o rio de estrelas janela a fora…"
        ],
        "6": [
            "Eu devo ter ficado hipnotizada…",
            "E acabei perdendo minha parada."
        ],
        "7": [
            "Você está perguntando o que é um “trem“?",
            "Hehe… um “trem,” huh—"
        ],
        "8": [
            "É aquele barulhento... A coisa barulhenta que leva todo mundo...",
            "Brilhante enquanto desliza pelas estrelas, como diamantes espalhados~"
        ],
        "9": [
            "Seu apito—",
            "Soa como o canto de uma baleia, sabia?"
        ],
        "10": [
            "Hehe, Ainda não entendeu?",
            "Então deixa eu mostrar meu bilhete, talvez isso ajude~"
        ],
        "11": [
            "O bilhete para o trem Galático, ",
            "também é muito—"
        ],
        "12": [
            "Huh? Huh??",
            "O bilhete… sumiu…"
        ],
        "13": [
            "O bilhete com os padrões de videira preta e ",
            "uma cruz estranha no centro… sumiu…"
        ],
        "14": [
            "Me Desculpe… Eu não vou conseguir te mostrar a Galáxia…",
            "Parece que eu perdi meu bilhete…"
        ],
        "15": [
            "Sem ele, eu nunca vou poder voltar ao trem…",
            "Uuu… Uuu…"
        ],
        "16": [
            "O que eu vou fazer agora…?  Acho que eu vou só esperar aqui…",
            "Talvez o próximo trem me encontre."
        ],
        "17": [
            "E também… Me desculpe…",
            "O fogo aqui é tão quentinho…"
        ],
        "18": [
            "Quando eu me sento, o sono me inunda…",
            "Como a maré… Me levando para longe…"
        ],
        "19": [
            "(Essa pessoa…",
            "Realmente adormeceu!)"
        ],
        "20": [
            "Realmente está quentinho aqui.",
            "Mas… é diferente do calor do Sol."
        ],
        "21": [
            "O calor do Sol aquece “o exterior.“",
            "Uma fogueira… é o calor da “jornada.”"
        ],
        "22": [
            "…Hmm?",
            "O trem está vindo me buscar?"
        ],
        "23": [
            "Huh? Oh,",
            "ah, e você novamente Aventureiro!"
        ],
        "24": [
            "Eu estava falando com você mais cedo…",
            "Mas parece que se passou tanto tempo de quando…"
        ],
        "25": [
            "“Será que eu me lembro de onde está o bilhete”…?",
            "Hmm… não mesmo… no momento, tudo é um borrão…"
        ],
        "26": [
            "Não é pesado como as moedas desse mundo…",
            "É leve, mais leve que a pena de um cisne~"
        ],
        "27": [
            "A cor, parece que tem um ‘lago dormente‘ e congelado no seu interior, ",
            "e se você o segurar contra o sol, você pode ver poeira estelar fluindo~"
        ],
        "28": [
            "Talvez ele tenha…",
            "caído em qualquer lugar…"
        ],
        "29": [
            "Talvez em um campo coberto por sálvias azuis, ",
            "ou levada por uma raposa destemida para o seu ninho,"
        ],
        "30": [
            "ou talvez… se tornou nas primeiras gotas do orvalho da manhã, ",
            "pendurado na beirada da janela de alguém."
        ],
        "31": [
            "(Isso é… um enigma?",
            "Eu não faço ideia do que ela ta falando…)"
        ],
        "32": [
            "Me desculpe… a única coisa que consigo me lembrar, ",
            "são essas… imagens tênues e nebulosas…"
        ],
        "33": [
            "Aqui... isso é pra você...",
            "Eu adorava ler isso quando estava no trem..."
        ],
        "34": [
            "Está repleto de ... anotações interessantes...",
            "Eu acho que será útil para você também, Aventureiro..., "
        ],
        "35": [
            "(Ela está focada em seu desenho...",
            "Melhor não incomodar…)"
        ],
        "36": [
            "(Eu estou um pouco curioso...",
            "O que ela está desenhando…?)"
        ],
        "37": [
            "(Espera... ",
            "o que é isso!?)"
        ],
        "38": [
            "(Eu acho que acabei de ver...",
            "algo que eu totalmente não deveria ter visto…)"
        ]
    },
    "PhilosophersFragment": {
        "title": [
            "Fragmento do Filosofo"
        ],
        "description50": [
            "Um fragmento especial obtido da Besta Vermelha",
            "Se vários fragmentos forem coletados",
            "eles podem melhorar a condição de ${} "
        ],
        "description56": [
            "Um fragmento especial obtido da Coelha-Maid",
            "Se vários fragmentos forem coletados",
            "eles podem melhorar a condição de ${} "
        ]
    },
    "imoutoAhoge": {
        "0": [
            "Arranquei sem querer o ahoge da Imouto."
        ],
        "1": [
            "Ela não pareceu notar nada de estranho, ",
            "e ele cresceu de volta rapidamente.",
            "...Será que isso pode ser algum tipo de recurso renovável?"
        ],
        "2": [
            "\\nl< >\"...O que foi, Onii-chan?",
            "Você está com uma cara bem séria.\""
        ],
        "3": [
            "Como parece complicado, ",
            "é melhor eu não pensar muito sobre isso."
        ],
        "4": [
            "Melhor não tocar nisso de novo..."
        ],
        "5": [
            "\\nl< >\"...Minha cabeça está meio coçando. \\w[30]",
            "Você fez alguma coisa, Onii-chan?\""
        ],
        "6": [
            "“E-eu não fiz nada… Juro mesmo!”"
        ]
    },
    "cookingSystem": {
        "0": [
            "\\ii[\\v[\\v[85]]] já está pronto. E agora, o que eu faço?"
        ],
        "1": [
            "Trocar",
            "Remover"
        ],
        "2": [
            "Ainda escolhendo os ingredientes!"
        ]
    },
    "inventoryExpansion": {
        "0": [
            "Parece que usar isso \\ii[312]",
            "pode expandir a capacidade da bolsa..."
        ],
        "1": [
            "Expandir espaços para armas",
            "Expandir espaços para equipamentos",
            "Deixa pra lá"
        ],
        "2": [
            "A quantidade de \\ii[312]",
            "parece insuficiente..."
        ]
    },
    "loadingEasterEgg": {
        "0": [
            "\\nl< >\"Carne de hambúrguer é a comida mais deliciosa.\"  \\w[180] \\^"
        ],
        "1": [
            "\\nl< >\"O onii-chan com certeza trará ",
            "uma montanha de carne para sua irmãzinha...\"   \\w[360] \\^"
        ],
        "2": [
            "Minha irmã parece estar falando alguma coisa..."
        ],
        "3": [
            "\\nl< >\"Mas pimentas verdes são o verdadeiro inimigo.   \\w[120]",
            "Onii-chan, você precisa comer tudinho…       \\w[120]",
            "Vá e derrote o inimigo verde~!\"               \\w[120]\\^"
        ],
        "4": [
            "\\nl< >\"Ah, você acordou…     \\w[60]",
            "Onii-chan, você dormiu bem?\""
        ],
        "5": [
            "\"Não muito… A propósito, ",
            "tenho ouvido uns sons estranhos ",
            "já faz um tempinho…\""
        ],
        "6": [
            "\\nl< >\"Eh hehe, foi por causa    \\w[60]",
            "do serviço especial de soninho prá você, Onii-chan!\""
        ],
        "7": [
            "\\nl< >\"Minha irmã é tão fofa...               \\w[120]",
            "Ela é a minha garota favorita em todo o mundo...  \\w[210]",
            "Minha irmã é————                              \\w[150]\\^"
        ],
        "8": [
            "Minha irmã parece estar falando alguma coisa..."
        ],
        "9": [
            "\\nl< >\"Ah, onii-chan! Boa noite—!\""
        ],
        "10": [
            "\\nl< >\"Hum... Você ouviu o que falei?\""
        ],
        "11": [
            "\\nl< >\"Onii-chan, seu rosto enquanto você dormia ",
            "estava tão engraçado agora a pouco~\""
        ],
        "12": [
            "\\nl< >\"É raro ver você cochilando~\""
        ]
    },
    "rubberDuck": {
        "0": [
            "Um patinho de borracha solitário ",
            "flutua sob a água..."
        ],
        "1": [
            "Pegar",
            "Deixar no lugar"
        ],
        "2": [
            "Será que alguém jogou aqui?",
            "Parece meio triste, né…"
        ],
        "3": [
            "Parando pra pensar…",
            "Eu fui levado pela correnteza abaixo também..."
        ],
        "4": [
            "Se eu levá-lo para casa...",
            "Será que minha irmã ficará feliz?"
        ],
        "5": [
            "Mas está meio sujo,",
            "talvez eu deva deixá-lo aí..."
        ]
    },
    "drowning": {
        "0": [
            "Ahhh... essa foi por pouco... ",
            "Eu escorreguei na beira do rio e quase me afoguei!"
        ]
    },
    "mecha": {
        "0": [
            "Aqui tem um mech estranho muito empoeirado...",
            "Não parece responder mesmo sendo tocado."
        ],
        "1": [
            "Huh...?",
            "Tem algo aqui?"
        ],
        "2": [
            "Uma peça caída?",
            "Parece que ele ainda pode ser ativado..."
        ]
    },
    "erohon": {
        "0": [
            "(Deve haver pessoas ou monstros por perto...",
            "melhor eu não pegar esse livro.)"
        ]
    },
    "ninja": {
        "0": [
            "Não acredito que tem uma sala secreta em um lugar como este.",
            "Quem poderia ter construído…?"
        ],
        "1": [
            "Oopa…!?",
            "Tem até uma garota desmaiada aqui…"
        ],
        "2": [
            "Pensando bem, eu ouvi uns barulhos estrondosos esquisitos…",
            "Foi o estômago dela que fez esses barulhos…?"
        ],
        "3": [
            "Ugh…",
            "Que fome…"
        ],
        "4": [
            "…………",
            "Ela está tão faminta que quase ficou inconsciente…?"
        ],
        "5": [
            "Tm uma fogueira aqui, perfeito.",
            "Vou cozinhar algo para ela comer!"
        ],
        "6": [
            "Devo usar somente \\ii[\\v[90]]",
            "e preparar algo simples?"
        ],
        "7": [
            "Vamos nessa!",
            "Deixa pra lá."
        ],
        "8": [
            "Hmm… Talvez eu deva trocar por",
            "ingredientes melhores…"
        ],
        "9": [
            "Ei~ Eu fiz um pouco de comida quente para você!",
            "Você acha que consegue comer?"
        ],
        "10": [
            "Sniff Sniff… sniff Sniff…",
            "Esse cheiro… É comida?"
        ],
        "11": [
            "O cheiro de comida"
        ],
        "12": [
            "\\{Certo, vou cair de boca!!"
        ],
        "13": [
            "Seu… seu pequeno…",
            "Eu que fiz isso, você sabe não é…"
        ],
        "14": [
            "(Ela terminou em só algumas mordidas…",
            "Ela realmente deveria estar com fome…)"
        ],
        "15": [
            "Munch munch… Você realmente me salvou!",
            "Eu não como nada ha dias… munch munch…"
        ],
        "16": [
            "Eu achei que ia me tornar um fantasma faminto",
            "assombrando essa masmorra… Grrrr…"
        ],
        "17": [
            "Hey… só coma mais devagar… Por falar nisso,",
            "por que você está em um lugar como esse sozinho?"
        ],
        "18": [
            "Ah! Então—!",
            "Eu estava completamente focado em minha missão, okay!"
        ],
        "19": [
            "Eu queria procurar pelo tesouro escondido por essa área,",
            "então eu cavei uma sala em um local afastado!"
        ],
        "20": [
            "Mas então… munch munch.",
            "Depois que eu entrei, a entrada foi bloqueada por uma lápide!"
        ],
        "21": [
            "Ugh, Eu realmente não esperava isso,",
            "então meus mantimentos acabaram muito rápido… e daí"
        ],
        "22": [
            "Um ninja se metendo em uma confusão dessas…",
            "Eu não posso aparecer na organização agora…"
        ],
        "23": [
            "Huh… huh? Mas em primeiro, lugar por que",
            "você cavou uma sala secreta…"
        ],
        "24": [
            "Porque não é sempre que o tesouro aparece, então eu precisava ",
            "me preparar prá ficar um longo tempo aqui… munch munch."
        ],
        "25": [
            "E mais, eu não posso deixar ninguém saber sobre isso,",
            "isso é uma missão super secreta vinda direto do chefe!"
        ],
        "26": [
            "Se qualquer um descobrir…",
            "o que você acha que vai acontecer…"
        ],
        "27": [
            "Claro, eu teria que cuidar deles em silêncio…",
            "se não, eu teria falhado como ninja."
        ],
        "28": [
            "…Espera, que?! Eu simplesmente ",
            "acabei de vazar informações!"
        ],
        "29": [
            "Um… Eu prometo que não vou contar nada…",
            "então, uh…"
        ],
        "30": [
            "…Huh!?"
        ],
        "31": [
            "Eu não acredito que eu pisei na bola assim de novo…",
            "Ugh… mesmo que você tenha me salvado…"
        ],
        "32": [
            "Es-espera um segundo!",
            "Você vai me matar só por isso!?"
        ],
        "33": [
            "É disso que se trata ser um ninja…",
            "Você precisa lutar pra viver…"
        ],
        "34": [
            "Bem, eu também não quero te machucar,",
            "mas eu ainda te devo uma refeição…"
        ],
        "35": [
            "S-se é assim que é—",
            "\\^"
        ],
        "36": [
            "Então só há uma resposta—",
            "Você precisa se tornar um ninja também!"
        ],
        "37": [
            "Se você se juntar ao nosso grupo,",
            "não há motivo para uma briga entre nós!"
        ],
        "38": [
            "E-espera um segundo!",
            "Eu realmente não tenho uma escolha aqui não é?!?"
        ],
        "39": [
            "Está tudo bem,",
            "Eu vou ser gentil…"
        ],
        "40": [
            "…Wah!?",
            "Fica longe de mim!!"
        ],
        "41": [
            "Você realmente tem o talento pra essa coisa de ninja…!",
            "Você aprendeu tudo com apenas um pouco de prática!"
        ],
        "42": [
            "Agora,",
            "você também é um de nós!"
        ],
        "43": [
            "Mas eu preciso esperar até que minha missão tenha",
            "acabado antes que eu possa apresentar você para o chefe!"
        ],
        "44": [
            "Nesse ponto,",
            "realmente nada mais tinha importância…"
        ]
    }
}
