{
    "1": {
        "name": [
            "Cái Đe"
        ],
        "subtitle": "",
        "description": [
            "Một chiếc đe nặng nề từ xưởng rèn, bằng cách nào đó lại được mang theo",
            "như trang bị. Độ cứng và trọng lượng của nó khiến nó trở thành công cụ",
            "hoàn hảo để mài giũa vũ khí, dù có thể hơi khó dùng với",
            "những người chưa quen..."
        ],
        "ability": [
            "Chiêu Senpo thay đổi thành rút đe ra để sửa chữa vũ khí",
            "Không thể sửa vũ khí ma pháp hoặc vũ khí phẩm chất vàng"
        ]
    },
    "2": {
        "name": [
            "Vũ Khí Khảm Ngọc"
        ],
        "subtitle": "",
        "description": [
            "Khoáng vật ngủ yên dưới lòng đất là dung môi hợp chất tốt cho giả kim.",
            "Thiết bị ma cụ hình dao găm này khai thác sức mạnh của ngọc quý,",
            "nhưng việc tiêu hao tốn kém khiến hầu hết các giả kim sư từ bỏ nó..."
        ],
        "ability": [
            "Khi tấn công, ngẫu nhiên tiêu hao một viên ngọc quý để tăng sát thương",
            "Ngọc càng quý, sát thương ma pháp cộng thêm càng lớn"
        ]
    },
    "3": {
        "name": [
            "Phụ kiện tóc kỳ lạ"
        ],
        "subtitle": "",
        "description": [
            "Phụ kiện tóc được trang trí bằng một hoa văn kỳ lạ",
            "Đây là con thỏ… hay là cái bánh bao…?"
        ],
        "ability": [
            ""
        ]
    },
    "5": {
        "name": [
            "Găng Tay Bảo Hộ"
        ],
        "subtitle": "",
        "description": [
            "Đôi găng bảo hộ làm từ vật liệu cách điện, ban đầu được công nhân",
            "dùng như đồ bảo hộ hằng ngày. Thật bất ngờ, chúng cũng mang lại",
            "khả năng kháng ma pháp rất mạnh..."
        ],
        "ability": [
            "Giảm mạnh tác động của tia sét khi trang bị"
        ]
    },
    "6": {
        "name": [
            "Khởi Nguyên Của Tai Ương"
        ],
        "subtitle": "",
        "description": [
            "Bị ký sinh bởi Hòn Đá Hiền Triết, sinh vật yếu ớt kia đã bị ép truyền vào",
            "sức sống vô tận, luân hồi bất tận giữa sự sống và cái chết cho đến khi",
            "cơn điên loạn nuốt chửng. Ngay cả khi Hòn Đá Hiền Triết được tách rời,",
            "sức mạnh này vẫn còn tồn tại."
        ],
        "ability": [
            "Tăng HP. Cường hóa hiệu ứng hồi phục HP thêm 25%.",
            "Kích hoạt hồi phục tự động khi được trang bị"
        ]
    },
    "7": {
        "name": [
            "Bào Thai Bị Nguyền Rủa"
        ],
        "subtitle": "",
        "description": [
            "Bào thai bị nguyền rủa chưa kịp thành hình, nhưng vẫn ngoan cường",
            "sống sót, Ý chí mãnh liệt khao khát tồn tại và nguồn sinh lực trào dâng",
            "nguồn sinh lực ấy thậm chí có thể ảnh hưởng đến kẻ cưu mang nó."
        ],
        "ability": [
            "Tăng HP. Cường hóa hiệu ứng hồi phục HP thêm 20%."
        ]
    },
    "8": {
        "name": [
            "Cụm Tinh Thạch Mana"
        ],
        "subtitle": "",
        "description": [
            "Khoáng vật sinh ra từ Đại Mê Cung, ẩn chứa tàn dư mana",
            "Mang theo sẽ nâng cao lĩnh hội phép thuật."
        ],
        "ability": [
            "Khi trang bị sẽ tăng tốc độ thi triển và sức mạnh ma thuật.",
            "Vũ khí ma pháp gây thêm 5% sát thương phép"
        ]
    },
    "9": {
        "name": [
            "Cụm Mana Vực Thẳm"
        ],
        "subtitle": "",
        "description": [
            "Một cụm tinh thạch quý hiếm chứa đựng Mana dày đặc. Tỏa ra những",
            "làn sóng ma thuật hữu hình, là báu vật được giới giả kim truy lùng."
        ],
        "ability": [
            "Khi trang bị sẽ tăng tốc độ thi triển và sức mạnh ma thuật.",
            "Vũ khí ma pháp gây thêm 10% sát thương phép"
        ]
    },
    "10": {
        "name": [
            "Vòng Định Tâm"
        ],
        "subtitle": "",
        "description": [
            "Vòng đeo đầu Đại Hiền Giả sử dụng khi còn là nhà mạo hiểm giả lúc thời trẻ.",
            "Nó giúp tâm trí tập trung và ngăn chặn những xao nhãng từ bên ngoài."
        ],
        "ability": [
            "Miễn nhiễm với Choáng",
            "Tăng cường sức mạnh ma thuật và quy mô thi triển"
        ]
    },
    "11": {
        "name": [
            "Găng Tay Hấp Thụ Mana"
        ],
        "subtitle": "",
        "description": [
            "Đôi găng tay Đại Hiền Giả sử dụng khi còn là nhà mạo hiểm giả lúc thời trẻ.",
            "Chúng tự nhiên hấp thụ Mana, truyền vào vũ khí những thuộc tính ma thuật.",
            " "
        ],
        "ability": [
            "Vũ khí sẽ gây thêm sát thương ma thuật",
            "Vũ khí ma pháp gây thêm 30% sát thương phép"
        ]
    },
    "12": {
        "name": [
            "Vuốt Mèo Vay Mượn"
        ],
        "subtitle": [
            " \"...Meo~?\""		
		],
        "description": [
            "Bộ vuốt Mèo ẩn giấu bên trong một con Slime Mèo, dường như đã được",
            "chứa đựng linh hồn của mèo. Khi trang bị sẽ tăng sự nhanh nhẹn của bạn!"
        ],
        "ability": [
            "Tăng sức mạnh và tốc độ tấn công"
        ]
    },
    "13": {
        "name": [
            "Chân Mèo Vay Mượn"
        ],
        "subtitle": [
            " \"...Meo~?\""	
		],
        "description": [
            "Những vuốt chân Mèo ẩn giấu bên trong một con Slime Mèo, dường như đã ",
            "được chứa đựng linh hồn của mèo. Khi trang bị sẽ tăng sự nhanh nhẹn của bạn!"
        ],
        "ability": [
            "Tăng tốc độ tấn công và di chuyển, giảm thời gian hồi chiêu Senpo"
        ]
    },
    "14": {
        "name": [
            "Nhẫn Cỏ Thảo Hương"
        ],
        "subtitle": "",
        "description": [
            "Chiếc nhẫn được đan từ lá và thân rễ, tỏa ra mùi hương thảo mộc.",
            "Từng được dùng làm bùa hộ mệnh cho lữ khách, nó tượng trưng cho ",
            "sức sống và nguồn sinh lực"
        ],
        "ability": [
            "HP tối đa +\\c[29]${$gameActors.actor(1).skillMasteryLevel(35)>0?(($gameActors.actor(1).skillMasteryLevel(35)*($gameActors.actor(1).skillMasteryLevel(35) + 1)/2)*15)/$gameActors.actor(1).skillMasteryLevel(35):15}\\c[0]",
            "Trang bị nhiều món này sẽ tăng cường hiệu quả"
        ]
    },
    "15": {
        "name": [
            "Trang Phục Mèo Bông"
        ],
        "subtitle": "",
        "description": [
            "Bộ đồ mèo bông mềm mại, ấm áp — vừa bồng bềnh vừa quá khổ",
            "Thiết kế rộng rãi ôm trọn cơ thể, thậm chí còn có thể giấu cả vài",
            "món đồ nhỏ bên trong~"
        ],
        "ability": [
            "Sức chứa thêm vũ khí +10",
            "Sức chứa thêm trang bị +20"
        ]
    },
    "16": {
        "name": [
            "Mũ Gai Xuyên Phá"
        ],
        "subtitle": "",
        "description": [
            "Một bộ giáp kim loại gắn đầy gai nhọn, tỏa ra sự nguy hiểm từ mọi góc độ,",
            "vừa mang lại khả năng phòng thủ vững chắc, gây sát thương cho kẻ địch ở gần."
        ],
        "ability": [
            "Tự động gây sát thương lên kẻ địch xung quanh."
        ]
    },
    "17": {
        "name": [
            "Giáp Gai Xuyên Phá"
        ],
        "subtitle": "",
        "description": [
            "Một bộ giáp kim loại gắn đầy gai nhọn, tỏa ra sự nguy hiểm từ mọi góc độ,",
            "vừa mang lại khả năng phòng thủ vững chắc, gây sát thương cho kẻ địch ở gần."
        ],
        "ability": [
            "Tự động gây sát thương lên kẻ địch xung quanh."
        ]
    },
    "18": {
        "name": [
            "Găng Gai Xuyên Phá"
        ],
        "subtitle": "",
        "description": [
            "Một bộ giáp kim loại gắn đầy gai nhọn, tỏa ra sự nguy hiểm từ mọi góc độ,",
            "vừa mang lại khả năng phòng thủ vững chắc, gây sát thương cho kẻ địch ở gần."
        ],
        "ability": [
            "Tự động gây sát thương lên kẻ địch xung quanh khi tấn công."
        ]
    },
    "19": {
        "name": [
            "Giày Gai Xuyên Phá"
        ],
        "subtitle": "",
        "description": [
            "Một bộ giáp kim loại gắn đầy gai nhọn, tỏa ra sự nguy hiểm từ mọi góc độ,",
            "vừa mang lại khả năng phòng thủ vững chắc, gây sát thương cho kẻ địch ở gần."
        ],
        "ability": [
            "Tự động gây sát thương lên kẻ địch xung quanh khi di chuyển."
        ]
    },
    "20": {
        "name": [
            "Mũ Hiệp Sĩ"
        ],
        "subtitle": "",
        "description": [
            "Bộ giáp tiêu chuẩn của các hiệp sĩ hoàng gia. Thiết kế vừa chắc chắn",
            "vừa cầu kỳ, biểu tượng cho sự trung thành của họ với tinh thần hiệp sĩ."
        ],
        "ability": [
            "Tăng phòng thủ khi HP dưới \\c[10]30%\\c[0]"
        ]
    },
    "21": {
        "name": [
            "Giáp Hiệp sĩ"
        ],
        "subtitle": "",
        "description": [
            "Bộ giáp tiêu chuẩn của các hiệp sĩ hoàng gia. Thiết kế vừa chắc chắn",
            "vừa cầu kỳ, biểu tượng cho sự trung thành của họ với tinh thần hiệp sĩ."
        ],
        "ability": [
            "Tăng phòng thủ khi HP dưới \\c[10]30%\\c[0]"
        ]
    },
    "22": {
        "name": [
            "Găng Tay Hiệp sĩ"
        ],
        "subtitle": "",
        "description": [
            "Bộ giáp tiêu chuẩn của các hiệp sĩ hoàng gia. Thiết kế vừa chắc chắn",
            "vừa cầu kỳ, biểu tượng cho sự trung thành của họ với tinh thần hiệp sĩ."
        ],
        "ability": [
            "Tăng tấn công và phòng thủ khi HP dưới \\c[10]30%\\c[0]"
        ]
    },
    "23": {
        "name": [
            "Giày Hiệp Sĩ"
        ],
        "subtitle": "",
        "description": [
            "Bộ giáp tiêu chuẩn của các hiệp sĩ hoàng gia. Thiết kế vừa chắc chắn",
            "vừa cầu kỳ, biểu tượng cho sự trung thành của họ với tinh thần hiệp sĩ."
        ],
        "ability": [
            "Tăng tốc độ di chuyển khi HP dưới \\c[10]30%\\c[0]"
        ]
    },
    "24": {
        "name": [
            "Trang Phục Thợ Săn"
        ],
        "subtitle": "",
        "description": [
            "Được may từ da dày và vải lanh bền chắc, từng là trang phục",
            "hằng ngày của thợ săn. Dù khả năng phòng thủ hạn chế,",
            "nhưng lại nhẹ và linh hoạt, giúp người mặc dễ dàng di chuyển trong rừng."
        ],
        "ability": [
            "Hồi phục HP từ từ khi đứng trên địa hình có cỏ"
        ]
    },
    "25": {
        "name": [
            "Đai Thợ Săn"
        ],
        "subtitle": "",
        "description": [
            "Được chế tác từ da cứng cáp, gắn thêm khóa và túi nhỏ bền bỉ.",
            "Từng là vật dụng không thể thiếu với thợ rừng trong mọi hành trình,",
            "vẫn giữ được sự nhẹ nhàng, không gây vướng víu ngay cả khi di chuyển xa."
        ],
        "ability": [
            "HP tối đa +20, tốc độ di chuyển tăng",
            "Sức chứa thêm: +5 vũ khí, +5 trang bị"
        ]
    },
    "26": {
        "name": [
            "Lông Vũ Phượng Hoàng"
		],
		"subtitle": [
		    ""
		],
        "description": [
            "Một chiếc lông vũ của Phượng Hoàng.",
			"Biểu tượng của sự sống vĩnh hằng, vẫn cháy rực với ngọn lửa ấm áp.",
			"Chỉ một chiếc lông của nó cũng mang sức mạnh hồi sinh kẻ đã khuất."
		],
        "ability": [
            "Kích hoạt khi HP giảm xuống 0, hồi phục lại toàn bộ HP",
			"Vật phẩm sẽ biến mất sau khi kích hoạt"
		]
    },
    "27": {
        "name": [
            "Giấy Vệ Sinh"
        ],
        "subtitle": "",
        "description": [
            "Cuộn giấy vệ sinh mang từ nhà",
            "Một vật dụng tiện lợi cho nhà thám hiểm khi bất chợt cần",
            "để giải quyết nỗi buồn giữa hầm ngục nguy hiểm"
        ],
        "ability": [
            "Giảm sát thương Mất Máu nhận vào \\c[10]30%\\c[0]"
        ]
    },
    "29": {
        "name": [
            "Jacky Láu Cá"
        ],
        "subtitle": [
            "\"Thứ này khao khát những tiếng gào thét...\""		
		],
        "description": [
            "Một trong những vũ khí chết chóc của kẻ sát nhân khét tiếng,",
            "vẫn còn run rẩy trong sự háo hức"
        ],
        "ability": [
            "Gây sát thương cao hơn lên kẻ địch có HP thấp, tối đa đến \\c[10]30%\\c[0]"
        ]
    },
    "30": {
        "name": [
            "Dao Găm Thợ Săn"
        ],
        "subtitle": [
            "\"Cái chết từ nòng súng, vận may từ lưỡi dao\""
        ],
        "description": [
            "Một con dao găm nhỏ, sắc bén có thể giấu gọn trong giày.",
            "Với thợ săn, nó luôn mang về lễ vật cuối cùng từ con mồi."
        ],
        "ability": [
            "Tăng tỉ lệ rơi thịt khi săn"
        ]
    },
    "31": {
        "name": [
            "Vụ Dạ Huyễn Ảnh"
        ],
        "subtitle": [
            "\"Kẻ này chỉ khao khát được biến mất...\""
        ],
        "description": [
            "Một trong những công cụ chết chóc của tên sát nhân khét tiếng,",
            "được tạo ra để che giấu sự hiện diện."
        ],
        "ability": [
            "Định kỳ bước vào trạng thái tàng hình",
            "Ám sát khi tàng hình sẽ gây sát thương gấp đôi"
        ]
    },
    "32": {
        "name": [
            "Mèo Quyền"
        ],
        "subtitle": "",
        "description": [
            "\"Hyaa—!! Đừng có chọc vào ta nya!\"",
            "Bao tay hình vuốt mèo mềm mại, vũ khí quý giá của một cô mèo nào đó",
            "Mang chúng sẽ ban cho sự nhanh nhẹn của mèo và cả cơn thèm cá..."
        ],
        "ability": [
            "Tăng tốc độ tấn công. Đòn tấn công thêm +1",
            "Tỉ lệ các đòn tấn công thêm kích hoạt hiệu ứng đặc biệt bị giảm một nửa"
        ]
    },
    "33": {
        "name": [
            "Mũ Táo"
        ],
        "subtitle": "",
        "description": [
            "Một cái mũ đội đầu làm từ táo, nên bạn chẳng thể",
            "mong chờ khả năng phòng thủ gì cả. Nhưng táo thì ngon tuyệt!"
        ],
        "ability": [
            "Có tỉ lệ nhỏ kích hoạt hồi phục HP khi bị thương"
        ]
    },
    "34": {
        "name": [
            "Nhẫn Lưỡi Sắc"
        ],
        "subtitle": "",
        "description": [
            "Tương truyền có một nhà thám hiểm, quá sợ hãi việc phải đánh tay không,",
            "đã gắn một thanh kiếm vào chiếc nhẫn. Dù quá nhỏ để dùng thực sự,",
            "nhưng nó lại làm khí thế của chủ nhân tăng lên đáng kể."
        ],
        "ability": [
            "Sức tấn công vật lý +15%"
        ]
    },
    "35": {
        "name": [
            "Wakizashi"
        ],
        "subtitle": "",
        "description": [
            "Một thanh đoản kiếm được chế tác tinh xảo, thường được các samurai",
            "ngoại quốc mang theo như vũ khí phụ. Tuy ngắn, nhưng lưỡi sắc bén có thể",
            "xé toạc da thịt, để lại những vết thương khó cầm máu."
        ],
        "ability": [
            "Số lần tấn công thường với vũ khí cận chiến +1",
            "Đòn tấn công thêm có tỉ lệ gây trạng thái Chảy Máu"
        ]
    },
    "36": {
        "name": [
            "Mèo Thần Tài"
        ],
        "subtitle": "",
        "description": [
            "Một Servant nhỏ tham lam với vẻ mặt lúc nào cũng bất mãn",
            "Nó háo hức nhặt hết mọi vật phẩm rơi ra, bất kể giá trị ra sao"
        ],
        "ability": [
            "Mèo Thần Tài sẽ tự động thu thập mọi loại vật phẩm rơi ra cho bạn",
            "Trang bị nhiều sẽ chỉ làm tăng phạm vi thu thập vật phẩm"
        ]
    },
    "37": {
        "name": [
            "Heo Đất"
        ],
        "subtitle": "",
        "description": [
            "Một Servant dễ thương dùng để cất giữ tiền thu thập được",
            "Có thể sẽ xảy ra điều gì đó khi nó đầy, nhưng hiện tại thì nó khá mong manh"
        ],
        "ability": [
            "Vui vẻ thu thập tiền. Số tiền hiện có: \\c[6]${$gameSelfVariables.value([1, 110, 'deposit'])}\\c[0]yen!",
            "Dễ dàng vỡ khi bị tấn công, mất toàn bộ số tiền đã cất giữ"
        ]
    },
    "38": {
        "name": [
            "Heo Đất Tham Lam"
        ],
        "subtitle": "",
        "description": [
            "Một con heo đất chất đầy của cải, giấc mơ đã trở thành hiện thực",
            "Thế nhưng, dù bụng đã đầy vàng, lòng tham của nó vẫn không có giới hạn"
        ],
        "ability": [
            "Tỏa ra hào quang Mamon’s Demand. Số tiền hiện có: \\c[6]${$gameSelfVariables.value([1, 110, 'deposit'])}\\c[0]yen!",
            "Thu thập tiền vô tận, nhả ra lãi suất mỗi 10 giây"
        ]
    },
    "39": {
        "name": [
            "Mai Rùa Xanh"
        ],
        "subtitle": "",
        "description": [
            "Một chiếc mai rùa cứng cáp và nặng nề.",
            "Khi mang trên cạn thì gần như không thể nhấc nổi chân...!"
        ],
        "ability": [
            "Giảm tốc độ di chuyển, nhưng tăng tốc độ bơi"
        ]
    },
    "40": {
        "name": [
            "Đồng Phục Hầu Gái"
        ],
        "subtitle": "",
        "description": [
            "Một chiến lợi phẩm có được sau khi dạy dỗ cô gái tai thỏ nghịch ngợm",
            "Nó vẫn còn vương mùi đất và cà rốt"
        ],
        "ability": [
            "Khi trang bị sẽ ngụy trang thành quái vật nhưng không thể tấn công",
            "Trang bị nó sẽ khiến bạn trở thành bạn thân của Thỏ Hầu Gái"
        ]
    },
    "41": {
        "name": [
            "Tai Thỏ Moe"
        ],
        "subtitle": "",
        "description": [
            "Một phụ kiện tai thỏ có thể tháo rời",
            "Bất kể ai đeo vào cũng sẽ trở nên cực kỳ dễ thương!"
        ],
        "ability": [
            "Được ban phước may mắn! Tỉ lệ rơi vật phẩm tăng lên!"
        ]
    },
    "42": {
        "name": [
            "Linh Hồn Ma Hoả"
        ],
        "subtitle": [
            "\"Ẹc sờ bờ lô————siần!!\""		
		],
        "description": [
            "Một ý chí đã hi sinh tất cả vì những vụ nổ",
            "Giờ đây chẳng lẽ ngươi không muốn tạo ra những vụ nổ lớn hơn sao?"
        ],
        "ability": [
            "Có tỉ lệ nhỏ kích hoạt vụ nổ khi tấn công hoặc bị đánh trúng",
            "Giảm 50% sát thương nổ tự gây ra"
        ]
    },
    "43": {
        "name": [
            "Huy Hiệu Thủ Hộ Kiếm"
        ],
        "subtitle": [
            "\"Lũ mạo hiểm giả các ngươi thật đáng ghê tởm!",
            "Vung kiếm chỉ để giết chóc, chẳng hề quan tâm đến nỗi đau của chúng!\""
        ],
        "description": [
            "Một chiếc huy hiệu chỉ được đeo bởi những người đồng chí tin vào",
            "việc bảo tồn vũ khí vĩnh cửu"
        ],
        "ability": [
            "Sức tấn công -20%, sát thương tối đa giới hạn ở mức 200",
            "Giảm 20% độ hao mòn của tất cả vũ khí"
        ]
    },
    "44": {
        "name": [
            "◉▽◉"
        ],
        "subtitle": [
            "\"Sacabambaspis nhìn cảnh này quen lắm nha.\""
        ],
        "description": [
            "Một Servant huyền thoại thời cổ đại—dù là cá, nhưng lại chẳng thể bơi",
            "Nó có lớp da rắn chắc, và chiêu thức đặc biệt là Lốc Xoáy Phản Lực!"
        ],
        "ability": [
            "Nắm chụp rùa Saccabankame và ném như một đòn tấn công.",
            "Khi rơi xuống nước, nó không thể lên bờ được nữa…"
        ]
    },
    "45": {
        "name": [
            "Vòng Quay Độc Tử"
        ],
        "subtitle": [
            "\"Con dao găm này đã tẩm đầy kịch độc đấy, biết không— (liếm\""		
		],
        "description": [
            "Một thanh đoản kiếm ma thuật tẩm độc—hãy giữ khoảng cách"
        ],
        "ability": [
            "Một Servant tự động bay vòng quanh",
            "Có tỉ lệ cao gây Trúng Độc khi chạm vào"
        ]
    },
    "46": {
        "name": [
            "Nắm Đấm Cuồng Nộ"
        ],
        "subtitle": "",
        "description": [
            "Một nắm đấm ma thuật đầy uy lực",
            "Dâng trào bởi cơn cuồng nộ vô danh, luôn siết chặt không buông..."
        ],
        "ability": [
            "Một Servant tự động bay vòng quanh",
            "Hất văng bất kỳ kẻ địch nào nó chạm phải"
        ]
    },
    "47": {
        "name": [
            "Bàn Tay Nguyền Rủa Của Xerise"
        ],
        "subtitle": "",
        "description": [
            "Một bàn tay bị chặt đứt, thấm đẫm sức mạnh xác sống",
            "Dù không còn cơ thể, nó vẫn đầy sinh khí và hung hãn"
        ],
        "ability": [
            "Một Servant tự động bay vòng quanh",
            "Nguyền rủa bất kỳ mục tiêu nào nó chỉ ngón tay giữa vào"
        ]
    },
    "48": {
        "name": [
            "Khế Ước Xiềng Xích Chú Phược"
        ],
        "subtitle": [
            "\"Khi người mà bạn yêu thương chết đi, bạn phải tự kết liễu chính mình.",
            "Khi người mà bạn yêu thương chết đi, sẽ không còn cách nào khác.\""
        ],
        "description": [
            "Để cứu linh thú của mình, một nhà giả kim nọ đã tạo nên khế ước này..."
        ],
        "ability": [
            "Liên kết với servant—mọi sát thương chúng chịu sẽ chuyển sang bạn.",
            "Mỗi servent liên kết sẽ ban cho bạn hiệu ứng hồi phục"
        ]
    },
    "50": {
        "name": [
            "Khoai Tây Chiên"
        ],
        "subtitle": "",
        "description": [
            "Mới chiên giòn còn nóng hổi,",
            "tỏa hương thơm mặn mà. Cẩn thận lũ hải âu!"
        ],
        "ability": [
            "Thu hút hải âu đến cướp khoai tây của bạn"
        ]
    },
    "53": {
        "name": [
            "Nhẫn Xương Tử Tội"
        ],
        "subtitle": "",
        "description": [
            "Một chiếc nhẫn làm từ xương của Kẻ Bị Treo Cổ đã khuất",
            "Dù phần lớn sức mạnh đã mất,",
            "nó vẫn ban cho người đeo chút khả năng kháng trọng lực"
        ],
        "ability": [
            "Giảm 50% sát thương khi rơi"
        ]
    },
    "54": {
        "name": [
            "Chén Thánh Vàng Khiếm Khuyết"
        ],
        "subtitle": "",
        "description": [
            "Một thánh tích chưa được lấp đầy, ban phước cho người sở hữu",
            "với vận may vô cùng lớn. Nguồn gốc của phước lành này vẫn bí ẩn,",
            "nó âm thầm chờ ngày được hoàn thiện"
        ],
        "ability": [
            "Tăng vận may đáng kể. Nhân đôi số tiền kiếm được"
        ]
    },
    "55": {
        "name": [
            "Găng Tay Hoả Ngục"
        ],
        "subtitle": [
            "\"Ha, pháo hoa kinh tởm thật đấy.\""		
		],
        "description": [
            "Găng tay dày, chịu nhiệt, tỏa mùi thuốc súng nồng nặc"
        ],
        "ability": [
            "+30% bán kính nổ cho bom tự kích hoạt",
            "Bom có tỉ lệ gây ra chuỗi nổ"
        ]
    },
    "56": {
        "name": [
            "Lòng Thương Xót Của Thánh Nữ"
        ],
        "subtitle": [
            "\"Đứa trẻ ngoan, đứa trẻ ngoan...\""		
		],
        "description": [
            "Một trong những bộ trang phục của nữ tu, mềm mượt như lụa, khó quên",
            "Ánh sáng thánh lan tỏa qua từng sợi vải, mang lại sự an ủi"
        ],
        "ability": [
            "Ép buộc vào Chế Độ Hiền Triết",
            "Tăng thiện cảm nhiều hơn khi xoa đầu \\str[120]"
        ]
    },
    "57": {
        "name": [
            "Giành Lại Tình Yêu!!"
        ],
        "subtitle": [
            ""
        ],
        "description": [
            "ASABA, chìm trong đau buồn vì quả dâu đã mất, giải phóng tuyệt kỹ ",
            "tối thượng của mình. Một khi đã nhắm đến, kẻ địch sẽ bị dính một loạt",
            "combo không thể tránh né... Nhưng nỗi buồn vẫn còn—bị đốt cháy bởi",
            "cảm xúc của định mệnh, bạn cũng kế thừa cấm thuật này! "
        ],
        "ability": [
            "Thi triển tuyệt chiêu khi dùng đúng câu lệnh ",
            "HP càng thấp, tuyệt chiêu càng mạnh"
        ]
    },
    "59": {
        "name": [
            "Mặt Dây Chuyền Rubrum"
        ],
        "subtitle": [
            ""
        ],
        "description": [
		    "Báu vật quý giá của Phù Thủy Sa Ngã. ",
            "Một mặt dây chuyền chế tác từ một lượng nhỏ Mảnh Hiền Triết, ",
			"thấm đẫm nguồn sức mạnh giả kim tuy mờ nhạt nhưng vĩnh cửu"
        ],
        "ability": [
		    "Tăng sát thương ma thuật dựa trên số lượng Mảnh Hiền Triết",
            "Giảm \\c[6]24%\\c[0] hao mòn vũ khí khi thi triển ma thuật"
        ]
    },
    "60": {
        "name": [
            "Vòng Nguyền Rủa Của Pháp Sư Sa Ngã"
        ],
        "subtitle": "",
        "description": [
            "Một chiếc vòng nguyền rủa bị ô uế bởi ma thuật hắc ám,",
            "bị ám bởi mối oán hận ngoan cố luôn gặm nhấm lấy thân xác"
        ],
        "ability": [
            "Sức mạnh phép thuật +100%",
            "HP tối đa -50%"
        ]
    },
    "61": {
        "name": [
            "Áo Choàng của Pháp Sư Sa Ngã"
        ],
        "subtitle": "",
        "description": [
            "Một chiếc áo choàng bị nguyền rủa, thấm đẫm ma thuật hắc ám,",
            "bị ám bởi vong linh khao khát được báo thù"
        ],
        "ability": [
            "Tàn ảnh tạo ra bởi Senpo tồn tại lâu hơn",
            "Những vật thể chạm vào chúng sẽ bị đóng băng tại chỗ"
        ]
    },
    "62": {
        "name": [
            "Găng Tay Của Pháp Sư Sa Ngã"
        ],
        "subtitle": "",
        "description": [
            "Găng tay bị nguyền rủa, nhuốm đầy ma thuật u tối,",
            "chứa đựng một linh hồn đầy thù hận, không ngừng gào thét xé xác kẻ thù."
        ],
        "ability": [
            "Đạn phép tự động đuổi theo kẻ địch gần đó"
        ]
    },
    "63": {
        "name": [
            "Giày Của Pháp Sư Sa Ngã"
        ],
        "subtitle": "",
        "description": [
            "Đôi giày bị nguyền rủa, nhuốm đầy ma thuật đen tối,",
            "chứa đựng một linh hồn đầy thù hận, ban cho sự nhanh nhẹn như bóng ma"
        ],
        "ability": [
            "Tăng tốc độ di chuyển, nhận trạng thái hư vô khi sử dụng Senpo"
        ]
    },
    "65": {
        "name": [
            "Băng Đô Kiên Định"
        ],
        "subtitle": [
            "\"Mày có biết bố mày là ai không!?\""		
		],
        "description": [
            "Một chiếc băng đô khơi dậy nhiệt huyết khi đeo vào",
            "Không có hiệu quả thực sự, nhưng tinh thần kiên cường của nó thì vô song"
        ],
        "ability": [
            "Giảm tỉ lệ trúng trạng thái bất thường",
            "Có tỉ lệ nhỏ kháng sát thương chí mạng"
        ]
    },
    "67": {
        "name": [
            "Hộ Thủ Võ Giả"
        ],
        "subtitle": "",
        "description": [
            "Băng quấn cổ tay, thường được võ sĩ đeo khi luyện tập đối kháng",
            "Chúng bảo vệ khớp đồng thời cải thiện độ chính xác khi di chuyển"
        ],
        "ability": [
            "-12% hao mòn vũ khí",
            "Tăng tốc độ tấn công & tăng sát thương combo tay không"
        ]
    },
    "68": {
        "name": [
            "Giày Võ Sĩ"
        ],
        "subtitle": "",
        "description": [
            "Đôi giày thường được võ sĩ đeo khi đã thành thạo",
            "kỹ năng, tỏa ra hào quang mạnh mẽ"
        ],
        "ability": [
            "Tăng tốc độ di chuyển. Nâng cấp hiệu quả Senpo"
        ]
    },
    "69": {
        "name": [
            "Huỷ Dung"
		],
		"subtitle": [
		    "\"Chết tiệt... Tao chỉ muốn đấm vào mặt ai đó thôi...!\""
		],
        "description": [
            "Găng đấm còn sót lại của một tay đấm huyền thoại.",
			"Bạn vẫn có thể cảm nhận được sức mạnh áp đảo còn lưu lại trên chúng."
		],
        "ability": [
            "Không thể sử dụng vũ khí khi trang bị",
			"Đòn đấm có thể gây sát thương bổ sung dựa trên HP của mục tiêu"
		]
    },
    "70": {
        "name": [
            "Trái Tim Bù Nhìn"
        ],
        "subtitle": "",
        "description": [
            "Thân thể rỗng của một con bù nhìn",
            "Không hơi ấm, không nhịp tim, nhưng nó có thể sống thay bạn"
        ],
        "ability": [
            "Ngăn chặn mọi hình thức hồi HP khi trang bị",
            "Khi HP về 0, bạn vẫn sẽ duy trì thêm một thời gian trước khi gục ngã"
        ]
    },
    "73": {
        "name": [
            "Nhẫn Hoả Ngục"
        ],
        "subtitle": "",
        "description": [
            "Một chiếc nhẫn rèn từ đá nóng chảy với dòng magma",
            "Đeo nó giảm bớt đau đớn từ cả sương giá lẫn lửa"
        ],
        "ability": [
            "Giảm đáng kể tỉ lệ bị đóng băng",
            "Giảm tỉ lệ bị thiêu đốt"
        ]
    },
    "74": {
        "name": [
            "Cổ Thư Hỏa Linh Salamander"
        ],
        "subtitle": [
            "\"Đúng vậy, chúng thật sự thích ớt cay...\""
        ],
        "description": [
            "Một quyển ma thư được đóng bằng vảy kỳ nhông lửa. Dù trông giống",
            "một bách khoa toàn thư, nhưng những ghi chép về loài kỳ nhông sống trong ",
            "núi lửa mang lại cái nhìn sâu sắc hơn về lửa khi nghiên cứu."
        ],
        "ability": [
            "Tăng cường sát thương và hình thái của ma pháp nguyên tố lửa"
        ]
    },
    "80": {
        "name": [
            "Sắc Lệnh Hoàng Gia"
        ],
        "subtitle": "",
        "description": [
            "Một chiếc nhẫn tượng trưng cho vinh quang tối cao của một vị vua thực thụ",
            "Tăng đáng kể tinh thần của thuộc hạ!"
        ],
        "ability": [
            "Tăng nhẹ tất cả chỉ số",
            "Phóng to tất cả Servant và tăng cường thuộc tính đặc biệt của chúng"
        ]
    },
    "100": {
        "name": [
            "Unit I Nexus"
        ],
        "subtitle": "",
        "description": [
            "Một lõi năng lượng vượt xa công nghệ hiện đại, bề mặt khắc họa những mạch",
            "năng lượng phát sáng huyền bí. Dù phần lớn linh kiện đã thất lạc,",
            "nó vẫn thể hiện khả năng tính toán và cảm ứng phi thường."
        ],
        "ability": [
            "Khi trang bị, cho phép phát hiện khu vực",
            "Loại đối tượng có thể phát hiện sẽ tăng lên khi lõi được nâng cấp."
        ]
    },
    "125": {
        "name": [
            "Búp bê cầu Nắng Gắt"
        ],
        "subtitle": "",
        "description": [
            "Con búp bê vải được tạo nên từ những lời cầu nguyện chân thành của ai đó.",
            "Nó mang theo những ước nguyện, tạo ra những thay đổi nhẹ trong thời tiết",
            "Tuy nhiên, con búp bê lặng lẽ biến mất ngay sau đó"
        ],
        "ability": [
            "Đảm bảo thời tiết nắng gắt vào ngày hôm sau khi trang bị"
        ]
    },
    "126": {
        "name": [
            "Búp bê cầu Nắng Đẹp"
        ],
        "subtitle": "",
        "description": [
            "Con búp bê vải được tạo nên từ những lời cầu nguyện chân thành của ai đó.",
            "Nó mang theo những ước nguyện, tạo ra những thay đổi nhẹ trong thời tiết",
            "Tuy nhiên, con búp bê lặng lẽ biến mất ngay sau đó"
        ],
        "ability": [
            "Đảm bảo thời tiết nắng ráo vào ngày hôm sau khi trang bị"
        ]
    },
    "127": {
        "name": [
            "Búp bê cầu Mây"
        ],
        "subtitle": "",
        "description": [
            "Con búp bê vải được tạo nên từ những lời cầu nguyện chân thành của ai đó.",
            "Nó mang theo những ước nguyện, tạo ra những thay đổi nhẹ trong thời tiết",
            "Tuy nhiên, con búp bê lặng lẽ biến mất ngay sau đó"
        ],
        "ability": [
            "Đảm bảo thời tiết nhiều mây vào ngày hôm sau khi trang bị"
        ]
    },
    "128": {
        "name": [
            "Búp bê cầu Mưa"
        ],
        "subtitle": "",
        "description": [
            "Con búp bê vải được tạo nên từ những lời cầu nguyện chân thành của ai đó.",
            "Nó mang theo những ước nguyện, tạo ra những thay đổi nhẹ trong thời tiết",
            "Tuy nhiên, con búp bê lặng lẽ biến mất ngay sau đó"
        ],
        "ability": [
            "Đảm bảo thời tiết mưa vào ngày hôm sau khi trang bị"
        ]
    },
    "129": {
        "name": [
            "Nụ Cười Của Em Gái"
        ],
        "subtitle": [
            "\"\\str[121], anh đã giữ lời hứa, tốt lắm!\""		
		],
        "description": [
            "Em gái luôn ngưỡng mộ và lo lắng cho \\str[121]",
            "của em ấy cuối cùng cũng nở một nụ cười hài lòng",
            "Đối với \\str[121], đó đã là động lực đủ để có thể tiếp tục"
        ],
        "ability": [
            "Tăng ham muốn, tăng tất cả chỉ số"
        ]
    },
    "130": {
        "name": [
            "Quần Lót Của \\str[120]"
        ],
        "subtitle": [
            "\"Nó vẫn còn mùi hương của \\str[120]...\""		
		],
        "description": [
            "Quần lót nhận được từ \\str[120] do sự hiểu lầm",
            "Chưa trả lại, nhưng sâu thẳm là niềm hạnh phúc"
        ],
        "ability": [
            "Được truyền động lực bởi \\str[120]. Khi HP < 50%, nhận hồi phục tự động"
        ]
    },
    "131": {
        "name": [
            "Thú Nhồi Bông Hình Thỏ"
        ],
        "subtitle": [
            "\"Waaah—! Đừng làm hỏng nó~~!\""
        ],
        "description": [
            "Một con thỏ bông nhồi mà \\str[120] luôn ôm trong tay,",
            "thấm đẫm mùi hương của em ấy.",
            "Mà nghĩ lại... tại sao nó lại nằm trong tay mình nhỉ?"
        ],
        "ability": [
            ""
        ]
    },
    "147": {
        "name": [
            "Băng Y Tế"
        ],
        "subtitle": "",
        "description": [
            ""
        ],
        "ability": []
    },
    "150": {
        "name": [
            "Áo Thun Tặng Kèm"
        ],
        "subtitle": "",
        "description": [
            "Một bộ trang phục được làm riêng từ hiệp sĩ,",
            "được cho là để quảng bá trò chơi",
            "Nhưng tôi thật sự không muốn mặc nó"
        ],
        "ability": []
    },
    "152": {
        "name": [
            "Pyjama Của \\str[120]"
        ],
        "subtitle": "",
        "description": [
            "Bộ pyjama hai dây mà \\str[120] thường mặc,",
			"được trang trí bằng những chiếc nơ mà em ấy yêu thích.",
            "Nhưng nghĩ đi nghĩ lại... tại sao nó lại ở trong tay tôi?"
        ],
        "ability": []
    },
    "153": {
        "name": [
            "Quần Short Của \\str[120]"
        ],
        "subtitle": "",
        "description": [
            "Quần short mềm mại và bồng bềnh mà \\str[120] thường mặc,",
			"được trang trí bằng những chiếc nơ mà em ấy yêu thích.",
            "Nhưng nghĩ đi nghĩ lại... tại sao nó lại ở trong tay tôi?"
        ],
        "ability": []
    },
    "154": {
        "name": [
            "Quần Lót Sọc Xanh"
        ],
        "subtitle": "",
        "description": [
		    ""
        ],
        "ability": []
    },
    "155": {
        "name": [
            "Quần Lót Sọc Hồng"
        ],
        "subtitle": "",
        "description": [
            ""
        ],
        "ability": []
    },
    "156": {
        "name": [
            "Quần Lót Màu Trắng"
        ],
        "subtitle": "",
        "description": [
            ""
        ],
        "ability": []
    },
    "157": {
        "name": [
            "Băng Y Tế"
        ],
        "subtitle": "",
        "description": [
            ""
        ],
        "ability": []
    },
    "159": {
        "name": [
            "Không mặc quần lót..."
        ],
        "subtitle": "",
        "description": [
            ""
        ],
        "ability": []
    },
    "299": {
        "name": [
            "Lãnh Địa Tuyệt Đối"
        ],
        "subtitle": [
            ""
        ],
        "description": [
            "Lãnh thổ bất khả xâm phạm thiêng liêng giữa váy ngắn và tất cao đến đùi",
            "của cô gái. Không chỉ mang lại khả năng kháng ma thuật cao, mà còn sở hữu",
			"khả năng kỳ quặc là lấy ra mọi loại vật phẩm từ dưới váy theo ý muốn"
        ],
        "ability": [
            "Tăng sức chứa vũ khí +99",
            "Tăng sức chứa trang bị +99"
        ]
    },
    "300": {
        "name": [
            "Chất Xúc Tác Ái Tình"
        ],
        "subtitle": [
            "\"Hãy trao cho em tình yêu của anh—! Nếu không, hãy cùng chết đi~~~!\""
        ],
        "description": [
            "Một cổ vật cấm được rèn bởi một Ác Quỷ yandere nào đó",
            "Nó ép buộc bất kỳ ai chạm vào phải yêu người mang nó",
			"bất chấp ý chí của họ"
        ],
        "ability": [
            "Tăng mạnh các chỉ số nhận được khi vuốt ve đầu \\str[120]"
        ]
    }
}
