{
    "1": {
        "0": [
            "Hiện tại là thời đại mà nhiều năm sau khi ",
			"Quỷ Vương bị Anh Hùng đánh bại."
		],
		"1": [
            "Có một Anh Hùng và Nhà Hiền Triết từng nổi tiếng,",
			"giờ đây truyền thuyết của họ chỉ còn lại là",
			"những câu chuyện cổ tích mà người lớn dùng để giáo huấn trẻ con."
        ],
        "2": [
            "Đây là tên được đặt cho mê cung khổng lồ bí ẩn",
            "đột ngột xuất hiện lên trên bề mặt cách đây mười năm."
        ],
        "3": [
            "Độ sâu dường như vô tận,",
			"những khu vực đầy các tàn tích khác nhau,",
			"và quái vật sinh sôi nhanh chóng dưới sức mạnh ma thuật của nó."
        ],
        "4": [
            "Với việc Quỷ Vương không còn đe dọa nhân loại,",
			"sự xuất hiện đột ngột của một mê cung chưa từng biết đến này,",
			"ngay lập tức phá vỡ sự bình yên ngắn ngủi của thế giới loài người."
        ],
        "5": [
            "Hội Mạo Hiểm Giả đã nhiều lần cử các đội thám hiểm, ",
			"nhưng chưa bao giờ đạt được bước tiến mang tính quyết định.",
			"Tuy vậy, mê cung cũng không hề tỏ ra muốn xâm lấn ",
			"hay gây nguy hại cho thế giới bên ngoài."
        ],
        "6": [
            "Các lãnh chúa địa phương và nhiều thế lực khác,",
            "đều cố gắng đặt tên và giành quyền quản lý mê cung."
        ],
        "7": [
            "Nhưng tất cả những cái tên đó dần bị lãng quên theo thời gian,",
			"và cuối cùng, chỉ còn cái tên 'Vực Thẳm',",
			"khắc sâu vào ký ức của mọi người."
        ],
        "8": [
            "Vì mê cung không có dấu hiệu ",
			"mở rộng để nuốt chửng thế giới,",
			"Hội Mạo Hiểm Giả cuối cùng quyết định——",
			"mở quyền thám hiểm cho công chúng."
        ],
        "9": [
            "Vì vậy, những nghề nghiệp từng bị lãng quên,",
			"'mạo hiểm giả',",
			"đón nhận một thời đại vinh quang và nhiệt huyết mới."
        ],
        "10": [
            "Và trong mê cung to lớn cùng này,",
			"Tôi chỉ có một mục tiêu——",
			"tìm cách chữa hoàn toàn căn bệnh của \\str[120]———"
        ]		
    },
    "4": {
        "0": [
            "Cha tôi là một nhà giả kim lỗi lạc."
		],
		"1": [
            "Ngay cả trong thời đại hòa bình này, nơi không cần chiến đấu với quỷ,",
			"ông vẫn tích cực giải đáp nhiều bí ẩn của thuật giả kim."
        ],
        "2": [
            "\"Ta xin lỗi... về mẹ của con...\""
        ],
        "3": [
            "\"Cha đã cố gắng thử mọi cách...",
			"nhưng...!\""
        ],
        "4": [
            "Thế nhưng người đàn ông được mọi người ngưỡng mộ này,",
			"giờ đang yếu ớt quỳ trên mặt đất,",
			"liên tục nói những lời xin lỗi",
			"với tôi lúc bé."
        ],
        "5": [
            "Ông nắm chặt vai tôi,",
			"và tôi cũng không thể kìm được mà rơi nước mắt.",
			"Có lẽ nhận ra mình hơi mất kiểm soát,",
			"ông từ từ nới lỏng tay và nhẹ nhàng vỗ lên đầu tôi."
        ],
        "6": [
            "\"Bây giờ ổn rồi... lỗi là ở cha,",
            "ta không nên dễ dàng bỏ cuộc...\""
        ],
        "7": [
            "\"Con là một đứa trẻ ngoan, ",
			"không nên gánh chịu tất cả...",
			"hãy cha lo hết mọi thứ.\""
        ],
        "8": [
            "\"Đúng vậy... dù phải mất mọi thứ... ta cũng phải...\""
        ],
        "9": [
            "Giọng ông bắt đầu run lên,",
			"liệu có phải đang sợ điều gì đó?"
        ],
        "10": [
            "Lúc đó tôi không hiểu gì cả, ",
			"nhưng tôi nhớ rằng sau ngày hôm đó,",
			"ông không bao giờ trở lại người cha hiền lành,", 
            "dịu dàng mà tôi từng biết."
        ]		
    }	
}