{
  "1": {
        "0": [
            "一緒にお風呂に入るって約束したけど、",
			"二人ともまだちょっと恥ずかしくて、",
			"もうすぐ裸を見せ合うっていうのに、"
			"思わずおそろいでタオルを巻いたまま浴室に入った。"
		],
		"1": [
            "\\nl< >「じゃんけん……ぽん！    \\w[120]",
			"えへへ〜今日はあたしの勝ちだよっ！」"
        ],
		"2": [
            "「じゃんけん……ぽん！    \\w[120]",
			"よしっ！勝った！」"
        ],		
        "3": [
		    "じゃんけんに負けたから、",
			"俺はお風呂で静かに妹が洗い終わるのを待つことにした。"
        ],
        "4": [
		    "じゃんけんに勝ったから、",
			"今日は俺が先に体を洗う番だ。",
			"妹はちょっと退屈そうに湯船の中でぼんやりしている。"
        ],
        "5": [
			"さっと自分の体を洗い終えたあと、",
			"俺は湯船に浸かって、静かに妹が洗い終わるのを待った。"
        ],
        "6": [
		    "妹が少しぎこちなく髪を洗っている姿を見て、",
			"つい手を貸したくなる気持ちがこみ上げてきた……"
        ],		
        "7": [
		    "妹が少しぎこちなく体を拭いている姿を見て、",
			"つい手を貸したくなる気持ちがこみ上げてきた……"
        ],
        "8": [
		    "洗ってあげる",
			"やめとく"
        ],
        "9": [
		    "妹に髪を洗ってあげようかって聞いてみた——"
        ],
        "10": [
		    "妹に背中を流してあげようかって聞いてみた——"
        ],		
        "11": [
		    "\\nl< >「えっ——",
			"自分でできるよ！お兄ちゃんって手先が雑だから、",
			"きっと上手くできないもん！」"
        ],		
        "12": [
		    "うぅ……妹に断られちゃった。",
			"もう少し仲良くなったら、また今度聞いてみようかな。"
        ],		
        "13": [
		    "妹ももう大きくなったし、子ども扱いされるのは嫌なんだろうな……",
			"今は余計なことはしないでおこう……"
        ],
		"14": [
            "妹が丁寧に洗い終わったあと、",
			"次は俺の番になった。"
        ]	
   },			
  "8": {
        "0": [
            "泡がもうすごく多いね……",
			"ほんとに、まだ足すの？"
		],
		"1": [
            "泡はもうけっこうあるけど……",
			"まだシャンプーを足すの？"
        ],
        "2": [
      	    "もうちょっと泡がもこもこしててもいいかも……",
      	    "もう少しシャンプーを出そうか？"
        ],
        "3": [
		    "\\str[120]にお願い",
            "もう少し",
			"もういい"
        ],
        "4": [
            "\\{……シャンプー、もうなくなっちゃった"
        ],
        "5": [
            "とりあえず今日はこれで洗い終わろう。",
			"あとで補充しておかないとね……"
        ],
        "6": [
      		"泡、もう十分でしょ！？",
      		"これ以上シャンプーをムダにしないで〜！"
        ],	
        "7": [
            "……あれ？ほんとにこんなにシャンプー使うの？",
			"頭皮がちょっとピリピリしてきた気がする。"
        ],	
        "8": [
            "おおぉ、泡がたくさんできたね！",
			"もうそろそろいいんじゃない？"
        ],	
        "9": [
            "うん、もうちょっとだけ泡を作って——"
        ],	
        "10": [
            "やっぱり泡がいっぱいあると気分出るよね〜"
        ],	
        "11": [
            "気持ちよくお風呂に浸かった。"
        ],	
        "12": [
            "「……そういえば、",
			"あの子を拾ってきたんだったね。」"
        ],	
        "13": [
            "ゴムのアヒルを丁寧に洗ってから、そっと湯船に浮かべた。",
			"ぷかぷかと水面に漂って、静かでかわいらしい。"
        ],	
        "14": [
            "「ふ……なんだか雰囲気がよくなった気がする。」"
        ],	
        "15": [
            "「…そろそろ出ようかな。」"
        ],	
        "16": [
            "「……やっと体の変なニオイが取れた。」"
        ],	
        "17": [
            "たっぷりのボディソープで全身を何度も洗い流すと、",
			"まるで心まで一緒に洗われたような気分になった……"
        ],	
        "18": [
            "もう十分洗ったし、出よう。"
        ],	
        "19": [
            "\\nl< >「お兄ちゃん！？もうシャンプーで遊ばないで！」"
        ],	
        "20": [
            "\\nl< >「シャンプーの減りが早いと思ったら……",
			"やっぱりお兄ちゃんの仕業ね！」"
        ],	
        "21": [
            "うぅ……妹に怒られちゃった。"
        ],	
        "22": [
            "妹に背中を洗ってもらおうとお願いしてみた——"
        ],	
        "23": [
            "\\nl< >「うん！ちょっと待っててね！」"
        ],	
        "24": [
            "\\nl< >「強めにゴシゴシしても平気だよね、お兄ちゃん！」"
        ],	
        "25": [
            "「おお…かかってこい！」"
        ],	
        "26": [
            "\\nl< >「じゃあいくよーっ！  \\w[90]",
			"えいっ、えいっ！        \\w[120]",
			"えいっ、えいっ！          \\w[120]」"
        ],	
        "27": [
            "妹は一生懸命タオルで俺の背中をこすってくれる。",
			"力はそんなに強くないし痛くもないけど、",
			"なんだか自分が床を磨かれてる気分になる……"
        ],	
        "28": [
            "\\nl< >「ふぅ……疲れたぁ……     \\w[60]",
			"お兄ちゃん、気持ちよかった？」"
        ],	
        "29": [
            "前もお願い",
			"\\str[120]をほめる"
        ],
        "30": [
            "\\nl< >「前も……洗うの？               \\w[60]",
			"お兄ちゃんったら……もう子どもじゃないのに、     \\w[60]",
			"人に体を洗ってもらうなんて……」",
			"\\w[120]"
        ],	
        "31": [
		    "ちょっと調子に乗りすぎた……",
			"妹は顔を真っ赤にして、恥ずかしそうにうつむいた。",
			"やっぱり、もう少し仲良くなってからまた試してみよう。"
        ],
        "32": [
		    "\\nl< >「前も……洗うの？       \\w[60]",
            "お兄ちゃんったら……          \\w[60]",
			"子どもじゃないのに、そんなに甘えんぼなんだから……」"
        ],		
        "33": [
		    "\\nl< >「だからね……お兄ちゃんはもう子どもじゃないから、          \\w[120]",
            "ここからは大人のやり方で洗わないとね……」        \\w[120]"
        ],
        "34": [
		    "\\nl< >「ふふんっ……                                 \\w[60]",
            "次はもっとすごい背中の洗い方、見せてあげるんだから！」        \\w[120]"
        ]		
    },
  "12": {
        "0": [
            "妹は恥ずかしそうにこくんと頷いた。そのかわいらしい仕草に、",
			"思わず胸の奥から彼女を大切にしたい気持ちがあふれ出す。",
			"その余韻に浸っていたそのとき、",
			"不思議な違和感が急に下半身から走った……"
		],
		"1": [
            "\\nl< >「えっ…お兄ちゃんのタマタマ光ってるよ？」"
        ],
		"2": [
            "「そうだよ、男の子はお風呂でタマタマが光るんだよ—— ",
			"\\w[45]\\^"
        ],
		"3": [
            "\\>「そうだよ、男の子はお風呂でタマタマが光るんだよ——",
			"て、\\<\\{そんなわけあるか！！」",
			"\\}\\w[60]"
        ],
		"4": [
            "自分の下半身が突然光り始めたのを見て、",
			"俺も完全に混乱してしまった。"
        ],
		"5": [
            "まさか……アビスの魔物がついてきたのか！？",
			"そんな恐ろしい考えが浮かんで、",
			"他のことを考える余裕もなくタオルをはねのけた——"
        ],
		"6": [
            "あ、ほんとに自分のタマタマが光ってる……！"
        ],
		"7": [
            "\\nl< >「あわ、あわわわわ！                  \\w[30]",
			"お兄ちゃんのタマタマ、どんどん明るくなってるよ！？」   \\w[30]"
        ],
		"8": [
            "《純情人間を呪い尽くす悪魔の契約式=",
			"今日から君の人生ハードモード》！！",
			"お前はもう呪われている——（Ciallo～(∠・ω< )⌒☆）"
        ],
		"9": [
            "その時、いつも嘲笑を浮かべているあの小悪魔店長の",
			"最後の言葉が頭をよぎった。"
        ],
		"10": [
            "まさか……あの呪いってこれのこと！？",
			"あのクソガキめぇぇぇーーー！！"
        ],
		"11": [
            "\\c[2]心の昂ぶりが頂点に達し、声にならない叫びをあげた。",
			"下半身から放たれた光は一気に広がり、瞬く間に空間を包み込んだ——"
        ],
		"12": [
            "\\nl< >「お兄ちゃん、光になっちゃうよ！！？」"
        ],
		"13": [
            "何も見えない白い世界の中、",
			"俺は考えるのをやめることにした。"
        ]		
    }		
}