{
  "3": {
    "name": [],
    "subtitle": [
	  ""
	],
    "description": [
      ""
    ],
	"variants": {
		"0": {
		   "subtitle": [
	         "「なんだかそわそわする…」"
	       ],
           "description": [
             "興奮度:\\c[2]\\v[25]%\\c[0]"
           ]
		},		
		"1": {
		   "subtitle": [
	         "「全身が何か刺激を求めてる…」"
	       ],
           "description": [
             "興奮度:\\c[10]\\v[25]%\\c[0]"
           ]
		},
		"2": {
		   "subtitle": [
	         "「もう抑えきれない……！」"
	       ],
           "description": [
             "興奮度:\\c[18]\\v[25]%\\c[0]"
           ]
		}
	}
  },
  "4": {
    "name": [],
    "subtitle": [
	  "「うおおおおお……！」"
	],
    "description": [
      "欲望だけのBeastに成り果てた！  興奮度:\\c[18]???%\\c[0]"
    ]
  },
  "5": {
    "name": [],
    "subtitle": [
      "「体内に毒素が回ってる」"
    ],
    "description": [
      "時間経過でダメージを受ける！"
    ]
  },
  "6": {
    "name": [],
    "subtitle": [
      "「血が止まらない」"
    ],
    "description": [
      "最大HPに応じたダメージ！"
    ]
  },
  "7": {
    "name": [],
    "subtitle": [
      "「見ろよ、コイツ雷に打たれてるぜ！」"
    ],
    "description": [
      "全身麻痺で動けない！"
    ]
  },
  "8": {
    "name": [],
    "subtitle": [
      "「熱い熱い熱いーー！」"
    ],
    "description": [
      "自身周囲への継続火傷ダメージ"
    ]
  },
  "9": {
    "name": [],
    "subtitle": [
      "「アイスキャンディーになっちゃえ！」"
    ],
    "description": [
      "凍結した！"
    ]
  },
  "11": {
    "name": [],
    "subtitle": [
      "「クラクラする！」"
    ],
    "description": [
      "行動不能！"
    ]
  },
  "13": {
    "name": [],
    "subtitle": [
      "「ふふっ、これが私に逆らった罰だよ～♥」"
    ],
    "description": [
      "変な小鬼店長に呪われた…"
    ]
  },
  "14": {
    "name": [],
    "subtitle": [
      "「暑すぎる……」"
    ],
    "description": [
      "暑さで力が出ない…"
    ]
  },
  "15": {
    "name": [],
    "subtitle": [
      "「魔物から見たら泣き顔の可哀想な未熟児だね…」"
    ],
    "description": [
      "魔物に擬態し、襲われなくなる！"
    ]
  },
  "16": {
    "name": [],
    "subtitle": [
      "「こんな簡単なゲームもできないなんて、ほんと雑魚だね〜」"
    ],
    "description": [
      "チート使用で雑魚認定！"
    ]
  }, 
  "28": {
    "name": [],
    "subtitle": [
	  "ゲーム中"
	],
    "description": [
      ""	
    ],
	"variants": {
		"0": {
           "description": [
             "\\str[120]はゲームに夢中だ、",
			 "あまり邪魔しない方がいいかも…"
           ]
		},		
		"1": {
           "description": [
			 "まだゲームしてるみたい…",
			 "ちょっとイタズラしてみる？"
           ]
		}
	}	
  },
  "29": {
    "name": [],
    "subtitle": [
	  "入浴中"
	],
    "description": [
      ""	
    ],
	"variants": {
		"0": {
           "description": [
             "\\str[120]はお風呂に入ってる、",
			 "うっすらと影が見える"
           ]
		},		
		"1": {
           "description": [
			 "\\str[120]は髪をタオルで拭いている"
           ]
		}
	}	
  },
  "30": {
    "name": [],
    "subtitle": [
	  "休憩中"
	],
    "description": [
      ""
    ],
	"variants": {
		"0": {
           "description": [
             "\\str[120]はなんだか嬉しそう、",
			 "何かいいことあったのかな？"
           ]
		},		
		"1": {
           "description": [
             "ますます可愛くなる\\str[120]！",
			 "頭を撫でてあげよう！"
           ]
		},
		"2": {
           "description": [
             "\\str[120]はぼーっと座ってる、",
			 "話しかけてみる？"
           ]
		},
		"3": {
           "description": [
             "\\str[120]が少し寂しそう、",
			 "慰めてあげる？"
           ]
		},
		"4": {
           "description": [
             "\\str[120]が具合悪そう、",
			 "何かしてあげなきゃ…"
           ]
		},
		"5": {
           "description": [
             "\\str[120]が眠そう、",
			 "もう寝る時間かな？"
           ]
		}
	}
  },
  "31": {
    "name": [],
    "subtitle": [
	  "熟睡中"
	],
    "description": [
      ""
    ],
	"variants": {
		"0": {
           "description": [
             "植物みたいにぐっすり…",
			 "全然起きない…"
           ]
		},		
		"1": {
           "description": [
             "爆睡中…",
			 "起こすのは無理そう…"
           ]
		},
		"2": {
           "description": [
             "とても気持ち良さそうに寝てる、",
			 "夢の中かな…"
           ]
		},
		"3": {
           "description": [
             "まつ毛がピクピクして、",
			 "夢を喋ってるみたい"
           ]
		},
		"4": {
           "description": [
             "半分起きてるみたいで、",
			 "無意識に呟いてる"
           ]
		},
		"5": {
           "description": [
             "\\str[120]がもうすぐ起きそう！",
			 "でもまだボーッとしてる…"
           ]
		}
	}
  },
  "32": {
    "name": [],
    "subtitle": [
	  "お腹ペコペコ"
	],
    "description": [
      ""	
    ],
	"variants": {
		"0": {
           "description": [
             "\\str[120]は静かに夕食を待っている"
           ]
		},		
		"1": {
           "description": [
			 "夕食の味が気になるみたい…"
           ]
		},
		"2": {
           "description": [
			 "\\str[120]がお手伝いしたそう"
           ]
		}
	}	
  },
  "33": {
    "name": [],
    "subtitle": [
	  "涼み中"
	],
    "description": [
      ""	
    ],
	"variants": {
		"0": {
           "description": [
             "\\str[120]はアイスを美味しそうに舐めてる、",
			 "でもちょっと無防備すぎる…"
           ]
		}
	}	
  },
  "34": {
    "name": [],
    "subtitle": [
	  "歯磨き中"
	],
    "description": [
      ""	
    ],
	"variants": {
		"0": {
           "description": [
             "\\str[120]はダラダラ歯磨きしてる、",
			 "まだ眠そう…"
           ]
		}
	}	
  },
  "35": {
    "name": [],
    "subtitle": [],
    "description": [
      "✦（体がふわふわしてる…）"
    ]
  },
  "36": {
    "name": [],
    "subtitle": [],
    "description": [
      "✦気が緩んでしまう——"
    ]
  },
  "37": {
    "name": [],
    "subtitle": [],
    "description": [
      "✦撫で過ぎて、",
      "\\str[120]がちょっと怒ってる…"
    ]
  },
  "39": {
    "name": [],
    "subtitle": [],
    "description": [
      "✦（ジュース飲みたい…）"
    ]
  },
  "40": {
    "name": [],
    "subtitle": [
      "辛くて泣いた"	
	],	
    "description": [
      ""
    ],
	"variants": {
		"0": {
           "description": [
             "\\c[10]超激辛料理を食べすぎた…"
           ]
		}
	}	
  },
  "41": {
    "name": [],
    "subtitle": [],
    "description": [
      "✦お腹いっぱい、",
      "\\str[120]は幸せそう！"
    ]
  },  
  "42": {
    "name": [],
    "subtitle": [
	  "テレビを見る\\str[120]"
	],
    "description": [
      ""	
    ],
	"variants": {
		"0": {
           "description": [
             "\\str[120]は子猫のようソファの端に丸まって、",
			 "こっそりとこちらに視線を送ってくる。"
           ]
		}
	}	
  }, 
  "45": {
    "name": [],
    "subtitle": [
      "「\\str[120]との大事な約束、守らなきゃね」"
    ],
    "description": [
      "重傷で帰らないように…"
    ]
  },
  "46": {
    "name": [],
    "subtitle": [
      "「\\str[120]との大事な約束、守らなきゃね」"
    ],
    "description": [
      "\\str[120]にお肉料理を作る"
    ]
  },
  "55": {
    "name": [],
    "subtitle": [
      "「ここは私の領域だよ、悪さしちゃダメ♥！」"
    ],
    "description": [
      "攻撃行動を禁止！付近の魔物に恐怖を感じる！"
    ]
  },
  "57": {
    "name": [],
    "subtitle": [
      "「今ならなんでもできそう」"
    ],
    "description": [
      "賢者モード、全ステータスUP！"
    ]
  },
  "58": {
    "name": [],
    "subtitle": [
      "「お腹壊した……」"
    ],
    "description": [
      "腹痛が止まらない！"
    ]
  },
  "59": {
    "name": [],
    "subtitle": [],
    "description": [
      "……大事なことを忘れてる気がするけど、いつか思い出すよね？"
    ]
  },
  "60": {
    "name": [],
    "subtitle": [],
    "description": [
      "体から嫌な匂いがしている…"
    ]
  },
  "61": {
    "name": [],
    "subtitle": [
      "「菊の花が散って痛みが…」"
    ],
    "description": [
      "お尻が痛くて走れない！"
    ]
  },
  "62": {
    "name": [],
    "subtitle": [],
    "description": [
      "次の一撃に集中、移動速度低下！"
    ]
  },
  "63": {
    "name": [],
    "subtitle": [
	  "「真紅の3倍速」"
	],
    "description": [
      ""
    ]
  },
  "64": {
    "name": [],
    "subtitle": [],
    "description": [
      "閃ステップのクールタイム中！"
    ]
  },
  "65": {
    "name": [],
    "subtitle": [],
    "description": [
      "ぐるぐるして目が回る…"
    ]
  },
  "67": {
    "name": [],
    "subtitle": [],
    "description": [
      "水面に浮かんでいる。移動速度DOWN、攻撃不可！"
    ]
  },
  "68": {
    "name": [],
    "subtitle": [],
    "description": [
      "魔法詠唱中！"
    ]
  },
  "71": {
    "name": [],
    "subtitle": [
      "「美味しいもの食べて、お腹ぽかぽか〜」"
    ],
    "description": [
      "毎秒HP小回復！"
    ]
  },
  "72": {
    "name": [],
    "subtitle": [
      "「力が……湧いてくる！」"
    ],
    "description": [
      "攻撃力\\c[10]+50%\\c[0]"
    ]
  },
  "73": {
    "name": [],
    "subtitle": [
      "「すべてが分かってきた。」"
    ],
    "description": [
      "魔法攻撃力\\c[10]+50%\\c[0]"
    ]
  },
  "74": {
    "name": [],
    "subtitle": [
      "「ついてこれるかな……このSPEED！」"
    ],
    "description": [
      "移動速度UP！"
    ]
  },
  "75": {
    "name": [],
    "subtitle": [
      "「神兵降臨」"
    ],
    "description": [
      "武器巨大化、攻撃範囲と威力UP！"
    ]
  },
  "77": {
    "name": [],
    "subtitle": [
      "「再生の炎」"
    ],
    "description": [
      "状態中一度だけ復活可能！"
    ]
  },
  "78": {
    "name": [],
    "subtitle": [
      "「運命が動き出す……」"
    ],
    "description": [
      "運命の加護で、楽しいことが起きやすくなる！"
    ]
  },
  "79": {
    "name": [],
    "subtitle": [
      "「運命が動き出す……」"
    ],
    "description": [
      "運命の加護で、悲しいことが起きやすくなる！"
    ]
  },
  "80": {
    "name": [],
    "subtitle": [
	  "「真紅の3倍速」"
	],
    "description": [
      ""
    ]
  },
  "85": {
    "name": [],
    "subtitle": [
      "「でも正直まずい……」"
    ],
    "description": [
      "体が活力で満たされ、最大HPUP！"
    ]
  },
  "86": {
    "name": [],
    "subtitle": [
      "「はいー、雑魚乙ー」"
    ],
    "description": [
      "無慈悲に嘲笑された！防御力と運が大幅ダウン！"
    ]
  },
  "90": {
    "name": [],
    "subtitle": [
      "「考えなしにブッシュ突っ込むなよ！？」"
    ],
    "description": [
      "草むらの中はなぜか安心感がある……体力自動回復中"
    ]
  },
  "98": {
    "name": [],
    "subtitle": [
      "「まるで\\str[120]がそばにいるみたい……」"
    ],
    "description": [
      "HP自動回復中！"
    ]
  },
  "99": {
    "name": [],
    "subtitle": [
      "「我らは守護者なり！」"
    ],
    "description": [
      "攻撃力UP+30"
    ]
  },
  "101": {
    "name": [],
    "subtitle": [
      "「LOOK INTO MY EVIL EYEZ SEE SOMETHIN' INSIDE!」"
    ],
    "description": [
      "\\v[221]秒ごとに短時間だけ不可視状態になる！"
    ]
  },
  "104": {
    "name": [],
    "subtitle": [
      "「あなたは輝いている」"
    ],
    "description": [
      "全ステータスUP、一時無敵！"
    ]
  },
  "105": {
    "name": [],
    "subtitle": [
      "「共にこの福を分かち合おう」"
    ],
    "description": [
      "聖杯の祝福で獲得金額2倍！"
    ]
  },
  "106": {
    "name": [],
    "subtitle": [
      "「も、持てない……」"
    ],
    "description": [
      "力と体力不足で武器性能を発揮できない！"
    ]
  },
  "107": {
    "name": [],
    "subtitle": [
      "「我らは守護者なり！」"
    ],
    "description": [
      "移動速度UP！"
    ]
  },
  "108": {
    "name": [],
    "subtitle": [
      "「我らは守護者なり！」"
    ],
    "description": [
      "攻撃力、防御力UP！"
    ]
  },
  "109": {
    "name": [],
    "subtitle": [
      "「我らは守護者なり！」"
    ],
    "description": [
      "防御力UP！"
    ]
  },
  "110": {
    "name": [],
    "subtitle": [
      "「我らは守護者なり！」"
    ],
    "description": [
      "最大HP、防御力UP！"
    ]
  },
  "115": {
    "name": [],
    "subtitle": [
      "「不死の案山子の心も、やがて朽ちる時が来る」"
    ],
    "description": [
      "HP回復不能！"
    ]
  },
  "116": {
    "name": [],
    "subtitle": [
      "「尽きぬ欲望が、ついにお前にも牙を剥く——」"
    ],
    "description": [
      "ダメージを受けると所持金を落とす！"
    ]
  },
  "117": {
    "name": [],
    "subtitle": [
      "「これにより世界の栄光を得、闇と無知を遠ざける」"
    ],
    "description": [
      ""
    ]
  },
  "122": {
    "name": [],
    "subtitle": [
      "「ひ、ひひ…、私だけは、生き延びてやる…」"
    ],
    "description": [
      "体力が永続的に自動回復する"
    ]
  }
}
