{
  "1": {
        "0": [
            "Сейчас идёт эпоха спустя многие годы после того, как ",
            "Герой победил Повелителя демонов."
		],
		"1": [
            "Когда-то знаменитые Герой и Мудрец —",
            "их легенды теперь не более чем сказки,",
            "которыми взрослые отчитывают детей."
        ],
        "2": [
            "Так назвали таинственный гигантский лабиринт,",
            "который десять лет назад внезапно возник на поверхности."
        ],
        "3": [
            "Его, казалось бы, бесконечная глубина,",
            "области, полные разнообразных руин,",
            "и монстры, стремительно плодящиеся под его магией."
        ],
        "4": [
            "Когда Повелитель демонов больше не угрожает человечеству,",
            "внезапное появление этого неизвестного лабиринта",
            "мгновенно разрушило краткий мир в человеческом мире."
        ],
        "5": [
            "Гильдия искателей приключений собрала множество исследовательских отрядов, ",
            "чтобы углубиться в него, но решающего прогресса не добились.",
            "Однако лабиринт никогда не проявлял намерений вторгаться ",
            "или нападать на внешний мир."
        ],
        "6": [
            "Местные лорды и различные силы",
            "пытались дать имя лабиринту и управлять им."
        ],
        "7": [
            "Но все эти названия со временем забылись,",
            "и в итоге осталось лишь 'Бездны',",
            "глубоко врезавшееся в память людей."
        ],
        "8": [
            "Поскольку лабиринт не проявлял признаков ",
            "расширения, чтобы поглотить мир,",
            "Гильдия искателей приключений наконец решила——",
            "открыть права на его исследование для всех."
        ],
        "9": [
            "Так некогда забытая профессия",
            "'искатель приключений'",
            "встретила новую эпоху славы и азарта."
        ],
        "10": [
            "И в этом последнем великом лабиринте",
            "у меня только одна цель——",
            "найти способ полностью исцелить состояние моей \\str[120]———"
        ]		
    },
  "4": {
        "0": [
            "Мой отец был выдающимся алхимиком."
		],
		"1": [
            "Даже в эту мирную эпоху, когда нет нужды сражаться с демонами,",
            "он всё равно активно решал несколько алхимических тайн."
        ],
        "2": [
            "\"Мне так жаль… насчёт твоей матери…\""
        ],
        "3": [
            "\"Я перепробовал всё…",
            "но…!\""
        ],
        "4": [
            "И всё же этот человек, которого все уважали,",
            "сейчас бессильно стоял на коленях,",
            "всё снова и снова извиняясь",
            "перед маленьким мной."
        ],
        "5": [
            "Его хватка на моих плечах усилилась,",
            "и я не удержался — заплакал.",
            "Похоже, осознав, что потерял контроль,",
            "он медленно ослабил руки и мягко погладил меня по голове."
        ],
        "6": [
            "\"Всё хорошо… это папина вина,",
            "мне не стоит так легко сдаваться…\""
        ],
        "7": [
            "\"Ты хороший ребёнок, ",
            "тебе не стоит нести всё это на своих плечах…",
            "остальное оставь папе.\""
        ],
        "8": [
            "\"Вот так… даже если мне это будет стоить всего… я должен…\""
        ],
        "9": [
            "Его голос начал дрожать,",
            "он чего-то боялся?"
        ],
        "10": [
            "Тогда я ничего не понимал, ",
            "но помню, что после того дня",
            "он так и не вернулся к тому доброму, мягкому отцу, которого я знал."
        ]		
    }	
}