{
	"3": {
		"0": [
			"\"Anh về rồi.\""
		],
		"1": [
			"\\nl< >\"\\str[121]? Hôm nay anh về sớm vậy.\""
		],
		"2": [
			"\"Ừ, hôm nay anh thấy hơi mệt,",
			"nên không cố gắng đi thám hiểm nữa...\""
		],
		"3": [
			"\\nl< >\"Cái đó gọi là... bệnh tháng Năm đúng không?\""
		],
		"4": [
			"Tháng Năm...? Nhưng bây giờ đang giữa mùa hè mà."
		],
		"5": [
			"\\nl< >\"Em cũng hay thấy như vậy...",
			"tưởng vẫn còn trưa, nhưng khi tỉnh dậy thì ",
			"\\str[121] đã nấu xong bữa tối rồi...\""
		],
		"6": [
			"...Chẳng phải đó chỉ là ngủ nướng thôi sao?"
		],
		"7": [
			"\\nl< >\"Đôi khi thoải mái một chút cũng tốt mà, \\str[121]. ",
			"Chơi với em đi!\""
		],
		"8": [
			"\\nl< >\"Nghỉ ngơi đúng cách cũng quan trọng lắm, ",
			"nên lần sau nhớ chú ý nhé.\""
		],
		"9": [
			"\\nl< >\"Em hiểu rồi,",
			"để em xoa bóp cho anh nhé, \\str[121]!\""
		],
		"10": [
			"Ừ, còn nhiều thời gian mà nên hôm nay cứ nghỉ ngơi thư giãn thôi."
		],
		"11": [
			"Em nói đúng, còn nhiều thời gian nên hôm nay cứ nghỉ ngơi thư giãn thôi."
		],
		"12": [
			"\nl< >\"Vậy thì sao anh không thử ngủ trưa luôn đi, \\str[121]…",
			"ngủ vậy thật sự rất dễ chịu đó nha~\""
		],
		"13": [
			"Cuối cùng, tôi đã ngủ trưa cùng với \\str[120] cho đến khi mặt trời lặn."
		],
		"14": [
			"Tôi đã dành cả ngày chơi game với \\str[120]."
		],
		"15": [
			"Tôi đã có một ngày thật thư giãn bên \\str[120]."
		],
		"16": [
			"\\str[120] hào hứng xoa bóp cho tôi một lúc lâu,",
			"và vì thoải mái quá nên tôi đã thiếp đi lúc nào không hay..."
		]
	},
	"9": {
		"0": [
			"怀中那温热的触感时刻提醒着我，梦寐以求的药已经到手。",
			"但这段过于不真实的经历，仍让我难以释怀。"
		],
		"1": [
			"连通了家门口的星之塔罗牌。",
			"这是父亲遗留下来的物品之一，",
			"虽然父亲生前一直在研究可以让\\str[120]恢复正常的方法，",
			"可为什么…这么轻易地就产生了反应……"
		],
		"2": [
			"怎么想也得不出什么结论，胡思乱想也没意义。",
			"结果而言我已经拿到了红髓液，找个机会让\\str[120]试一试吧。"
		],
		"3": [
			"刚好颜色看起来像草莓汁，",
			"说不定味道也和她喜欢的草莓牛奶一样呢…"
		],
		"4": [
			"\\nl< >\"欢迎回家、\\str[121]。\""
		],
		"5": [
			"\\nl< >\"肚子已经饿了…\""
		],
		"6": [
			"\"知道了知道了、马上就准备晚饭呢。\""
		],
		"7": [
			"轻轻摸了摸\\str[120]的头，安慰了她几句。",
			"好了——接下来该怎么办呢？"
		],
		"8": [
			"准备晚饭",
			"去厕所"
		],
		"9": [
			"是啊、已经不早了、得去准备晚饭了。"
		],
		"10": [
			"\"今天晚上想吃什么？\""
		],
		"11": [
			"\\nl< >\\{\"肉料理就好了！\""
		],
		"12": [
			"嗯……预料之中的回答……",
			"看样子还是得找个机会，好好给\\str[120]讲讲饮食均衡的重要性。"
		],
		"13": [
			"唔、有点想去厕所了……"
		],
		"14": [
			"\"抱歉、再等一下吧、之后再准备晚饭。\""
		],
		"15": [
			"\\nl< >\"我知道了。\""
		]
	},
	"13": {
		"0": [
			"\\nl< >\"\\str[121]今天按照约定没把自己搞得破破烂烂的、太好了！",
			"要表扬一下在努力的\\str[121]呢！\""
		],
		"1": [
			"\\nl< >\"今天\\str[121]也完成了约定呢、这是今天的表彰噢！\""
		],
		"2": [
			"\\nl< >\"最近\\str[121]一直都在努力呢、这是今天的表彰噢——\""
		],
		"3": [
			"\\nl< >\"马上就要一个月了呢、",
			"\\str[121]真是辛苦了、来、这是今天的表彰——\""
		],
		"4": [
			"\\nl< >\"\\str[121]！太好了、已经一个月了噢！",
			"\\str[121]非常了不起呢！\""
		],
		"5": [
			"\\nl< >\"总之这是最后的表彰呢！\""
		],
		"6": [
			"\\nl< >\"好啦！画完了！",
			"这个是\\str[121]作为好孩子的证明噢！",
			"今天之内不许洗掉呢！\""
		],
		"7": [
			"我看了看右手，\\str[120]用画笔在手背上画了一个可爱的图案。"
		],
		"8": [
			"这可真是不得了的表彰啊…不过……"
		],
		"9": [
			"\\nl< >\"诶？『继续收集下去会有什么特别奖励』吗？",
			"……\\str[121]你还想要更多表扬吗？\""
		],
		"10": [
			"\nl< >\"唔嗯……那\\str[121]继续这样保持一个月、",
			"给你更特别的奖励吧……\""
		],
		"11": [
			"\\nl< >\"因为太害羞了，现在还不能告诉你是什么奖励…\""
		],
		"12": [
			"本来只是开玩笑说的，",
			"但\\str[120]似乎真的在认真考虑什么特别的奖励，",
			"感觉干劲上来了！"
		],
		"13": [
			"\\nl< >\"特别的奖励还是秘密哟，现在不能告诉\\str[121]…！\""
		],
		"14": [
			"\\nl< >\"来、\\str[121]！按照约定这是给你的特别奖励噢！\""
		],
		"15": [
			"\\nl< >\"嘿嘿…这是我做的『什么都行』券。\""
		],
		"16": [
			"\\nl< >\"\\str[121]一直都是为了我着想，但作为\\str[120]，",
			"我也希望\\str[121]能放下那些负担，好好休息一下啊……\""
		],
		"17": [
			"\\nl< >\"所以，\\str[121]可以用这个随便撒娇哦！\"",
			"什么要求都可以，\\str[121]只要想着放松自己就好了！\""
		],
		"18": [
			"\\nl< >\"诶！？     \\w[30]",
			"『色色的事情也行吗……？』",
			"那个、那个……\""
		],
		"19": [
			"\\nl< >\"可以啦…如果\\str[121]就想做这种事情、",
			"不会拒绝的啦…\""
		],
		"20": [
			"\\nl< >\"说到底\\str[121]平时不就是一直在欺负人嘛……\""
		],
		"21": [
			"\\>从\\str[120]那里收到了\\ii[199]！        \\w[60]",
			"\\>可以向\\str[120]提出一个撒娇的请求了！     \\w[60]"
		]
	},
	"15": {
		"0": [
			"\"...Anh về rồi đây.\""
		],
		"1": [
			"Tôi chào một cách yếu ớt ",
			"và ngay khi bước vào trong, ",
			"cái nóng rát khắp cơ thể liền tan biến đi.",
			"Thời tiết chết tiệt... sao có thể nóng đến mức này chứ..."
		],
		"2": [
			"\"—Hm? Lạ nhỉ.\""
		],
		"3": [
			"Tôi nhận ra \\str[120] không ra chào đón như mọi khi nhỉ. ",
			"Chẳng lẽ em ấy vẫn còn ngủ sao?"
		],
		"4": [
			"\\nl< >\"\\str[121], mừng anh về nhà...\""
		],
		"5": [
			"Chỉ mặc mỗi chiếc áo thun, ",
			"\\str[120] lững thững bước ra chào tôi,",
			"rõ ràng cái nóng cũng đã làm em ấy kiệt sức..."
		],
		"6": [
			"\\nl< >\\{\"Nóng quá...!\"",
			"\\w[40]\\^"
		],
		"7": [
			"\\nl< >\"\\str[121], người anh nóng hầm hập luôn...!\""
		],
		"8": [
			"Nhìn xuống cơ thể mình vẫn còn bốc hơi,",
			"trong thoáng chốc tôi còn tưởng mình sẽ phát nổ..."
		],
		"9": [
			"\\nl< >\"\\str[121], mừng anh về nhà...    \\w[60]",
			"Bên ngoài chắc nóng lắm nhỉ?\""
		],
		"10": [
			"\"Ừ, cảm giác như bị nướng trong lò vậy...   \\w[60]",
			"Cái thời tiết quái quỷ gì thế này...\""
		],
		"11": [
			"\"Nhưng giờ thì ổn rồi!!    \\w[40]",
			"Ta-da! Anh mua cái quạt về rồi đây!\""
		],
		"12": [
			"\\nl< >\"Tuyệt quá! Mau, mau lên!   \\w[60]",
			"Lắp nó ngay đi nào!\""
		],
		"13": [
			"\\nl< >\"Em chuẩn bị sẵn cả quạt với kem que rồi, lại đây nào!\""
		],
		"14": [
			"\"Ohhh—!\""
		],
		"15": [
			"Trở về nhà mát mẻ với kem que để ăn,",
			"cảm giác này cũng chẳng tệ chút nào..."
		],
		"16": [
			"Đợi một lúc lâu mà \\str[120] vẫn chưa ra.",
			"Lạ thật... em ấy vẫn còn đang ngủ sao?"
		],
		"17": [
			"Mình nên làm gì đây..."
		],
		"18": [
			"Lén lại gần",
			"Gọi \\str[120]"
		],
		"19": [
			"Được rồi! Mình sẽ lặng lẽ đi đến phòng em ấy,",
			"thật tiếc nếu lỡ đánh thức em ấy khi đang ngủ trưa."
		],
		"20": [
			"\\{\"Anh về rồiー!\""
		],
		"21": [
			"Mình cất tiếng gọi và",
			"chẳng bao lâu sau đã nghe thấy ",
			"tiếng bước chân vội vã chạy xuống cầu thang."
		],
		"22": [
			"...Wow, nhanh thế sao?"
		],
		"23": [
			"\\nl< >\"\\str[121]!?",
			"Anh về sớm thật đó—\""
		],
		"24": [
			"Có lẽ vì vội vã,",
			"khuôn mặt \\str[120] đã đỏ ửng, ",
			"hơi thở thì gấp gáp bất thường."
		],
		"25": [
			"\"………Huh?    \\w[45]",
			"\\str[120], chẳng lẽ em—\""
		],
		"26": [
			"\\nl< >\"Eek!?\""
		],
		"27": [
			"\"Em vừa lén ăn snack đúng không!?",
			"Nhìn kìa, khóe miệng còn dính vụn bánh nè!\""
		],
		"28": [
			"\\nl< >\"Eh... à... \\w[45] umm... đúng vậy,    \\w[45]",
			"ehehe... em chỉ ăn một chút thôi mà...\"                 \\w[45]"
		],
		"29": [
			"\\str[120] lúng túng tìm cớ, ",
			"khiến cho em ấy trông càng đáng nghi hơn..."
		],
		"30": [
			"\\nl< >\"Thôi được rồi, em có chừa phần cho anh nữa mà,",
			"Ăn cùng em nhé...!\""
		],
		"31": [
			"Không để tôi kịp tra hỏi thêm, ",
			"\\str[120] nhanh chóng lẩn đi."
		],
		"32": [
			"Quay lại trước cửa, trong đầu tôi cứ ",
			"mãi hình dung lại dáng vẻ hớ hênh của em gái khi nãy.     \\w[60]",
			"...Thì cũng phải thôi, hè mà."
		],
		"33": [
			"\"E hèm, e hèm...         \\w[60]\\{",
			"Anh về rồiー!\""
		],
		"34": [
			"Tôi giả vờ như chẳng thấy gì ",
			"rồi cất tiếng gọi với \\str[120] trong nhà."
		]
	}
}
